SolidWorks IGES file using analytic representation for surfaces         S      1
1H,,1H;,10H¾î¼Àºí¸®40,42HC:\Users\jit\Desktop\3d coupling\jc20c.IGS,15HSG      1
olidWorks 2012,15HSolidWorks 2012,32,308,15,308,15,10H¾î¼Àºí¸®40,1.,2,  G      2
2HMM,50,0.125,13H120514.161336,1E-008,499990.,3Hjit,,11,0,13H120514.1613G      3
36;                                                                     G      4
     314       1       0       0       0                        00000200D      1
     314       0       8       1       0                               0D      2
     314       2       0       0       0                        00000200D      3
     314       0       2       1       0                               0D      4
     110       3       0       0       0                        01010000D      5
     110       0       0       1       0                               0D      6
     110       4       0       0       0                        01010000D      7
     110       0       0       1       0                               0D      8
     120       5       0       0       0                        01010000D      9
     120       0       0       1       0                               0D     10
     126       6       0       0       0                        01010500D     11
     126       0       0       2       0                               0D     12
     110       8       0       0       0                        01010000D     13
     110       0       0       1       0                               0D     14
     126       9       0       0       0                        01010500D     15
     126       0       0       2       0                               0D     16
     124      11       0       0       0                        00000000D     17
     124       0       0       4       0                               0D     18
     100      15       0       0       0              17        01010000D     19
     100       0       0       1       0                               0D     20
     126      16       0       0       0                        01010500D     21
     126       0       0       2       0                               0D     22
     110      18       0       0       0                        01010000D     23
     110       0       0       1       0                               0D     24
     126      19       0       0       0                        01010500D     25
     126       0       0       2       0                               0D     26
     124      21       0       0       0                        00000000D     27
     124       0       0       4       0                               0D     28
     100      25       0       0       0              27        01010000D     29
     100       0       0       1       0                               0D     30
     102      26       0       0       0                        01010500D     31
     102       0       0       1       0                               0D     32
     102      27       0       0       0                        01010000D     33
     102       0       0       1       0                               0D     34
     142      28       0       0       0                        00010500D     35
     142       0       0       1       0                               0D     36
     144      29       0       0       2                        00010000D     37
     144       0      -3       1       0                               0D     38
     314      30       0       0       0                        00000200D     39
     314       0       2       1       0                               0D     40
     110      31       0       0       0                        01010000D     41
     110       0       0       1       0                               0D     42
     110      32       0       0       0                        01010000D     43
     110       0       0       1       0                               0D     44
     120      33       0       0       0                        01010000D     45
     120       0       0       1       0                               0D     46
     126      34       0       0       0                        01010500D     47
     126       0       0       2       0                               0D     48
     124      36       0       0       0                        00000000D     49
     124       0       0       4       0                               0D     50
     100      40       0       0       0              49        01010000D     51
     100       0       0       1       0                               0D     52
     126      41       0       0       0                        01010500D     53
     126       0       0       2       0                               0D     54
     110      43       0       0       0                        01010000D     55
     110       0       0       1       0                               0D     56
     126      44       0       0       0                        01010500D     57
     126       0       0       2       0                               0D     58
     124      46       0       0       0                        00000000D     59
     124       0       0       4       0                               0D     60
     100      50       0       0       0              59        01010000D     61
     100       0       0       1       0                               0D     62
     126      51       0       0       0                        01010500D     63
     126       0       0       2       0                               0D     64
     110      53       0       0       0                        01010000D     65
     110       0       0       2       0                               0D     66
     102      55       0       0       0                        01010500D     67
     102       0       0       1       0                               0D     68
     102      56       0       0       0                        01010000D     69
     102       0       0       1       0                               0D     70
     142      57       0       0       0                        00010500D     71
     142       0       0       1       0                               0D     72
     144      58       0       0       2                        00010000D     73
     144       0     -39       1       0                               0D     74
     314      59       0       0       0                        00000200D     75
     314       0       8       1       0                               0D     76
     110      60       0       0       0                        01010000D     77
     110       0       0       1       0                               0D     78
     110      61       0       0       0                        01010000D     79
     110       0       0       1       0                               0D     80
     120      62       0       0       0                        01010000D     81
     120       0       0       1       0                               0D     82
     126      63       0       0       0                        01010500D     83
     126       0       0       2       0                               0D     84
     110      65       0       0       0                        01010000D     85
     110       0       0       1       0                               0D     86
     126      66       0       0       0                        01010500D     87
     126       0       0       2       0                               0D     88
     124      68       0       0       0                        00000000D     89
     124       0       0       3       0                               0D     90
     100      71       0       0       0              89        01010000D     91
     100       0       0       1       0                               0D     92
     126      72       0       0       0                        01010500D     93
     126       0       0       2       0                               0D     94
     110      74       0       0       0                        01010000D     95
     110       0       0       1       0                               0D     96
     126      75       0       0       0                        01010500D     97
     126       0       0      15       0                               0D     98
     126      90       0       0       0                        01010000D     99
     126       0       0       9       0                               0D    100
     102      99       0       0       0                        01010500D    101
     102       0       0       1       0                               0D    102
     102     100       0       0       0                        01010000D    103
     102       0       0       1       0                               0D    104
     142     101       0       0       0                        00010500D    105
     142       0       0       1       0                               0D    106
     144     102       0       0       2                        00010000D    107
     144       0     -75       1       0                               0D    108
     110     103       0       0       0                        01010000D    109
     110       0       0       1       0                               0D    110
     110     104       0       0       0                        01010000D    111
     110       0       0       1       0                               0D    112
     120     105       0       0       0                        01010000D    113
     120       0       0       1       0                               0D    114
     126     106       0       0       0                        01010500D    115
     126       0       0       2       0                               0D    116
     110     108       0       0       0                        01010000D    117
     110       0       0       1       0                               0D    118
     126     109       0       0       0                        01010500D    119
     126       0       0       2       0                               0D    120
     124     111       0       0       0                        00000000D    121
     124       0       0       3       0                               0D    122
     100     114       0       0       0             121        01010000D    123
     100       0       0       1       0                               0D    124
     126     115       0       0       0                        01010500D    125
     126       0       0       2       0                               0D    126
     110     117       0       0       0                        01010000D    127
     110       0       0       1       0                               0D    128
     126     118       0       0       0                        01010500D    129
     126       0       0      16       0                               0D    130
     126     134       0       0       0                        01010000D    131
     126       0       0      11       0                               0D    132
     102     145       0       0       0                        01010500D    133
     102       0       0       1       0                               0D    134
     102     146       0       0       0                        01010000D    135
     102       0       0       1       0                               0D    136
     142     147       0       0       0                        00010500D    137
     142       0       0       1       0                               0D    138
     144     148       0       0       2                        00010000D    139
     144       0      -1       1       0                               0D    140
     314     149       0       0       0                        00000200D    141
     314       0       8       1       0                               0D    142
     110     150       0       0       0                        01010000D    143
     110       0       0       1       0                               0D    144
     110     151       0       0       0                        01010000D    145
     110       0       0       1       0                               0D    146
     120     152       0       0       0                        01010000D    147
     120       0       0       1       0                               0D    148
     126     153       0       0       0                        01010500D    149
     126       0       0       2       0                               0D    150
     110     155       0       0       0                        01010000D    151
     110       0       0       1       0                               0D    152
     126     156       0       0       0                        01010500D    153
     126       0       0       2       0                               0D    154
     124     158       0       0       0                        00000000D    155
     124       0       0       4       0                               0D    156
     100     162       0       0       0             155        01010000D    157
     100       0       0       1       0                               0D    158
     126     163       0       0       0                        01010500D    159
     126       0       0       2       0                               0D    160
     110     165       0       0       0                        01010000D    161
     110       0       0       1       0                               0D    162
     126     166       0       0       0                        01010500D    163
     126       0       0      12       0                               0D    164
     126     178       0       0       0                        01010000D    165
     126       0       0       8       0                               0D    166
     102     186       0       0       0                        01010500D    167
     102       0       0       1       0                               0D    168
     102     187       0       0       0                        01010000D    169
     102       0       0       1       0                               0D    170
     142     188       0       0       0                        00010500D    171
     142       0       0       1       0                               0D    172
     144     189       0       0       2                        00010000D    173
     144       0    -141       1       0                               0D    174
     110     190       0       0       0                        01010000D    175
     110       0       0       1       0                               0D    176
     110     191       0       0       0                        01010000D    177
     110       0       0       1       0                               0D    178
     120     192       0       0       0                        01010000D    179
     120       0       0       1       0                               0D    180
     126     193       0       0       0                        01010500D    181
     126       0       0       2       0                               0D    182
     110     195       0       0       0                        01010000D    183
     110       0       0       1       0                               0D    184
     126     196       0       0       0                        01010500D    185
     126       0       0       2       0                               0D    186
     100     198       0       0       0                        01010000D    187
     100       0       0       1       0                               0D    188
     126     199       0       0       0                        01010500D    189
     126       0       0       2       0                               0D    190
     110     201       0       0       0                        01010000D    191
     110       0       0       1       0                               0D    192
     126     202       0       0       0                        01010500D    193
     126       0       0       9       0                               0D    194
     126     211       0       0       0                        01010000D    195
     126       0       0       8       0                               0D    196
     102     219       0       0       0                        01010500D    197
     102       0       0       1       0                               0D    198
     102     220       0       0       0                        01010000D    199
     102       0       0       1       0                               0D    200
     142     221       0       0       0                        00010500D    201
     142       0       0       1       0                               0D    202
     144     222       0       0       2                        00010000D    203
     144       0      -1       1       0                               0D    204
     110     223       0       0       0                        01010000D    205
     110       0       0       1       0                               0D    206
     110     224       0       0       0                        01010000D    207
     110       0       0       1       0                               0D    208
     120     225       0       0       0                        01010000D    209
     120       0       0       1       0                               0D    210
     126     226       0       0       0                        01010500D    211
     126       0       0       2       0                               0D    212
     126     228       0       0       0                        01010000D    213
     126       0       0       3       0                               0D    214
     126     231       0       0       0                        01010500D    215
     126       0       0       2       0                               0D    216
     124     233       0       0       0                        00000000D    217
     124       0       0       4       0                               0D    218
     100     237       0       0       0             217        01010000D    219
     100       0       0       1       0                               0D    220
     126     238       0       0       0                        01010500D    221
     126       0       0       2       0                               0D    222
     110     240       0       0       0                        01010000D    223
     110       0       0       1       0                               0D    224
     126     241       0       0       0                        01010500D    225
     126       0       0       2       0                               0D    226
     124     243       0       0       0                        00000000D    227
     124       0       0       2       0                               0D    228
     100     245       0       0       0             227        01010000D    229
     100       0       0       1       0                               0D    230
     102     246       0       0       0                        01010500D    231
     102       0       0       1       0                               0D    232
     102     247       0       0       0                        01010000D    233
     102       0       0       1       0                               0D    234
     142     248       0       0       0                        00010500D    235
     142       0       0       1       0                               0D    236
     144     249       0       0       2                        00010000D    237
     144       0      -1       1       0                               0D    238
     110     250       0       0       0                        01010000D    239
     110       0       0       1       0                               0D    240
     110     251       0       0       0                        01010000D    241
     110       0       0       1       0                               0D    242
     120     252       0       0       0                        01010000D    243
     120       0       0       1       0                               0D    244
     126     253       0       0       0                        01010500D    245
     126       0       0       2       0                               0D    246
     110     255       0       0       0                        01010000D    247
     110       0       0       1       0                               0D    248
     126     256       0       0       0                        01010500D    249
     126       0       0       2       0                               0D    250
     110     258       0       0       0                        01010000D    251
     110       0       0       1       0                               0D    252
     126     259       0       0       0                        01010500D    253
     126       0       0       2       0                               0D    254
     110     261       0       0       0                        01010000D    255
     110       0       0       1       0                               0D    256
     126     262       0       0       0                        01010500D    257
     126       0       0       2       0                               0D    258
     124     264       0       0       0                        00000000D    259
     124       0       0       3       0                               0D    260
     100     267       0       0       0             259        01010000D    261
     100       0       0       1       0                               0D    262
     126     268       0       0       0                        01010500D    263
     126       0       0       2       0                               0D    264
     110     270       0       0       0                        01010000D    265
     110       0       0       1       0                               0D    266
     126     271       0       0       0                        01010500D    267
     126       0       0       2       0                               0D    268
     124     273       0       0       0                        00000000D    269
     124       0       0       4       0                               0D    270
     100     277       0       0       0             269        01010000D    271
     100       0       0       1       0                               0D    272
     126     278       0       0       0                        01010500D    273
     126       0       0       2       0                               0D    274
     110     280       0       0       0                        01010000D    275
     110       0       0       1       0                               0D    276
     126     281       0       0       0                        01010500D    277
     126       0       0       2       0                               0D    278
     124     283       0       0       0                        00000000D    279
     124       0       0       4       0                               0D    280
     100     287       0       0       0             279        01010000D    281
     100       0       0       1       0                               0D    282
     126     288       0       0       0                        01010500D    283
     126       0       0       2       0                               0D    284
     110     290       0       0       0                        01010000D    285
     110       0       0       1       0                               0D    286
     126     291       0       0       0                        01010500D    287
     126       0       0       2       0                               0D    288
     124     293       0       0       0                        00000000D    289
     124       0       0       3       0                               0D    290
     100     296       0       0       0             289        01010000D    291
     100       0       0       1       0                               0D    292
     102     297       0       0       0                        01010500D    293
     102       0       0       1       0                               0D    294
     102     298       0       0       0                        01010000D    295
     102       0       0       1       0                               0D    296
     142     299       0       0       0                        00010500D    297
     142       0       0       1       0                               0D    298
     144     300       0       0       2                        00010000D    299
     144       0      -1       1       0                               0D    300
     110     301       0       0       0                        01010000D    301
     110       0       0       1       0                               0D    302
     110     302       0       0       0                        01010000D    303
     110       0       0       1       0                               0D    304
     120     303       0       0       0                        01010000D    305
     120       0       0       1       0                               0D    306
     126     304       0       0       0                        01010500D    307
     126       0       0       2       0                               0D    308
     110     306       0       0       0                        01010000D    309
     110       0       0       1       0                               0D    310
     126     307       0       0       0                        01010500D    311
     126       0       0       2       0                               0D    312
     124     309       0       0       0                        00000000D    313
     124       0       0       4       0                               0D    314
     100     313       0       0       0             313        01010000D    315
     100       0       0       1       0                               0D    316
     126     314       0       0       0                        01010500D    317
     126       0       0       2       0                               0D    318
     110     316       0       0       0                        01010000D    319
     110       0       0       1       0                               0D    320
     126     317       0       0       0                        01010500D    321
     126       0       0       2       0                               0D    322
     124     319       0       0       0                        00000000D    323
     124       0       0       2       0                               0D    324
     100     321       0       0       0             323        01010000D    325
     100       0       0       1       0                               0D    326
     102     322       0       0       0                        01010500D    327
     102       0       0       1       0                               0D    328
     102     323       0       0       0                        01010000D    329
     102       0       0       1       0                               0D    330
     142     324       0       0       0                        00010500D    331
     142       0       0       1       0                               0D    332
     144     325       0       0       2                        00010000D    333
     144       0      -1       1       0                               0D    334
     128     326       0       0       0                        01010000D    335
     128       0       0      15       0                               0D    336
     126     341       0       0       0                        01010500D    337
     126       0       0       2       0                               0D    338
     124     343       0       0       0                        00000000D    339
     124       0       0       4       0                               0D    340
     100     347       0       0       0             339        01010000D    341
     100       0       0       1       0                               0D    342
     126     348       0       0       0                        01010500D    343
     126       0       0       2       0                               0D    344
     124     350       0       0       0                        00000000D    345
     124       0       0       4       0                               0D    346
     100     354       0       0       0             345        01010000D    347
     100       0       0       1       0                               0D    348
     126     355       0       0       0                        01010500D    349
     126       0       0       2       0                               0D    350
     124     357       0       0       0                        00000000D    351
     124       0       0       2       0                               0D    352
     100     359       0       0       0             351        01010000D    353
     100       0       0       1       0                               0D    354
     126     360       0       0       0                        01010500D    355
     126       0       0       4       0                               0D    356
     126     364       0       0       0                        01010000D    357
     126       0       0      19       0                               0D    358
     102     383       0       0       0                        01010500D    359
     102       0       0       1       0                               0D    360
     102     384       0       0       0                        01010000D    361
     102       0       0       1       0                               0D    362
     142     385       0       0       0                        00010500D    363
     142       0       0       1       0                               0D    364
     144     386       0       0       2                        00010000D    365
     144       0      -1       1       0                               0D    366
     128     387       0       0       0                        01010000D    367
     128       0       0      15       0                               0D    368
     126     402       0       0       0                        01010500D    369
     126       0       0       2       0                               0D    370
     124     404       0       0       0                        00000000D    371
     124       0       0       2       0                               0D    372
     100     406       0       0       0             371        01010000D    373
     100       0       0       1       0                               0D    374
     126     407       0       0       0                        01010500D    375
     126       0       0       2       0                               0D    376
     124     409       0       0       0                        00000000D    377
     124       0       0       3       0                               0D    378
     100     412       0       0       0             377        01010000D    379
     100       0       0       1       0                               0D    380
     126     413       0       0       0                        01010500D    381
     126       0       0       2       0                               0D    382
     124     415       0       0       0                        00000000D    383
     124       0       0       3       0                               0D    384
     100     418       0       0       0             383        01010000D    385
     100       0       0       1       0                               0D    386
     126     419       0       0       0                        01010500D    387
     126       0       0       2       0                               0D    388
     124     421       0       0       0                        00000000D    389
     124       0       0       3       0                               0D    390
     100     424       0       0       0             389        01010000D    391
     100       0       0       1       0                               0D    392
     102     425       0       0       0                        01010500D    393
     102       0       0       1       0                               0D    394
     102     426       0       0       0                        01010000D    395
     102       0       0       1       0                               0D    396
     142     427       0       0       0                        00010500D    397
     142       0       0       1       0                               0D    398
     144     428       0       0       2                        00010000D    399
     144       0      -1       1       0                               0D    400
     110     429       0       0       0                        01010000D    401
     110       0       0       1       0                               0D    402
     110     430       0       0       0                        01010000D    403
     110       0       0       1       0                               0D    404
     120     431       0       0       0                        01010000D    405
     120       0       0       1       0                               0D    406
     126     432       0       0       0                        01010500D    407
     126       0       0       2       0                               0D    408
     110     434       0       0       0                        01010000D    409
     110       0       0       1       0                               0D    410
     126     435       0       0       0                        01010500D    411
     126       0       0       2       0                               0D    412
     124     437       0       0       0                        00000000D    413
     124       0       0       4       0                               0D    414
     100     441       0       0       0             413        01010000D    415
     100       0       0       1       0                               0D    416
     126     442       0       0       0                        01010500D    417
     126       0       0       2       0                               0D    418
     110     444       0       0       0                        01010000D    419
     110       0       0       1       0                               0D    420
     126     445       0       0       0                        01010500D    421
     126       0       0       2       0                               0D    422
     124     447       0       0       0                        00000000D    423
     124       0       0       4       0                               0D    424
     100     451       0       0       0             423        01010000D    425
     100       0       0       1       0                               0D    426
     126     452       0       0       0                        01010500D    427
     126       0       0       2       0                               0D    428
     110     454       0       0       0                        01010000D    429
     110       0       0       1       0                               0D    430
     126     455       0       0       0                        01010500D    431
     126       0       0       2       0                               0D    432
     124     457       0       0       0                        00000000D    433
     124       0       0       3       0                               0D    434
     100     460       0       0       0             433        01010000D    435
     100       0       0       1       0                               0D    436
     126     461       0       0       0                        01010500D    437
     126       0       0       2       0                               0D    438
     110     463       0       0       0                        01010000D    439
     110       0       0       1       0                               0D    440
     126     464       0       0       0                        01010500D    441
     126       0       0       2       0                               0D    442
     124     466       0       0       0                        00000000D    443
     124       0       0       4       0                               0D    444
     100     470       0       0       0             443        01010000D    445
     100       0       0       1       0                               0D    446
     102     471       0       0       0                        01010500D    447
     102       0       0       1       0                               0D    448
     102     472       0       0       0                        01010000D    449
     102       0       0       1       0                               0D    450
     142     473       0       0       0                        00010500D    451
     142       0       0       1       0                               0D    452
     144     474       0       0       2                        00010000D    453
     144       0      -1       1       0                               0D    454
     110     475       0       0       0                        01010000D    455
     110       0       0       1       0                               0D    456
     110     476       0       0       0                        01010000D    457
     110       0       0       1       0                               0D    458
     120     477       0       0       0                        01010000D    459
     120       0       0       1       0                               0D    460
     126     478       0       0       0                        01010500D    461
     126       0       0       2       0                               0D    462
     124     480       0       0       0                        00000000D    463
     124       0       0       4       0                               0D    464
     100     484       0       0       0             463        01010000D    465
     100       0       0       1       0                               0D    466
     126     485       0       0       0                        01010500D    467
     126       0       0       2       0                               0D    468
     110     487       0       0       0                        01010000D    469
     110       0       0       1       0                               0D    470
     126     488       0       0       0                        01010500D    471
     126       0       0       2       0                               0D    472
     124     490       0       0       0                        00000000D    473
     124       0       0       2       0                               0D    474
     100     492       0       0       0             473        01010000D    475
     100       0       0       1       0                               0D    476
     126     493       0       0       0                        01010500D    477
     126       0       0       2       0                               0D    478
     110     495       0       0       0                        01010000D    479
     110       0       0       1       0                               0D    480
     126     496       0       0       0                        01010500D    481
     126       0       0       2       0                               0D    482
     124     498       0       0       0                        00000000D    483
     124       0       0       4       0                               0D    484
     100     502       0       0       0             483        01010000D    485
     100       0       0       1       0                               0D    486
     126     503       0       0       0                        01010500D    487
     126       0       0       2       0                               0D    488
     110     505       0       0       0                        01010000D    489
     110       0       0       1       0                               0D    490
     126     506       0       0       0                        01010500D    491
     126       0       0       2       0                               0D    492
     124     508       0       0       0                        00000000D    493
     124       0       0       2       0                               0D    494
     100     510       0       0       0             493        01010000D    495
     100       0       0       1       0                               0D    496
     126     511       0       0       0                        01010500D    497
     126       0       0       2       0                               0D    498
     110     513       0       0       0                        01010000D    499
     110       0       0       2       0                               0D    500
     126     515       0       0       0                        01010500D    501
     126       0       0       2       0                               0D    502
     124     517       0       0       0                        00000000D    503
     124       0       0       4       0                               0D    504
     100     521       0       0       0             503        01010000D    505
     100       0       0       1       0                               0D    506
     126     522       0       0       0                        01010500D    507
     126       0       0       2       0                               0D    508
     110     524       0       0       0                        01010000D    509
     110       0       0       2       0                               0D    510
     126     526       0       0       0                        01010500D    511
     126       0       0       2       0                               0D    512
     124     528       0       0       0                        00000000D    513
     124       0       0       4       0                               0D    514
     100     532       0       0       0             513        01010000D    515
     100       0       0       1       0                               0D    516
     126     533       0       0       0                        01010500D    517
     126       0       0       2       0                               0D    518
     110     535       0       0       0                        01010000D    519
     110       0       0       2       0                               0D    520
     126     537       0       0       0                        01010500D    521
     126       0       0       2       0                               0D    522
     124     539       0       0       0                        00000000D    523
     124       0       0       4       0                               0D    524
     100     543       0       0       0             523        01010000D    525
     100       0       0       1       0                               0D    526
     126     544       0       0       0                        01010500D    527
     126       0       0       2       0                               0D    528
     110     546       0       0       0                        01010000D    529
     110       0       0       2       0                               0D    530
     102     548       0       0       0                        01010500D    531
     102       0       0       1       0                               0D    532
     102     549       0       0       0                        01010000D    533
     102       0       0       1       0                               0D    534
     142     550       0       0       0                        00010500D    535
     142       0       0       1       0                               0D    536
     126     551       0       0       0                        01010500D    537
     126       0       0      19       0                               0D    538
     126     570       0       0       0                        01010000D    539
     126       0       0       8       0                               0D    540
     126     578       0       0       0                        01010500D    541
     126       0       0      22       0                               0D    542
     126     600       0       0       0                        01010000D    543
     126       0       0      11       0                               0D    544
     102     611       0       0       0                        01010500D    545
     102       0       0       1       0                               0D    546
     102     612       0       0       0                        01010000D    547
     102       0       0       1       0                               0D    548
     142     613       0       0       0                        00010500D    549
     142       0       0       1       0                               0D    550
     144     614       0       0       2                        00010000D    551
     144       0      -1       1       0                               0D    552
     110     615       0       0       0                        01010000D    553
     110       0       0       1       0                               0D    554
     110     616       0       0       0                        01010000D    555
     110       0       0       1       0                               0D    556
     120     617       0       0       0                        01010000D    557
     120       0       0       1       0                               0D    558
     126     618       0       0       0                        01010500D    559
     126       0       0       2       0                               0D    560
     110     620       0       0       0                        01010000D    561
     110       0       0       1       0                               0D    562
     126     621       0       0       0                        01010500D    563
     126       0       0       2       0                               0D    564
     124     623       0       0       0                        00000000D    565
     124       0       0       3       0                               0D    566
     100     626       0       0       0             565        01010000D    567
     100       0       0       1       0                               0D    568
     126     627       0       0       0                        01010500D    569
     126       0       0       2       0                               0D    570
     110     629       0       0       0                        01010000D    571
     110       0       0       2       0                               0D    572
     126     631       0       0       0                        01010500D    573
     126       0       0       2       0                               0D    574
     124     633       0       0       0                        00000000D    575
     124       0       0       4       0                               0D    576
     100     637       0       0       0             575        01010000D    577
     100       0       0       1       0                               0D    578
     126     638       0       0       0                        01010500D    579
     126       0       0       2       0                               0D    580
     110     640       0       0       0                        01010000D    581
     110       0       0       2       0                               0D    582
     126     642       0       0       0                        01010500D    583
     126       0       0       2       0                               0D    584
     124     644       0       0       0                        00000000D    585
     124       0       0       4       0                               0D    586
     100     648       0       0       0             585        01010000D    587
     100       0       0       1       0                               0D    588
     126     649       0       0       0                        01010500D    589
     126       0       0       2       0                               0D    590
     110     651       0       0       0                        01010000D    591
     110       0       0       2       0                               0D    592
     126     653       0       0       0                        01010500D    593
     126       0       0       2       0                               0D    594
     124     655       0       0       0                        00000000D    595
     124       0       0       4       0                               0D    596
     100     659       0       0       0             595        01010000D    597
     100       0       0       1       0                               0D    598
     126     660       0       0       0                        01010500D    599
     126       0       0       2       0                               0D    600
     110     662       0       0       0                        01010000D    601
     110       0       0       2       0                               0D    602
     126     664       0       0       0                        01010500D    603
     126       0       0       2       0                               0D    604
     124     666       0       0       0                        00000000D    605
     124       0       0       4       0                               0D    606
     100     670       0       0       0             605        01010000D    607
     100       0       0       1       0                               0D    608
     126     671       0       0       0                        01010500D    609
     126       0       0       2       0                               0D    610
     110     673       0       0       0                        01010000D    611
     110       0       0       1       0                               0D    612
     126     674       0       0       0                        01010500D    613
     126       0       0       2       0                               0D    614
     110     676       0       0       0                        01010000D    615
     110       0       0       1       0                               0D    616
     126     677       0       0       0                        01010500D    617
     126       0       0       2       0                               0D    618
     110     679       0       0       0                        01010000D    619
     110       0       0       1       0                               0D    620
     126     680       0       0       0                        01010500D    621
     126       0       0       2       0                               0D    622
     124     682       0       0       0                        00000000D    623
     124       0       0       3       0                               0D    624
     100     685       0       0       0             623        01010000D    625
     100       0       0       1       0                               0D    626
     102     686       0       0       0                        01010500D    627
     102       0       0       1       0                               0D    628
     102     687       0       0       0                        01010000D    629
     102       0       0       1       0                               0D    630
     142     688       0       0       0                        00010500D    631
     142       0       0       1       0                               0D    632
     144     689       0       0       2                        00010000D    633
     144       0      -1       1       0                               0D    634
     110     690       0       0       0                        01010000D    635
     110       0       0       1       0                               0D    636
     110     691       0       0       0                        01010000D    637
     110       0       0       1       0                               0D    638
     120     692       0       0       0                        01010000D    639
     120       0       0       1       0                               0D    640
     126     693       0       0       0                        01010500D    641
     126       0       0       2       0                               0D    642
     124     695       0       0       0                        00000000D    643
     124       0       0       4       0                               0D    644
     100     699       0       0       0             643        01010000D    645
     100       0       0       1       0                               0D    646
     126     700       0       0       0                        01010500D    647
     126       0       0       2       0                               0D    648
     110     702       0       0       0                        01010000D    649
     110       0       0       1       0                               0D    650
     126     703       0       0       0                        01010500D    651
     126       0       0       2       0                               0D    652
     124     705       0       0       0                        00000000D    653
     124       0       0       2       0                               0D    654
     100     707       0       0       0             653        01010000D    655
     100       0       0       1       0                               0D    656
     126     708       0       0       0                        01010500D    657
     126       0       0       2       0                               0D    658
     110     710       0       0       0                        01010000D    659
     110       0       0       2       0                               0D    660
     126     712       0       0       0                        01010500D    661
     126       0       0       2       0                               0D    662
     124     714       0       0       0                        00000000D    663
     124       0       0       4       0                               0D    664
     100     718       0       0       0             663        01010000D    665
     100       0       0       1       0                               0D    666
     126     719       0       0       0                        01010500D    667
     126       0       0       2       0                               0D    668
     110     721       0       0       0                        01010000D    669
     110       0       0       2       0                               0D    670
     126     723       0       0       0                        01010500D    671
     126       0       0       2       0                               0D    672
     124     725       0       0       0                        00000000D    673
     124       0       0       4       0                               0D    674
     100     729       0       0       0             673        01010000D    675
     100       0       0       1       0                               0D    676
     126     730       0       0       0                        01010500D    677
     126       0       0       2       0                               0D    678
     110     732       0       0       0                        01010000D    679
     110       0       0       2       0                               0D    680
     126     734       0       0       0                        01010500D    681
     126       0       0       2       0                               0D    682
     124     736       0       0       0                        00000000D    683
     124       0       0       4       0                               0D    684
     100     740       0       0       0             683        01010000D    685
     100       0       0       1       0                               0D    686
     126     741       0       0       0                        01010500D    687
     126       0       0       2       0                               0D    688
     110     743       0       0       0                        01010000D    689
     110       0       0       2       0                               0D    690
     126     745       0       0       0                        01010500D    691
     126       0       0       2       0                               0D    692
     124     747       0       0       0                        00000000D    693
     124       0       0       4       0                               0D    694
     100     751       0       0       0             693        01010000D    695
     100       0       0       1       0                               0D    696
     126     752       0       0       0                        01010500D    697
     126       0       0       2       0                               0D    698
     110     754       0       0       0                        01010000D    699
     110       0       0       1       0                               0D    700
     126     755       0       0       0                        01010500D    701
     126       0       0       2       0                               0D    702
     124     757       0       0       0                        00000000D    703
     124       0       0       2       0                               0D    704
     100     759       0       0       0             703        01010000D    705
     100       0       0       1       0                               0D    706
     126     760       0       0       0                        01010500D    707
     126       0       0       2       0                               0D    708
     110     762       0       0       0                        01010000D    709
     110       0       0       1       0                               0D    710
     126     763       0       0       0                        01010500D    711
     126       0       0       2       0                               0D    712
     124     765       0       0       0                        00000000D    713
     124       0       0       4       0                               0D    714
     100     769       0       0       0             713        01010000D    715
     100       0       0       1       0                               0D    716
     126     770       0       0       0                        01010500D    717
     126       0       0       2       0                               0D    718
     110     772       0       0       0                        01010000D    719
     110       0       0       1       0                               0D    720
     102     773       0       0       0                        01010500D    721
     102       0       0       2       0                               0D    722
     102     775       0       0       0                        01010000D    723
     102       0       0       2       0                               0D    724
     142     777       0       0       0                        00010500D    725
     142       0       0       1       0                               0D    726
     126     778       0       0       0                        01010500D    727
     126       0       0      20       0                               0D    728
     126     798       0       0       0                        01010000D    729
     126       0       0       9       0                               0D    730
     126     807       0       0       0                        01010500D    731
     126       0       0      20       0                               0D    732
     126     827       0       0       0                        01010000D    733
     126       0       0       9       0                               0D    734
     102     836       0       0       0                        01010500D    735
     102       0       0       1       0                               0D    736
     102     837       0       0       0                        01010000D    737
     102       0       0       1       0                               0D    738
     142     838       0       0       0                        00010500D    739
     142       0       0       1       0                               0D    740
     144     839       0       0       2                        00010000D    741
     144       0      -1       1       0                               0D    742
     110     840       0       0       0                        01010000D    743
     110       0       0       1       0                               0D    744
     110     841       0       0       0                        01010000D    745
     110       0       0       1       0                               0D    746
     120     842       0       0       0                        01010000D    747
     120       0       0       1       0                               0D    748
     126     843       0       0       0                        01010500D    749
     126       0       0       2       0                               0D    750
     110     845       0       0       0                        01010000D    751
     110       0       0       1       0                               0D    752
     126     846       0       0       0                        01010500D    753
     126       0       0       2       0                               0D    754
     124     848       0       0       0                        00000000D    755
     124       0       0       3       0                               0D    756
     100     851       0       0       0             755        01010000D    757
     100       0       0       1       0                               0D    758
     126     852       0       0       0                        01010500D    759
     126       0       0       2       0                               0D    760
     110     854       0       0       0                        01010000D    761
     110       0       0       1       0                               0D    762
     126     855       0       0       0                        01010500D    763
     126       0       0       2       0                               0D    764
     124     857       0       0       0                        00000000D    765
     124       0       0       4       0                               0D    766
     100     861       0       0       0             765        01010000D    767
     100       0       0       1       0                               0D    768
     126     862       0       0       0                        01010500D    769
     126       0       0       2       0                               0D    770
     110     864       0       0       0                        01010000D    771
     110       0       0       1       0                               0D    772
     126     865       0       0       0                        01010500D    773
     126       0       0       2       0                               0D    774
     124     867       0       0       0                        00000000D    775
     124       0       0       3       0                               0D    776
     100     870       0       0       0             775        01010000D    777
     100       0       0       1       0                               0D    778
     126     871       0       0       0                        01010500D    779
     126       0       0       2       0                               0D    780
     110     873       0       0       0                        01010000D    781
     110       0       0       2       0                               0D    782
     126     875       0       0       0                        01010500D    783
     126       0       0       2       0                               0D    784
     124     877       0       0       0                        00000000D    785
     124       0       0       4       0                               0D    786
     100     881       0       0       0             785        01010000D    787
     100       0       0       1       0                               0D    788
     126     882       0       0       0                        01010500D    789
     126       0       0       2       0                               0D    790
     110     884       0       0       0                        01010000D    791
     110       0       0       2       0                               0D    792
     126     886       0       0       0                        01010500D    793
     126       0       0       2       0                               0D    794
     124     888       0       0       0                        00000000D    795
     124       0       0       4       0                               0D    796
     100     892       0       0       0             795        01010000D    797
     100       0       0       1       0                               0D    798
     126     893       0       0       0                        01010500D    799
     126       0       0       2       0                               0D    800
     110     895       0       0       0                        01010000D    801
     110       0       0       2       0                               0D    802
     126     897       0       0       0                        01010500D    803
     126       0       0       2       0                               0D    804
     124     899       0       0       0                        00000000D    805
     124       0       0       4       0                               0D    806
     100     903       0       0       0             805        01010000D    807
     100       0       0       1       0                               0D    808
     126     904       0       0       0                        01010500D    809
     126       0       0       2       0                               0D    810
     110     906       0       0       0                        01010000D    811
     110       0       0       2       0                               0D    812
     126     908       0       0       0                        01010500D    813
     126       0       0       2       0                               0D    814
     124     910       0       0       0                        00000000D    815
     124       0       0       4       0                               0D    816
     100     914       0       0       0             815        01010000D    817
     100       0       0       1       0                               0D    818
     102     915       0       0       0                        01010500D    819
     102       0       0       1       0                               0D    820
     102     916       0       0       0                        01010000D    821
     102       0       0       1       0                               0D    822
     142     917       0       0       0                        00010500D    823
     142       0       0       1       0                               0D    824
     126     918       0       0       0                        01010500D    825
     126       0       0      22       0                               0D    826
     126     940       0       0       0                        01010000D    827
     126       0       0      11       0                               0D    828
     126     951       0       0       0                        01010500D    829
     126       0       0      22       0                               0D    830
     126     973       0       0       0                        01010000D    831
     126       0       0      11       0                               0D    832
     102     984       0       0       0                        01010500D    833
     102       0       0       1       0                               0D    834
     102     985       0       0       0                        01010000D    835
     102       0       0       1       0                               0D    836
     142     986       0       0       0                        00010500D    837
     142       0       0       1       0                               0D    838
     144     987       0       0       2                        00010000D    839
     144       0      -1       1       0                               0D    840
     128     988       0       0       0                        01010000D    841
     128       0       0       4       0                               0D    842
     126     992       0       0       0                        01010500D    843
     126       0       0       2       0                               0D    844
     110     994       0       0       0                        01010000D    845
     110       0       0       2       0                               0D    846
     126     996       0       0       0                        01010500D    847
     126       0       0       2       0                               0D    848
     110     998       0       0       0                        01010000D    849
     110       0       0       2       0                               0D    850
     126    1000       0       0       0                        01010500D    851
     126       0       0       2       0                               0D    852
     110    1002       0       0       0                        01010000D    853
     110       0       0       2       0                               0D    854
     126    1004       0       0       0                        01010500D    855
     126       0       0       2       0                               0D    856
     110    1006       0       0       0                        01010000D    857
     110       0       0       2       0                               0D    858
     126    1008       0       0       0                        01010500D    859
     126       0       0       2       0                               0D    860
     110    1010       0       0       0                        01010000D    861
     110       0       0       2       0                               0D    862
     126    1012       0       0       0                        01010500D    863
     126       0       0       2       0                               0D    864
     110    1014       0       0       0                        01010000D    865
     110       0       0       1       0                               0D    866
     102    1015       0       0       0                        01010500D    867
     102       0       0       1       0                               0D    868
     102    1016       0       0       0                        01010000D    869
     102       0       0       1       0                               0D    870
     142    1017       0       0       0                        00010500D    871
     142       0       0       1       0                               0D    872
     144    1018       0       0       2                        00010000D    873
     144       0      -1       1       0                               0D    874
     128    1019       0       0       0                        01010000D    875
     128       0       0       4       0                               0D    876
     126    1023       0       0       0                        01010500D    877
     126       0       0       2       0                               0D    878
     110    1025       0       0       0                        01010000D    879
     110       0       0       2       0                               0D    880
     126    1027       0       0       0                        01010500D    881
     126       0       0       2       0                               0D    882
     110    1029       0       0       0                        01010000D    883
     110       0       0       2       0                               0D    884
     126    1031       0       0       0                        01010500D    885
     126       0       0       2       0                               0D    886
     110    1033       0       0       0                        01010000D    887
     110       0       0       2       0                               0D    888
     126    1035       0       0       0                        01010500D    889
     126       0       0       2       0                               0D    890
     110    1037       0       0       0                        01010000D    891
     110       0       0       1       0                               0D    892
     126    1038       0       0       0                        01010500D    893
     126       0       0       2       0                               0D    894
     110    1040       0       0       0                        01010000D    895
     110       0       0       2       0                               0D    896
     126    1042       0       0       0                        01010500D    897
     126       0       0       2       0                               0D    898
     110    1044       0       0       0                        01010000D    899
     110       0       0       2       0                               0D    900
     102    1046       0       0       0                        01010500D    901
     102       0       0       1       0                               0D    902
     102    1047       0       0       0                        01010000D    903
     102       0       0       1       0                               0D    904
     142    1048       0       0       0                        00010500D    905
     142       0       0       1       0                               0D    906
     144    1049       0       0       2                        00010000D    907
     144       0      -1       1       0                               0D    908
     110    1050       0       0       0                        01010000D    909
     110       0       0       1       0                               0D    910
     110    1051       0       0       0                        01010000D    911
     110       0       0       1       0                               0D    912
     120    1052       0       0       0                        01010000D    913
     120       0       0       1       0                               0D    914
     126    1053       0       0       0                        01010500D    915
     126       0       0       2       0                               0D    916
     110    1055       0       0       0                        01010000D    917
     110       0       0       1       0                               0D    918
     126    1056       0       0       0                        01010500D    919
     126       0       0       2       0                               0D    920
     124    1058       0       0       0                        00000000D    921
     124       0       0       2       0                               0D    922
     100    1060       0       0       0             921        01010000D    923
     100       0       0       1       0                               0D    924
     126    1061       0       0       0                        01010500D    925
     126       0       0       2       0                               0D    926
     110    1063       0       0       0                        01010000D    927
     110       0       0       1       0                               0D    928
     126    1064       0       0       0                        01010500D    929
     126       0       0       2       0                               0D    930
     124    1066       0       0       0                        00000000D    931
     124       0       0       4       0                               0D    932
     100    1070       0       0       0             931        01010000D    933
     100       0       0       1       0                               0D    934
     102    1071       0       0       0                        01010500D    935
     102       0       0       1       0                               0D    936
     102    1072       0       0       0                        01010000D    937
     102       0       0       1       0                               0D    938
     142    1073       0       0       0                        00010500D    939
     142       0       0       1       0                               0D    940
     126    1074       0       0       0                        01010500D    941
     126       0       0      19       0                               0D    942
     126    1093       0       0       0                        01010000D    943
     126       0       0       8       0                               0D    944
     126    1101       0       0       0                        01010500D    945
     126       0       0      21       0                               0D    946
     126    1122       0       0       0                        01010000D    947
     126       0       0      12       0                               0D    948
     102    1134       0       0       0                        01010500D    949
     102       0       0       1       0                               0D    950
     102    1135       0       0       0                        01010000D    951
     102       0       0       1       0                               0D    952
     142    1136       0       0       0                        00010500D    953
     142       0       0       1       0                               0D    954
     144    1137       0       0       2                        00010000D    955
     144       0      -1       1       0                               0D    956
     128    1138       0       0       0                        01010000D    957
     128       0       0       4       0                               0D    958
     126    1142       0       0       0                        01010500D    959
     126       0       0       2       0                               0D    960
     110    1144       0       0       0                        01010000D    961
     110       0       0       2       0                               0D    962
     126    1146       0       0       0                        01010500D    963
     126       0       0       2       0                               0D    964
     110    1148       0       0       0                        01010000D    965
     110       0       0       2       0                               0D    966
     126    1150       0       0       0                        01010500D    967
     126       0       0       2       0                               0D    968
     110    1152       0       0       0                        01010000D    969
     110       0       0       2       0                               0D    970
     126    1154       0       0       0                        01010500D    971
     126       0       0       2       0                               0D    972
     110    1156       0       0       0                        01010000D    973
     110       0       0       2       0                               0D    974
     126    1158       0       0       0                        01010500D    975
     126       0       0       2       0                               0D    976
     110    1160       0       0       0                        01010000D    977
     110       0       0       2       0                               0D    978
     126    1162       0       0       0                        01010500D    979
     126       0       0       2       0                               0D    980
     110    1164       0       0       0                        01010000D    981
     110       0       0       2       0                               0D    982
     102    1166       0       0       0                        01010500D    983
     102       0       0       1       0                               0D    984
     102    1167       0       0       0                        01010000D    985
     102       0       0       1       0                               0D    986
     142    1168       0       0       0                        00010500D    987
     142       0       0       1       0                               0D    988
     144    1169       0       0       2                        00010000D    989
     144       0      -1       1       0                               0D    990
     128    1170       0       0       0                        01010000D    991
     128       0       0       4       0                               0D    992
     126    1174       0       0       0                        01010500D    993
     126       0       0       2       0                               0D    994
     110    1176       0       0       0                        01010000D    995
     110       0       0       2       0                               0D    996
     126    1178       0       0       0                        01010500D    997
     126       0       0       2       0                               0D    998
     110    1180       0       0       0                        01010000D    999
     110       0       0       2       0                               0D   1000
     126    1182       0       0       0                        01010500D   1001
     126       0       0       2       0                               0D   1002
     110    1184       0       0       0                        01010000D   1003
     110       0       0       2       0                               0D   1004
     126    1186       0       0       0                        01010500D   1005
     126       0       0       2       0                               0D   1006
     110    1188       0       0       0                        01010000D   1007
     110       0       0       1       0                               0D   1008
     126    1189       0       0       0                        01010500D   1009
     126       0       0       2       0                               0D   1010
     110    1191       0       0       0                        01010000D   1011
     110       0       0       2       0                               0D   1012
     126    1193       0       0       0                        01010500D   1013
     126       0       0       2       0                               0D   1014
     110    1195       0       0       0                        01010000D   1015
     110       0       0       2       0                               0D   1016
     102    1197       0       0       0                        01010500D   1017
     102       0       0       1       0                               0D   1018
     102    1198       0       0       0                        01010000D   1019
     102       0       0       1       0                               0D   1020
     142    1199       0       0       0                        00010500D   1021
     142       0       0       1       0                               0D   1022
     144    1200       0       0       2                        00010000D   1023
     144       0      -1       1       0                               0D   1024
     128    1201       0       0       0                        01010000D   1025
     128       0       0       4       0                               0D   1026
     126    1205       0       0       0                        01010500D   1027
     126       0       0       2       0                               0D   1028
     110    1207       0       0       0                        01010000D   1029
     110       0       0       2       0                               0D   1030
     126    1209       0       0       0                        01010500D   1031
     126       0       0       2       0                               0D   1032
     110    1211       0       0       0                        01010000D   1033
     110       0       0       2       0                               0D   1034
     126    1213       0       0       0                        01010500D   1035
     126       0       0       2       0                               0D   1036
     110    1215       0       0       0                        01010000D   1037
     110       0       0       2       0                               0D   1038
     126    1217       0       0       0                        01010500D   1039
     126       0       0       2       0                               0D   1040
     110    1219       0       0       0                        01010000D   1041
     110       0       0       2       0                               0D   1042
     126    1221       0       0       0                        01010500D   1043
     126       0       0       2       0                               0D   1044
     110    1223       0       0       0                        01010000D   1045
     110       0       0       2       0                               0D   1046
     126    1225       0       0       0                        01010500D   1047
     126       0       0       2       0                               0D   1048
     110    1227       0       0       0                        01010000D   1049
     110       0       0       1       0                               0D   1050
     102    1228       0       0       0                        01010500D   1051
     102       0       0       1       0                               0D   1052
     102    1229       0       0       0                        01010000D   1053
     102       0       0       1       0                               0D   1054
     142    1230       0       0       0                        00010500D   1055
     142       0       0       1       0                               0D   1056
     144    1231       0       0       2                        00010000D   1057
     144       0      -1       1       0                               0D   1058
     128    1232       0       0       0                        01010000D   1059
     128       0       0       4       0                               0D   1060
     126    1236       0       0       0                        01010500D   1061
     126       0       0       2       0                               0D   1062
     110    1238       0       0       0                        01010000D   1063
     110       0       0       2       0                               0D   1064
     126    1240       0       0       0                        01010500D   1065
     126       0       0       2       0                               0D   1066
     110    1242       0       0       0                        01010000D   1067
     110       0       0       2       0                               0D   1068
     126    1244       0       0       0                        01010500D   1069
     126       0       0       2       0                               0D   1070
     110    1246       0       0       0                        01010000D   1071
     110       0       0       2       0                               0D   1072
     126    1248       0       0       0                        01010500D   1073
     126       0       0       2       0                               0D   1074
     110    1250       0       0       0                        01010000D   1075
     110       0       0       1       0                               0D   1076
     126    1251       0       0       0                        01010500D   1077
     126       0       0       2       0                               0D   1078
     110    1253       0       0       0                        01010000D   1079
     110       0       0       2       0                               0D   1080
     126    1255       0       0       0                        01010500D   1081
     126       0       0       2       0                               0D   1082
     110    1257       0       0       0                        01010000D   1083
     110       0       0       2       0                               0D   1084
     102    1259       0       0       0                        01010500D   1085
     102       0       0       1       0                               0D   1086
     102    1260       0       0       0                        01010000D   1087
     102       0       0       1       0                               0D   1088
     142    1261       0       0       0                        00010500D   1089
     142       0       0       1       0                               0D   1090
     144    1262       0       0       2                        00010000D   1091
     144       0      -1       1       0                               0D   1092
     128    1263       0       0       0                        01010000D   1093
     128       0       0       4       0                               0D   1094
     126    1267       0       0       0                        01010500D   1095
     126       0       0       2       0                               0D   1096
     110    1269       0       0       0                        01010000D   1097
     110       0       0       2       0                               0D   1098
     126    1271       0       0       0                        01010500D   1099
     126       0       0       2       0                               0D   1100
     110    1273       0       0       0                        01010000D   1101
     110       0       0       2       0                               0D   1102
     126    1275       0       0       0                        01010500D   1103
     126       0       0       2       0                               0D   1104
     110    1277       0       0       0                        01010000D   1105
     110       0       0       2       0                               0D   1106
     126    1279       0       0       0                        01010500D   1107
     126       0       0       2       0                               0D   1108
     110    1281       0       0       0                        01010000D   1109
     110       0       0       2       0                               0D   1110
     126    1283       0       0       0                        01010500D   1111
     126       0       0       2       0                               0D   1112
     110    1285       0       0       0                        01010000D   1113
     110       0       0       2       0                               0D   1114
     126    1287       0       0       0                        01010500D   1115
     126       0       0       2       0                               0D   1116
     110    1289       0       0       0                        01010000D   1117
     110       0       0       1       0                               0D   1118
     102    1290       0       0       0                        01010500D   1119
     102       0       0       1       0                               0D   1120
     102    1291       0       0       0                        01010000D   1121
     102       0       0       1       0                               0D   1122
     142    1292       0       0       0                        00010500D   1123
     142       0       0       1       0                               0D   1124
     144    1293       0       0       2                        00010000D   1125
     144       0      -1       1       0                               0D   1126
     128    1294       0       0       0                        01010000D   1127
     128       0       0       4       0                               0D   1128
     126    1298       0       0       0                        01010500D   1129
     126       0       0       2       0                               0D   1130
     110    1300       0       0       0                        01010000D   1131
     110       0       0       2       0                               0D   1132
     126    1302       0       0       0                        01010500D   1133
     126       0       0       2       0                               0D   1134
     110    1304       0       0       0                        01010000D   1135
     110       0       0       2       0                               0D   1136
     126    1306       0       0       0                        01010500D   1137
     126       0       0       2       0                               0D   1138
     110    1308       0       0       0                        01010000D   1139
     110       0       0       2       0                               0D   1140
     126    1310       0       0       0                        01010500D   1141
     126       0       0       2       0                               0D   1142
     110    1312       0       0       0                        01010000D   1143
     110       0       0       1       0                               0D   1144
     126    1313       0       0       0                        01010500D   1145
     126       0       0       2       0                               0D   1146
     110    1315       0       0       0                        01010000D   1147
     110       0       0       2       0                               0D   1148
     126    1317       0       0       0                        01010500D   1149
     126       0       0       2       0                               0D   1150
     110    1319       0       0       0                        01010000D   1151
     110       0       0       2       0                               0D   1152
     102    1321       0       0       0                        01010500D   1153
     102       0       0       1       0                               0D   1154
     102    1322       0       0       0                        01010000D   1155
     102       0       0       1       0                               0D   1156
     142    1323       0       0       0                        00010500D   1157
     142       0       0       1       0                               0D   1158
     144    1324       0       0       2                        00010000D   1159
     144       0      -1       1       0                               0D   1160
     128    1325       0       0       0                        01010000D   1161
     128       0       0       4       0                               0D   1162
     126    1329       0       0       0                        01010500D   1163
     126       0       0       2       0                               0D   1164
     110    1331       0       0       0                        01010000D   1165
     110       0       0       2       0                               0D   1166
     126    1333       0       0       0                        01010500D   1167
     126       0       0       2       0                               0D   1168
     110    1335       0       0       0                        01010000D   1169
     110       0       0       2       0                               0D   1170
     126    1337       0       0       0                        01010500D   1171
     126       0       0       2       0                               0D   1172
     110    1339       0       0       0                        01010000D   1173
     110       0       0       2       0                               0D   1174
     126    1341       0       0       0                        01010500D   1175
     126       0       0       2       0                               0D   1176
     110    1343       0       0       0                        01010000D   1177
     110       0       0       1       0                               0D   1178
     126    1344       0       0       0                        01010500D   1179
     126       0       0       2       0                               0D   1180
     110    1346       0       0       0                        01010000D   1181
     110       0       0       2       0                               0D   1182
     126    1348       0       0       0                        01010500D   1183
     126       0       0       2       0                               0D   1184
     110    1350       0       0       0                        01010000D   1185
     110       0       0       2       0                               0D   1186
     102    1352       0       0       0                        01010500D   1187
     102       0       0       1       0                               0D   1188
     102    1353       0       0       0                        01010000D   1189
     102       0       0       1       0                               0D   1190
     142    1354       0       0       0                        00010500D   1191
     142       0       0       1       0                               0D   1192
     144    1355       0       0       2                        00010000D   1193
     144       0      -1       1       0                               0D   1194
     128    1356       0       0       0                        01010000D   1195
     128       0       0       4       0                               0D   1196
     126    1360       0       0       0                        01010500D   1197
     126       0       0       2       0                               0D   1198
     110    1362       0       0       0                        01010000D   1199
     110       0       0       2       0                               0D   1200
     126    1364       0       0       0                        01010500D   1201
     126       0       0       2       0                               0D   1202
     110    1366       0       0       0                        01010000D   1203
     110       0       0       2       0                               0D   1204
     126    1368       0       0       0                        01010500D   1205
     126       0       0       2       0                               0D   1206
     110    1370       0       0       0                        01010000D   1207
     110       0       0       2       0                               0D   1208
     126    1372       0       0       0                        01010500D   1209
     126       0       0       2       0                               0D   1210
     110    1374       0       0       0                        01010000D   1211
     110       0       0       1       0                               0D   1212
     126    1375       0       0       0                        01010500D   1213
     126       0       0       2       0                               0D   1214
     110    1377       0       0       0                        01010000D   1215
     110       0       0       2       0                               0D   1216
     126    1379       0       0       0                        01010500D   1217
     126       0       0       2       0                               0D   1218
     110    1381       0       0       0                        01010000D   1219
     110       0       0       2       0                               0D   1220
     102    1383       0       0       0                        01010500D   1221
     102       0       0       1       0                               0D   1222
     102    1384       0       0       0                        01010000D   1223
     102       0       0       1       0                               0D   1224
     142    1385       0       0       0                        00010500D   1225
     142       0       0       1       0                               0D   1226
     144    1386       0       0       2                        00010000D   1227
     144       0      -1       1       0                               0D   1228
     128    1387       0       0       0                        01010000D   1229
     128       0       0       4       0                               0D   1230
     126    1391       0       0       0                        01010500D   1231
     126       0       0       2       0                               0D   1232
     110    1393       0       0       0                        01010000D   1233
     110       0       0       2       0                               0D   1234
     126    1395       0       0       0                        01010500D   1235
     126       0       0       2       0                               0D   1236
     110    1397       0       0       0                        01010000D   1237
     110       0       0       2       0                               0D   1238
     126    1399       0       0       0                        01010500D   1239
     126       0       0       2       0                               0D   1240
     110    1401       0       0       0                        01010000D   1241
     110       0       0       2       0                               0D   1242
     126    1403       0       0       0                        01010500D   1243
     126       0       0       2       0                               0D   1244
     110    1405       0       0       0                        01010000D   1245
     110       0       0       1       0                               0D   1246
     126    1406       0       0       0                        01010500D   1247
     126       0       0       2       0                               0D   1248
     110    1408       0       0       0                        01010000D   1249
     110       0       0       2       0                               0D   1250
     126    1410       0       0       0                        01010500D   1251
     126       0       0       2       0                               0D   1252
     110    1412       0       0       0                        01010000D   1253
     110       0       0       2       0                               0D   1254
     102    1414       0       0       0                        01010500D   1255
     102       0       0       1       0                               0D   1256
     102    1415       0       0       0                        01010000D   1257
     102       0       0       1       0                               0D   1258
     142    1416       0       0       0                        00010500D   1259
     142       0       0       1       0                               0D   1260
     144    1417       0       0       2                        00010000D   1261
     144       0      -1       1       0                               0D   1262
     128    1418       0       0       0                        01010000D   1263
     128       0       0       4       0                               0D   1264
     126    1422       0       0       0                        01010500D   1265
     126       0       0       2       0                               0D   1266
     110    1424       0       0       0                        01010000D   1267
     110       0       0       2       0                               0D   1268
     126    1426       0       0       0                        01010500D   1269
     126       0       0       2       0                               0D   1270
     110    1428       0       0       0                        01010000D   1271
     110       0       0       2       0                               0D   1272
     126    1430       0       0       0                        01010500D   1273
     126       0       0       2       0                               0D   1274
     110    1432       0       0       0                        01010000D   1275
     110       0       0       2       0                               0D   1276
     126    1434       0       0       0                        01010500D   1277
     126       0       0       2       0                               0D   1278
     110    1436       0       0       0                        01010000D   1279
     110       0       0       1       0                               0D   1280
     126    1437       0       0       0                        01010500D   1281
     126       0       0       2       0                               0D   1282
     110    1439       0       0       0                        01010000D   1283
     110       0       0       2       0                               0D   1284
     126    1441       0       0       0                        01010500D   1285
     126       0       0       2       0                               0D   1286
     110    1443       0       0       0                        01010000D   1287
     110       0       0       2       0                               0D   1288
     102    1445       0       0       0                        01010500D   1289
     102       0       0       1       0                               0D   1290
     102    1446       0       0       0                        01010000D   1291
     102       0       0       1       0                               0D   1292
     142    1447       0       0       0                        00010500D   1293
     142       0       0       1       0                               0D   1294
     144    1448       0       0       2                        00010000D   1295
     144       0      -1       1       0                               0D   1296
     128    1449       0       0       0                        01010000D   1297
     128       0       0       4       0                               0D   1298
     126    1453       0       0       0                        01010500D   1299
     126       0       0       2       0                               0D   1300
     110    1455       0       0       0                        01010000D   1301
     110       0       0       2       0                               0D   1302
     126    1457       0       0       0                        01010500D   1303
     126       0       0       2       0                               0D   1304
     110    1459       0       0       0                        01010000D   1305
     110       0       0       2       0                               0D   1306
     126    1461       0       0       0                        01010500D   1307
     126       0       0       2       0                               0D   1308
     110    1463       0       0       0                        01010000D   1309
     110       0       0       2       0                               0D   1310
     126    1465       0       0       0                        01010500D   1311
     126       0       0       2       0                               0D   1312
     110    1467       0       0       0                        01010000D   1313
     110       0       0       1       0                               0D   1314
     126    1468       0       0       0                        01010500D   1315
     126       0       0       2       0                               0D   1316
     110    1470       0       0       0                        01010000D   1317
     110       0       0       2       0                               0D   1318
     126    1472       0       0       0                        01010500D   1319
     126       0       0       2       0                               0D   1320
     110    1474       0       0       0                        01010000D   1321
     110       0       0       2       0                               0D   1322
     102    1476       0       0       0                        01010500D   1323
     102       0       0       1       0                               0D   1324
     102    1477       0       0       0                        01010000D   1325
     102       0       0       1       0                               0D   1326
     142    1478       0       0       0                        00010500D   1327
     142       0       0       1       0                               0D   1328
     144    1479       0       0       2                        00010000D   1329
     144       0      -1       1       0                               0D   1330
     128    1480       0       0       0                        01010000D   1331
     128       0       0       4       0                               0D   1332
     126    1484       0       0       0                        01010500D   1333
     126       0       0       2       0                               0D   1334
     110    1486       0       0       0                        01010000D   1335
     110       0       0       2       0                               0D   1336
     126    1488       0       0       0                        01010500D   1337
     126       0       0       2       0                               0D   1338
     110    1490       0       0       0                        01010000D   1339
     110       0       0       2       0                               0D   1340
     126    1492       0       0       0                        01010500D   1341
     126       0       0       2       0                               0D   1342
     110    1494       0       0       0                        01010000D   1343
     110       0       0       2       0                               0D   1344
     126    1496       0       0       0                        01010500D   1345
     126       0       0       2       0                               0D   1346
     110    1498       0       0       0                        01010000D   1347
     110       0       0       1       0                               0D   1348
     126    1499       0       0       0                        01010500D   1349
     126       0       0       2       0                               0D   1350
     110    1501       0       0       0                        01010000D   1351
     110       0       0       2       0                               0D   1352
     126    1503       0       0       0                        01010500D   1353
     126       0       0       2       0                               0D   1354
     110    1505       0       0       0                        01010000D   1355
     110       0       0       2       0                               0D   1356
     102    1507       0       0       0                        01010500D   1357
     102       0       0       1       0                               0D   1358
     102    1508       0       0       0                        01010000D   1359
     102       0       0       1       0                               0D   1360
     142    1509       0       0       0                        00010500D   1361
     142       0       0       1       0                               0D   1362
     144    1510       0       0       2                        00010000D   1363
     144       0      -1       1       0                               0D   1364
     128    1511       0       0       0                        01010000D   1365
     128       0       0       4       0                               0D   1366
     126    1515       0       0       0                        01010500D   1367
     126       0       0       2       0                               0D   1368
     110    1517       0       0       0                        01010000D   1369
     110       0       0       2       0                               0D   1370
     126    1519       0       0       0                        01010500D   1371
     126       0       0       2       0                               0D   1372
     110    1521       0       0       0                        01010000D   1373
     110       0       0       2       0                               0D   1374
     126    1523       0       0       0                        01010500D   1375
     126       0       0       2       0                               0D   1376
     110    1525       0       0       0                        01010000D   1377
     110       0       0       2       0                               0D   1378
     126    1527       0       0       0                        01010500D   1379
     126       0       0       2       0                               0D   1380
     110    1529       0       0       0                        01010000D   1381
     110       0       0       1       0                               0D   1382
     126    1530       0       0       0                        01010500D   1383
     126       0       0       2       0                               0D   1384
     110    1532       0       0       0                        01010000D   1385
     110       0       0       2       0                               0D   1386
     126    1534       0       0       0                        01010500D   1387
     126       0       0       2       0                               0D   1388
     110    1536       0       0       0                        01010000D   1389
     110       0       0       2       0                               0D   1390
     102    1538       0       0       0                        01010500D   1391
     102       0       0       1       0                               0D   1392
     102    1539       0       0       0                        01010000D   1393
     102       0       0       1       0                               0D   1394
     142    1540       0       0       0                        00010500D   1395
     142       0       0       1       0                               0D   1396
     144    1541       0       0       2                        00010000D   1397
     144       0      -1       1       0                               0D   1398
     128    1542       0       0       0                        01010000D   1399
     128       0       0       4       0                               0D   1400
     126    1546       0       0       0                        01010500D   1401
     126       0       0       2       0                               0D   1402
     110    1548       0       0       0                        01010000D   1403
     110       0       0       2       0                               0D   1404
     126    1550       0       0       0                        01010500D   1405
     126       0       0       2       0                               0D   1406
     110    1552       0       0       0                        01010000D   1407
     110       0       0       2       0                               0D   1408
     126    1554       0       0       0                        01010500D   1409
     126       0       0       2       0                               0D   1410
     110    1556       0       0       0                        01010000D   1411
     110       0       0       2       0                               0D   1412
     126    1558       0       0       0                        01010500D   1413
     126       0       0       2       0                               0D   1414
     110    1560       0       0       0                        01010000D   1415
     110       0       0       1       0                               0D   1416
     126    1561       0       0       0                        01010500D   1417
     126       0       0       2       0                               0D   1418
     110    1563       0       0       0                        01010000D   1419
     110       0       0       2       0                               0D   1420
     126    1565       0       0       0                        01010500D   1421
     126       0       0       2       0                               0D   1422
     110    1567       0       0       0                        01010000D   1423
     110       0       0       2       0                               0D   1424
     102    1569       0       0       0                        01010500D   1425
     102       0       0       1       0                               0D   1426
     102    1570       0       0       0                        01010000D   1427
     102       0       0       1       0                               0D   1428
     142    1571       0       0       0                        00010500D   1429
     142       0       0       1       0                               0D   1430
     144    1572       0       0       2                        00010000D   1431
     144       0      -1       1       0                               0D   1432
     110    1573       0       0       0                        01010000D   1433
     110       0       0       1       0                               0D   1434
     110    1574       0       0       0                        01010000D   1435
     110       0       0       1       0                               0D   1436
     120    1575       0       0       0                        01010000D   1437
     120       0       0       1       0                               0D   1438
     126    1576       0       0       0                        01010500D   1439
     126       0       0       2       0                               0D   1440
     124    1578       0       0       0                        00000000D   1441
     124       0       0       2       0                               0D   1442
     100    1580       0       0       0            1441        01010000D   1443
     100       0       0       1       0                               0D   1444
     126    1581       0       0       0                        01010500D   1445
     126       0       0       2       0                               0D   1446
     110    1583       0       0       0                        01010000D   1447
     110       0       0       1       0                               0D   1448
     126    1584       0       0       0                        01010500D   1449
     126       0       0       2       0                               0D   1450
     124    1586       0       0       0                        00000000D   1451
     124       0       0       2       0                               0D   1452
     100    1588       0       0       0            1451        01010000D   1453
     100       0       0       1       0                               0D   1454
     126    1589       0       0       0                        01010500D   1455
     126       0       0       2       0                               0D   1456
     110    1591       0       0       0                        01010000D   1457
     110       0       0       1       0                               0D   1458
     126    1592       0       0       0                        01010500D   1459
     126       0       0       2       0                               0D   1460
     124    1594       0       0       0                        00000000D   1461
     124       0       0       4       0                               0D   1462
     100    1598       0       0       0            1461        01010000D   1463
     100       0       0       2       0                               0D   1464
     126    1600       0       0       0                        01010500D   1465
     126       0       0       2       0                               0D   1466
     110    1602       0       0       0                        01010000D   1467
     110       0       0       1       0                               0D   1468
     126    1603       0       0       0                        01010500D   1469
     126       0       0       2       0                               0D   1470
     124    1605       0       0       0                        00000000D   1471
     124       0       0       3       0                               0D   1472
     100    1608       0       0       0            1471        01010000D   1473
     100       0       0       1       0                               0D   1474
     126    1609       0       0       0                        01010500D   1475
     126       0       0       2       0                               0D   1476
     110    1611       0       0       0                        01010000D   1477
     110       0       0       1       0                               0D   1478
     126    1612       0       0       0                        01010500D   1479
     126       0       0       2       0                               0D   1480
     124    1614       0       0       0                        00000000D   1481
     124       0       0       4       0                               0D   1482
     100    1618       0       0       0            1481        01010000D   1483
     100       0       0       1       0                               0D   1484
     126    1619       0       0       0                        01010500D   1485
     126       0       0       2       0                               0D   1486
     110    1621       0       0       0                        01010000D   1487
     110       0       0       1       0                               0D   1488
     102    1622       0       0       0                        01010500D   1489
     102       0       0       1       0                               0D   1490
     102    1623       0       0       0                        01010000D   1491
     102       0       0       1       0                               0D   1492
     142    1624       0       0       0                        00010500D   1493
     142       0       0       1       0                               0D   1494
     144    1625       0       0       2                        00010000D   1495
     144       0      -1       1       0                               0D   1496
     128    1626       0       0       0                        01010000D   1497
     128       0       0       3       0                               0D   1498
     126    1629       0       0       0                        01010500D   1499
     126       0       0       2       0                               0D   1500
     110    1631       0       0       0                        01010000D   1501
     110       0       0       1       0                               0D   1502
     126    1632       0       0       0                        01010500D   1503
     126       0       0       2       0                               0D   1504
     110    1634       0       0       0                        01010000D   1505
     110       0       0       2       0                               0D   1506
     126    1636       0       0       0                        01010500D   1507
     126       0       0       2       0                               0D   1508
     110    1638       0       0       0                        01010000D   1509
     110       0       0       1       0                               0D   1510
     126    1639       0       0       0                        01010500D   1511
     126       0       0       2       0                               0D   1512
     126    1641       0       0       0                        01010000D   1513
     126       0       0       3       0                               0D   1514
     126    1644       0       0       0                        01010500D   1515
     126       0       0       2       0                               0D   1516
     110    1646       0       0       0                        01010000D   1517
     110       0       0       1       0                               0D   1518
     126    1647       0       0       0                        01010500D   1519
     126       0       0       6       0                               0D   1520
     126    1653       0       0       0                        01010000D   1521
     126       0       0      20       0                               0D   1522
     102    1673       0       0       0                        01010500D   1523
     102       0       0       1       0                               0D   1524
     102    1674       0       0       0                        01010000D   1525
     102       0       0       1       0                               0D   1526
     142    1675       0       0       0                        00010500D   1527
     142       0       0       1       0                               0D   1528
     126    1676       0       0       0                        01010500D   1529
     126       0       0      22       0                               0D   1530
     124    1698       0       0       0                        00000000D   1531
     124       0       0       3       0                               0D   1532
     100    1701       0       0       0            1531        01010000D   1533
     100       0       0       1       0                               0D   1534
     126    1702       0       0       0                        01010500D   1535
     126       0       0      22       0                               0D   1536
     124    1724       0       0       0                        00000000D   1537
     124       0       0       3       0                               0D   1538
     100    1727       0       0       0            1537        01010000D   1539
     100       0       0       1       0                               0D   1540
     102    1728       0       0       0                        01010500D   1541
     102       0       0       1       0                               0D   1542
     102    1729       0       0       0                        01010000D   1543
     102       0       0       1       0                               0D   1544
     142    1730       0       0       0                        00010500D   1545
     142       0       0       1       0                               0D   1546
     144    1731       0       0       2                        00010000D   1547
     144       0      -1       1       0                               0D   1548
     128    1732       0       0       0                        01010000D   1549
     128       0       0       3       0                               0D   1550
     126    1735       0       0       0                        01010500D   1551
     126       0       0      22       0                               0D   1552
     124    1757       0       0       0                        00000000D   1553
     124       0       0       4       0                               0D   1554
     100    1761       0       0       0            1553        01010000D   1555
     100       0       0       1       0                               0D   1556
     126    1762       0       0       0                        01010500D   1557
     126       0       0       2       0                               0D   1558
     110    1764       0       0       0                        01010000D   1559
     110       0       0       1       0                               0D   1560
     126    1765       0       0       0                        01010500D   1561
     126       0       0       2       0                               0D   1562
     110    1767       0       0       0                        01010000D   1563
     110       0       0       1       0                               0D   1564
     126    1768       0       0       0                        01010500D   1565
     126       0       0       2       0                               0D   1566
     110    1770       0       0       0                        01010000D   1567
     110       0       0       1       0                               0D   1568
     126    1771       0       0       0                        01010500D   1569
     126       0       0      22       0                               0D   1570
     124    1793       0       0       0                        00000000D   1571
     124       0       0       4       0                               0D   1572
     100    1797       0       0       0            1571        01010000D   1573
     100       0       0       1       0                               0D   1574
     126    1798       0       0       0                        01010500D   1575
     126       0       0       2       0                               0D   1576
     110    1800       0       0       0                        01010000D   1577
     110       0       0       1       0                               0D   1578
     126    1801       0       0       0                        01010500D   1579
     126       0       0      44       0                               0D   1580
     124    1845       0       0       0                        00000000D   1581
     124       0       0       4       0                               0D   1582
     100    1849       0       0       0            1581        01010000D   1583
     100       0       0       1       0                               0D   1584
     126    1850       0       0       0                        01010500D   1585
     126       0       0       2       0                               0D   1586
     110    1852       0       0       0                        01010000D   1587
     110       0       0       1       0                               0D   1588
     102    1853       0       0       0                        01010500D   1589
     102       0       0       1       0                               0D   1590
     102    1854       0       0       0                        01010000D   1591
     102       0       0       1       0                               0D   1592
     142    1855       0       0       0                        00010500D   1593
     142       0       0       1       0                               0D   1594
     144    1856       0       0       2                        00010000D   1595
     144       0      -1       1       0                               0D   1596
     128    1857       0       0       0                        01010000D   1597
     128       0       0      29       0                               0D   1598
     126    1886       0       0       0                        01010500D   1599
     126       0       0       2       0                               0D   1600
     124    1888       0       0       0                        00000000D   1601
     124       0       0       4       0                               0D   1602
     100    1892       0       0       0            1601        01010000D   1603
     100       0       0       1       0                               0D   1604
     126    1893       0       0       0                        01010500D   1605
     126       0       0       4       0                               0D   1606
     126    1897       0       0       0                        01010000D   1607
     126       0       0      21       0                               0D   1608
     126    1918       0       0       0                        01010500D   1609
     126       0       0       2       0                               0D   1610
     124    1920       0       0       0                        00000000D   1611
     124       0       0       4       0                               0D   1612
     100    1924       0       0       0            1611        01010000D   1613
     100       0       0       1       0                               0D   1614
     126    1925       0       0       0                        01010500D   1615
     126       0       0       2       0                               0D   1616
     124    1927       0       0       0                        00000000D   1617
     124       0       0       2       0                               0D   1618
     100    1929       0       0       0            1617        01010000D   1619
     100       0       0       1       0                               0D   1620
     126    1930       0       0       0                        01010500D   1621
     126       0       0       4       0                               0D   1622
     126    1934       0       0       0                        01010000D   1623
     126       0       0      21       0                               0D   1624
     102    1955       0       0       0                        01010500D   1625
     102       0       0       1       0                               0D   1626
     102    1956       0       0       0                        01010000D   1627
     102       0       0       1       0                               0D   1628
     142    1957       0       0       0                        00010500D   1629
     142       0       0       1       0                               0D   1630
     144    1958       0       0       2                        00010000D   1631
     144       0      -1       1       0                               0D   1632
     110    1959       0       0       0                        01010000D   1633
     110       0       0       1       0                               0D   1634
     110    1960       0       0       0                        01010000D   1635
     110       0       0       1       0                               0D   1636
     120    1961       0       0       0                        01010000D   1637
     120       0       0       1       0                               0D   1638
     126    1962       0       0       0                        01010500D   1639
     126       0       0       2       0                               0D   1640
     126    1964       0       0       0                        01010000D   1641
     126       0       0       3       0                               0D   1642
     126    1967       0       0       0                        01010500D   1643
     126       0       0       2       0                               0D   1644
     124    1969       0       0       0                        00000000D   1645
     124       0       0       4       0                               0D   1646
     100    1973       0       0       0            1645        01010000D   1647
     100       0       0       1       0                               0D   1648
     126    1974       0       0       0                        01010500D   1649
     126       0       0       2       0                               0D   1650
     126    1976       0       0       0                        01010000D   1651
     126       0       0       3       0                               0D   1652
     126    1979       0       0       0                        01010500D   1653
     126       0       0       2       0                               0D   1654
     124    1981       0       0       0                        00000000D   1655
     124       0       0       4       0                               0D   1656
     100    1985       0       0       0            1655        01010000D   1657
     100       0       0       1       0                               0D   1658
     102    1986       0       0       0                        01010500D   1659
     102       0       0       1       0                               0D   1660
     102    1987       0       0       0                        01010000D   1661
     102       0       0       1       0                               0D   1662
     142    1988       0       0       0                        00010500D   1663
     142       0       0       1       0                               0D   1664
     144    1989       0       0       2                        00010000D   1665
     144       0      -1       1       0                               0D   1666
     110    1990       0       0       0                        01010000D   1667
     110       0       0       1       0                               0D   1668
     110    1991       0       0       0                        01010000D   1669
     110       0       0       1       0                               0D   1670
     120    1992       0       0       0                        01010000D   1671
     120       0       0       1       0                               0D   1672
     126    1993       0       0       0                        01010500D   1673
     126       0       0       2       0                               0D   1674
     126    1995       0       0       0                        01010000D   1675
     126       0       0       3       0                               0D   1676
     126    1998       0       0       0                        01010500D   1677
     126       0       0       2       0                               0D   1678
     124    2000       0       0       0                        00000000D   1679
     124       0       0       3       0                               0D   1680
     100    2003       0       0       0            1679        01010000D   1681
     100       0       0       1       0                               0D   1682
     126    2004       0       0       0                        01010500D   1683
     126       0       0       2       0                               0D   1684
     126    2006       0       0       0                        01010000D   1685
     126       0       0       3       0                               0D   1686
     126    2009       0       0       0                        01010500D   1687
     126       0       0       2       0                               0D   1688
     124    2011       0       0       0                        00000000D   1689
     124       0       0       4       0                               0D   1690
     100    2015       0       0       0            1689        01010000D   1691
     100       0       0       1       0                               0D   1692
     102    2016       0       0       0                        01010500D   1693
     102       0       0       1       0                               0D   1694
     102    2017       0       0       0                        01010000D   1695
     102       0       0       1       0                               0D   1696
     142    2018       0       0       0                        00010500D   1697
     142       0       0       1       0                               0D   1698
     144    2019       0       0       2                        00010000D   1699
     144       0      -1       1       0                               0D   1700
     110    2020       0       0       0                        01010000D   1701
     110       0       0       1       0                               0D   1702
     110    2021       0       0       0                        01010000D   1703
     110       0       0       1       0                               0D   1704
     120    2022       0       0       0                        01010000D   1705
     120       0       0       1       0                               0D   1706
     126    2023       0       0       0                        01010500D   1707
     126       0       0       2       0                               0D   1708
     124    2025       0       0       0                        00000000D   1709
     124       0       0       4       0                               0D   1710
     100    2029       0       0       0            1709        01010000D   1711
     100       0       0       1       0                               0D   1712
     126    2030       0       0       0                        01010500D   1713
     126       0       0       2       0                               0D   1714
     124    2032       0       0       0                        00000000D   1715
     124       0       0       3       0                               0D   1716
     100    2035       0       0       0            1715        01010000D   1717
     100       0       0       1       0                               0D   1718
     126    2036       0       0       0                        01010500D   1719
     126       0       0       2       0                               0D   1720
     126    2038       0       0       0                        01010000D   1721
     126       0       0       3       0                               0D   1722
     126    2041       0       0       0                        01010500D   1723
     126       0       0       2       0                               0D   1724
     124    2043       0       0       0                        00000000D   1725
     124       0       0       4       0                               0D   1726
     100    2047       0       0       0            1725        01010000D   1727
     100       0       0       1       0                               0D   1728
     126    2048       0       0       0                        01010500D   1729
     126       0       0       2       0                               0D   1730
     126    2050       0       0       0                        01010000D   1731
     126       0       0       3       0                               0D   1732
     102    2053       0       0       0                        01010500D   1733
     102       0       0       1       0                               0D   1734
     102    2054       0       0       0                        01010000D   1735
     102       0       0       1       0                               0D   1736
     142    2055       0       0       0                        00010500D   1737
     142       0       0       1       0                               0D   1738
     144    2056       0       0       2                        00010000D   1739
     144       0      -1       1       0                               0D   1740
     128    2057       0       0       0                        01010000D   1741
     128       0       0       3       0                               0D   1742
     126    2060       0       0       0                        01010500D   1743
     126       0       0       2       0                               0D   1744
     110    2062       0       0       0                        01010000D   1745
     110       0       0       1       0                               0D   1746
     126    2063       0       0       0                        01010500D   1747
     126       0       0      12       0                               0D   1748
     124    2075       0       0       0                        00000000D   1749
     124       0       0       4       0                               0D   1750
     100    2079       0       0       0            1749        01010000D   1751
     100       0       0       1       0                               0D   1752
     126    2080       0       0       0                        01010500D   1753
     126       0       0      22       0                               0D   1754
     124    2102       0       0       0                        00000000D   1755
     124       0       0       3       0                               0D   1756
     100    2105       0       0       0            1755        01010000D   1757
     100       0       0       1       0                               0D   1758
     126    2106       0       0       0                        01010500D   1759
     126       0       0      12       0                               0D   1760
     124    2118       0       0       0                        00000000D   1761
     124       0       0       2       0                               0D   1762
     100    2120       0       0       0            1761        01010000D   1763
     100       0       0       1       0                               0D   1764
     126    2121       0       0       0                        01010500D   1765
     126       0       0       2       0                               0D   1766
     110    2123       0       0       0                        01010000D   1767
     110       0       0       1       0                               0D   1768
     126    2124       0       0       0                        01010500D   1769
     126       0       0      12       0                               0D   1770
     124    2136       0       0       0                        00000000D   1771
     124       0       0       4       0                               0D   1772
     100    2140       0       0       0            1771        01010000D   1773
     100       0       0       1       0                               0D   1774
     126    2141       0       0       0                        01010500D   1775
     126       0       0      12       0                               0D   1776
     124    2153       0       0       0                        00000000D   1777
     124       0       0       3       0                               0D   1778
     100    2156       0       0       0            1777        01010000D   1779
     100       0       0       1       0                               0D   1780
     126    2157       0       0       0                        01010500D   1781
     126       0       0       2       0                               0D   1782
     110    2159       0       0       0                        01010000D   1783
     110       0       0       1       0                               0D   1784
     126    2160       0       0       0                        01010500D   1785
     126       0       0       2       0                               0D   1786
     110    2162       0       0       0                        01010000D   1787
     110       0       0       1       0                               0D   1788
     126    2163       0       0       0                        01010500D   1789
     126       0       0       2       0                               0D   1790
     110    2165       0       0       0                        01010000D   1791
     110       0       0       1       0                               0D   1792
     126    2166       0       0       0                        01010500D   1793
     126       0       0      22       0                               0D   1794
     124    2188       0       0       0                        00000000D   1795
     124       0       0       4       0                               0D   1796
     100    2192       0       0       0            1795        01010000D   1797
     100       0       0       1       0                               0D   1798
     102    2193       0       0       0                        01010500D   1799
     102       0       0       1       0                               0D   1800
     102    2194       0       0       0                        01010000D   1801
     102       0       0       1       0                               0D   1802
     142    2195       0       0       0                        00010500D   1803
     142       0       0       1       0                               0D   1804
     144    2196       0       0       2                        00010000D   1805
     144       0      -1       1       0                               0D   1806
     128    2197       0       0       0                        01010000D   1807
     128       0       0      15       0                               0D   1808
     126    2212       0       0       0                        01010500D   1809
     126       0       0       2       0                               0D   1810
     124    2214       0       0       0                        00000000D   1811
     124       0       0       2       0                               0D   1812
     100    2216       0       0       0            1811        01010000D   1813
     100       0       0       1       0                               0D   1814
     126    2217       0       0       0                        01010500D   1815
     126       0       0       2       0                               0D   1816
     124    2219       0       0       0                        00000000D   1817
     124       0       0       2       0                               0D   1818
     100    2221       0       0       0            1817        01010000D   1819
     100       0       0       1       0                               0D   1820
     126    2222       0       0       0                        01010500D   1821
     126       0       0       4       0                               0D   1822
     126    2226       0       0       0                        01010000D   1823
     126       0       0      17       0                               0D   1824
     126    2243       0       0       0                        01010500D   1825
     126       0       0       2       0                               0D   1826
     124    2245       0       0       0                        00000000D   1827
     124       0       0       4       0                               0D   1828
     100    2249       0       0       0            1827        01010000D   1829
     100       0       0       1       0                               0D   1830
     102    2250       0       0       0                        01010500D   1831
     102       0       0       1       0                               0D   1832
     102    2251       0       0       0                        01010000D   1833
     102       0       0       1       0                               0D   1834
     142    2252       0       0       0                        00010500D   1835
     142       0       0       1       0                               0D   1836
     144    2253       0       0       2                        00010000D   1837
     144       0      -1       1       0                               0D   1838
     110    2254       0       0       0                        01010000D   1839
     110       0       0       1       0                               0D   1840
     110    2255       0       0       0                        01010000D   1841
     110       0       0       1       0                               0D   1842
     120    2256       0       0       0                        01010000D   1843
     120       0       0       1       0                               0D   1844
     126    2257       0       0       0                        01010500D   1845
     126       0       0       2       0                               0D   1846
     124    2259       0       0       0                        00000000D   1847
     124       0       0       2       0                               0D   1848
     100    2261       0       0       0            1847        01010000D   1849
     100       0       0       1       0                               0D   1850
     126    2262       0       0       0                        01010500D   1851
     126       0       0       2       0                               0D   1852
     110    2264       0       0       0                        01010000D   1853
     110       0       0       1       0                               0D   1854
     126    2265       0       0       0                        01010500D   1855
     126       0       0       2       0                               0D   1856
     124    2267       0       0       0                        00000000D   1857
     124       0       0       4       0                               0D   1858
     100    2271       0       0       0            1857        01010000D   1859
     100       0       0       1       0                               0D   1860
     126    2272       0       0       0                        01010500D   1861
     126       0       0       2       0                               0D   1862
     110    2274       0       0       0                        01010000D   1863
     110       0       0       1       0                               0D   1864
     126    2275       0       0       0                        01010500D   1865
     126       0       0       2       0                               0D   1866
     124    2277       0       0       0                        00000000D   1867
     124       0       0       2       0                               0D   1868
     100    2279       0       0       0            1867        01010000D   1869
     100       0       0       1       0                               0D   1870
     126    2280       0       0       0                        01010500D   1871
     126       0       0       2       0                               0D   1872
     110    2282       0       0       0                        01010000D   1873
     110       0       0       1       0                               0D   1874
     102    2283       0       0       0                        01010500D   1875
     102       0       0       1       0                               0D   1876
     102    2284       0       0       0                        01010000D   1877
     102       0       0       1       0                               0D   1878
     142    2285       0       0       0                        00010500D   1879
     142       0       0       1       0                               0D   1880
     144    2286       0       0       2                        00010000D   1881
     144       0      -1       1       0                               0D   1882
     110    2287       0       0       0                        01010000D   1883
     110       0       0       1       0                               0D   1884
     110    2288       0       0       0                        01010000D   1885
     110       0       0       1       0                               0D   1886
     120    2289       0       0       0                        01010000D   1887
     120       0       0       1       0                               0D   1888
     126    2290       0       0       0                        01010500D   1889
     126       0       0       2       0                               0D   1890
     124    2292       0       0       0                        00000000D   1891
     124       0       0       3       0                               0D   1892
     100    2295       0       0       0            1891        01010000D   1893
     100       0       0       1       0                               0D   1894
     126    2296       0       0       0                        01010500D   1895
     126       0       0       2       0                               0D   1896
     126    2298       0       0       0                        01010000D   1897
     126       0       0       3       0                               0D   1898
     126    2301       0       0       0                        01010500D   1899
     126       0       0       2       0                               0D   1900
     124    2303       0       0       0                        00000000D   1901
     124       0       0       4       0                               0D   1902
     100    2307       0       0       0            1901        01010000D   1903
     100       0       0       1       0                               0D   1904
     126    2308       0       0       0                        01010500D   1905
     126       0       0       2       0                               0D   1906
     110    2310       0       0       0                        01010000D   1907
     110       0       0       1       0                               0D   1908
     102    2311       0       0       0                        01010500D   1909
     102       0       0       1       0                               0D   1910
     102    2312       0       0       0                        01010000D   1911
     102       0       0       1       0                               0D   1912
     142    2313       0       0       0                        00010500D   1913
     142       0       0       1       0                               0D   1914
     144    2314       0       0       2                        00010000D   1915
     144       0      -1       1       0                               0D   1916
     128    2315       0       0       0                        01010000D   1917
     128       0       0       3       0                               0D   1918
     126    2318       0       0       0                        01010500D   1919
     126       0       0       2       0                               0D   1920
     110    2320       0       0       0                        01010000D   1921
     110       0       0       1       0                               0D   1922
     126    2321       0       0       0                        01010500D   1923
     126       0       0      12       0                               0D   1924
     124    2333       0       0       0                        00000000D   1925
     124       0       0       4       0                               0D   1926
     100    2337       0       0       0            1925        01010000D   1927
     100       0       0       1       0                               0D   1928
     126    2338       0       0       0                        01010500D   1929
     126       0       0       2       0                               0D   1930
     110    2340       0       0       0                        01010000D   1931
     110       0       0       1       0                               0D   1932
     126    2341       0       0       0                        01010500D   1933
     126       0       0       2       0                               0D   1934
     110    2343       0       0       0                        01010000D   1935
     110       0       0       1       0                               0D   1936
     126    2344       0       0       0                        01010500D   1937
     126       0       0       3       0                               0D   1938
     124    2347       0       0       0                        00000000D   1939
     124       0       0       4       0                               0D   1940
     100    2351       0       0       0            1939        01010000D   1941
     100       0       0       1       0                               0D   1942
     126    2352       0       0       0                        01010500D   1943
     126       0       0      11       0                               0D   1944
     124    2363       0       0       0                        00000000D   1945
     124       0       0       3       0                               0D   1946
     100    2366       0       0       0            1945        01010000D   1947
     100       0       0       1       0                               0D   1948
     126    2367       0       0       0                        01010500D   1949
     126       0       0       2       0                               0D   1950
     110    2369       0       0       0                        01010000D   1951
     110       0       0       1       0                               0D   1952
     126    2370       0       0       0                        01010500D   1953
     126       0       0       2       0                               0D   1954
     110    2372       0       0       0                        01010000D   1955
     110       0       0       1       0                               0D   1956
     126    2373       0       0       0                        01010500D   1957
     126       0       0      12       0                               0D   1958
     124    2385       0       0       0                        00000000D   1959
     124       0       0       4       0                               0D   1960
     100    2389       0       0       0            1959        01010000D   1961
     100       0       0       1       0                               0D   1962
     126    2390       0       0       0                        01010500D   1963
     126       0       0       2       0                               0D   1964
     110    2392       0       0       0                        01010000D   1965
     110       0       0       1       0                               0D   1966
     126    2393       0       0       0                        01010500D   1967
     126       0       0       2       0                               0D   1968
     110    2395       0       0       0                        01010000D   1969
     110       0       0       1       0                               0D   1970
     126    2396       0       0       0                        01010500D   1971
     126       0       0       3       0                               0D   1972
     124    2399       0       0       0                        00000000D   1973
     124       0       0       4       0                               0D   1974
     100    2403       0       0       0            1973        01010000D   1975
     100       0       0       1       0                               0D   1976
     126    2404       0       0       0                        01010500D   1977
     126       0       0      11       0                               0D   1978
     124    2415       0       0       0                        00000000D   1979
     124       0       0       2       0                               0D   1980
     100    2417       0       0       0            1979        01010000D   1981
     100       0       0       1       0                               0D   1982
     126    2418       0       0       0                        01010500D   1983
     126       0       0       2       0                               0D   1984
     110    2420       0       0       0                        01010000D   1985
     110       0       0       1       0                               0D   1986
     102    2421       0       0       0                        01010500D   1987
     102       0       0       2       0                               0D   1988
     102    2423       0       0       0                        01010000D   1989
     102       0       0       2       0                               0D   1990
     142    2425       0       0       0                        00010500D   1991
     142       0       0       1       0                               0D   1992
     126    2426       0       0       0                        01010500D   1993
     126       0       0      22       0                               0D   1994
     124    2448       0       0       0                        00000000D   1995
     124       0       0       2       0                               0D   1996
     100    2450       0       0       0            1995        01010000D   1997
     100       0       0       1       0                               0D   1998
     126    2451       0       0       0                        01010500D   1999
     126       0       0      22       0                               0D   2000
     124    2473       0       0       0                        00000000D   2001
     124       0       0       3       0                               0D   2002
     100    2476       0       0       0            2001        01010000D   2003
     100       0       0       1       0                               0D   2004
     102    2477       0       0       0                        01010500D   2005
     102       0       0       1       0                               0D   2006
     102    2478       0       0       0                        01010000D   2007
     102       0       0       1       0                               0D   2008
     142    2479       0       0       0                        00010500D   2009
     142       0       0       1       0                               0D   2010
     144    2480       0       0       2                        00010000D   2011
     144       0      -1       1       0                               0D   2012
     128    2481       0       0       0                        01010000D   2013
     128       0       0       3       0                               0D   2014
     126    2484       0       0       0                        01010500D   2015
     126       0       0      12       0                               0D   2016
     124    2496       0       0       0                        00000000D   2017
     124       0       0       4       0                               0D   2018
     100    2500       0       0       0            2017        01010000D   2019
     100       0       0       1       0                               0D   2020
     126    2501       0       0       0                        01010500D   2021
     126       0       0       2       0                               0D   2022
     110    2503       0       0       0                        01010000D   2023
     110       0       0       1       0                               0D   2024
     126    2504       0       0       0                        01010500D   2025
     126       0       0       2       0                               0D   2026
     110    2506       0       0       0                        01010000D   2027
     110       0       0       1       0                               0D   2028
     126    2507       0       0       0                        01010500D   2029
     126       0       0      11       0                               0D   2030
     124    2518       0       0       0                        00000000D   2031
     124       0       0       4       0                               0D   2032
     100    2522       0       0       0            2031        01010000D   2033
     100       0       0       1       0                               0D   2034
     126    2523       0       0       0                        01010500D   2035
     126       0       0       3       0                               0D   2036
     124    2526       0       0       0                        00000000D   2037
     124       0       0       3       0                               0D   2038
     100    2529       0       0       0            2037        01010000D   2039
     100       0       0       1       0                               0D   2040
     126    2530       0       0       0                        01010500D   2041
     126       0       0       2       0                               0D   2042
     110    2532       0       0       0                        01010000D   2043
     110       0       0       1       0                               0D   2044
     126    2533       0       0       0                        01010500D   2045
     126       0       0       2       0                               0D   2046
     110    2535       0       0       0                        01010000D   2047
     110       0       0       1       0                               0D   2048
     126    2536       0       0       0                        01010500D   2049
     126       0       0      12       0                               0D   2050
     124    2548       0       0       0                        00000000D   2051
     124       0       0       4       0                               0D   2052
     100    2552       0       0       0            2051        01010000D   2053
     100       0       0       1       0                               0D   2054
     126    2553       0       0       0                        01010500D   2055
     126       0       0       2       0                               0D   2056
     110    2555       0       0       0                        01010000D   2057
     110       0       0       2       0                               0D   2058
     126    2557       0       0       0                        01010500D   2059
     126       0       0       2       0                               0D   2060
     110    2559       0       0       0                        01010000D   2061
     110       0       0       1       0                               0D   2062
     126    2560       0       0       0                        01010500D   2063
     126       0       0      11       0                               0D   2064
     124    2571       0       0       0                        00000000D   2065
     124       0       0       4       0                               0D   2066
     100    2575       0       0       0            2065        01010000D   2067
     100       0       0       1       0                               0D   2068
     126    2576       0       0       0                        01010500D   2069
     126       0       0       3       0                               0D   2070
     124    2579       0       0       0                        00000000D   2071
     124       0       0       2       0                               0D   2072
     100    2581       0       0       0            2071        01010000D   2073
     100       0       0       1       0                               0D   2074
     126    2582       0       0       0                        01010500D   2075
     126       0       0       2       0                               0D   2076
     110    2584       0       0       0                        01010000D   2077
     110       0       0       1       0                               0D   2078
     126    2585       0       0       0                        01010500D   2079
     126       0       0       2       0                               0D   2080
     110    2587       0       0       0                        01010000D   2081
     110       0       0       1       0                               0D   2082
     102    2588       0       0       0                        01010500D   2083
     102       0       0       2       0                               0D   2084
     102    2590       0       0       0                        01010000D   2085
     102       0       0       2       0                               0D   2086
     142    2592       0       0       0                        00010500D   2087
     142       0       0       1       0                               0D   2088
     126    2593       0       0       0                        01010500D   2089
     126       0       0      22       0                               0D   2090
     124    2615       0       0       0                        00000000D   2091
     124       0       0       3       0                               0D   2092
     100    2618       0       0       0            2091        01010000D   2093
     100       0       0       1       0                               0D   2094
     126    2619       0       0       0                        01010500D   2095
     126       0       0      22       0                               0D   2096
     124    2641       0       0       0                        00000000D   2097
     124       0       0       2       0                               0D   2098
     100    2643       0       0       0            2097        01010000D   2099
     100       0       0       1       0                               0D   2100
     102    2644       0       0       0                        01010500D   2101
     102       0       0       1       0                               0D   2102
     102    2645       0       0       0                        01010000D   2103
     102       0       0       1       0                               0D   2104
     142    2646       0       0       0                        00010500D   2105
     142       0       0       1       0                               0D   2106
     144    2647       0       0       2                        00010000D   2107
     144       0      -1       1       0                               0D   2108
     128    2648       0       0       0                        01010000D   2109
     128       0       0       3       0                               0D   2110
     126    2651       0       0       0                        01010500D   2111
     126       0       0       2       0                               0D   2112
     110    2653       0       0       0                        01010000D   2113
     110       0       0       1       0                               0D   2114
     126    2654       0       0       0                        01010500D   2115
     126       0       0       2       0                               0D   2116
     110    2656       0       0       0                        01010000D   2117
     110       0       0       1       0                               0D   2118
     126    2657       0       0       0                        01010500D   2119
     126       0       0       2       0                               0D   2120
     126    2659       0       0       0                        01010000D   2121
     126       0       0       3       0                               0D   2122
     126    2662       0       0       0                        01010500D   2123
     126       0       0       2       0                               0D   2124
     110    2664       0       0       0                        01010000D   2125
     110       0       0       1       0                               0D   2126
     126    2665       0       0       0                        01010500D   2127
     126       0       0       6       0                               0D   2128
     126    2671       0       0       0                        01010000D   2129
     126       0       0      19       0                               0D   2130
     126    2690       0       0       0                        01010500D   2131
     126       0       0       2       0                               0D   2132
     110    2692       0       0       0                        01010000D   2133
     110       0       0       1       0                               0D   2134
     102    2693       0       0       0                        01010500D   2135
     102       0       0       1       0                               0D   2136
     102    2694       0       0       0                        01010000D   2137
     102       0       0       1       0                               0D   2138
     142    2695       0       0       0                        00010500D   2139
     142       0       0       1       0                               0D   2140
     126    2696       0       0       0                        01010500D   2141
     126       0       0      22       0                               0D   2142
     124    2718       0       0       0                        00000000D   2143
     124       0       0       4       0                               0D   2144
     100    2722       0       0       0            2143        01010000D   2145
     100       0       0       1       0                               0D   2146
     126    2723       0       0       0                        01010500D   2147
     126       0       0      22       0                               0D   2148
     124    2745       0       0       0                        00000000D   2149
     124       0       0       4       0                               0D   2150
     100    2749       0       0       0            2149        01010000D   2151
     100       0       0       1       0                               0D   2152
     102    2750       0       0       0                        01010500D   2153
     102       0       0       1       0                               0D   2154
     102    2751       0       0       0                        01010000D   2155
     102       0       0       1       0                               0D   2156
     142    2752       0       0       0                        00010500D   2157
     142       0       0       1       0                               0D   2158
     144    2753       0       0       2                        00010000D   2159
     144       0      -1       1       0                               0D   2160
     128    2754       0       0       0                        01010000D   2161
     128       0       0       3       0                               0D   2162
     126    2757       0       0       0                        01010500D   2163
     126       0       0       6       0                               0D   2164
     126    2763       0       0       0                        01010000D   2165
     126       0       0      17       0                               0D   2166
     126    2780       0       0       0                        01010500D   2167
     126       0       0       2       0                               0D   2168
     110    2782       0       0       0                        01010000D   2169
     110       0       0       1       0                               0D   2170
     126    2783       0       0       0                        01010500D   2171
     126       0       0       2       0                               0D   2172
     126    2785       0       0       0                        01010000D   2173
     126       0       0       3       0                               0D   2174
     126    2788       0       0       0                        01010500D   2175
     126       0       0       2       0                               0D   2176
     110    2790       0       0       0                        01010000D   2177
     110       0       0       1       0                               0D   2178
     126    2791       0       0       0                        01010500D   2179
     126       0       0       2       0                               0D   2180
     110    2793       0       0       0                        01010000D   2181
     110       0       0       2       0                               0D   2182
     126    2795       0       0       0                        01010500D   2183
     126       0       0       2       0                               0D   2184
     110    2797       0       0       0                        01010000D   2185
     110       0       0       1       0                               0D   2186
     102    2798       0       0       0                        01010500D   2187
     102       0       0       1       0                               0D   2188
     102    2799       0       0       0                        01010000D   2189
     102       0       0       1       0                               0D   2190
     142    2800       0       0       0                        00010500D   2191
     142       0       0       1       0                               0D   2192
     126    2801       0       0       0                        01010500D   2193
     126       0       0      22       0                               0D   2194
     100    2823       0       0       0                        01010000D   2195
     100       0       0       1       0                               0D   2196
     126    2824       0       0       0                        01010500D   2197
     126       0       0      22       0                               0D   2198
     100    2846       0       0       0                        01010000D   2199
     100       0       0       1       0                               0D   2200
     102    2847       0       0       0                        01010500D   2201
     102       0       0       1       0                               0D   2202
     102    2848       0       0       0                        01010000D   2203
     102       0       0       1       0                               0D   2204
     142    2849       0       0       0                        00010500D   2205
     142       0       0       1       0                               0D   2206
     144    2850       0       0       2                        00010000D   2207
     144       0      -1       1       0                               0D   2208
     128    2851       0       0       0                        01010000D   2209
     128       0       0       3       0                               0D   2210
     126    2854       0       0       0                        01010500D   2211
     126       0       0       2       0                               0D   2212
     110    2856       0       0       0                        01010000D   2213
     110       0       0       1       0                               0D   2214
     126    2857       0       0       0                        01010500D   2215
     126       0       0      11       0                               0D   2216
     124    2868       0       0       0                        00000000D   2217
     124       0       0       2       0                               0D   2218
     100    2870       0       0       0            2217        01010000D   2219
     100       0       0       1       0                               0D   2220
     126    2871       0       0       0                        01010500D   2221
     126       0       0       2       0                               0D   2222
     110    2873       0       0       0                        01010000D   2223
     110       0       0       1       0                               0D   2224
     126    2874       0       0       0                        01010500D   2225
     126       0       0      11       0                               0D   2226
     124    2885       0       0       0                        00000000D   2227
     124       0       0       4       0                               0D   2228
     100    2889       0       0       0            2227        01010000D   2229
     100       0       0       1       0                               0D   2230
     102    2890       0       0       0                        01010500D   2231
     102       0       0       1       0                               0D   2232
     102    2891       0       0       0                        01010000D   2233
     102       0       0       1       0                               0D   2234
     142    2892       0       0       0                        00010500D   2235
     142       0       0       1       0                               0D   2236
     144    2893       0       0       2                        00010000D   2237
     144       0      -1       1       0                               0D   2238
     128    2894       0       0       0                        01010000D   2239
     128       0       0       3       0                               0D   2240
     126    2897       0       0       0                        01010500D   2241
     126       0       0       3       0                               0D   2242
     124    2900       0       0       0                        00000000D   2243
     124       0       0       4       0                               0D   2244
     100    2904       0       0       0            2243        01010000D   2245
     100       0       0       1       0                               0D   2246
     126    2905       0       0       0                        01010500D   2247
     126       0       0       2       0                               0D   2248
     110    2907       0       0       0                        01010000D   2249
     110       0       0       1       0                               0D   2250
     126    2908       0       0       0                        01010500D   2251
     126       0       0       2       0                               0D   2252
     110    2910       0       0       0                        01010000D   2253
     110       0       0       1       0                               0D   2254
     126    2911       0       0       0                        01010500D   2255
     126       0       0       2       0                               0D   2256
     110    2913       0       0       0                        01010000D   2257
     110       0       0       1       0                               0D   2258
     102    2914       0       0       0                        01010500D   2259
     102       0       0       1       0                               0D   2260
     102    2915       0       0       0                        01010000D   2261
     102       0       0       1       0                               0D   2262
     142    2916       0       0       0                        00010500D   2263
     142       0       0       1       0                               0D   2264
     144    2917       0       0       2                        00010000D   2265
     144       0      -1       1       0                               0D   2266
     128    2918       0       0       0                        01010000D   2267
     128       0       0       3       0                               0D   2268
     126    2921       0       0       0                        01010500D   2269
     126       0       0       2       0                               0D   2270
     110    2923       0       0       0                        01010000D   2271
     110       0       0       1       0                               0D   2272
     126    2924       0       0       0                        01010500D   2273
     126       0       0       2       0                               0D   2274
     110    2926       0       0       0                        01010000D   2275
     110       0       0       1       0                               0D   2276
     126    2927       0       0       0                        01010500D   2277
     126       0       0       2       0                               0D   2278
     110    2929       0       0       0                        01010000D   2279
     110       0       0       1       0                               0D   2280
     126    2930       0       0       0                        01010500D   2281
     126       0       0       2       0                               0D   2282
     110    2932       0       0       0                        01010000D   2283
     110       0       0       1       0                               0D   2284
     126    2933       0       0       0                        01010500D   2285
     126       0       0       2       0                               0D   2286
     126    2935       0       0       0                        01010000D   2287
     126       0       0       3       0                               0D   2288
     102    2938       0       0       0                        01010500D   2289
     102       0       0       1       0                               0D   2290
     102    2939       0       0       0                        01010000D   2291
     102       0       0       1       0                               0D   2292
     142    2940       0       0       0                        00010500D   2293
     142       0       0       1       0                               0D   2294
     144    2941       0       0       2                        00010000D   2295
     144       0      -1       1       0                               0D   2296
     128    2942       0       0       0                        01010000D   2297
     128       0       0       3       0                               0D   2298
     126    2945       0       0       0                        01010500D   2299
     126       0       0       2       0                               0D   2300
     110    2947       0       0       0                        01010000D   2301
     110       0       0       1       0                               0D   2302
     126    2948       0       0       0                        01010500D   2303
     126       0       0       2       0                               0D   2304
     126    2950       0       0       0                        01010000D   2305
     126       0       0       3       0                               0D   2306
     126    2953       0       0       0                        01010500D   2307
     126       0       0       2       0                               0D   2308
     110    2955       0       0       0                        01010000D   2309
     110       0       0       1       0                               0D   2310
     126    2956       0       0       0                        01010500D   2311
     126       0       0       2       0                               0D   2312
     110    2958       0       0       0                        01010000D   2313
     110       0       0       1       0                               0D   2314
     126    2959       0       0       0                        01010500D   2315
     126       0       0       2       0                               0D   2316
     110    2961       0       0       0                        01010000D   2317
     110       0       0       1       0                               0D   2318
     102    2962       0       0       0                        01010500D   2319
     102       0       0       1       0                               0D   2320
     102    2963       0       0       0                        01010000D   2321
     102       0       0       1       0                               0D   2322
     142    2964       0       0       0                        00010500D   2323
     142       0       0       1       0                               0D   2324
     144    2965       0       0       2                        00010000D   2325
     144       0      -1       1       0                               0D   2326
     128    2966       0       0       0                        01010000D   2327
     128       0       0       3       0                               0D   2328
     126    2969       0       0       0                        01010500D   2329
     126       0       0       2       0                               0D   2330
     110    2971       0       0       0                        01010000D   2331
     110       0       0       1       0                               0D   2332
     126    2972       0       0       0                        01010500D   2333
     126       0       0       2       0                               0D   2334
     110    2974       0       0       0                        01010000D   2335
     110       0       0       1       0                               0D   2336
     126    2975       0       0       0                        01010500D   2337
     126       0       0       2       0                               0D   2338
     110    2977       0       0       0                        01010000D   2339
     110       0       0       1       0                               0D   2340
     126    2978       0       0       0                        01010500D   2341
     126       0       0       2       0                               0D   2342
     110    2980       0       0       0                        01010000D   2343
     110       0       0       1       0                               0D   2344
     102    2981       0       0       0                        01010500D   2345
     102       0       0       1       0                               0D   2346
     102    2982       0       0       0                        01010000D   2347
     102       0       0       1       0                               0D   2348
     142    2983       0       0       0                        00010500D   2349
     142       0       0       1       0                               0D   2350
     144    2984       0       0       2                        00010000D   2351
     144       0      -1       1       0                               0D   2352
     128    2985       0       0       0                        01010000D   2353
     128       0       0       3       0                               0D   2354
     126    2988       0       0       0                        01010500D   2355
     126       0       0       2       0                               0D   2356
     110    2990       0       0       0                        01010000D   2357
     110       0       0       1       0                               0D   2358
     126    2991       0       0       0                        01010500D   2359
     126       0       0       2       0                               0D   2360
     110    2993       0       0       0                        01010000D   2361
     110       0       0       1       0                               0D   2362
     126    2994       0       0       0                        01010500D   2363
     126       0       0       2       0                               0D   2364
     110    2996       0       0       0                        01010000D   2365
     110       0       0       1       0                               0D   2366
     126    2997       0       0       0                        01010500D   2367
     126       0       0       2       0                               0D   2368
     110    2999       0       0       0                        01010000D   2369
     110       0       0       1       0                               0D   2370
     126    3000       0       0       0                        01010500D   2371
     126       0       0       2       0                               0D   2372
     126    3002       0       0       0                        01010000D   2373
     126       0       0       3       0                               0D   2374
     102    3005       0       0       0                        01010500D   2375
     102       0       0       1       0                               0D   2376
     102    3006       0       0       0                        01010000D   2377
     102       0       0       1       0                               0D   2378
     142    3007       0       0       0                        00010500D   2379
     142       0       0       1       0                               0D   2380
     144    3008       0       0       2                        00010000D   2381
     144       0      -1       1       0                               0D   2382
     128    3009       0       0       0                        01010000D   2383
     128       0       0       3       0                               0D   2384
     126    3012       0       0       0                        01010500D   2385
     126       0       0       2       0                               0D   2386
     110    3014       0       0       0                        01010000D   2387
     110       0       0       1       0                               0D   2388
     126    3015       0       0       0                        01010500D   2389
     126       0       0       2       0                               0D   2390
     126    3017       0       0       0                        01010000D   2391
     126       0       0       3       0                               0D   2392
     126    3020       0       0       0                        01010500D   2393
     126       0       0       2       0                               0D   2394
     110    3022       0       0       0                        01010000D   2395
     110       0       0       1       0                               0D   2396
     126    3023       0       0       0                        01010500D   2397
     126       0       0       2       0                               0D   2398
     110    3025       0       0       0                        01010000D   2399
     110       0       0       1       0                               0D   2400
     126    3026       0       0       0                        01010500D   2401
     126       0       0       2       0                               0D   2402
     110    3028       0       0       0                        01010000D   2403
     110       0       0       1       0                               0D   2404
     102    3029       0       0       0                        01010500D   2405
     102       0       0       1       0                               0D   2406
     102    3030       0       0       0                        01010000D   2407
     102       0       0       1       0                               0D   2408
     142    3031       0       0       0                        00010500D   2409
     142       0       0       1       0                               0D   2410
     144    3032       0       0       2                        00010000D   2411
     144       0      -1       1       0                               0D   2412
     128    3033       0       0       0                        01010000D   2413
     128       0       0       3       0                               0D   2414
     126    3036       0       0       0                        01010500D   2415
     126       0       0       2       0                               0D   2416
     110    3038       0       0       0                        01010000D   2417
     110       0       0       1       0                               0D   2418
     126    3039       0       0       0                        01010500D   2419
     126       0       0       2       0                               0D   2420
     110    3041       0       0       0                        01010000D   2421
     110       0       0       1       0                               0D   2422
     126    3042       0       0       0                        01010500D   2423
     126       0       0       2       0                               0D   2424
     110    3044       0       0       0                        01010000D   2425
     110       0       0       1       0                               0D   2426
     126    3045       0       0       0                        01010500D   2427
     126       0       0       2       0                               0D   2428
     110    3047       0       0       0                        01010000D   2429
     110       0       0       1       0                               0D   2430
     102    3048       0       0       0                        01010500D   2431
     102       0       0       1       0                               0D   2432
     102    3049       0       0       0                        01010000D   2433
     102       0       0       1       0                               0D   2434
     142    3050       0       0       0                        00010500D   2435
     142       0       0       1       0                               0D   2436
     144    3051       0       0       2                        00010000D   2437
     144       0      -1       1       0                               0D   2438
     128    3052       0       0       0                        01010000D   2439
     128       0       0       4       0                               0D   2440
     126    3056       0       0       0                        01010500D   2441
     126       0       0       2       0                               0D   2442
     124    3058       0       0       0                        00000000D   2443
     124       0       0       4       0                               0D   2444
     100    3062       0       0       0            2443        01010000D   2445
     100       0       0       1       0                               0D   2446
     126    3063       0       0       0                        01010500D   2447
     126       0       0       2       0                               0D   2448
     124    3065       0       0       0                        00000000D   2449
     124       0       0       4       0                               0D   2450
     100    3069       0       0       0            2449        01010000D   2451
     100       0       0       1       0                               0D   2452
     126    3070       0       0       0                        01010500D   2453
     126       0       0       2       0                               0D   2454
     110    3072       0       0       0                        01010000D   2455
     110       0       0       1       0                               0D   2456
     126    3073       0       0       0                        01010500D   2457
     126       0       0       2       0                               0D   2458
     110    3075       0       0       0                        01010000D   2459
     110       0       0       1       0                               0D   2460
     126    3076       0       0       0                        01010500D   2461
     126       0       0       2       0                               0D   2462
     110    3078       0       0       0                        01010000D   2463
     110       0       0       1       0                               0D   2464
     102    3079       0       0       0                        01010500D   2465
     102       0       0       1       0                               0D   2466
     102    3080       0       0       0                        01010000D   2467
     102       0       0       1       0                               0D   2468
     142    3081       0       0       0                        00010500D   2469
     142       0       0       1       0                               0D   2470
     144    3082       0       0       2                        00010000D   2471
     144       0      -1       1       0                               0D   2472
     128    3083       0       0       0                        01010000D   2473
     128       0       0       3       0                               0D   2474
     126    3086       0       0       0                        01010500D   2475
     126       0       0       2       0                               0D   2476
     110    3088       0       0       0                        01010000D   2477
     110       0       0       1       0                               0D   2478
     126    3089       0       0       0                        01010500D   2479
     126       0       0      12       0                               0D   2480
     124    3101       0       0       0                        00000000D   2481
     124       0       0       4       0                               0D   2482
     100    3105       0       0       0            2481        01010000D   2483
     100       0       0       1       0                               0D   2484
     126    3106       0       0       0                        01010500D   2485
     126       0       0       3       0                               0D   2486
     124    3109       0       0       0                        00000000D   2487
     124       0       0       4       0                               0D   2488
     100    3113       0       0       0            2487        01010000D   2489
     100       0       0       1       0                               0D   2490
     126    3114       0       0       0                        01010500D   2491
     126       0       0       2       0                               0D   2492
     110    3116       0       0       0                        01010000D   2493
     110       0       0       2       0                               0D   2494
     126    3118       0       0       0                        01010500D   2495
     126       0       0       3       0                               0D   2496
     124    3121       0       0       0                        00000000D   2497
     124       0       0       4       0                               0D   2498
     100    3125       0       0       0            2497        01010000D   2499
     100       0       0       1       0                               0D   2500
     126    3126       0       0       0                        01010500D   2501
     126       0       0      11       0                               0D   2502
     124    3137       0       0       0                        00000000D   2503
     124       0       0       2       0                               0D   2504
     100    3139       0       0       0            2503        01010000D   2505
     100       0       0       1       0                               0D   2506
     102    3140       0       0       0                        01010500D   2507
     102       0       0       1       0                               0D   2508
     102    3141       0       0       0                        01010000D   2509
     102       0       0       1       0                               0D   2510
     142    3142       0       0       0                        00010500D   2511
     142       0       0       1       0                               0D   2512
     144    3143       0       0       2                        00010000D   2513
     144       0      -1       1       0                               0D   2514
     128    3144       0       0       0                        01010000D   2515
     128       0       0       3       0                               0D   2516
     126    3147       0       0       0                        01010500D   2517
     126       0       0       6       0                               0D   2518
     126    3153       0       0       0                        01010000D   2519
     126       0       0      21       0                               0D   2520
     126    3174       0       0       0                        01010500D   2521
     126       0       0       2       0                               0D   2522
     110    3176       0       0       0                        01010000D   2523
     110       0       0       1       0                               0D   2524
     126    3177       0       0       0                        01010500D   2525
     126       0       0       2       0                               0D   2526
     126    3179       0       0       0                        01010000D   2527
     126       0       0       3       0                               0D   2528
     126    3182       0       0       0                        01010500D   2529
     126       0       0       2       0                               0D   2530
     110    3184       0       0       0                        01010000D   2531
     110       0       0       1       0                               0D   2532
     126    3185       0       0       0                        01010500D   2533
     126       0       0       2       0                               0D   2534
     110    3187       0       0       0                        01010000D   2535
     110       0       0       2       0                               0D   2536
     126    3189       0       0       0                        01010500D   2537
     126       0       0       2       0                               0D   2538
     110    3191       0       0       0                        01010000D   2539
     110       0       0       1       0                               0D   2540
     102    3192       0       0       0                        01010500D   2541
     102       0       0       1       0                               0D   2542
     102    3193       0       0       0                        01010000D   2543
     102       0       0       1       0                               0D   2544
     142    3194       0       0       0                        00010500D   2545
     142       0       0       1       0                               0D   2546
     126    3195       0       0       0                        01010500D   2547
     126       0       0      22       0                               0D   2548
     124    3217       0       0       0                        00000000D   2549
     124       0       0       3       0                               0D   2550
     100    3220       0       0       0            2549        01010000D   2551
     100       0       0       1       0                               0D   2552
     126    3221       0       0       0                        01010500D   2553
     126       0       0      22       0                               0D   2554
     124    3243       0       0       0                        00000000D   2555
     124       0       0       3       0                               0D   2556
     100    3246       0       0       0            2555        01010000D   2557
     100       0       0       1       0                               0D   2558
     102    3247       0       0       0                        01010500D   2559
     102       0       0       1       0                               0D   2560
     102    3248       0       0       0                        01010000D   2561
     102       0       0       1       0                               0D   2562
     142    3249       0       0       0                        00010500D   2563
     142       0       0       1       0                               0D   2564
     144    3250       0       0       2                        00010000D   2565
     144       0      -1       1       0                               0D   2566
     128    3251       0       0       0                        01010000D   2567
     128       0       0       3       0                               0D   2568
     126    3254       0       0       0                        01010500D   2569
     126       0       0       2       0                               0D   2570
     110    3256       0       0       0                        01010000D   2571
     110       0       0       1       0                               0D   2572
     126    3257       0       0       0                        01010500D   2573
     126       0       0       2       0                               0D   2574
     110    3259       0       0       0                        01010000D   2575
     110       0       0       1       0                               0D   2576
     126    3260       0       0       0                        01010500D   2577
     126       0       0       2       0                               0D   2578
     110    3262       0       0       0                        01010000D   2579
     110       0       0       1       0                               0D   2580
     126    3263       0       0       0                        01010500D   2581
     126       0       0       2       0                               0D   2582
     110    3265       0       0       0                        01010000D   2583
     110       0       0       1       0                               0D   2584
     102    3266       0       0       0                        01010500D   2585
     102       0       0       1       0                               0D   2586
     102    3267       0       0       0                        01010000D   2587
     102       0       0       1       0                               0D   2588
     142    3268       0       0       0                        00010500D   2589
     142       0       0       1       0                               0D   2590
     144    3269       0       0       2                        00010000D   2591
     144       0      -1       1       0                               0D   2592
     128    3270       0       0       0                        01010000D   2593
     128       0       0       4       0                               0D   2594
     126    3274       0       0       0                        01010500D   2595
     126       0       0       2       0                               0D   2596
     110    3276       0       0       0                        01010000D   2597
     110       0       0       2       0                               0D   2598
     126    3278       0       0       0                        01010500D   2599
     126       0       0      11       0                               0D   2600
     124    3289       0       0       0                        00000000D   2601
     124       0       0       4       0                               0D   2602
     100    3293       0       0       0            2601        01010000D   2603
     100       0       0       1       0                               0D   2604
     126    3294       0       0       0                        01010500D   2605
     126       0       0       2       0                               0D   2606
     110    3296       0       0       0                        01010000D   2607
     110       0       0       1       0                               0D   2608
     126    3297       0       0       0                        01010500D   2609
     126       0       0      11       0                               0D   2610
     124    3308       0       0       0                        00000000D   2611
     124       0       0       2       0                               0D   2612
     100    3310       0       0       0            2611        01010000D   2613
     100       0       0       1       0                               0D   2614
     102    3311       0       0       0                        01010500D   2615
     102       0       0       1       0                               0D   2616
     102    3312       0       0       0                        01010000D   2617
     102       0       0       1       0                               0D   2618
     142    3313       0       0       0                        00010500D   2619
     142       0       0       1       0                               0D   2620
     144    3314       0       0       2                        00010000D   2621
     144       0      -1       1       0                               0D   2622
     128    3315       0       0       0                        01010000D   2623
     128       0       0       3       0                               0D   2624
     126    3318       0       0       0                        01010500D   2625
     126       0       0       2       0                               0D   2626
     110    3320       0       0       0                        01010000D   2627
     110       0       0       1       0                               0D   2628
     126    3321       0       0       0                        01010500D   2629
     126       0       0       2       0                               0D   2630
     110    3323       0       0       0                        01010000D   2631
     110       0       0       1       0                               0D   2632
     126    3324       0       0       0                        01010500D   2633
     126       0       0       2       0                               0D   2634
     110    3326       0       0       0                        01010000D   2635
     110       0       0       1       0                               0D   2636
     126    3327       0       0       0                        01010500D   2637
     126       0       0       2       0                               0D   2638
     110    3329       0       0       0                        01010000D   2639
     110       0       0       1       0                               0D   2640
     102    3330       0       0       0                        01010500D   2641
     102       0       0       1       0                               0D   2642
     102    3331       0       0       0                        01010000D   2643
     102       0       0       1       0                               0D   2644
     142    3332       0       0       0                        00010500D   2645
     142       0       0       1       0                               0D   2646
     144    3333       0       0       2                        00010000D   2647
     144       0      -1       1       0                               0D   2648
     128    3334       0       0       0                        01010000D   2649
     128       0       0       4       0                               0D   2650
     126    3338       0       0       0                        01010500D   2651
     126       0       0      11       0                               0D   2652
     124    3349       0       0       0                        00000000D   2653
     124       0       0       4       0                               0D   2654
     100    3353       0       0       0            2653        01010000D   2655
     100       0       0       2       0                               0D   2656
     126    3355       0       0       0                        01010500D   2657
     126       0       0       2       0                               0D   2658
     110    3357       0       0       0                        01010000D   2659
     110       0       0       2       0                               0D   2660
     126    3359       0       0       0                        01010500D   2661
     126       0       0      11       0                               0D   2662
     124    3370       0       0       0                        00000000D   2663
     124       0       0       4       0                               0D   2664
     100    3374       0       0       0            2663        01010000D   2665
     100       0       0       1       0                               0D   2666
     126    3375       0       0       0                        01010500D   2667
     126       0       0       2       0                               0D   2668
     110    3377       0       0       0                        01010000D   2669
     110       0       0       1       0                               0D   2670
     102    3378       0       0       0                        01010500D   2671
     102       0       0       1       0                               0D   2672
     102    3379       0       0       0                        01010000D   2673
     102       0       0       1       0                               0D   2674
     142    3380       0       0       0                        00010500D   2675
     142       0       0       1       0                               0D   2676
     144    3381       0       0       2                        00010000D   2677
     144       0      -1       1       0                               0D   2678
     110    3382       0       0       0                        01010000D   2679
     110       0       0       1       0                               0D   2680
     110    3383       0       0       0                        01010000D   2681
     110       0       0       1       0                               0D   2682
     120    3384       0       0       0                        01010000D   2683
     120       0       0       1       0                               0D   2684
     126    3385       0       0       0                        01010500D   2685
     126       0       0       2       0                               0D   2686
     100    3387       0       0       0                        01010000D   2687
     100       0       0       1       0                               0D   2688
     126    3388       0       0       0                        01010500D   2689
     126       0       0       2       0                               0D   2690
     110    3390       0       0       0                        01010000D   2691
     110       0       0       1       0                               0D   2692
     126    3391       0       0       0                        01010500D   2693
     126       0       0      25       0                               0D   2694
     126    3416       0       0       0                        01010000D   2695
     126       0       0      11       0                               0D   2696
     126    3427       0       0       0                        01010500D   2697
     126       0       0       2       0                               0D   2698
     110    3429       0       0       0                        01010000D   2699
     110       0       0       1       0                               0D   2700
     102    3430       0       0       0                        01010500D   2701
     102       0       0       1       0                               0D   2702
     102    3431       0       0       0                        01010000D   2703
     102       0       0       1       0                               0D   2704
     142    3432       0       0       0                        00010500D   2705
     142       0       0       1       0                               0D   2706
     144    3433       0       0       2                        00010000D   2707
     144       0      -1       1       0                               0D   2708
     314    3434       0       0       0                        00000200D   2709
     314       0       8       1       0                               0D   2710
     110    3435       0       0       0                        01010000D   2711
     110       0       0       1       0                               0D   2712
     110    3436       0       0       0                        01010000D   2713
     110       0       0       1       0                               0D   2714
     120    3437       0       0       0                        01010000D   2715
     120       0       0       1       0                               0D   2716
     126    3438       0       0       0                        01010500D   2717
     126       0       0       2       0                               0D   2718
     124    3440       0       0       0                        00000000D   2719
     124       0       0       4       0                               0D   2720
     100    3444       0       0       0            2719        01010000D   2721
     100       0       0       1       0                               0D   2722
     126    3445       0       0       0                        01010500D   2723
     126       0       0       2       0                               0D   2724
     110    3447       0       0       0                        01010000D   2725
     110       0       0       1       0                               0D   2726
     126    3448       0       0       0                        01010500D   2727
     126       0       0      22       0                               0D   2728
     126    3470       0       0       0                        01010000D   2729
     126       0       0      12       0                               0D   2730
     126    3482       0       0       0                        01010500D   2731
     126       0       0       2       0                               0D   2732
     110    3484       0       0       0                        01010000D   2733
     110       0       0       1       0                               0D   2734
     102    3485       0       0       0                        01010500D   2735
     102       0       0       1       0                               0D   2736
     102    3486       0       0       0                        01010000D   2737
     102       0       0       1       0                               0D   2738
     142    3487       0       0       0                        00010500D   2739
     142       0       0       1       0                               0D   2740
     144    3488       0       0       2                        00010000D   2741
     144       0   -2709       1       0                               0D   2742
     110    3489       0       0       0                        01010000D   2743
     110       0       0       1       0                               0D   2744
     110    3490       0       0       0                        01010000D   2745
     110       0       0       1       0                               0D   2746
     120    3491       0       0       0                        01010000D   2747
     120       0       0       1       0                               0D   2748
     126    3492       0       0       0                        01010500D   2749
     126       0       0       2       0                               0D   2750
     124    3494       0       0       0                        00000000D   2751
     124       0       0       3       0                               0D   2752
     100    3497       0       0       0            2751        01010000D   2753
     100       0       0       1       0                               0D   2754
     126    3498       0       0       0                        01010500D   2755
     126       0       0       2       0                               0D   2756
     110    3500       0       0       0                        01010000D   2757
     110       0       0       1       0                               0D   2758
     126    3501       0       0       0                        01010500D   2759
     126       0       0      16       0                               0D   2760
     126    3517       0       0       0                        01010000D   2761
     126       0       0      11       0                               0D   2762
     126    3528       0       0       0                        01010500D   2763
     126       0       0       2       0                               0D   2764
     110    3530       0       0       0                        01010000D   2765
     110       0       0       1       0                               0D   2766
     102    3531       0       0       0                        01010500D   2767
     102       0       0       1       0                               0D   2768
     102    3532       0       0       0                        01010000D   2769
     102       0       0       1       0                               0D   2770
     142    3533       0       0       0                        00010500D   2771
     142       0       0       1       0                               0D   2772
     144    3534       0       0       2                        00010000D   2773
     144       0      -1       1       0                               0D   2774
     314    3535       0       0       0                        00000200D   2775
     314       0       8       1       0                               0D   2776
     110    3536       0       0       0                        01010000D   2777
     110       0       0       1       0                               0D   2778
     110    3537       0       0       0                        01010000D   2779
     110       0       0       1       0                               0D   2780
     120    3538       0       0       0                        01010000D   2781
     120       0       0       1       0                               0D   2782
     126    3539       0       0       0                        01010500D   2783
     126       0       0       2       0                               0D   2784
     124    3541       0       0       0                        00000000D   2785
     124       0       0       3       0                               0D   2786
     100    3544       0       0       0            2785        01010000D   2787
     100       0       0       1       0                               0D   2788
     126    3545       0       0       0                        01010500D   2789
     126       0       0       2       0                               0D   2790
     110    3547       0       0       0                        01010000D   2791
     110       0       0       1       0                               0D   2792
     126    3548       0       0       0                        01010500D   2793
     126       0       0      17       0                               0D   2794
     126    3565       0       0       0                        01010000D   2795
     126       0       0       9       0                               0D   2796
     126    3574       0       0       0                        01010500D   2797
     126       0       0       2       0                               0D   2798
     110    3576       0       0       0                        01010000D   2799
     110       0       0       1       0                               0D   2800
     102    3577       0       0       0                        01010500D   2801
     102       0       0       1       0                               0D   2802
     102    3578       0       0       0                        01010000D   2803
     102       0       0       1       0                               0D   2804
     142    3579       0       0       0                        00010500D   2805
     142       0       0       1       0                               0D   2806
     144    3580       0       0       2                        00010000D   2807
     144       0   -2775       1       0                               0D   2808
     128    3581       0       0       0                        01010000D   2809
     128       0       0       5       0                               0D   2810
     126    3586       0       0       0                        01010500D   2811
     126       0       0       2       0                               0D   2812
     110    3588       0       0       0                        01010000D   2813
     110       0       0       2       0                               0D   2814
     126    3590       0       0       0                        01010500D   2815
     126       0       0       3       0                               0D   2816
     124    3593       0       0       0                        00000000D   2817
     124       0       0       4       0                               0D   2818
     100    3597       0       0       0            2817        01010000D   2819
     100       0       0       1       0                               0D   2820
     126    3598       0       0       0                        01010500D   2821
     126       0       0       2       0                               0D   2822
     110    3600       0       0       0                        01010000D   2823
     110       0       0       2       0                               0D   2824
     126    3602       0       0       0                        01010500D   2825
     126       0       0       2       0                               0D   2826
     110    3604       0       0       0                        01010000D   2827
     110       0       0       2       0                               0D   2828
     126    3606       0       0       0                        01010500D   2829
     126       0       0       3       0                               0D   2830
     124    3609       0       0       0                        00000000D   2831
     124       0       0       4       0                               0D   2832
     100    3613       0       0       0            2831        01010000D   2833
     100       0       0       1       0                               0D   2834
     126    3614       0       0       0                        01010500D   2835
     126       0       0       3       0                               0D   2836
     124    3617       0       0       0                        00000000D   2837
     124       0       0       4       0                               0D   2838
     100    3621       0       0       0            2837        01010000D   2839
     100       0       0       1       0                               0D   2840
     126    3622       0       0       0                        01010500D   2841
     126       0       0       2       0                               0D   2842
     110    3624       0       0       0                        01010000D   2843
     110       0       0       2       0                               0D   2844
     126    3626       0       0       0                        01010500D   2845
     126       0       0       7       0                               0D   2846
     124    3633       0       0       0                        00000000D   2847
     124       0       0       4       0                               0D   2848
     100    3637       0       0       0            2847        01010000D   2849
     100       0       0       1       0                               0D   2850
     126    3638       0       0       0                        01010500D   2851
     126       0       0       2       0                               0D   2852
     110    3640       0       0       0                        01010000D   2853
     110       0       0       2       0                               0D   2854
     126    3642       0       0       0                        01010500D   2855
     126       0       0       3       0                               0D   2856
     124    3645       0       0       0                        00000000D   2857
     124       0       0       4       0                               0D   2858
     100    3649       0       0       0            2857        01010000D   2859
     100       0       0       1       0                               0D   2860
     126    3650       0       0       0                        01010500D   2861
     126       0       0       2       0                               0D   2862
     110    3652       0       0       0                        01010000D   2863
     110       0       0       2       0                               0D   2864
     126    3654       0       0       0                        01010500D   2865
     126       0       0       2       0                               0D   2866
     110    3656       0       0       0                        01010000D   2867
     110       0       0       2       0                               0D   2868
     126    3658       0       0       0                        01010500D   2869
     126       0       0       3       0                               0D   2870
     124    3661       0       0       0                        00000000D   2871
     124       0       0       4       0                               0D   2872
     100    3665       0       0       0            2871        01010000D   2873
     100       0       0       1       0                               0D   2874
     126    3666       0       0       0                        01010500D   2875
     126       0       0       2       0                               0D   2876
     110    3668       0       0       0                        01010000D   2877
     110       0       0       2       0                               0D   2878
     126    3670       0       0       0                        01010500D   2879
     126       0       0       7       0                               0D   2880
     124    3677       0       0       0                        00000000D   2881
     124       0       0       4       0                               0D   2882
     100    3681       0       0       0            2881        01010000D   2883
     100       0       0       1       0                               0D   2884
     126    3682       0       0       0                        01010500D   2885
     126       0       0       2       0                               0D   2886
     110    3684       0       0       0                        01010000D   2887
     110       0       0       2       0                               0D   2888
     126    3686       0       0       0                        01010500D   2889
     126       0       0       3       0                               0D   2890
     124    3689       0       0       0                        00000000D   2891
     124       0       0       4       0                               0D   2892
     100    3693       0       0       0            2891        01010000D   2893
     100       0       0       1       0                               0D   2894
     126    3694       0       0       0                        01010500D   2895
     126       0       0       2       0                               0D   2896
     110    3696       0       0       0                        01010000D   2897
     110       0       0       2       0                               0D   2898
     126    3698       0       0       0                        01010500D   2899
     126       0       0       2       0                               0D   2900
     110    3700       0       0       0                        01010000D   2901
     110       0       0       2       0                               0D   2902
     126    3702       0       0       0                        01010500D   2903
     126       0       0       3       0                               0D   2904
     124    3705       0       0       0                        00000000D   2905
     124       0       0       4       0                               0D   2906
     100    3709       0       0       0            2905        01010000D   2907
     100       0       0       1       0                               0D   2908
     126    3710       0       0       0                        01010500D   2909
     126       0       0       2       0                               0D   2910
     110    3712       0       0       0                        01010000D   2911
     110       0       0       2       0                               0D   2912
     126    3714       0       0       0                        01010500D   2913
     126       0       0       7       0                               0D   2914
     124    3721       0       0       0                        00000000D   2915
     124       0       0       4       0                               0D   2916
     100    3725       0       0       0            2915        01010000D   2917
     100       0       0       1       0                               0D   2918
     126    3726       0       0       0                        01010500D   2919
     126       0       0       2       0                               0D   2920
     110    3728       0       0       0                        01010000D   2921
     110       0       0       2       0                               0D   2922
     126    3730       0       0       0                        01010500D   2923
     126       0       0       3       0                               0D   2924
     124    3733       0       0       0                        00000000D   2925
     124       0       0       4       0                               0D   2926
     100    3737       0       0       0            2925        01010000D   2927
     100       0       0       1       0                               0D   2928
     126    3738       0       0       0                        01010500D   2929
     126       0       0       2       0                               0D   2930
     110    3740       0       0       0                        01010000D   2931
     110       0       0       2       0                               0D   2932
     126    3742       0       0       0                        01010500D   2933
     126       0       0       2       0                               0D   2934
     110    3744       0       0       0                        01010000D   2935
     110       0       0       2       0                               0D   2936
     126    3746       0       0       0                        01010500D   2937
     126       0       0       3       0                               0D   2938
     124    3749       0       0       0                        00000000D   2939
     124       0       0       4       0                               0D   2940
     100    3753       0       0       0            2939        01010000D   2941
     100       0       0       1       0                               0D   2942
     126    3754       0       0       0                        01010500D   2943
     126       0       0       2       0                               0D   2944
     110    3756       0       0       0                        01010000D   2945
     110       0       0       2       0                               0D   2946
     126    3758       0       0       0                        01010500D   2947
     126       0       0       7       0                               0D   2948
     124    3765       0       0       0                        00000000D   2949
     124       0       0       4       0                               0D   2950
     100    3769       0       0       0            2949        01010000D   2951
     100       0       0       1       0                               0D   2952
     102    3770       0       0       0                        01010500D   2953
     102       0       0       3       0                               0D   2954
     102    3773       0       0       0                        01010000D   2955
     102       0       0       3       0                               0D   2956
     142    3776       0       0       0                        00010500D   2957
     142       0       0       1       0                               0D   2958
     126    3777       0       0       0                        01010500D   2959
     126       0       0      22       0                               0D   2960
     124    3799       0       0       0                        00000000D   2961
     124       0       0       2       0                               0D   2962
     100    3801       0       0       0            2961        01010000D   2963
     100       0       0       1       0                               0D   2964
     126    3802       0       0       0                        01010500D   2965
     126       0       0      22       0                               0D   2966
     124    3824       0       0       0                        00000000D   2967
     124       0       0       4       0                               0D   2968
     100    3828       0       0       0            2967        01010000D   2969
     100       0       0       1       0                               0D   2970
     102    3829       0       0       0                        01010500D   2971
     102       0       0       1       0                               0D   2972
     102    3830       0       0       0                        01010000D   2973
     102       0       0       1       0                               0D   2974
     142    3831       0       0       0                        00010500D   2975
     142       0       0       1       0                               0D   2976
     144    3832       0       0       2                        00010000D   2977
     144       0      -1       1       0                               0D   2978
     314    3833       0       0       0                        00000200D   2979
     314       0       2       1       0                               0D   2980
     110    3834       0       0       0                        01010000D   2981
     110       0       0       1       0                               0D   2982
     110    3835       0       0       0                        01010000D   2983
     110       0       0       1       0                               0D   2984
     120    3836       0       0       0                        01010000D   2985
     120       0       0       1       0                               0D   2986
     126    3837       0       0       0                        01010500D   2987
     126       0       0       2       0                               0D   2988
     124    3839       0       0       0                        00000000D   2989
     124       0       0       4       0                               0D   2990
     100    3843       0       0       0            2989        01010000D   2991
     100       0       0       1       0                               0D   2992
     126    3844       0       0       0                        01010500D   2993
     126       0       0       2       0                               0D   2994
     110    3846       0       0       0                        01010000D   2995
     110       0       0       2       0                               0D   2996
     126    3848       0       0       0                        01010500D   2997
     126       0       0       2       0                               0D   2998
     124    3850       0       0       0                        00000000D   2999
     124       0       0       4       0                               0D   3000
     100    3854       0       0       0            2999        01010000D   3001
     100       0       0       1       0                               0D   3002
     126    3855       0       0       0                        01010500D   3003
     126       0       0       2       0                               0D   3004
     110    3857       0       0       0                        01010000D   3005
     110       0       0       2       0                               0D   3006
     102    3859       0       0       0                        01010500D   3007
     102       0       0       1       0                               0D   3008
     102    3860       0       0       0                        01010000D   3009
     102       0       0       1       0                               0D   3010
     142    3861       0       0       0                        00010500D   3011
     142       0       0       1       0                               0D   3012
     144    3862       0       0       2                        00010000D   3013
     144       0   -2979       1       0                               0D   3014
     314    3863       0       0       0                        00000200D   3015
     314       0       2       1       0                               0D   3016
     110    3864       0       0       0                        01010000D   3017
     110       0       0       1       0                               0D   3018
     110    3865       0       0       0                        01010000D   3019
     110       0       0       1       0                               0D   3020
     120    3866       0       0       0                        01010000D   3021
     120       0       0       1       0                               0D   3022
     126    3867       0       0       0                        01010500D   3023
     126       0       0       2       0                               0D   3024
     110    3869       0       0       0                        01010000D   3025
     110       0       0       1       0                               0D   3026
     126    3870       0       0       0                        01010500D   3027
     126       0       0       2       0                               0D   3028
     124    3872       0       0       0                        00000000D   3029
     124       0       0       2       0                               0D   3030
     100    3874       0       0       0            3029        01010000D   3031
     100       0       0       1       0                               0D   3032
     126    3875       0       0       0                        01010500D   3033
     126       0       0       2       0                               0D   3034
     110    3877       0       0       0                        01010000D   3035
     110       0       0       2       0                               0D   3036
     126    3879       0       0       0                        01010500D   3037
     126       0       0       2       0                               0D   3038
     124    3881       0       0       0                        00000000D   3039
     124       0       0       4       0                               0D   3040
     100    3885       0       0       0            3039        01010000D   3041
     100       0       0       1       0                               0D   3042
     102    3886       0       0       0                        01010500D   3043
     102       0       0       1       0                               0D   3044
     102    3887       0       0       0                        01010000D   3045
     102       0       0       1       0                               0D   3046
     142    3888       0       0       0                        00010500D   3047
     142       0       0       1       0                               0D   3048
     144    3889       0       0       2                        00010000D   3049
     144       0   -3015       1       0                               0D   3050
     314    3890       0       0       0                        00000200D   3051
     314       0       2       1       0                               0D   3052
     110    3891       0       0       0                        01010000D   3053
     110       0       0       1       0                               0D   3054
     110    3892       0       0       0                        01010000D   3055
     110       0       0       1       0                               0D   3056
     120    3893       0       0       0                        01010000D   3057
     120       0       0       1       0                               0D   3058
     126    3894       0       0       0                        01010500D   3059
     126       0       0       2       0                               0D   3060
     124    3896       0       0       0                        00000000D   3061
     124       0       0       4       0                               0D   3062
     100    3900       0       0       0            3061        01010000D   3063
     100       0       0       1       0                               0D   3064
     126    3901       0       0       0                        01010500D   3065
     126       0       0       2       0                               0D   3066
     110    3903       0       0       0                        01010000D   3067
     110       0       0       2       0                               0D   3068
     126    3905       0       0       0                        01010500D   3069
     126       0       0       2       0                               0D   3070
     124    3907       0       0       0                        00000000D   3071
     124       0       0       4       0                               0D   3072
     100    3911       0       0       0            3071        01010000D   3073
     100       0       0       1       0                               0D   3074
     126    3912       0       0       0                        01010500D   3075
     126       0       0       2       0                               0D   3076
     110    3914       0       0       0                        01010000D   3077
     110       0       0       2       0                               0D   3078
     102    3916       0       0       0                        01010500D   3079
     102       0       0       1       0                               0D   3080
     102    3917       0       0       0                        01010000D   3081
     102       0       0       1       0                               0D   3082
     142    3918       0       0       0                        00010500D   3083
     142       0       0       1       0                               0D   3084
     144    3919       0       0       2                        00010000D   3085
     144       0   -3051       1       0                               0D   3086
     314    3920       0       0       0                        00000200D   3087
     314       0       2       1       0                               0D   3088
     110    3921       0       0       0                        01010000D   3089
     110       0       0       1       0                               0D   3090
     110    3922       0       0       0                        01010000D   3091
     110       0       0       1       0                               0D   3092
     120    3923       0       0       0                        01010000D   3093
     120       0       0       1       0                               0D   3094
     126    3924       0       0       0                        01010500D   3095
     126       0       0       2       0                               0D   3096
     124    3926       0       0       0                        00000000D   3097
     124       0       0       4       0                               0D   3098
     100    3930       0       0       0            3097        01010000D   3099
     100       0       0       1       0                               0D   3100
     126    3931       0       0       0                        01010500D   3101
     126       0       0       2       0                               0D   3102
     110    3933       0       0       0                        01010000D   3103
     110       0       0       2       0                               0D   3104
     126    3935       0       0       0                        01010500D   3105
     126       0       0       2       0                               0D   3106
     124    3937       0       0       0                        00000000D   3107
     124       0       0       4       0                               0D   3108
     100    3941       0       0       0            3107        01010000D   3109
     100       0       0       1       0                               0D   3110
     126    3942       0       0       0                        01010500D   3111
     126       0       0       2       0                               0D   3112
     110    3944       0       0       0                        01010000D   3113
     110       0       0       2       0                               0D   3114
     102    3946       0       0       0                        01010500D   3115
     102       0       0       1       0                               0D   3116
     102    3947       0       0       0                        01010000D   3117
     102       0       0       1       0                               0D   3118
     142    3948       0       0       0                        00010500D   3119
     142       0       0       1       0                               0D   3120
     144    3949       0       0       2                        00010000D   3121
     144       0   -3087       1       0                               0D   3122
     314    3950       0       0       0                        00000200D   3123
     314       0       2       1       0                               0D   3124
     110    3951       0       0       0                        01010000D   3125
     110       0       0       1       0                               0D   3126
     110    3952       0       0       0                        01010000D   3127
     110       0       0       1       0                               0D   3128
     120    3953       0       0       0                        01010000D   3129
     120       0       0       1       0                               0D   3130
     126    3954       0       0       0                        01010500D   3131
     126       0       0       2       0                               0D   3132
     124    3956       0       0       0                        00000000D   3133
     124       0       0       4       0                               0D   3134
     100    3960       0       0       0            3133        01010000D   3135
     100       0       0       1       0                               0D   3136
     126    3961       0       0       0                        01010500D   3137
     126       0       0       2       0                               0D   3138
     110    3963       0       0       0                        01010000D   3139
     110       0       0       2       0                               0D   3140
     126    3965       0       0       0                        01010500D   3141
     126       0       0       2       0                               0D   3142
     124    3967       0       0       0                        00000000D   3143
     124       0       0       4       0                               0D   3144
     100    3971       0       0       0            3143        01010000D   3145
     100       0       0       1       0                               0D   3146
     126    3972       0       0       0                        01010500D   3147
     126       0       0       2       0                               0D   3148
     110    3974       0       0       0                        01010000D   3149
     110       0       0       2       0                               0D   3150
     102    3976       0       0       0                        01010500D   3151
     102       0       0       1       0                               0D   3152
     102    3977       0       0       0                        01010000D   3153
     102       0       0       1       0                               0D   3154
     142    3978       0       0       0                        00010500D   3155
     142       0       0       1       0                               0D   3156
     144    3979       0       0       2                        00010000D   3157
     144       0   -3123       1       0                               0D   3158
     314    3980       0       0       0                        00000200D   3159
     314       0       2       1       0                               0D   3160
     110    3981       0       0       0                        01010000D   3161
     110       0       0       1       0                               0D   3162
     110    3982       0       0       0                        01010000D   3163
     110       0       0       1       0                               0D   3164
     120    3983       0       0       0                        01010000D   3165
     120       0       0       1       0                               0D   3166
     126    3984       0       0       0                        01010500D   3167
     126       0       0       2       0                               0D   3168
     124    3986       0       0       0                        00000000D   3169
     124       0       0       4       0                               0D   3170
     100    3990       0       0       0            3169        01010000D   3171
     100       0       0       1       0                               0D   3172
     126    3991       0       0       0                        01010500D   3173
     126       0       0       2       0                               0D   3174
     110    3993       0       0       0                        01010000D   3175
     110       0       0       2       0                               0D   3176
     126    3995       0       0       0                        01010500D   3177
     126       0       0       2       0                               0D   3178
     124    3997       0       0       0                        00000000D   3179
     124       0       0       4       0                               0D   3180
     100    4001       0       0       0            3179        01010000D   3181
     100       0       0       1       0                               0D   3182
     126    4002       0       0       0                        01010500D   3183
     126       0       0       2       0                               0D   3184
     110    4004       0       0       0                        01010000D   3185
     110       0       0       2       0                               0D   3186
     102    4006       0       0       0                        01010500D   3187
     102       0       0       1       0                               0D   3188
     102    4007       0       0       0                        01010000D   3189
     102       0       0       1       0                               0D   3190
     142    4008       0       0       0                        00010500D   3191
     142       0       0       1       0                               0D   3192
     144    4009       0       0       2                        00010000D   3193
     144       0   -3159       1       0                               0D   3194
     314    4010       0       0       0                        00000200D   3195
     314       0       2       1       0                               0D   3196
     110    4011       0       0       0                        01010000D   3197
     110       0       0       1       0                               0D   3198
     110    4012       0       0       0                        01010000D   3199
     110       0       0       1       0                               0D   3200
     120    4013       0       0       0                        01010000D   3201
     120       0       0       1       0                               0D   3202
     126    4014       0       0       0                        01010500D   3203
     126       0       0       2       0                               0D   3204
     124    4016       0       0       0                        00000000D   3205
     124       0       0       4       0                               0D   3206
     100    4020       0       0       0            3205        01010000D   3207
     100       0       0       1       0                               0D   3208
     126    4021       0       0       0                        01010500D   3209
     126       0       0       2       0                               0D   3210
     110    4023       0       0       0                        01010000D   3211
     110       0       0       2       0                               0D   3212
     126    4025       0       0       0                        01010500D   3213
     126       0       0       2       0                               0D   3214
     124    4027       0       0       0                        00000000D   3215
     124       0       0       4       0                               0D   3216
     100    4031       0       0       0            3215        01010000D   3217
     100       0       0       1       0                               0D   3218
     126    4032       0       0       0                        01010500D   3219
     126       0       0       2       0                               0D   3220
     110    4034       0       0       0                        01010000D   3221
     110       0       0       2       0                               0D   3222
     102    4036       0       0       0                        01010500D   3223
     102       0       0       1       0                               0D   3224
     102    4037       0       0       0                        01010000D   3225
     102       0       0       1       0                               0D   3226
     142    4038       0       0       0                        00010500D   3227
     142       0       0       1       0                               0D   3228
     144    4039       0       0       2                        00010000D   3229
     144       0   -3195       1       0                               0D   3230
     314    4040       0       0       0                        00000200D   3231
     314       0       2       1       0                               0D   3232
     110    4041       0       0       0                        01010000D   3233
     110       0       0       1       0                               0D   3234
     110    4042       0       0       0                        01010000D   3235
     110       0       0       1       0                               0D   3236
     120    4043       0       0       0                        01010000D   3237
     120       0       0       1       0                               0D   3238
     126    4044       0       0       0                        01010500D   3239
     126       0       0       2       0                               0D   3240
     124    4046       0       0       0                        00000000D   3241
     124       0       0       4       0                               0D   3242
     100    4050       0       0       0            3241        01010000D   3243
     100       0       0       1       0                               0D   3244
     126    4051       0       0       0                        01010500D   3245
     126       0       0       2       0                               0D   3246
     110    4053       0       0       0                        01010000D   3247
     110       0       0       2       0                               0D   3248
     126    4055       0       0       0                        01010500D   3249
     126       0       0       2       0                               0D   3250
     124    4057       0       0       0                        00000000D   3251
     124       0       0       4       0                               0D   3252
     100    4061       0       0       0            3251        01010000D   3253
     100       0       0       1       0                               0D   3254
     126    4062       0       0       0                        01010500D   3255
     126       0       0       2       0                               0D   3256
     110    4064       0       0       0                        01010000D   3257
     110       0       0       2       0                               0D   3258
     102    4066       0       0       0                        01010500D   3259
     102       0       0       1       0                               0D   3260
     102    4067       0       0       0                        01010000D   3261
     102       0       0       1       0                               0D   3262
     142    4068       0       0       0                        00010500D   3263
     142       0       0       1       0                               0D   3264
     144    4069       0       0       2                        00010000D   3265
     144       0   -3231       1       0                               0D   3266
     314    4070       0       0       0                        00000200D   3267
     314       0       2       1       0                               0D   3268
     110    4071       0       0       0                        01010000D   3269
     110       0       0       1       0                               0D   3270
     110    4072       0       0       0                        01010000D   3271
     110       0       0       1       0                               0D   3272
     120    4073       0       0       0                        01010000D   3273
     120       0       0       1       0                               0D   3274
     126    4074       0       0       0                        01010500D   3275
     126       0       0       2       0                               0D   3276
     124    4076       0       0       0                        00000000D   3277
     124       0       0       2       0                               0D   3278
     100    4078       0       0       0            3277        01010000D   3279
     100       0       0       1       0                               0D   3280
     126    4079       0       0       0                        01010500D   3281
     126       0       0       2       0                               0D   3282
     110    4081       0       0       0                        01010000D   3283
     110       0       0       1       0                               0D   3284
     126    4082       0       0       0                        01010500D   3285
     126       0       0       2       0                               0D   3286
     124    4084       0       0       0                        00000000D   3287
     124       0       0       2       0                               0D   3288
     100    4086       0       0       0            3287        01010000D   3289
     100       0       0       1       0                               0D   3290
     126    4087       0       0       0                        01010500D   3291
     126       0       0       2       0                               0D   3292
     110    4089       0       0       0                        01010000D   3293
     110       0       0       1       0                               0D   3294
     102    4090       0       0       0                        01010500D   3295
     102       0       0       1       0                               0D   3296
     102    4091       0       0       0                        01010000D   3297
     102       0       0       1       0                               0D   3298
     142    4092       0       0       0                        00010500D   3299
     142       0       0       1       0                               0D   3300
     144    4093       0       0       2                        00010000D   3301
     144       0   -3267       1       0                               0D   3302
     314    4094       0       0       0                        00000200D   3303
     314       0       2       1       0                               0D   3304
     128    4095       0       0       0                        01010000D   3305
     128       0       0       5       0                               0D   3306
     126    4100       0       0       0                        01010500D   3307
     126       0       0       3       0                               0D   3308
     124    4103       0       0       0                        00000000D   3309
     124       0       0       4       0                               0D   3310
     100    4107       0       0       0            3309        01010000D   3311
     100       0       0       1       0                               0D   3312
     126    4108       0       0       0                        01010500D   3313
     126       0       0       3       0                               0D   3314
     124    4111       0       0       0                        00000000D   3315
     124       0       0       2       0                               0D   3316
     100    4113       0       0       0            3315        01010000D   3317
     100       0       0       1       0                               0D   3318
     126    4114       0       0       0                        01010500D   3319
     126       0       0       2       0                               0D   3320
     110    4116       0       0       0                        01010000D   3321
     110       0       0       2       0                               0D   3322
     126    4118       0       0       0                        01010500D   3323
     126       0       0       7       0                               0D   3324
     124    4125       0       0       0                        00000000D   3325
     124       0       0       4       0                               0D   3326
     100    4129       0       0       0            3325        01010000D   3327
     100       0       0       1       0                               0D   3328
     126    4130       0       0       0                        01010500D   3329
     126       0       0       2       0                               0D   3330
     110    4132       0       0       0                        01010000D   3331
     110       0       0       2       0                               0D   3332
     126    4134       0       0       0                        01010500D   3333
     126       0       0       3       0                               0D   3334
     124    4137       0       0       0                        00000000D   3335
     124       0       0       4       0                               0D   3336
     100    4141       0       0       0            3335        01010000D   3337
     100       0       0       1       0                               0D   3338
     126    4142       0       0       0                        01010500D   3339
     126       0       0       2       0                               0D   3340
     110    4144       0       0       0                        01010000D   3341
     110       0       0       2       0                               0D   3342
     126    4146       0       0       0                        01010500D   3343
     126       0       0       2       0                               0D   3344
     110    4148       0       0       0                        01010000D   3345
     110       0       0       2       0                               0D   3346
     126    4150       0       0       0                        01010500D   3347
     126       0       0       3       0                               0D   3348
     124    4153       0       0       0                        00000000D   3349
     124       0       0       4       0                               0D   3350
     100    4157       0       0       0            3349        01010000D   3351
     100       0       0       1       0                               0D   3352
     126    4158       0       0       0                        01010500D   3353
     126       0       0       2       0                               0D   3354
     110    4160       0       0       0                        01010000D   3355
     110       0       0       2       0                               0D   3356
     126    4162       0       0       0                        01010500D   3357
     126       0       0       7       0                               0D   3358
     124    4169       0       0       0                        00000000D   3359
     124       0       0       4       0                               0D   3360
     100    4173       0       0       0            3359        01010000D   3361
     100       0       0       1       0                               0D   3362
     126    4174       0       0       0                        01010500D   3363
     126       0       0       2       0                               0D   3364
     110    4176       0       0       0                        01010000D   3365
     110       0       0       2       0                               0D   3366
     126    4178       0       0       0                        01010500D   3367
     126       0       0       3       0                               0D   3368
     124    4181       0       0       0                        00000000D   3369
     124       0       0       4       0                               0D   3370
     100    4185       0       0       0            3369        01010000D   3371
     100       0       0       1       0                               0D   3372
     126    4186       0       0       0                        01010500D   3373
     126       0       0       2       0                               0D   3374
     110    4188       0       0       0                        01010000D   3375
     110       0       0       2       0                               0D   3376
     126    4190       0       0       0                        01010500D   3377
     126       0       0       2       0                               0D   3378
     110    4192       0       0       0                        01010000D   3379
     110       0       0       2       0                               0D   3380
     126    4194       0       0       0                        01010500D   3381
     126       0       0       3       0                               0D   3382
     124    4197       0       0       0                        00000000D   3383
     124       0       0       4       0                               0D   3384
     100    4201       0       0       0            3383        01010000D   3385
     100       0       0       1       0                               0D   3386
     126    4202       0       0       0                        01010500D   3387
     126       0       0       2       0                               0D   3388
     110    4204       0       0       0                        01010000D   3389
     110       0       0       2       0                               0D   3390
     126    4206       0       0       0                        01010500D   3391
     126       0       0       7       0                               0D   3392
     124    4213       0       0       0                        00000000D   3393
     124       0       0       4       0                               0D   3394
     100    4217       0       0       0            3393        01010000D   3395
     100       0       0       1       0                               0D   3396
     126    4218       0       0       0                        01010500D   3397
     126       0       0       2       0                               0D   3398
     110    4220       0       0       0                        01010000D   3399
     110       0       0       2       0                               0D   3400
     126    4222       0       0       0                        01010500D   3401
     126       0       0       3       0                               0D   3402
     124    4225       0       0       0                        00000000D   3403
     124       0       0       4       0                               0D   3404
     100    4229       0       0       0            3403        01010000D   3405
     100       0       0       1       0                               0D   3406
     126    4230       0       0       0                        01010500D   3407
     126       0       0       2       0                               0D   3408
     110    4232       0       0       0                        01010000D   3409
     110       0       0       2       0                               0D   3410
     126    4234       0       0       0                        01010500D   3411
     126       0       0       2       0                               0D   3412
     110    4236       0       0       0                        01010000D   3413
     110       0       0       2       0                               0D   3414
     126    4238       0       0       0                        01010500D   3415
     126       0       0       3       0                               0D   3416
     124    4241       0       0       0                        00000000D   3417
     124       0       0       4       0                               0D   3418
     100    4245       0       0       0            3417        01010000D   3419
     100       0       0       1       0                               0D   3420
     126    4246       0       0       0                        01010500D   3421
     126       0       0       2       0                               0D   3422
     110    4248       0       0       0                        01010000D   3423
     110       0       0       2       0                               0D   3424
     126    4250       0       0       0                        01010500D   3425
     126       0       0       7       0                               0D   3426
     124    4257       0       0       0                        00000000D   3427
     124       0       0       4       0                               0D   3428
     100    4261       0       0       0            3427        01010000D   3429
     100       0       0       1       0                               0D   3430
     126    4262       0       0       0                        01010500D   3431
     126       0       0       2       0                               0D   3432
     110    4264       0       0       0                        01010000D   3433
     110       0       0       2       0                               0D   3434
     126    4266       0       0       0                        01010500D   3435
     126       0       0       3       0                               0D   3436
     124    4269       0       0       0                        00000000D   3437
     124       0       0       4       0                               0D   3438
     100    4273       0       0       0            3437        01010000D   3439
     100       0       0       1       0                               0D   3440
     126    4274       0       0       0                        01010500D   3441
     126       0       0       2       0                               0D   3442
     110    4276       0       0       0                        01010000D   3443
     110       0       0       2       0                               0D   3444
     126    4278       0       0       0                        01010500D   3445
     126       0       0       2       0                               0D   3446
     110    4280       0       0       0                        01010000D   3447
     110       0       0       2       0                               0D   3448
     102    4282       0       0       0                        01010500D   3449
     102       0       0       3       0                               0D   3450
     102    4285       0       0       0                        01010000D   3451
     102       0       0       3       0                               0D   3452
     142    4288       0       0       0                        00010500D   3453
     142       0       0       1       0                               0D   3454
     126    4289       0       0       0                        01010500D   3455
     126       0       0      22       0                               0D   3456
     124    4311       0       0       0                        00000000D   3457
     124       0       0       2       0                               0D   3458
     100    4313       0       0       0            3457        01010000D   3459
     100       0       0       1       0                               0D   3460
     126    4314       0       0       0                        01010500D   3461
     126       0       0      22       0                               0D   3462
     124    4336       0       0       0                        00000000D   3463
     124       0       0       4       0                               0D   3464
     100    4340       0       0       0            3463        01010000D   3465
     100       0       0       1       0                               0D   3466
     102    4341       0       0       0                        01010500D   3467
     102       0       0       1       0                               0D   3468
     102    4342       0       0       0                        01010000D   3469
     102       0       0       1       0                               0D   3470
     142    4343       0       0       0                        00010500D   3471
     142       0       0       1       0                               0D   3472
     144    4344       0       0       2                        00010000D   3473
     144       0   -3303       1       0                               0D   3474
     308    4345       0       0       2                        00010201D   3475
     308       0       0       7       0                               0D   3476
     124    4352       0       0       0                        00000000D   3477
     124       0       0       2       0                               0D   3478
     408    4354       0       0       3            3477        00000001D   3479
     408       0       0       1       0                               0D   3480
314,86.6666666666667,90.9803921568627,100.,;                           1P      1
314,100.,0.,0.,;                                                       3P      2
110,-4.766666667,0.,0.,995.233333333,0.,0.;                            5P      3
110,-4.766666667,0.,-2.5,4.766666667,0.,-2.5;                          7P      4
120,5,7,0.,6.28318530717959;                                           9P      5
126,1,1,1,0,1,0,0.,0.,1.,1.,1.,1.,0.,6.283185307,0.,1.,               11P      6
6.283185307,0.,0.,1.,0.,0.,1.;                                        11P      7
110,-4.766666667,0.,-2.5,4.766666667,0.,-2.5;                         13P      8
126,1,1,1,0,1,0,0.,0.,1.,1.,1.,1.,1.,6.283185307,0.,1.,               15P      9
3.141592654,0.,0.,1.,0.,0.,1.;                                        15P     10
124,-6.12323399573677E-017,4.27583144589696E-031,-1.,                 17P     11
4.76666666666667,-6.98296267768627E-015,-1.,0.,                       17P     12
3.32854554303045E-014,-1.,6.98296267768627E-015,                      17P     13
6.12323399573677E-017,4.76666666666667;                               17P     14
100,0.,4.766666667,0.,7.266666667,0.,2.266666667,0.;                  19P     15
126,1,1,1,0,1,0,0.,0.,1.,1.,1.,1.,1.,3.141592654,0.,0.,               21P     16
3.141592654,0.,0.,1.,0.,0.,1.;                                        21P     17
110,4.766666667,0.,2.5,-4.766666667,0.,2.5;                           23P     18
126,1,1,1,0,1,0,0.,0.,1.,1.,1.,1.,0.,3.141592654,0.,0.,               25P     19
6.283185307,0.,0.,1.,0.,0.,1.;                                        25P     20
124,-6.12323399573677E-017,-7.49879891330929E-033,1.,                 27P     21
-4.76666666666667,1.22464679914735E-016,-1.,0.,                       27P     22
5.83748307593572E-016,1.,1.22464679914735E-016,                       27P     23
6.12323399573677E-017,4.76666666666667;                               27P     24
100,0.,-4.766666667,0.,-2.266666667,0.,-7.266666667,0.;               29P     25
102,4,11,15,21,25;                                                    31P     26
102,4,13,19,23,29;                                                    33P     27
142,1,9,31,33,1;                                                      35P     28
144,9,1,0,35;                                                         37P     29
314,100.,0.,0.,;                                                      39P     30
110,-4.766666667,0.,0.,995.233333333,0.,0.;                           41P     31
110,-4.766666667,0.,-9.7,4.766666667,0.,-9.7;                         43P     32
120,41,43,0.,6.28318530717959;                                        45P     33
126,1,1,1,0,1,0,0.,0.,1.,1.,1.,1.,0.,6.181800606,0.,0.,               47P     34
6.283185307,0.,0.,1.,0.,0.,1.;                                        47P     35
124,6.09179101774753E-017,6.19739269884518E-018,1.,                   49P     36
-4.76666666666667,-0.101211103530586,0.994864972004805,0.,            49P     37
-0.482439593495794,-0.994864972004805,-0.101211103530586,             49P     38
6.12323399573677E-017,-4.74218969988957;                              49P     39
100,0.,-4.766666667,0.,4.933333333,0.,4.883523562,0.981747704;        51P     40
126,1,1,1,0,1,0,0.,0.,1.,1.,1.,1.,0.,6.283185307,0.,1.,               53P     41
6.283185307,0.,0.,1.,0.,0.,1.;                                        53P     42
110,-4.766666667,0.,-9.7,4.766666667,0.,-9.7;                         55P     43
126,1,1,1,0,1,0,0.,0.,1.,1.,1.,1.,1.,6.283185307,0.,1.,               57P     44
6.181800606,0.,0.,1.,0.,0.,1.;                                        57P     45
124,-6.12323399573677E-017,4.27583144589696E-031,-1.,                 59P     46
4.76666666666667,-6.98296267768627E-015,-1.,0.,                       59P     47
3.32854554303045E-014,-1.,6.98296267768627E-015,                      59P     48
6.12323399573677E-017,4.76666666666667;                               59P     49
100,0.,4.766666667,0.,14.466666667,0.,14.416856895,0.981747704;       61P     50
126,1,1,1,0,1,0,0.,0.,1.,1.,1.,1.,1.,6.181800606,0.,0.,               63P     51
6.181800606,0.,0.,1.,0.,0.,1.;                                        63P     52
110,4.766666667,-0.981747704,-9.650190228,-4.766666667,               65P     53
-0.981747704,-9.650190228;                                            65P     54
102,4,47,53,57,63;                                                    67P     55
102,4,51,55,61,65;                                                    69P     56
142,1,45,67,69,1;                                                     71P     57
144,45,1,0,71;                                                        73P     58
314,79.2156862745098,81.9607843137255,93.3333333333333,;              75P     59
110,-12.,0.,-6.5,-12.,-1000.,-6.5;                                    77P     60
110,-12.,8.559988399,-7.75,-12.,0.35,-7.75;                           79P     61
120,77,79,0.,6.28318530717959;                                        81P     62
126,1,1,1,0,1,0,0.,0.,1.,1.,1.,1.,0.272884194,6.283185307,0.,         83P     63
1.,6.283185307,0.,0.,1.,0.,0.,1.;                                     83P     64
110,-12.,6.31961233,-7.75,-12.,0.35,-7.75;                            85P     65
126,1,1,1,0,1,0,0.,0.,1.,1.,1.,1.,1.,6.283185307,0.,1.,               87P     66
3.141592654,0.,0.,1.,0.,0.,1.;                                        87P     67
124,6.12323399573677E-017,-1.,0.,-11.65,6.12323399573677E-017,        89P     68
3.74939945665464E-033,1.,6.85,-1.,-6.12323399573677E-017,             89P     69
6.12323399573677E-017,-18.5;                                          89P     70
100,-6.5,-12.,0.35,-10.75,0.35,-13.25,0.35;                           91P     71
126,1,1,1,0,1,0,0.,0.,1.,1.,1.,1.,1.,3.141592654,0.,                  93P     72
0.005964215,3.141592654,0.,0.,1.,0.,0.,1.;                            93P     73
110,-12.,0.35,-5.25,-12.,8.511022265,-5.25;                           95P     74
126,22,2,1,0,1,0,0.,0.,0.,0.125,0.125,0.25,0.25,0.375,0.375,          97P     75
0.5,0.5,0.5625,0.5625,0.625,0.625,0.75,0.75,0.8125,0.8125,            97P     76
0.875,0.875,0.9375,0.9375,1.,1.,1.,1.,1.,1.,1.,1.,1.,1.,1.,1.,        97P     77
1.,1.,1.,1.,1.,1.,1.,1.,1.,1.,1.,1.,1.,1.,0.005964215,                97P     78
3.141592654,0.,0.005964215,3.369402223,0.,0.01572362,                 97P     79
3.597601683,0.,0.024716634,3.807880997,0.,0.042209839,                97P     80
4.022383439,0.,0.057433847,4.209060907,0.,0.080031028,                97P     81
4.409612251,0.,0.098136898,4.570302941,0.,0.124153318,                97P     82
4.766776429,0.,0.133821404,4.839788882,0.,0.147268987,                97P     83
4.93804533,0.,0.158986973,5.023664259,0.,0.170782978,                 97P     84
5.109283187,0.,0.199135979,5.315077746,0.,0.216353149,                97P     85
5.4570741,0.,0.228273895,5.555388887,0.,0.23724071,5.642196277,       97P     86
0.,0.247925275,5.745633148,0.,0.255224586,5.840453573,0.,             97P     87
0.26372721,5.950905414,0.,0.26808941,6.05547819,0.,0.272884194,       97P     88
6.170421073,0.,0.272884194,6.283185307,0.,0.,1.,0.,0.,-1.;            97P     89
126,9,3,1,0,1,0,0.,0.,0.,0.,0.25,0.25,0.5,0.5,0.75,0.75,1.,1.,        99P     90
1.,1.,1.,1.,1.,1.,1.,1.,1.,1.,1.,1.,-12.,8.511022265,-5.25,           99P     91
-12.385533441,8.511022265,-5.25,-12.749299211,8.394156876,            99P     92
-5.444124368,-13.178807007,8.032735351,-5.964521991,                  99P     93
-13.263803652,7.791105785,-6.280448681,-13.232499766,                 99P     94
7.290276418,-6.85545292,-13.123807217,7.024240003,-7.125111172,       99P     95
-12.714446147,6.543223103,-7.569239609,-12.390373895,                 99P     96
6.31961233,-7.75,-12.,6.31961233,-7.75,0.,1.,0.,0.856731144,          99P     97
-0.515763267;                                                         99P     98
102,4,83,87,93,97;                                                   101P     99
102,4,85,91,95,99;                                                   103P    100
142,1,81,101,103,1;                                                  105P    101
144,81,1,0,105;                                                      107P    102
110,-12.,-20.,-6.5,-12.,980.,-6.5;                                   109P    103
110,-12.,-8.823220989,-4.8,-12.,-0.35,-4.8;                          111P    104
120,109,111,0.,6.28318530717959;                                     113P    105
126,1,1,1,0,1,0,0.,0.,1.,1.,1.,1.,0.005964215,6.283185307,0.,        115P    106
1.,6.283185307,0.,0.,1.,0.,0.,1.;                                    115P    107
110,-12.,-8.77268488,-4.8,-12.,-0.35,-4.8;                           117P    108
126,1,1,1,0,1,0,0.,0.,1.,1.,1.,1.,1.,6.283185307,0.,1.,              119P    109
3.141592654,0.,0.,1.,0.,0.,1.;                                       119P    110
124,6.12323399573677E-017,-1.,0.,-12.35,6.12323399573677E-017,       121P    111
3.74939945665464E-033,-1.,-6.85,1.,6.12323399573677E-017,            121P    112
6.12323399573677E-017,5.5;                                           121P    113
100,-6.5,-12.,-0.35,-10.3,-0.35,-13.7,-0.35;                         123P    114
126,1,1,1,0,1,0,0.,0.,1.,1.,1.,1.,1.,3.141592654,0.,                 125P    115
0.365809624,3.141592654,0.,0.,1.,0.,0.,1.;                           125P    116
110,-12.,-0.35,-8.2,-12.,-5.723635209,-8.2;                          127P    117
126,22,2,1,0,1,0,0.,0.,0.,0.0625,0.0625,0.125,0.125,0.1875,          129P    118
0.1875,0.25,0.25,0.3125,0.3125,0.375,0.375,0.4375,0.4375,0.5,        129P    119
0.5,0.625,0.625,0.75,0.75,1.,1.,1.,1.,1.,1.,1.,1.,1.,1.,1.,1.,       129P    120
1.,1.,1.,1.,1.,1.,1.,1.,1.,1.,1.,1.,1.,1.,0.365809624,               129P    121
3.141592654,0.,0.365809624,3.254587799,0.,0.358374697,               129P    122
3.37047386,0.,0.351823561,3.472584533,0.,0.339169578,                129P    123
3.582073986,0.,0.328617689,3.673374926,0.,0.313198085,               129P    124
3.775142525,0.,0.30065902,3.85789891,0.,0.283818704,3.95461766,      129P    125
0.,0.270711816,4.029894266,0.,0.252673539,4.126794477,0.,            129P    126
0.242577729,4.181028375,0.,0.221015631,4.294697494,0.,               129P    127
0.199992237,4.40552672,0.,0.189129903,4.463826006,0.,                129P    128
0.171716897,4.557283432,0.,0.157939742,4.635023558,0.,               129P    129
0.12378881,4.827726457,0.,0.099412673,4.995316099,0.,                129P    130
0.070179175,5.196300836,0.,0.05056085,5.390240824,0.,                129P    131
0.005964215,5.831107746,0.,0.005964215,6.283185307,0.,0.,1.,0.,      129P    132
0.,1.;                                                               129P    133
126,11,3,1,0,1,0,0.,0.,0.,0.,0.125,0.125,0.249999999999999,          131P    134
0.249999999999999,0.5,0.5,0.75,0.75,1.,1.,1.,1.,1.,1.,1.,1.,1.,      131P    135
1.,1.,1.,1.,1.,1.,1.,-12.,-5.723635209,-8.2,-12.262513709,           131P    136
-5.723635209,-8.2,-12.518767225,-5.818130528,-8.134864112,           131P    137
-12.930907441,-6.080593878,-7.940594125,-13.097873982,               131P    138
-6.245434173,-7.813155919,-13.508736968,-6.764218818,                131P    139
-7.378940133,-13.664571024,-7.138168331,-7.022822701,                131P    140
-13.725258856,-7.831756977,-6.239957409,-13.620810008,               131P    141
-8.156313965,-5.802342284,-13.027523668,-8.633301507,                131P    142
-5.065445545,-12.53282981,-8.77268488,-4.8,-12.,-8.77268488,         131P    143
-4.8,0.,1.,0.,-0.567536327,-0.823348358;                             131P    144
102,4,115,119,125,129;                                               133P    145
102,4,117,123,127,131;                                               135P    146
142,1,113,133,135,1;                                                 137P    147
144,113,1,0,137;                                                     139P    148
314,79.2156862745098,81.9607843137255,93.3333333333333,;             141P    149
110,12.,6.5,0.,12.,6.5,1000.;                                        143P    150
110,13.25,6.5,-8.563643316,13.25,6.5,-0.35;                          145P    151
120,143,145,0.,6.28318530717959;                                     147P    152
126,1,1,1,0,1,0,0.,0.,1.,1.,1.,1.,0.117402376,6.283185307,0.,        149P    153
1.,6.283185307,0.,0.,1.,0.,0.,1.;                                    149P    154
110,13.25,6.5,-7.599342077,13.25,6.5,-0.35;                          151P    155
126,1,1,1,0,1,0,0.,0.,1.,1.,1.,1.,1.,6.283185307,0.,1.,              153P    156
3.141592654,0.,0.,1.,0.,0.,1.;                                       153P    157
124,1.,-7.105427357601E-015,0.,4.55330217974398E-014,                155P    158
-7.105427357601E-015,-1.,6.98296267768627E-015,                      155P    159
13.0000000000001,-4.96169340471387E-029,-6.98296267768627E-015,      155P    160
-1.,-0.699999999999955;                                              155P    161
100,-0.35,12.,6.5,13.25,6.5,10.75,6.5;                               157P    162
126,1,1,1,0,1,0,0.,0.,1.,1.,1.,1.,1.,3.141592654,0.,                 159P    163
0.117402376,3.141592654,0.,0.,1.,0.,0.,1.;                           159P    164
110,10.75,6.5,-0.35,10.75,6.5,-7.599342077;                          161P    165
126,16,2,1,0,1,0,0.,0.,0.,0.125,0.125,0.25,0.25,0.375,0.375,         163P    166
0.5,0.5,0.625,0.625,0.75,0.75,0.875,0.875,1.,1.,1.,1.,1.,1.,1.,      163P    167
1.,1.,1.,1.,1.,1.,1.,1.,1.,1.,1.,1.,1.,0.117402376,3.141592654,      163P    168
0.,0.092950619,3.329437175,0.,0.075541023,3.488486779,0.,            163P    169
0.054314518,3.68240668,0.,0.03998819,3.864670937,0.,                 163P    170
0.023660867,4.072392508,0.,0.015317502,4.276571062,0.,               163P    171
0.006351351,4.495990382,0.,0.006406884,4.715088959,0.,               163P    172
0.006462171,4.933214616,0.,0.015459562,5.151669686,0.,               163P    173
0.023856081,5.355535695,0.,0.040214517,5.562981785,0.,               163P    174
0.054543186,5.744687798,0.,0.075734858,5.938060963,0.,               163P    175
0.093080015,6.096334842,0.,0.117402376,6.283185307,0.,0.,1.,0.,      163P    176
0.,-1.;                                                              163P    177
126,9,3,1,0,1,0,0.,0.,0.,0.,0.25,0.25,0.5,0.5,0.75,0.75,1.,1.,       165P    178
1.,1.,1.,1.,1.,1.,1.,1.,1.,1.,1.,1.,10.75,6.5,-7.599342077,          165P    179
10.75,6.219502758,-7.839261804,10.846189825,5.918305254,             165P    180
-8.06613158,11.279379181,5.427455207,-8.404257594,11.636050147,      165P    181
5.249012785,-8.511631227,12.370699792,5.250996328,-8.510407683,      165P    182
12.722564399,5.428235704,-8.403838804,13.156614386,5.922920127,      165P    183
-8.062832423,13.25,6.217519001,-7.840958584,13.25,6.5,               165P    184
-7.599342077,0.,1.,0.236110729,0.631622002,-0.738447947;             165P    185
102,4,149,153,159,163;                                               167P    186
102,4,151,157,161,165;                                               169P    187
142,1,147,167,169,1;                                                 171P    188
144,147,1,0,171;                                                     173P    189
110,12.,6.5,20.,12.,6.5,-980.;                                       175P    190
110,10.3,6.5,8.827630686,10.3,6.5,0.35;                              177P    191
120,175,177,0.,6.28318530717959;                                     179P    192
126,1,1,1,0,1,0,0.,0.,1.,1.,1.,1.,0.144885836,6.283185307,0.,        181P    193
1.,6.283185307,0.,0.,1.,0.,0.,1.;                                    181P    194
110,10.3,6.5,7.599342077,10.3,6.5,0.35;                              183P    195
126,1,1,1,0,1,0,0.,0.,1.,1.,1.,1.,1.,6.283185307,0.,1.,              185P    196
3.141592654,0.,0.,1.,0.,0.,1.;                                       185P    197
100,0.35,12.,6.5,10.3,6.5,13.7,6.5;                                  187P    198
126,1,1,1,0,1,0,0.,0.,1.,1.,1.,1.,1.,3.141592654,0.,                 189P    199
0.144885836,3.141592654,0.,0.,1.,0.,0.,1.;                           189P    200
110,13.7,6.5,0.35,13.7,6.5,7.599342077;                              191P    201
126,12,2,1,0,1,0,0.,0.,0.,0.125,0.125,0.25,0.25,0.5,0.5,0.75,        193P    202
0.75,0.875,0.875,1.,1.,1.,1.,1.,1.,1.,1.,1.,1.,1.,1.,1.,1.,1.,       193P    203
1.,0.144885836,3.141592654,0.,0.11361538,3.323907662,0.,             193P    204
0.090858721,3.488044807,0.,0.064275284,3.679783393,0.,               193P    205
0.046402631,3.86674561,0.,0.006328787,4.285950013,0.,                193P    206
0.006481847,4.715635585,0.,0.00663432,5.143670232,0.,                193P    207
0.046713553,5.561278417,0.,0.064603731,5.747686302,0.,               193P    208
0.091162061,5.938919199,0.,0.113817011,6.102045859,0.,               193P    209
0.144885836,6.283185307,0.,0.,1.,0.,0.,-1.;                          193P    210
126,9,3,1,0,1,0,0.,0.,0.,0.,0.25,0.25,0.5,0.5,0.75,0.75,1.,1.,       195P    211
1.,1.,1.,1.,1.,1.,1.,1.,1.,1.,1.,1.,13.7,6.5,7.599342077,13.7,       195P    212
6.122941904,7.921853894,13.570038446,5.708463693,8.220227173,        195P    213
12.974514693,5.036486569,8.648265465,12.490085808,4.79839992,        195P    214
8.77356037,11.498875756,4.801617999,8.771799585,11.022099458,        195P    215
5.038113319,8.64746127,10.42604078,5.715108598,8.215759609,          195P    216
10.3,6.118989116,7.925234861,10.3,6.5,7.599342077,0.,1.,             195P    217
-0.311923148,0.617569768,0.722019066;                                195P    218
102,4,181,185,189,193;                                               197P    219
102,4,183,187,191,195;                                               199P    220
142,1,179,197,199,1;                                                 201P    221
144,179,1,0,201;                                                     203P    222
110,-985.4,0.,0.,14.6,0.,0.;                                         205P    223
110,14.6,0.,-2.,15.,0.,-2.4;                                         207P    224
120,205,207,0.,6.28318530717959;                                     209P    225
126,2,2,1,0,1,0,0.,0.,0.,1.,1.,1.,1.,1.,1.,0.,1.394890559,0.,        211P    226
0.453746428,1.411020595,0.,1.,1.424441068,0.,0.,1.,0.,0.,-1.;        211P    227
126,3,3,1,0,1,0,0.,0.,0.,0.,1.,1.,1.,1.,1.,1.,1.,1.,14.6,            213P    228
1.969136867,-0.35,14.733156435,2.10438032,-0.35,14.866519601,        213P    229
2.239419178,-0.35,15.,2.374342014,-0.35,0.,1.,0.,0.,0.;              213P    230
126,1,1,1,0,1,0,0.,0.,1.,1.,1.,1.,1.,1.424441068,0.,1.,0.,0.,        215P    231
0.,1.,0.,0.,1.;                                                      215P    232
124,-8.92971624378283E-018,-6.05777155764409E-017,-1.,15.,           217P    233
0.989309172548647,-0.145833333333334,0.,-14.8396375882297,           217P    234
-0.145833333333334,-0.989309172548647,6.12323399573677E-017,         217P    235
2.18750000000001;                                                    217P    236
100,0.,15.,0.,17.4,0.,15.35,2.374342014;                             219P    237
126,1,1,1,0,1,0,0.,0.,1.,1.,1.,1.,1.,0.,0.,0.,0.,0.,0.,1.,0.,        221P    238
0.,1.;                                                               221P    239
110,15.,0.,-2.4,14.6,0.,-2.;                                         223P    240
126,1,1,1,0,1,0,0.,0.,1.,1.,1.,1.,0.,0.,0.,0.,1.394890559,0.,        225P    241
0.,1.,0.,0.,1.;                                                      225P    242
124,6.12323399573677E-017,0.,1.,14.6,0.,1.,0.,0.,-1.,0.,             227P    243
6.12323399573677E-017,14.6;                                          227P    244
100,0.,14.6,0.,16.6,0.,14.95,1.969136867;                            229P    245
102,4,211,215,221,225;                                               231P    246
102,4,213,219,223,229;                                               233P    247
142,1,209,231,233,1;                                                 235P    248
144,209,1,0,235;                                                     237P    249
110,-15.,0.,0.,985.,0.,0.;                                           239P    250
110,5.,0.,-2.,14.6,0.,-2.;                                           241P    251
120,239,241,0.,6.28318530717959;                                     243P    252
126,1,1,1,0,1,0,0.,0.,1.,1.,1.,1.,0.,6.283185307,0.,                 245P    253
0.392361111,6.283185307,0.,0.,1.,0.,0.,1.;                           245P    254
110,5.,0.,-2.,8.766666667,0.,-2.;                                    247P    255
126,1,1,1,0,1,0,0.,0.,1.,1.,1.,1.,0.392361111,6.283185307,0.,        249P    256
0.440972222,6.283185307,0.,0.,1.,0.,0.,1.;                           249P    257
110,8.766666667,0.,-2.,9.233333333,0.,-2.;                           251P    258
126,1,1,1,0,1,0,0.,0.,1.,1.,1.,1.,0.440972222,6.283185307,0.,        253P    259
1.,6.283185307,0.,0.,1.,0.,0.,1.;                                    253P    260
110,9.233333333,0.,-2.,14.6,0.,-2.;                                  255P    261
126,1,1,1,0,1,0,0.,0.,1.,1.,1.,1.,1.,6.283185307,0.,1.,              257P    262
4.888294749,0.,0.,1.,0.,0.,1.;                                       257P    263
124,-6.12323399573677E-017,4.27583144589696E-031,-1.,14.6,           259P    264
-6.98296267768627E-015,-1.,0.,1.0195125509422E-013,-1.,              259P    265
6.98296267768627E-015,6.12323399573677E-017,14.6;                    259P    266
100,0.,14.6,0.,16.6,0.,14.95,1.969136867;                            261P    267
126,1,1,1,0,1,0,0.,0.,1.,1.,1.,1.,1.,4.888294749,0.,                 263P    268
0.392361111,4.888294749,0.,0.,1.,0.,0.,1.;                           263P    269
110,14.6,-1.969136867,-0.35,8.766666667,-1.969136867,-0.35;          265P    270
126,1,1,1,0,1,0,0.,0.,1.,1.,1.,1.,0.392361111,4.888294749,0.,        267P    271
0.392361111,4.536483212,0.,0.,1.,0.,0.,1.;                           267P    272
124,-1.07156594925385E-017,6.02874290237576E-017,-1.,                269P    273
8.76666666666667,-0.984568433375763,-0.174999999999986,0.,           269P    274
8.63138326592752,-0.174999999999986,0.984568433375763,               269P    275
6.12323399573677E-017,1.53416666666654;                              269P    276
100,0.,8.766666667,0.,10.766666667,0.,10.644166667,0.689197903;      271P    277
126,1,1,1,0,1,0,0.,0.,1.,1.,1.,1.,0.392361111,4.536483212,0.,        273P    278
1.,4.536483212,0.,0.,1.,0.,0.,1.;                                    273P    279
110,8.766666667,-1.969136867,0.35,14.6,-1.969136867,0.35;            275P    280
126,1,1,1,0,1,0,0.,0.,1.,1.,1.,1.,1.,4.536483212,0.,1.,              277P    281
3.141592654,0.,0.,1.,0.,0.,1.;                                       277P    282
124,1.07156594925402E-017,6.02874290237573E-017,-1.,14.6,            279P    283
-0.984568433375759,0.175000000000014,0.,14.3746991272861,            279P    284
0.175000000000014,0.984568433375759,6.12323399573677E-017,           279P    285
-2.5550000000002;                                                    279P    286
100,0.,14.6,0.,16.6,0.,14.95,1.969136867;                            281P    287
126,1,1,1,0,1,0,0.,0.,1.,1.,1.,1.,1.,3.141592654,0.,0.,              283P    288
3.141592654,0.,0.,1.,0.,0.,1.;                                       283P    289
110,14.6,0.,2.,5.,0.,2.;                                             285P    290
126,1,1,1,0,1,0,0.,0.,1.,1.,1.,1.,0.,3.141592654,0.,0.,              287P    291
6.283185307,0.,0.,1.,0.,0.,1.;                                       287P    292
124,-6.12323399573677E-017,-7.49879891330929E-033,1.,5.,             289P    293
1.22464679914735E-016,-1.,0.,-6.12323399573677E-016,1.,              289P    294
1.22464679914735E-016,6.12323399573677E-017,-5.;                     289P    295
100,0.,5.,0.,7.,0.,3.,0.;                                            291P    296
102,10,245,249,253,257,263,267,273,277,283,287;                      293P    297
102,10,247,251,255,261,265,271,275,281,285,291;                      295P    298
142,1,243,293,295,1;                                                 297P    299
144,243,1,0,297;                                                     299P    300
110,-15.,0.,0.,985.,0.,0.;                                           301P    301
110,9.233333333,0.,-2.,14.6,0.,-2.;                                  303P    302
120,301,303,0.,6.28318530717959;                                     305P    303
126,1,1,1,0,1,0,0.,0.,1.,1.,1.,1.,0.,1.394890559,0.,1.,              307P    304
1.394890559,0.,0.,1.,0.,0.,1.;                                       307P    305
110,9.233333333,1.969136867,-0.35,14.6,1.969136867,-0.35;            309P    306
126,1,1,1,0,1,0,0.,0.,1.,1.,1.,1.,1.,1.394890559,0.,1.,0.,0.,        311P    307
0.,1.,0.,0.,1.;                                                      311P    308
124,-1.07156594925394E-017,-6.02874290237575E-017,-1.,14.6,          313P    309
0.984568433375761,-0.175000000000001,0.,-14.3746991272861,           313P    310
-0.175000000000001,-0.984568433375761,6.12323399573677E-017,         313P    311
2.55500000000001;                                                    313P    312
100,0.,14.6,0.,16.6,0.,14.95,1.969136867;                            315P    313
126,1,1,1,0,1,0,0.,0.,1.,1.,1.,1.,1.,0.,0.,0.,0.,0.,0.,1.,0.,        317P    314
0.,1.;                                                               317P    315
110,14.6,0.,-2.,9.233333333,0.,-2.;                                  319P    316
126,1,1,1,0,1,0,0.,0.,1.,1.,1.,1.,0.,0.,0.,0.,1.394890559,0.,        321P    317
0.,1.,0.,0.,1.;                                                      321P    318
124,6.12323399573677E-017,0.,1.,9.23333333333333,0.,1.,0.,0.,        323P    319
-1.,0.,6.12323399573677E-017,9.23333333333333;                       323P    320
100,0.,9.233333333,0.,11.233333333,0.,9.583333333,1.969136867;       325P    321
102,4,307,311,317,321;                                               327P    322
102,4,309,315,319,325;                                               329P    323
142,1,305,327,329,1;                                                 331P    324
144,305,1,0,331;                                                     333P    325
128,3,3,3,3,0,0,0,0,0,0.,0.,0.,0.,1.,1.,1.,1.,0.,0.,0.,0.,1.,        335P    326
1.,1.,1.,1.,0.755320871117971,0.755320871117971,1.,                  335P    327
0.810777816453889,0.612397406607077,0.612397406607077,               335P    328
0.810777816453889,0.810777816453889,0.612397406607077,               335P    329
0.612397406607077,0.810777816453889,1.,0.755320871117971,            335P    330
0.755320871117971,1.,14.99850125,9.666833659,0.249386286,            335P    331
15.018966127,9.870731974,0.254646483,14.87401613,10.01563376,        335P    332
0.258384679,14.670049975,9.995175689,0.257856899,14.99850125,        335P    333
9.523716784,5.796952851,15.018966127,9.724596397,5.919225453,        335P    334
14.87401613,9.867352921,6.006119348,14.670049975,9.847197731,        335P    335
5.993851166,14.99850125,5.549412331,9.670049975,15.018966127,        335P    336
5.66646367,9.87401613,14.87401613,5.749647035,10.018966127,          335P    337
14.670049975,5.737902728,9.99850125,14.99850125,0.,9.670049975,      335P    338
15.018966127,0.,9.87401613,14.87401613,0.,10.018966127,              335P    339
14.670049975,0.,9.99850125,0.,1.,0.,1.;                              335P    340
126,1,1,1,0,1,0,0.,0.,1.,1.,1.,1.,0.936858543,0.006589183,0.,        337P    341
0.936858543,1.,0.,0.,1.,0.,0.,1.;                                    337P    342
124,-2.14313189850787E-018,-6.11948236562558E-017,1.,14.7,           339P    343
0.999387312306895,-0.0350000000000001,0.,-14.6909934909114,          339P    344
0.0350000000000001,0.999387312306895,6.12323399573677E-017,          339P    345
-0.514500000000001;                                                  339P    346
100,0.,14.7,0.,24.7,0.,15.05,9.993873123;                            341P    347
126,1,1,1,0,1,0,0.,0.,1.,1.,1.,1.,0.936858543,1.,0.,                 343P    348
0.063141457,1.,0.,0.,1.,0.,0.,1.;                                    343P    349
124,1.40271576953299E-014,1.,0.,14.6999999999998,                    345P    350
7.04419501764363E-015,-9.88100343491444E-029,1.,                     345P    351
-9.7000000000001,1.,-1.40271576953299E-014,                          345P    352
-7.04419501764363E-015,-4.99999999999993;                            345P    353
100,9.7,14.7,0.,15.,0.,14.7,0.3;                                     347P    354
126,1,1,1,0,1,0,0.,0.,1.,1.,1.,1.,0.063141457,1.,0.,                 349P    355
0.063141457,0.007362112,0.,0.,1.,0.,0.,1.;                           349P    356
124,6.12323399573677E-017,0.,-1.,15.,0.,1.,0.,0.,1.,0.,              351P    357
6.12323399573677E-017,-15.;                                          351P    358
100,0.,15.,0.,24.7,0.,15.35,9.69368351;                              353P    359
126,4,2,1,0,1,0,0.,0.,0.,0.5,0.5,1.,1.,1.,1.,1.,1.,1.,1.,            355P    360
0.063141457,0.007362112,0.,0.45489571,0.006856939,0.,                355P    361
0.499691129,0.006811071,0.,0.716390101,0.006589183,0.,               355P    362
0.936858543,0.006589183,0.,0.,1.,0.,0.,-1.;                          355P    363
126,18,3,1,0,1,0,0.000407104166813809,0.000407104166813809,          357P    364
0.000407104166813809,0.000407104166813809,0.000469962470653818,      357P    365
0.000469962470653818,0.000469962470653818,0.00057161901579442,       357P    366
0.00057161901579442,0.00057161901579442,0.000673214971701604,        357P    367
0.000673214971701604,0.000673214971701604,0.000774773296454899,      357P    368
0.000774773296454899,0.000774773296454899,0.000876331904999572,      357P    369
0.000876331904999572,0.000876331904999572,0.000880394332065875,      357P    370
0.000880394332065875,0.000880394332065875,0.000880394332065875,      357P    371
1.,1.,1.,1.,1.,1.,1.,1.,1.,1.,1.,1.,1.,1.,1.,1.,1.,1.,1.,15.,        357P    372
9.69368351,0.35,15.,9.714497246,0.35,14.997813357,9.735422503,       357P    373
0.35,14.993510142,9.755786538,0.35,14.986565239,9.788651787,         357P    374
0.35,14.973855111,9.820771921,0.35,14.956428765,9.849489141,         357P    375
0.35,14.939012698,9.87818942,0.35,14.916406107,9.904281199,          357P    376
0.35,14.890476264,9.925604158,0.35,14.864556048,9.9469192,0.35,      357P    377
14.834600819,9.964055927,0.35,14.803087884,9.975593847,0.35,         357P    378
14.771575092,9.987131715,0.35,14.73763584,9.993388638,0.35,          357P    379
14.704080366,9.993845356,0.35,14.702720338,9.993863867,0.35,         357P    380
14.701360153,9.993873123,0.35,14.7,9.993873123,0.35,                 357P    381
0.000407104166813809,0.000880394332065875,0.,0.,0.;                  357P    382
102,4,337,343,349,355;                                               359P    383
102,4,341,347,353,357;                                               361P    384
142,1,335,359,361,1;                                                 363P    385
144,335,1,0,363;                                                     365P    386
128,3,3,3,3,0,0,0,0,0,0.,0.,0.,0.,1.,1.,1.,1.,0.,0.,0.,0.,1.,        367P    387
1.,1.,1.,1.,0.755320871117971,0.755320871117971,1.,                  367P    388
0.333333333333333,0.25177362370599,0.25177362370599,                 367P    389
0.333333333333333,0.333333333333333,0.25177362370599,                367P    390
0.25177362370599,0.333333333333333,1.,0.755320871117971,             367P    391
0.755320871117971,1.,14.99850125,0.,9.670049975,15.018966127,        367P    392
0.,9.87401613,14.87401613,0.,10.018966127,14.670049975,0.,           367P    393
9.99850125,14.99850125,-19.34009995,9.670049975,15.018966127,        367P    394
-19.748032259,9.87401613,14.87401613,-20.037932254,                  367P    395
10.018966127,14.670049975,-19.997002499,9.99850125,14.99850125,      367P    396
-19.34009995,-9.670049975,15.018966127,-19.748032259,                367P    397
-9.87401613,14.87401613,-20.037932254,-10.018966127,                 367P    398
14.670049975,-19.997002499,-9.99850125,14.99850125,0.,               367P    399
-9.670049975,15.018966127,0.,-9.87401613,14.87401613,0.,             367P    400
-10.018966127,14.670049975,0.,-9.99850125,0.,1.,0.,1.;               367P    401
126,1,1,1,0,1,0,0.,0.,1.,1.,1.,1.,0.063141457,0.,0.,                 369P    402
0.936858543,0.,0.,0.,1.,0.,0.,1.;                                    369P    403
124,1.,0.,0.,0.,0.,6.12323399573677E-017,-1.,9.7,0.,1.,              371P    404
6.12323399573677E-017,9.7;                                           371P    405
100,9.7,14.7,0.,15.,0.,14.7,0.3;                                     373P    406
126,1,1,1,0,1,0,0.,0.,1.,1.,1.,1.,0.936858543,0.,0.,                 375P    407
0.936858543,1.,0.,0.,1.,0.,0.,1.;                                    375P    408
124,-6.12323399573677E-017,-7.49879891330929E-033,1.,14.7,           377P    409
1.22464679914735E-016,-1.,0.,-1.80023079474661E-015,1.,              377P    410
1.22464679914735E-016,6.12323399573677E-017,-14.7;                   377P    411
100,0.,14.7,0.,24.7,0.,4.7,0.;                                       379P    412
126,1,1,1,0,1,0,0.,0.,1.,1.,1.,1.,0.936858543,1.,0.,                 381P    413
0.063141457,1.,0.,0.,1.,0.,0.,1.;                                    381P    414
124,1.40271576953299E-014,1.,0.,14.6999999999998,                    383P    415
-6.12323399573677E-017,8.58915688636046E-031,-1.,-9.7,-1.,           383P    416
1.40271576953299E-014,6.12323399573677E-017,5.;                      383P    417
100,-9.7,14.7,0.,15.,0.,14.7,0.3;                                    385P    418
126,1,1,1,0,1,0,0.,0.,1.,1.,1.,1.,0.063141457,1.,0.,                 387P    419
0.063141457,0.,0.,0.,1.,0.,0.,1.;                                    387P    420
124,-6.12323399573677E-017,4.27583144589696E-031,-1.,15.,            389P    421
-6.98296267768627E-015,-1.,0.,1.04744440165294E-013,-1.,             389P    422
6.98296267768627E-015,6.12323399573677E-017,15.;                     389P    423
100,0.,15.,0.,24.7,0.,5.3,0.;                                        391P    424
102,4,369,375,381,387;                                               393P    425
102,4,373,379,385,391;                                               395P    426
142,1,367,393,395,1;                                                 397P    427
144,367,1,0,397;                                                     399P    428
110,-15.,0.,0.,985.,0.,0.;                                           401P    429
110,-14.6,0.,-2.,-5.,0.,-2.;                                         403P    430
120,401,403,0.,6.28318530717959;                                     405P    431
126,1,1,1,0,1,0,0.,0.,1.,1.,1.,1.,0.607638889,3.317498422,0.,        407P    432
0.,3.317498422,0.,0.,1.,0.,0.,1.;                                    407P    433
110,-8.766666667,-0.35,1.969136867,-14.6,-0.35,1.969136867;          409P    434
126,1,1,1,0,1,0,0.,0.,1.,1.,1.,1.,0.,3.317498422,0.,0.,              411P    435
6.107279539,0.,0.,1.,0.,0.,1.;                                       411P    436
124,-6.02874290237573E-017,1.07156594925401E-017,1.,-14.6,           413P    437
-0.175000000000013,-0.984568433375759,0.,-2.55500000000019,          413P    438
0.984568433375759,-0.175000000000013,6.12323399573677E-017,          413P    439
14.3746991272861;                                                    413P    440
100,0.,-14.6,0.,-12.6,0.,-16.4775,0.689197903;                       415P    441
126,1,1,1,0,1,0,0.,0.,1.,1.,1.,1.,0.,6.107279539,0.,                 417P    442
0.607638889,6.107279539,0.,0.,1.,0.,0.,1.;                           417P    443
110,-14.6,-0.35,-1.969136867,-8.766666667,-0.35,-1.969136867;        419P    444
126,1,1,1,0,1,0,0.,0.,1.,1.,1.,1.,0.607638889,6.107279539,0.,        421P    445
0.607638889,6.283185307,0.,0.,1.,0.,0.,1.;                           421P    446
124,6.02874290237576E-017,1.07156594925385E-017,1.,                  423P    447
-8.76666666666667,-0.174999999999986,0.984568433375763,0.,           423P    448
-1.53416666666654,-0.984568433375763,-0.174999999999986,             423P    449
6.12323399573677E-017,-8.63138326592752;                             423P    450
100,0.,-8.766666667,0.,-6.766666667,0.,-6.7975298,0.35;              425P    451
126,1,1,1,0,1,0,0.,0.,1.,1.,1.,1.,0.607638889,6.283185307,0.,        427P    452
1.,6.283185307,0.,0.,1.,0.,0.,1.;                                    427P    453
110,-8.766666667,0.,-2.,-5.,0.,-2.;                                  429P    454
126,1,1,1,0,1,0,0.,0.,1.,1.,1.,1.,1.,6.283185307,0.,1.,              431P    455
3.141592654,0.,0.,1.,0.,0.,1.;                                       431P    456
124,-6.12323399573677E-017,4.27583144589696E-031,-1.,-5.,            433P    457
-6.98296267768627E-015,-1.,0.,-3.49148133884313E-014,-1.,            433P    458
6.98296267768627E-015,6.12323399573677E-017,-5.;                     433P    459
100,0.,-5.,0.,-3.,0.,-7.,0.;                                         435P    460
126,1,1,1,0,1,0,0.,0.,1.,1.,1.,1.,1.,3.141592654,0.,                 437P    461
0.607638889,3.141592654,0.,0.,1.,0.,0.,1.;                           437P    462
110,-5.,0.,2.,-8.766666667,0.,2.;                                    439P    463
126,1,1,1,0,1,0,0.,0.,1.,1.,1.,1.,0.607638889,3.141592654,0.,        441P    464
0.607638889,3.317498422,0.,0.,1.,0.,0.,1.;                           441P    465
124,-6.12323399573677E-017,-7.49879891330929E-033,1.,                443P    466
-8.76666666666667,1.22464679914735E-016,-1.,0.,                      443P    467
1.07360702725251E-015,1.,1.22464679914735E-016,                      443P    468
6.12323399573677E-017,8.76666666666667;                              443P    469
100,0.,-8.766666667,0.,-6.766666667,0.,-6.7975298,0.35;              445P    470
102,8,407,411,417,421,427,431,437,441;                               447P    471
102,8,409,415,419,425,429,435,439,445;                               449P    472
142,1,405,447,449,1;                                                 451P    473
144,405,1,0,451;                                                     453P    474
110,-15.,0.,0.,985.,0.,0.;                                           455P    475
110,-4.766666667,0.,-10.,14.7,0.,-10.;                               457P    476
120,455,457,0.,6.28318530717959;                                     459P    477
126,1,1,1,0,1,0,0.,0.,1.,1.,1.,1.,0.501712329,3.043259489,0.,        461P    478
0.501712329,3.141592654,0.,0.,1.,0.,0.,1.;                           461P    479
124,-6.09365380872439E-017,-6.0114709178806E-018,1.,5.,              463P    480
0.0981747704246812,-0.995169188857885,0.,-0.490873852123406,         463P    481
0.995169188857885,0.0981747704246812,6.12323399573677E-017,          463P    482
-4.97584594428943;                                                   463P    483
100,0.,5.,0.,15.,0.,14.951691889,0.981747704;                        465P    484
126,1,1,1,0,1,0,0.,0.,1.,1.,1.,1.,0.501712329,3.141592654,0.,        467P    485
1.,3.141592654,0.,0.,1.,0.,0.,1.;                                    467P    486
110,5.,0.,10.,14.7,0.,10.;                                           469P    487
126,1,1,1,0,1,0,0.,0.,1.,1.,1.,1.,1.,3.141592654,0.,1.,              471P    488
1.605803477,0.,0.,1.,0.,0.,1.;                                       471P    489
124,6.12323399573677E-017,0.,-1.,14.7,0.,1.,0.,0.,1.,0.,             473P    490
6.12323399573677E-017,-14.7;                                         473P    491
100,0.,14.7,0.,24.7,0.,15.05,9.993873123;                            475P    492
126,1,1,1,0,1,0,0.,0.,1.,1.,1.,1.,1.,1.605803477,0.,                 477P    493
0.695205479,1.605803477,0.,0.,1.,0.,0.,1.;                           477P    494
110,14.7,9.993873123,0.35,8.766666667,9.993873123,0.35;              479P    495
126,1,1,1,0,1,0,0.,0.,1.,1.,1.,1.,0.695205479,1.605803477,0.,        481P    496
0.695205479,0.,0.,0.,1.,0.,0.,1.;                                    481P    497
124,2.14313189850788E-018,-6.11948236562558E-017,-1.,                483P    498
8.76666666666667,0.999387312306895,0.0350000000000002,0.,            483P    499
-8.76129543789045,0.0350000000000002,-0.999387312306895,             483P    500
6.12323399573677E-017,-0.306833333333335;                            483P    501
100,0.,8.766666667,0.,18.766666667,0.,8.416666667,9.993873123;       485P    502
126,1,1,1,0,1,0,0.,0.,1.,1.,1.,1.,0.695205479,0.,0.,                 487P    503
0.501712329,0.,0.,0.,1.,0.,0.,1.;                                    487P    504
110,8.766666667,0.,-10.,5.,0.,-10.;                                  489P    505
126,1,1,1,0,1,0,0.,0.,1.,1.,1.,1.,0.501712329,0.,0.,                 491P    506
0.501712329,0.883731328,0.,0.,1.,0.,0.,1.;                           491P    507
124,6.12323399573677E-017,0.,1.,5.,0.,1.,0.,0.,-1.,0.,               493P    508
6.12323399573677E-017,5.;                                            493P    509
100,0.,5.,0.,15.,0.,11.34270836,7.731109278;                         495P    510
126,1,1,1,0,1,0,0.,0.,1.,1.,1.,1.,0.501712329,0.883731328,0.,        497P    511
0.,0.883731328,0.,0.,1.,0.,0.,1.;                                    497P    512
110,5.,7.731109278,-6.34270836,-4.766666667,7.731109278,             499P    513
-6.34270836;                                                         499P    514
126,1,1,1,0,1,0,0.,0.,1.,1.,1.,1.,0.,0.883731328,0.,0.,              501P    515
1.472463162,0.,0.,1.,0.,0.,1.;                                       501P    516
124,3.88378874525834E-017,-4.73393911544615E-017,1.,                 503P    517
-4.76666666666667,0.773110927778051,0.634270835960602,0.,            503P    518
3.68516208907538,-0.634270835960602,0.773110927778051,               503P    519
6.12323399573677E-017,-3.0233576514122;                              503P    520
100,0.,-4.766666667,0.,5.233333333,0.,3.549789019,5.553068055;       505P    521
126,1,1,1,0,1,0,0.,0.,1.,1.,1.,1.,0.,1.472463162,0.,                 507P    522
0.501712329,1.472463162,0.,0.,1.,0.,0.,1.;                           507P    523
110,-4.766666667,9.951691889,-0.981747704,5.,9.951691889,            509P    524
-0.981747704;                                                        509P    525
126,1,1,1,0,1,0,0.,0.,1.,1.,1.,1.,0.501712329,1.472463162,0.,        511P    526
0.501712329,2.454527655,0.,0.,1.,0.,0.,1.;                           511P    527
124,6.0114709178806E-018,-6.09365380872439E-017,1.,5.,               513P    528
0.995169188857885,0.0981747704246811,0.,-4.97584594428943,           513P    529
-0.0981747704246811,0.995169188857885,6.12323399573677E-017,         513P    530
0.490873852123406;                                                   513P    531
100,0.,5.,0.,15.,0.,10.553068055,8.316455686;                        515P    532
126,1,1,1,0,1,0,0.,0.,1.,1.,1.,1.,0.501712329,2.454527655,0.,        517P    533
0.,2.454527655,0.,0.,1.,0.,0.,1.;                                    517P    534
110,5.,6.34270836,7.731109278,-4.766666667,6.34270836,               519P    535
7.731109278;                                                         519P    536
126,1,1,1,0,1,0,0.,0.,1.,1.,1.,1.,0.,2.454527655,0.,0.,              521P    537
3.043259489,0.,0.,1.,0.,0.,1.;                                       521P    538
124,-4.73393911544616E-017,-3.88378874525834E-017,1.,                523P    539
-4.76666666666667,0.634270835960602,-0.773110927778051,0.,           523P    540
3.0233576514122,0.773110927778051,0.634270835960602,                 523P    541
6.12323399573677E-017,3.68516208907538;                              523P    542
100,0.,-4.766666667,0.,5.233333333,0.,3.549789019,5.553068055;       525P    543
126,1,1,1,0,1,0,0.,0.,1.,1.,1.,1.,0.,3.043259489,0.,                 527P    544
0.501712329,3.043259489,0.,0.,1.,0.,0.,1.;                           527P    545
110,-4.766666667,0.981747704,9.951691889,5.,0.981747704,             529P    546
9.951691889;                                                         529P    547
102,14,461,467,471,477,481,487,491,497,501,507,511,517,521,527;      531P    548
102,14,465,469,475,479,485,489,495,499,505,509,515,519,525,529;      533P    549
142,1,459,531,533,1;                                                 535P    550
126,28,2,1,0,1,0,0.,0.,0.,0.125,0.125,0.1875,0.1875,0.25,0.25,       537P    551
0.3125,0.3125,0.375,0.375,0.4375,0.4375,0.5,0.5,0.5625,0.5625,       537P    552
0.625,0.625,0.6875,0.6875,0.75,0.75,0.8125,0.8125,0.875,0.875,       537P    553
1.,1.,1.,1.,1.,1.,1.,1.,1.,1.,1.,1.,1.,1.,1.,1.,1.,1.,1.,1.,1.,      537P    554
1.,1.,1.,1.,1.,1.,1.,1.,1.,1.,1.,0.948630137,2.434008217,0.,         537P    555
0.948630137,2.472989176,0.,0.943441354,2.507714089,0.,               537P    556
0.94070084,2.526054443,0.,0.936585105,2.542556665,0.,                537P    557
0.932306583,2.559711592,0.,0.926658043,2.574422414,0.,               537P    558
0.920788757,2.589708137,0.,0.913632564,2.601863531,0.,               537P    559
0.906278517,2.614354998,0.,0.897856055,2.623055685,0.,               537P    560
0.88929335,2.631901249,0.,0.880020832,2.636427976,0.,                537P    561
0.870642706,2.64100626,0.,0.861017848,2.64093692,0.,                 537P    562
0.851386897,2.640867536,0.,0.842018066,2.636148343,0.,               537P    563
0.832797285,2.631503725,0.,0.824293114,2.622583534,0.,               537P    564
0.815937542,2.613819213,0.,0.808647813,2.601313241,0.,               537P    565
0.801565202,2.589162591,0.,0.795757027,2.573931976,0.,               537P    566
0.7901532,2.55923722,0.,0.785910289,2.542124995,0.,0.781817107,      537P    567
2.52561665,0.,0.779096758,2.507280026,0.,0.773972603,                537P    568
2.472740453,0.,0.773972603,2.434008217,0.,0.,1.,0.,0.,1.;            537P    569
126,9,3,1,0,1,0,0.,0.,0.,0.,0.25,0.25,0.5,0.5,0.75,0.75,1.,1.,       539P    570
1.,1.,1.,1.,1.,1.,1.,1.,1.,1.,1.,1.,13.7,6.5,7.599342077,13.7,       539P    571
6.122941904,7.921853894,13.570038446,5.708463693,8.220227173,        539P    572
12.974514693,5.036486569,8.648265465,12.490085808,4.79839992,        539P    573
8.77356037,11.498875756,4.801617999,8.771799585,11.022099458,        539P    574
5.038113319,8.64746127,10.42604078,5.715108598,8.215759609,          539P    575
10.3,6.118989116,7.925234861,10.3,6.5,7.599342077,0.,1.,             539P    576
-0.311923148,0.617569768,0.722019066;                                539P    577
126,32,2,1,0,1,0,0.,0.,0.,0.0625,0.0625,0.125,0.125,0.1875,          541P    578
0.1875,0.25,0.25,0.3125,0.3125,0.375,0.375,0.4375,0.4375,0.5,        541P    579
0.5,0.5625,0.5625,0.625,0.625,0.6875,0.6875,0.75,0.75,0.8125,        541P    580
0.8125,0.875,0.875,0.9375,0.9375,1.,1.,1.,1.,1.,1.,1.,1.,1.,1.,      541P    581
1.,1.,1.,1.,1.,1.,1.,1.,1.,1.,1.,1.,1.,1.,1.,1.,1.,1.,1.,1.,1.,      541P    582
1.,1.,1.,1.,1.,0.773972603,2.434008217,0.,0.773972603,               541P    583
2.413379966,0.,0.77544718,2.392317222,0.,0.776878791,                541P    584
2.371868216,0.,0.779655393,2.351635591,0.,0.782408178,               541P    585
2.331576511,0.,0.786381249,2.312459133,0.,0.790474234,               541P    586
2.292764755,0.,0.795678442,2.274941986,0.,0.801141037,               541P    587
2.256234324,0.,0.807546177,2.240546666,0.,0.814610348,               541P    588
2.223244888,0.,0.822429638,2.210571329,0.,0.831264672,               541P    589
2.196251444,0.,0.840601453,2.188595545,0.,0.850959769,               541P    590
2.180102016,0.,0.861497196,2.180182382,0.,0.872009693,               541P    591
2.180262557,0.,0.882337267,2.188873357,0.,0.891657888,               541P    592
2.196644591,0.,0.900470662,2.211055765,0.,0.908260228,               541P    593
2.223793729,0.,0.91529136,2.241123557,0.,0.921624063,                541P    594
2.256731946,0.,0.927026905,2.275293943,0.,0.93218089,                541P    595
2.29300097,0.,0.936239422,2.312545447,0.,0.940229418,                541P    596
2.331759882,0.,0.942986525,2.351921575,0.,0.945747324,               541P    597
2.372110278,0.,0.947169047,2.392510314,0.,0.948630137,               541P    598
2.413475221,0.,0.948630137,2.434008217,0.,0.,1.,0.,0.,1.;            541P    599
126,13,3,1,0,1,0,0.,0.,0.,0.,0.25,0.25,0.375,0.375,0.5,0.5,          543P    600
0.625,0.625,0.75,0.75,1.,1.,1.,1.,1.,1.,1.,1.,1.,1.,1.,1.,1.,        543P    601
1.,1.,1.,1.,1.,10.3,6.5,7.599342077,10.3,6.924459322,                543P    602
7.236286228,10.44853387,7.3095799,6.841228792,10.859543579,          543P    603
7.77768378,6.290129366,11.030119387,7.91633508,6.112539789,          543P    604
11.456474511,8.128267025,5.827759341,11.727373406,8.200615613,       543P    605
5.722753248,12.28025075,8.199375839,5.724529416,12.549481837,        543P    606
8.126306176,5.830537432,12.975509254,7.912509739,6.117532873,        543P    607
13.144312844,7.773842081,6.294780916,13.549745542,7.310426363,       543P    608
6.839971955,13.7,6.920055779,7.240052742,13.7,6.5,7.599342077,       543P    609
0.,1.,0.318398088,0.616172113,0.720385025;                           543P    610
102,2,537,541;                                                       545P    611
102,2,539,543;                                                       547P    612
142,1,459,545,547,1;                                                 549P    613
144,459,1,1,535,549;                                                 551P    614
110,-15.,0.,0.,985.,0.,0.;                                           553P    615
110,-4.766666667,0.,-10.,14.7,0.,-10.;                               555P    616
120,553,555,0.,6.28318530717959;                                     557P    617
126,1,1,1,0,1,0,0.,0.,1.,1.,1.,1.,1.,3.141592654,0.,                 559P    618
0.501712329,3.141592654,0.,0.,1.,0.,0.,1.;                           559P    619
110,14.7,0.,10.,5.,0.,10.;                                           561P    620
126,1,1,1,0,1,0,0.,0.,1.,1.,1.,1.,0.501712329,3.141592654,0.,        563P    621
0.501712329,4.025323981,0.,0.,1.,0.,0.,1.;                           563P    622
124,-6.12323399573677E-017,-7.49879891330929E-033,1.,5.,             565P    623
1.22464679914735E-016,-1.,0.,-6.12323399573677E-016,1.,              565P    624
1.22464679914735E-016,6.12323399573677E-017,-5.;                     565P    625
100,0.,5.,0.,15.,0.,11.34270836,7.731109278;                         567P    626
126,1,1,1,0,1,0,0.,0.,1.,1.,1.,1.,0.501712329,4.025323981,0.,        569P    627
0.,4.025323981,0.,0.,1.,0.,0.,1.;                                    569P    628
110,5.,-7.731109278,6.34270836,-4.766666667,-7.731109278,            571P    629
6.34270836;                                                          571P    630
126,1,1,1,0,1,0,0.,0.,1.,1.,1.,1.,0.,4.025323981,0.,0.,              573P    631
4.614055816,0.,0.,1.,0.,0.,1.;                                       573P    632
124,-3.88378874525827E-017,4.73393911544621E-017,1.,                 575P    633
-4.76666666666667,-0.77311092777806,-0.634270835960592,0.,           575P    634
-3.68516208907542,0.634270835960592,-0.77311092777806,               575P    635
6.12323399573677E-017,3.02335765141215;                              575P    636
100,0.,-4.766666667,0.,5.233333333,0.,3.549789019,5.553068055;       577P    637
126,1,1,1,0,1,0,0.,0.,1.,1.,1.,1.,0.,4.614055816,0.,                 579P    638
0.501712329,4.614055816,0.,0.,1.,0.,0.,1.;                           579P    639
110,-4.766666667,-9.951691889,0.981747704,5.,-9.951691889,           581P    640
0.981747704;                                                         581P    641
126,1,1,1,0,1,0,0.,0.,1.,1.,1.,1.,0.501712329,4.614055816,0.,        583P    642
0.501712329,5.596120308,0.,0.,1.,0.,0.,1.;                           583P    643
124,-6.01147091787977E-018,6.09365380872439E-017,1.,5.,              585P    644
-0.995169188857887,-0.0981747704246675,0.,4.97584594428943,          585P    645
0.0981747704246675,-0.995169188857887,6.12323399573677E-017,         585P    646
-0.490873852123338;                                                  585P    647
100,0.,5.,0.,15.,0.,10.553068055,8.316455686;                        587P    648
126,1,1,1,0,1,0,0.,0.,1.,1.,1.,1.,0.501712329,5.596120308,0.,        589P    649
0.,5.596120308,0.,0.,1.,0.,0.,1.;                                    589P    650
110,5.,-6.34270836,-7.731109278,-4.766666667,-6.34270836,            591P    651
-7.731109278;                                                        591P    652
126,1,1,1,0,1,0,0.,0.,1.,1.,1.,1.,0.,5.596120308,0.,0.,              593P    653
6.184852143,0.,0.,1.,0.,0.,1.;                                       593P    654
124,4.73393911544621E-017,3.88378874525827E-017,1.,                  595P    655
-4.76666666666667,-0.634270835960592,0.77311092777806,0.,            595P    656
-3.02335765141215,-0.77311092777806,-0.634270835960592,              595P    657
6.12323399573677E-017,-3.68516208907542;                             595P    658
100,0.,-4.766666667,0.,5.233333333,0.,3.549789019,5.553068055;       597P    659
126,1,1,1,0,1,0,0.,0.,1.,1.,1.,1.,0.,6.184852143,0.,                 599P    660
0.501712329,6.184852143,0.,0.,1.,0.,0.,1.;                           599P    661
110,-4.766666667,-0.981747704,-9.951691889,5.,-0.981747704,          601P    662
-9.951691889;                                                        601P    663
126,1,1,1,0,1,0,0.,0.,1.,1.,1.,1.,0.501712329,6.184852143,0.,        603P    664
0.501712329,6.283185307,0.,0.,1.,0.,0.,1.;                           603P    665
124,6.09365380872439E-017,6.01147091787966E-018,1.,5.,               605P    666
-0.0981747704246658,0.995169188857887,0.,0.490873852123329,          605P    667
-0.995169188857887,-0.0981747704246658,6.12323399573677E-017,        605P    668
4.97584594428943;                                                    605P    669
100,0.,5.,0.,15.,0.,14.951691889,0.981747704;                        607P    670
126,1,1,1,0,1,0,0.,0.,1.,1.,1.,1.,0.501712329,6.283185307,0.,        609P    671
0.695205479,6.283185307,0.,0.,1.,0.,0.,1.;                           609P    672
110,5.,0.,-10.,8.766666667,0.,-10.;                                  611P    673
126,1,1,1,0,1,0,0.,0.,1.,1.,1.,1.,0.695205479,6.283185307,0.,        613P    674
0.719178082,6.283185307,0.,0.,1.,0.,0.,1.;                           613P    675
110,8.766666667,0.,-10.,9.233333333,0.,-10.;                         615P    676
126,1,1,1,0,1,0,0.,0.,1.,1.,1.,1.,0.719178082,6.283185307,0.,        617P    677
1.,6.283185307,0.,0.,1.,0.,0.,1.;                                    617P    678
110,9.233333333,0.,-10.,14.7,0.,-10.;                                619P    679
126,1,1,1,0,1,0,0.,0.,1.,1.,1.,1.,1.,6.283185307,0.,1.,              621P    680
3.141592654,0.,0.,1.,0.,0.,1.;                                       621P    681
124,-6.12323399573677E-017,4.27583144589696E-031,-1.,14.7,           623P    682
-6.98296267768627E-015,-1.,0.,1.02649551361988E-013,-1.,             623P    683
6.98296267768627E-015,6.12323399573677E-017,14.7;                    623P    684
100,0.,14.7,0.,24.7,0.,4.7,0.;                                       625P    685
102,14,559,563,569,573,579,583,589,593,599,603,609,613,617,621;      627P    686
102,14,561,567,571,577,581,587,591,597,601,607,611,615,619,625;      629P    687
142,1,557,627,629,1;                                                 631P    688
144,557,1,0,631;                                                     633P    689
110,-15.,0.,0.,985.,0.,0.;                                           635P    690
110,-14.7,0.,-10.,4.766666667,0.,-10.;                               637P    691
120,635,637,0.,6.28318530717959;                                     639P    692
126,1,1,1,0,1,0,0.,0.,1.,1.,1.,1.,0.,0.03500715,0.,0.,               641P    693
3.141592654,0.,0.,1.,0.,0.,1.;                                       641P    694
124,6.11948236562558E-017,-2.14313189850785E-018,1.,-14.7,           643P    695
0.0349999999999997,0.999387312306895,0.,0.514499999999995,           643P    696
-0.999387312306895,0.0349999999999997,6.12323399573677E-017,         643P    697
-14.6909934909114;                                                   643P    698
100,0.,-14.7,0.,-4.7,0.,-24.693873123,0.35;                          645P    699
126,1,1,1,0,1,0,0.,0.,1.,1.,1.,1.,0.,3.141592654,0.,                 647P    700
0.498287671,3.141592654,0.,0.,1.,0.,0.,1.;                           647P    701
110,-14.7,0.,10.,-5.,0.,10.;                                         649P    702
126,1,1,1,0,1,0,0.,0.,1.,1.,1.,1.,0.498287671,3.141592654,0.,        651P    703
0.498287671,2.257861326,0.,0.,1.,0.,0.,1.;                           651P    704
124,6.12323399573677E-017,0.,-1.,-5.,0.,1.,0.,0.,1.,0.,              653P    705
6.12323399573677E-017,5.;                                            653P    706
100,0.,-5.,0.,5.,0.,1.34270836,7.731109278;                          655P    707
126,1,1,1,0,1,0,0.,0.,1.,1.,1.,1.,0.498287671,2.257861326,0.,        657P    708
1.,2.257861326,0.,0.,1.,0.,0.,1.;                                    657P    709
110,-5.,7.731109278,6.34270836,4.766666667,7.731109278,              659P    710
6.34270836;                                                          659P    711
126,1,1,1,0,1,0,0.,0.,1.,1.,1.,1.,1.,2.257861326,0.,1.,              661P    712
1.669129491,0.,0.,1.,0.,0.,1.;                                       661P    713
124,3.88378874525834E-017,-4.73393911544615E-017,-1.,                663P    714
4.76666666666667,0.773110927778051,0.634270835960602,0.,             663P    715
-3.68516208907538,0.634270835960602,-0.773110927778051,              663P    716
6.12323399573677E-017,-3.0233576514122;                              663P    717
100,0.,4.766666667,0.,14.766666667,0.,13.083122353,5.553068055;      665P    718
126,1,1,1,0,1,0,0.,0.,1.,1.,1.,1.,1.,1.669129491,0.,                 667P    719
0.498287671,1.669129491,0.,0.,1.,0.,0.,1.;                           667P    720
110,4.766666667,9.951691889,0.981747704,-5.,9.951691889,             669P    721
0.981747704;                                                         669P    722
126,1,1,1,0,1,0,0.,0.,1.,1.,1.,1.,0.498287671,1.669129491,0.,        671P    723
0.498287671,0.687064999,0.,0.,1.,0.,0.,1.;                           671P    724
124,6.0114709178806E-018,-6.09365380872439E-017,-1.,-5.,             673P    725
0.995169188857885,0.0981747704246811,0.,4.97584594428943,            673P    726
0.0981747704246811,-0.995169188857885,6.12323399573677E-017,         673P    727
0.490873852123406;                                                   673P    728
100,0.,-5.,0.,5.,0.,0.553068055,8.316455686;                         675P    729
126,1,1,1,0,1,0,0.,0.,1.,1.,1.,1.,0.498287671,0.687064999,0.,        677P    730
1.,0.687064999,0.,0.,1.,0.,0.,1.;                                    677P    731
110,-5.,6.34270836,-7.731109278,4.766666667,6.34270836,              679P    732
-7.731109278;                                                        679P    733
126,1,1,1,0,1,0,0.,0.,1.,1.,1.,1.,1.,0.687064999,0.,1.,              681P    734
0.098333164,0.,0.,1.,0.,0.,1.;                                       681P    735
124,-4.73393911544616E-017,-3.88378874525834E-017,-1.,               683P    736
4.76666666666667,0.634270835960602,-0.773110927778051,0.,            683P    737
-3.0233576514122,-0.773110927778051,-0.634270835960602,              683P    738
6.12323399573677E-017,3.68516208907538;                              683P    739
100,0.,4.766666667,0.,14.766666667,0.,13.083122353,5.553068055;      685P    740
126,1,1,1,0,1,0,0.,0.,1.,1.,1.,1.,1.,0.098333164,0.,                 687P    741
0.498287671,0.098333164,0.,0.,1.,0.,0.,1.;                           687P    742
110,4.766666667,0.981747704,-9.951691889,-5.,0.981747704,            689P    743
-9.951691889;                                                        689P    744
126,1,1,1,0,1,0,0.,0.,1.,1.,1.,1.,0.498287671,0.098333164,0.,        691P    745
0.498287671,0.,0.,0.,1.,0.,0.,1.;                                    691P    746
124,-6.09365380872439E-017,-6.01147091788052E-018,-1.,-5.,           693P    747
0.0981747704246799,-0.995169188857886,0.,0.490873852123399,          693P    748
-0.995169188857886,-0.0981747704246799,6.12323399573677E-017,        693P    749
-4.97584594428943;                                                   693P    750
100,0.,-5.,0.,5.,0.,4.951691889,0.981747704;                         695P    751
126,1,1,1,0,1,0,0.,0.,1.,1.,1.,1.,0.498287671,0.,0.,                 697P    752
0.304794521,0.,0.,0.,1.,0.,0.,1.;                                    697P    753
110,-5.,0.,-10.,-8.766666667,0.,-10.;                                699P    754
126,1,1,1,0,1,0,0.,0.,1.,1.,1.,1.,0.304794521,0.,0.,                 701P    755
0.304794521,1.570796327,0.,0.,1.,0.,0.,1.;                           701P    756
124,6.12323399573677E-017,0.,1.,-8.76666666666667,0.,1.,0.,0.,       703P    757
-1.,0.,6.12323399573677E-017,-8.76666666666667;                      703P    758
100,0.,-8.766666667,0.,1.233333333,0.,-8.766666667,10.;              705P    759
126,1,1,1,0,1,0,0.,0.,1.,1.,1.,1.,0.304794521,1.570796327,0.,        707P    760
0.280821918,1.570796327,0.,0.,1.,0.,0.,1.;                           707P    761
110,-8.766666667,10.,0.,-9.233333333,10.,0.;                         709P    762
126,1,1,1,0,1,0,0.,0.,1.,1.,1.,1.,0.280821918,1.570796327,0.,        711P    763
0.280821918,0.03500715,0.,0.,1.,0.,0.,1.;                            711P    764
124,3.74939945665464E-033,-6.12323399573677E-017,-1.,                713P    765
-9.23333333333333,1.,6.12323399573677E-017,0.,9.23333333333333,      713P    766
6.12323399573677E-017,-1.,6.12323399573677E-017,                     713P    767
5.65378605606361E-016;                                               713P    768
100,0.,-9.233333333,0.,0.766666667,0.,-8.883333333,9.993873123;      715P    769
126,1,1,1,0,1,0,0.,0.,1.,1.,1.,1.,0.280821918,0.03500715,0.,0.,      717P    770
0.03500715,0.,0.,1.,0.,0.,1.;                                        717P    771
110,-9.233333333,0.35,-9.993873123,-14.7,0.35,-9.993873123;          719P    772
102,16,641,647,651,657,661,667,671,677,681,687,691,697,701,707,      721P    773
711,717;                                                             721P    774
102,16,645,649,655,659,665,669,675,679,685,689,695,699,705,709,      723P    775
715,719;                                                             723P    776
142,1,639,721,723,1;                                                 725P    777
126,28,2,1,0,1,0,0.,0.,0.,0.0625,0.0625,0.125,0.125,0.1875,          727P    778
0.1875,0.25,0.25,0.3125,0.3125,0.375,0.375,0.5,0.5,0.625,0.625,      727P    779
0.6875,0.6875,0.75,0.75,0.8125,0.8125,0.875,0.875,0.9375,            727P    780
0.9375,1.,1.,1.,1.,1.,1.,1.,1.,1.,1.,1.,1.,1.,1.,1.,1.,1.,1.,        727P    781
1.,1.,1.,1.,1.,1.,1.,1.,1.,1.,1.,1.,1.,1.,0.13869863,                727P    782
1.018081214,0.,0.131266125,1.018081214,0.,0.12404685,                727P    783
1.014202125,0.,0.116936752,1.010381699,0.,0.110421546,               727P    784
1.003003093,0.,0.104141493,0.995890805,0.,0.098713366,               727P    785
0.985804224,0.,0.093434541,0.975995078,0.,0.089175354,               727P    786
0.963764214,0.,0.085103305,0.952070744,0.,0.08210133,                727P    787
0.938553329,0.,0.079219031,0.925574798,0.,0.077407177,               727P    788
0.911287787,0.,0.073952566,0.884047148,0.,0.074581248,               727P    789
0.854235642,0.,0.075185066,0.825603118,0.,0.079477782,               727P    790
0.797749323,0.,0.081615578,0.783877982,0.,0.084581183,               727P    791
0.770904815,0.,0.087649961,0.757480309,0.,0.091483218,               727P    792
0.74554612,0.,0.095550924,0.732882015,0.,0.100300399,                727P    793
0.722449836,0.,0.105462297,0.711111776,0.,0.111189464,               727P    794
0.702935039,0.,0.117498907,0.693926978,0.,0.124203055,               727P    795
0.689171187,0.,0.131378268,0.684081232,0.,0.13869863,                727P    796
0.684081232,0.,0.,1.,0.,0.,1.;                                       727P    797
126,9,3,1,0,1,0,0.,0.,0.,0.,0.25,0.25,0.5,0.5,0.75,0.75,1.,1.,       729P    798
1.,1.,1.,1.,1.,1.,1.,1.,1.,1.,1.,1.,-12.,8.511022265,-5.25,          729P    799
-12.385533441,8.511022265,-5.25,-12.749299211,8.394156876,           729P    800
-5.444124368,-13.178807007,8.032735351,-5.964521991,                 729P    801
-13.263803652,7.791105785,-6.280448681,-13.232499766,                729P    802
7.290276418,-6.85545292,-13.123807217,7.024240003,-7.125111172,      729P    803
-12.714446147,6.543223103,-7.569239609,-12.390373895,                729P    804
6.31961233,-7.75,-12.,6.31961233,-7.75,0.,1.,0.,0.856731144,         729P    805
-0.515763267;                                                        729P    806
126,28,2,1,0,1,0,0.,0.,0.,0.0625,0.0625,0.125,0.125,0.1875,          731P    807
0.1875,0.25,0.25,0.3125,0.3125,0.375,0.375,0.5,0.5,0.625,0.625,      731P    808
0.6875,0.6875,0.75,0.75,0.8125,0.8125,0.875,0.875,0.9375,            731P    809
0.9375,1.,1.,1.,1.,1.,1.,1.,1.,1.,1.,1.,1.,1.,1.,1.,1.,1.,1.,        731P    810
1.,1.,1.,1.,1.,1.,1.,1.,1.,1.,1.,1.,1.,1.,0.13869863,                731P    811
0.684081232,0.,0.146056503,0.684081232,0.,0.153266974,               731P    812
0.689222943,0.,0.159954817,0.693991974,0.,0.166248488,               731P    813
0.702993186,0.,0.17196854,0.711174007,0.,0.177123659,                731P    814
0.722508728,0.,0.181850661,0.732902135,0.,0.185901705,               731P    815
0.74550772,0.,0.189748374,0.757477354,0.,0.192825682,                731P    816
0.77094684,0.,0.19578533,0.783901327,0.,0.197919697,                 731P    817
0.797750744,0.,0.202213216,0.825610398,0.,0.202816287,               731P    818
0.85424866,0.,0.203444047,0.884059326,0.,0.199988713,                731P    819
0.911298591,0.,0.198176188,0.925587175,0.,0.19529295,                731P    820
0.938566745,0.,0.192291051,0.952080496,0.,0.188219573,               731P    821
0.963770913,0.,0.18396418,0.975989404,0.,0.178691064,0.9857909,      731P    822
0.,0.17322063,0.995959162,0.,0.166885687,1.003104847,0.,             731P    823
0.160381474,1.010441465,0.,0.153287364,1.014235923,0.,               731P    824
0.146098219,1.018081214,0.,0.13869863,1.018081214,0.,0.,1.,0.,       731P    825
0.,1.;                                                               731P    826
126,9,3,1,0,1,0,0.,0.,0.,0.,0.25,0.25,0.5,0.5,0.75,0.75,1.,1.,       733P    827
1.,1.,1.,1.,1.,1.,1.,1.,1.,1.,1.,1.,-12.,6.31961233,-7.75,           733P    828
-11.611069953,6.31961233,-7.75,-11.284058035,6.545098053,            733P    829
-7.567491481,-10.878168931,7.021800783,-7.127380276,                 733P    830
-10.767489251,7.290095552,-6.855668137,-10.73619665,                 733P    831
7.791457653,-6.280037133,-10.820735452,8.032373985,                  733P    832
-5.965046037,-11.251249163,8.394594671,-5.443490274,                 733P    833
-11.615892505,8.511022265,-5.25,-12.,8.511022265,-5.25,0.,1.,        733P    834
0.,0.62914087,-0.777291301;                                          733P    835
102,2,727,731;                                                       735P    836
102,2,729,733;                                                       737P    837
142,1,639,735,737,1;                                                 739P    838
144,639,1,1,725,739;                                                 741P    839
110,-15.,0.,0.,985.,0.,0.;                                           743P    840
110,-14.7,0.,-10.,4.766666667,0.,-10.;                               745P    841
120,743,745,0.,6.28318530717959;                                     747P    842
126,1,1,1,0,1,0,0.,0.,1.,1.,1.,1.,0.498287671,3.141592654,0.,        749P    843
0.,3.141592654,0.,0.,1.,0.,0.,1.;                                    749P    844
110,-5.,0.,10.,-14.7,0.,10.;                                         751P    845
126,1,1,1,0,1,0,0.,0.,1.,1.,1.,1.,0.,3.141592654,0.,0.,              753P    846
6.248178157,0.,0.,1.,0.,0.,1.;                                       753P    847
124,-6.12323399573677E-017,-7.49879891330929E-033,1.,-14.7,          755P    848
1.22464679914735E-016,-1.,0.,1.80023079474661E-015,1.,               755P    849
1.22464679914735E-016,6.12323399573677E-017,14.7;                    755P    850
100,0.,-14.7,0.,-4.7,0.,-24.693873123,0.35;                          757P    851
126,1,1,1,0,1,0,0.,0.,1.,1.,1.,1.,0.,6.248178157,0.,                 759P    852
0.304794521,6.248178157,0.,0.,1.,0.,0.,1.;                           759P    853
110,-14.7,-0.35,-9.993873123,-8.766666667,-0.35,-9.993873123;        761P    854
126,1,1,1,0,1,0,0.,0.,1.,1.,1.,1.,0.304794521,6.248178157,0.,        763P    855
0.304794521,6.283185307,0.,0.,1.,0.,0.,1.;                           763P    856
124,6.11948236562558E-017,2.14313189850697E-018,1.,                  765P    857
-8.76666666666667,-0.0349999999999853,0.999387312306896,0.,          765P    858
-0.306833333333204,-0.999387312306896,-0.0349999999999853,           765P    859
6.12323399573677E-017,-8.76129543789045;                             765P    860
100,0.,-8.766666667,0.,1.233333333,0.,1.227206456,0.35;              767P    861
126,1,1,1,0,1,0,0.,0.,1.,1.,1.,1.,0.304794521,6.283185307,0.,        769P    862
0.498287671,6.283185307,0.,0.,1.,0.,0.,1.;                           769P    863
110,-8.766666667,0.,-10.,-5.,0.,-10.;                                771P    864
126,1,1,1,0,1,0,0.,0.,1.,1.,1.,1.,0.498287671,6.283185307,0.,        773P    865
0.498287671,5.399453979,0.,0.,1.,0.,0.,1.;                           773P    866
124,-6.12323399573677E-017,4.27583144589696E-031,-1.,-5.,            775P    867
-6.98296267768627E-015,-1.,0.,-3.49148133884313E-014,-1.,            775P    868
6.98296267768627E-015,6.12323399573677E-017,-5.;                     775P    869
100,0.,-5.,0.,5.,0.,1.34270836,7.731109278;                          777P    870
126,1,1,1,0,1,0,0.,0.,1.,1.,1.,1.,0.498287671,5.399453979,0.,        779P    871
1.,5.399453979,0.,0.,1.,0.,0.,1.;                                    779P    872
110,-5.,-7.731109278,-6.34270836,4.766666667,-7.731109278,           781P    873
-6.34270836;                                                         781P    874
126,1,1,1,0,1,0,0.,0.,1.,1.,1.,1.,1.,5.399453979,0.,1.,              783P    875
4.810722145,0.,0.,1.,0.,0.,1.;                                       783P    876
124,-3.88378874525827E-017,4.73393911544621E-017,-1.,                785P    877
4.76666666666667,-0.77311092777806,-0.634270835960591,0.,            785P    878
3.68516208907542,-0.634270835960591,0.77311092777806,                785P    879
6.12323399573677E-017,3.02335765141215;                              785P    880
100,0.,4.766666667,0.,14.766666667,0.,13.083122353,5.553068055;      787P    881
126,1,1,1,0,1,0,0.,0.,1.,1.,1.,1.,1.,4.810722145,0.,                 789P    882
0.498287671,4.810722145,0.,0.,1.,0.,0.,1.;                           789P    883
110,4.766666667,-9.951691889,-0.981747704,-5.,-9.951691889,          791P    884
-0.981747704;                                                        791P    885
126,1,1,1,0,1,0,0.,0.,1.,1.,1.,1.,0.498287671,4.810722145,0.,        793P    886
0.498287671,3.828657653,0.,0.,1.,0.,0.,1.;                           793P    887
124,-6.01147091787971E-018,6.09365380872439E-017,-1.,-5.,            795P    888
-0.995169188857887,-0.0981747704246667,0.,-4.97584594428943,         795P    889
-0.0981747704246667,0.995169188857887,6.12323399573677E-017,         795P    890
-0.490873852123333;                                                  795P    891
100,0.,-5.,0.,5.,0.,0.553068055,8.316455686;                         797P    892
126,1,1,1,0,1,0,0.,0.,1.,1.,1.,1.,0.498287671,3.828657653,0.,        799P    893
1.,3.828657653,0.,0.,1.,0.,0.,1.;                                    799P    894
110,-5.,-6.34270836,7.731109278,4.766666667,-6.34270836,             801P    895
7.731109278;                                                         801P    896
126,1,1,1,0,1,0,0.,0.,1.,1.,1.,1.,1.,3.828657653,0.,1.,              803P    897
3.239925818,0.,0.,1.,0.,0.,1.;                                       803P    898
124,4.73393911544621E-017,3.88378874525827E-017,-1.,                 805P    899
4.76666666666667,-0.634270835960591,0.77311092777806,0.,             805P    900
3.02335765141215,0.77311092777806,0.634270835960591,                 805P    901
6.12323399573677E-017,-3.68516208907542;                             805P    902
100,0.,4.766666667,0.,14.766666667,0.,13.083122353,5.553068055;      807P    903
126,1,1,1,0,1,0,0.,0.,1.,1.,1.,1.,1.,3.239925818,0.,                 809P    904
0.498287671,3.239925818,0.,0.,1.,0.,0.,1.;                           809P    905
110,4.766666667,-0.981747704,9.951691889,-5.,-0.981747704,           811P    906
9.951691889;                                                         811P    907
126,1,1,1,0,1,0,0.,0.,1.,1.,1.,1.,0.498287671,3.239925818,0.,        813P    908
0.498287671,3.141592654,0.,0.,1.,0.,0.,1.;                           813P    909
124,6.09365380872439E-017,6.01147091787966E-018,-1.,-5.,             815P    910
-0.0981747704246658,0.995169188857887,0.,-0.490873852123329,         815P    911
0.995169188857887,0.0981747704246658,6.12323399573677E-017,          815P    912
4.97584594428943;                                                    815P    913
100,0.,-5.,0.,5.,0.,4.951691889,0.981747704;                         817P    914
102,14,749,753,759,763,769,773,779,783,789,793,799,803,809,813;      819P    915
102,14,751,757,761,767,771,777,781,787,791,797,801,807,811,817;      821P    916
142,1,747,819,821,1;                                                 823P    917
126,32,2,1,0,1,0,0.,0.,0.,0.0625,0.0625,0.125,0.125,0.1875,          825P    918
0.1875,0.25,0.25,0.3125,0.3125,0.375,0.375,0.4375,0.4375,0.5,        825P    919
0.5,0.5625,0.5625,0.625,0.625,0.6875,0.6875,0.75,0.75,0.8125,        825P    920
0.8125,0.875,0.875,0.9375,0.9375,1.,1.,1.,1.,1.,1.,1.,1.,1.,1.,      825P    921
1.,1.,1.,1.,1.,1.,1.,1.,1.,1.,1.,1.,1.,1.,1.,1.,1.,1.,1.,1.,1.,      825P    922
1.,1.,1.,1.,1.,0.13869863,5.673799999,0.,0.128714272,                825P    923
5.673799999,0.,0.118884777,5.666096557,0.,0.109958827,               825P    924
5.659101229,0.,0.101463836,5.645999011,0.,0.093905898,               825P    925
5.634342055,0.,0.086999176,5.61833359,0.,0.080721928,                825P    926
5.603784125,0.,0.075265669,5.586294887,0.,0.070111462,               825P    927
5.569773831,0.,0.065920263,5.55136332,0.,0.06186652,                 825P    928
5.533556607,0.,0.058877707,5.514694931,0.,0.055875507,               825P    929
5.495748774,0.,0.054053743,5.476398204,0.,0.052209911,               825P    930
5.456813236,0.,0.051631082,5.43739374,0.,0.051032894,                825P    931
5.417324776,0.,0.051801894,5.39795463,0.,0.052598316,                825P    932
5.377893776,0.,0.054841846,5.359070777,0.,0.057191371,               825P    933
5.339358485,0.,0.061067787,5.321500549,0.,0.06510319,                825P    934
5.302910189,0.,0.070676361,5.286858324,0.,0.07647372,                825P    935
5.270160753,0.,0.08373288,5.256780611,0.,0.091236301,                825P    936
5.242950246,0.,0.099981161,5.233242885,0.,0.108914535,               825P    937
5.223326262,0.,0.118690056,5.218205894,0.,0.12854544,                825P    938
5.213043693,0.,0.13869863,5.213043693,0.,0.,1.,0.,0.,1.;             825P    939
126,11,3,1,0,1,0,0.,0.,0.,0.,0.125,0.125,0.249999999999999,          827P    940
0.249999999999999,0.5,0.5,0.75,0.75,1.,1.,1.,1.,1.,1.,1.,1.,1.,      827P    941
1.,1.,1.,1.,1.,1.,1.,-12.,-5.723635209,-8.2,-12.262513709,           827P    942
-5.723635209,-8.2,-12.518767225,-5.818130528,-8.134864112,           827P    943
-12.930907441,-6.080593878,-7.940594125,-13.097873982,               827P    944
-6.245434173,-7.813155919,-13.508736968,-6.764218818,                827P    945
-7.378940133,-13.664571024,-7.138168331,-7.022822701,                827P    946
-13.725258856,-7.831756977,-6.239957409,-13.620810008,               827P    947
-8.156313965,-5.802342284,-13.027523668,-8.633301507,                827P    948
-5.065445545,-12.53282981,-8.77268488,-4.8,-12.,-8.77268488,         827P    949
-4.8,0.,1.,0.,-0.567536327,-0.823348358;                             827P    950
126,32,2,1,0,1,0,0.,0.,0.,0.0625,0.0625,0.125,0.125,0.1875,          829P    951
0.1875,0.25,0.25,0.3125,0.3125,0.375,0.375,0.4375,0.4375,0.5,        829P    952
0.5,0.5625,0.5625,0.625,0.625,0.6875,0.6875,0.75,0.75,0.8125,        829P    953
0.8125,0.875,0.875,0.9375,0.9375,1.,1.,1.,1.,1.,1.,1.,1.,1.,1.,      829P    954
1.,1.,1.,1.,1.,1.,1.,1.,1.,1.,1.,1.,1.,1.,1.,1.,1.,1.,1.,1.,1.,      829P    955
1.,1.,1.,1.,1.,0.13869863,5.213043693,0.,0.148960491,                829P    956
5.213043693,0.,0.158915007,5.218315339,0.,0.168655123,               829P    957
5.223473446,0.,0.177553424,5.233395669,0.,0.186301716,               829P    958
5.24315062,0.,0.193802035,5.257034884,0.,0.20100636,                 829P    959
5.270371217,0.,0.206764132,5.286982948,0.,0.212349179,               829P    960
5.303096352,0.,0.216385976,5.321761322,0.,0.220244,5.339599697,      829P    961
0.,0.222580554,5.35928212,0.,0.224813439,5.378091255,0.,             829P    962
0.225602418,5.398133016,0.,0.226356286,5.417282853,0.,               829P    963
0.225774391,5.437116033,0.,0.225203102,5.456587728,0.,               829P    964
0.223359435,5.476228879,0.,0.221547951,5.495527181,0.,               829P    965
0.21856198,5.51442679,0.,0.215563233,5.533407266,0.,                 829P    966
0.211486188,5.551322939,0.,0.207296732,5.569732578,0.,               829P    967
0.20214429,5.586254174,0.,0.196699432,5.60371342,0.,                 829P    968
0.190436079,5.61824548,0.,0.183534542,5.634258237,0.,                829P    969
0.17598134,5.645925055,0.,0.167473324,5.659066696,0.,                829P    970
0.158532153,5.666081134,0.,0.148693062,5.673799999,0.,               829P    971
0.13869863,5.673799999,0.,0.,1.,0.,0.,1.;                            829P    972
126,11,3,1,0,1,0,0.,0.,0.,0.,0.25,0.25,0.5,0.5,0.75,0.75,0.875,      831P    973
0.875,1.,1.,1.,1.,1.,1.,1.,1.,1.,1.,1.,1.,1.,1.,1.,1.,-12.,          831P    974
-8.77268488,-4.8,-11.466487876,-8.77268488,-4.8,-10.9699149,         831P    975
-8.631690174,-5.068034991,-10.380068247,-8.156570785,                831P    976
-5.801845135,-10.275177958,-7.832083859,-6.239369755,                831P    977
-10.334672416,-7.141524051,-7.019252578,-10.493454856,               831P    978
-6.761568272,-7.381134854,-10.900659293,-6.24722774,                 831P    979
-7.811666587,-11.068590768,-6.081099624,-7.940204735,                831P    980
-11.47986907,-5.818813629,-8.134373474,-11.73715013,                 831P    981
-5.723635209,-8.2,-12.,-5.723635209,-8.2,0.,1.,0.,-0.885022093,      831P    982
-0.465549026;                                                        831P    983
102,2,825,829;                                                       833P    984
102,2,827,831;                                                       835P    985
142,1,747,833,835,1;                                                 837P    986
144,747,1,1,823,837;                                                 839P    987
128,1,1,1,1,0,0,1,0,0,0.,0.,1.,1.,0.,0.,1.,1.,1.,1.,1.,1.,-5.,       841P    988
0.981747704,-2.370148622,-5.,0.981747704,-9.951691889,               841P    989
4.766666667,0.981747704,-2.370148622,4.766666667,0.981747704,        841P    990
-9.951691889,0.,1.,0.,1.;                                            841P    991
126,1,1,1,0,1,0,0.,0.,1.,1.,1.,1.,1.,0.,0.,1.,1.,0.,0.,1.,0.,        843P    992
0.,1.;                                                               843P    993
110,-5.,0.981747704,-9.951691889,4.766666667,0.981747704,            845P    994
-9.951691889;                                                        845P    995
126,1,1,1,0,1,0,0.,0.,1.,1.,1.,1.,1.,1.,0.,0.960232152,1.,0.,        847P    996
0.,1.,0.,0.,1.;                                                      847P    997
110,4.766666667,0.981747704,-9.951691889,4.766666667,                849P    998
0.981747704,-9.650190228;                                            849P    999
126,1,1,1,0,1,0,0.,0.,1.,1.,1.,1.,0.960232152,1.,0.,                 851P   1000
0.960232152,0.023890785,0.,0.,1.,0.,0.,1.;                           851P   1001
110,4.766666667,0.981747704,-9.650190228,-4.766666667,               853P   1002
0.981747704,-9.650190228;                                            853P   1003
126,1,1,1,0,1,0,0.,0.,1.,1.,1.,1.,0.960232152,0.023890785,0.,        855P   1004
0.,0.023890785,0.,0.,1.,0.,0.,1.;                                    855P   1005
110,-4.766666667,0.981747704,-9.650190228,-4.766666667,              857P   1006
0.981747704,-2.370148622;                                            857P   1007
126,1,1,1,0,1,0,0.,0.,1.,1.,1.,1.,0.,0.023890785,0.,0.,0.,0.,        859P   1008
0.,1.,0.,0.,1.;                                                      859P   1009
110,-4.766666667,0.981747704,-2.370148622,-5.,0.981747704,           861P   1010
-2.370148622;                                                        861P   1011
126,1,1,1,0,1,0,0.,0.,1.,1.,1.,1.,0.,0.,0.,1.,0.,0.,0.,1.,0.,        863P   1012
0.,1.;                                                               863P   1013
110,-5.,0.981747704,-2.370148622,-5.,0.981747704,-9.951691889;       865P   1014
102,6,843,847,851,855,859,863;                                       867P   1015
102,6,845,849,853,857,861,865;                                       869P   1016
142,1,841,867,869,1;                                                 871P   1017
144,841,1,0,871;                                                     873P   1018
128,1,1,1,1,0,0,1,0,0,0.,0.,1.,1.,0.,0.,1.,1.,1.,1.,1.,1.,-5.,       875P   1019
6.34270836,-7.731109278,-5.,0.981747704,-2.370148622,                875P   1020
4.766666667,6.34270836,-7.731109278,4.766666667,0.981747704,         875P   1021
-2.370148622,0.,1.,0.,1.;                                            875P   1022
126,1,1,1,0,1,0,0.,0.,1.,1.,1.,1.,0.039767848,0.023890785,0.,        877P   1023
0.039767848,1.,0.,0.,1.,0.,0.,1.;                                    877P   1024
110,-4.766666667,6.129514491,-7.517915409,4.766666667,               879P   1025
6.129514491,-7.517915409;                                            879P   1026
126,1,1,1,0,1,0,0.,0.,1.,1.,1.,1.,0.039767848,1.,0.,0.,1.,0.,        881P   1027
0.,1.,0.,0.,1.;                                                      881P   1028
110,4.766666667,6.129514491,-7.517915409,4.766666667,                883P   1029
6.34270836,-7.731109278;                                             883P   1030
126,1,1,1,0,1,0,0.,0.,1.,1.,1.,1.,0.,1.,0.,0.,0.,0.,0.,1.,0.,        885P   1031
0.,1.;                                                               885P   1032
110,4.766666667,6.34270836,-7.731109278,-5.,6.34270836,              887P   1033
-7.731109278;                                                        887P   1034
126,1,1,1,0,1,0,0.,0.,1.,1.,1.,1.,0.,0.,0.,1.,0.,0.,0.,1.,0.,        889P   1035
0.,1.;                                                               889P   1036
110,-5.,6.34270836,-7.731109278,-5.,0.981747704,-2.370148622;        891P   1037
126,1,1,1,0,1,0,0.,0.,1.,1.,1.,1.,1.,0.,0.,1.,0.023890785,0.,        893P   1038
0.,1.,0.,0.,1.;                                                      893P   1039
110,-5.,0.981747704,-2.370148622,-4.766666667,0.981747704,           895P   1040
-2.370148622;                                                        895P   1041
126,1,1,1,0,1,0,0.,0.,1.,1.,1.,1.,1.,0.023890785,0.,                 897P   1042
0.039767848,0.023890785,0.,0.,1.,0.,0.,1.;                           897P   1043
110,-4.766666667,0.981747704,-2.370148622,-4.766666667,              899P   1044
6.129514491,-7.517915409;                                            899P   1045
102,6,877,881,885,889,893,897;                                       901P   1046
102,6,879,883,887,891,895,899;                                       903P   1047
142,1,875,901,903,1;                                                 905P   1048
144,875,1,0,905;                                                     907P   1049
110,-15.,0.,0.,985.,0.,0.;                                           909P   1050
110,9.233333333,0.,-10.,14.7,0.,-10.;                                911P   1051
120,909,911,0.,6.28318530717959;                                     913P   1052
126,1,1,1,0,1,0,0.,0.,1.,1.,1.,1.,1.,0.,0.,0.,0.,0.,0.,1.,0.,        915P   1053
0.,1.;                                                               915P   1054
110,14.7,0.,-10.,9.233333333,0.,-10.;                                917P   1055
126,1,1,1,0,1,0,0.,0.,1.,1.,1.,1.,0.,0.,0.,0.,1.535789177,0.,        919P   1056
0.,1.,0.,0.,1.;                                                      919P   1057
124,6.12323399573677E-017,0.,1.,9.23333333333333,0.,1.,0.,0.,        921P   1058
-1.,0.,6.12323399573677E-017,9.23333333333333;                       921P   1059
100,0.,9.233333333,0.,19.233333333,0.,9.583333333,9.993873123;       923P   1060
126,1,1,1,0,1,0,0.,0.,1.,1.,1.,1.,0.,1.535789177,0.,1.,              925P   1061
1.535789177,0.,0.,1.,0.,0.,1.;                                       925P   1062
110,9.233333333,9.993873123,-0.35,14.7,9.993873123,-0.35;            927P   1063
126,1,1,1,0,1,0,0.,0.,1.,1.,1.,1.,1.,1.535789177,0.,1.,0.,0.,        929P   1064
0.,1.,0.,0.,1.;                                                      929P   1065
124,-2.14313189850719E-018,-6.11948236562558E-017,-1.,14.7,          931P   1066
0.999387312306896,-0.034999999999989,0.,-14.6909934909114,           931P   1067
-0.034999999999989,-0.999387312306896,6.12323399573677E-017,         931P   1068
0.514499999999838;                                                   931P   1069
100,0.,14.7,0.,24.7,0.,15.05,9.993873123;                            933P   1070
102,4,915,919,925,929;                                               935P   1071
102,4,917,923,927,933;                                               937P   1072
142,1,913,935,937,1;                                                 939P   1073
126,28,2,1,0,1,0,0.,0.,0.,0.125,0.125,0.1875,0.1875,0.25,0.25,       941P   1074
0.3125,0.3125,0.375,0.375,0.4375,0.4375,0.5,0.5,0.5625,0.5625,       941P   1075
0.625,0.625,0.6875,0.6875,0.75,0.75,0.8125,0.8125,0.875,0.875,       941P   1076
1.,1.,1.,1.,1.,1.,1.,1.,1.,1.,1.,1.,1.,1.,1.,1.,1.,1.,1.,1.,1.,      941P   1077
1.,1.,1.,1.,1.,1.,1.,1.,1.,1.,1.,0.277439024,0.707584437,0.,         941P   1078
0.277439024,0.678842459,0.,0.291059487,0.652912811,0.,               941P   1079
0.298190897,0.63933655,0.,0.308849426,0.627065371,0.,                941P   1080
0.319987662,0.614241906,0.,0.334655702,0.603208951,0.,               941P   1081
0.349909545,0.591735367,0.,0.368467216,0.582578444,0.,               941P   1082
0.387636238,0.573119861,0.,0.409568901,0.566502692,0.,               941P   1083
0.432104069,0.559703746,0.,0.456513969,0.556213493,0.,               941P   1084
0.48128539,0.552671548,0.,0.506714933,0.552715648,0.,                941P   1085
0.532105115,0.55275968,0.,0.556807715,0.556376505,0.,                941P   1086
0.581010601,0.559920164,0.,0.603343424,0.56672007,0.,0.6252497,      941P   1087
0.5733901,0.,0.644374811,0.58289886,0.,0.662820345,0.592069743,      941P   1088
0.,0.677973669,0.603536568,0.,0.692493795,0.614524238,0.,            941P   1089
0.703526882,0.627274363,0.,0.714168524,0.639572123,0.,               941P   1090
0.721272879,0.653174838,0.,0.734756098,0.678991166,0.,               941P   1091
0.734756098,0.707584437,0.,0.,1.,0.,0.,1.;                           941P   1092
126,9,3,1,0,1,0,0.,0.,0.,0.,0.25,0.25,0.5,0.5,0.75,0.75,1.,1.,       943P   1093
1.,1.,1.,1.,1.,1.,1.,1.,1.,1.,1.,1.,10.75,6.5,-7.599342077,          943P   1094
10.75,6.219502758,-7.839261804,10.846189825,5.918305254,             943P   1095
-8.06613158,11.279379181,5.427455207,-8.404257594,11.636050147,      943P   1096
5.249012785,-8.511631227,12.370699792,5.250996328,-8.510407683,      943P   1097
12.722564399,5.428235704,-8.403838804,13.156614386,5.922920127,      943P   1098
-8.062832423,13.25,6.217519001,-7.840958584,13.25,6.5,               943P   1099
-7.599342077,0.,1.,0.236110729,0.631622002,-0.738447947;             943P   1100
126,30,2,1,0,1,0,0.,0.,0.,0.0625,0.0625,0.125,0.125,0.1875,          945P   1101
0.1875,0.25,0.25,0.3125,0.3125,0.375,0.375,0.4375,0.4375,0.5,        945P   1102
0.5,0.5625,0.5625,0.625,0.625,0.6875,0.6875,0.75,0.75,0.8125,        945P   1103
0.8125,0.875,0.875,1.,1.,1.,1.,1.,1.,1.,1.,1.,1.,1.,1.,1.,1.,        945P   1104
1.,1.,1.,1.,1.,1.,1.,1.,1.,1.,1.,1.,1.,1.,1.,1.,1.,1.,1.,1.,         945P   1105
0.734756098,0.707584437,0.,0.734756098,0.722488288,0.,               945P   1106
0.731030128,0.737546021,0.,0.727375052,0.752317253,0.,               945P   1107
0.720253471,0.766763865,0.,0.713113122,0.781248552,0.,               945P   1108
0.702749668,0.794882679,0.,0.69200177,0.80902258,0.,                 945P   1109
0.678241696,0.82165649,0.,0.663786129,0.834928973,0.,                945P   1110
0.646682491,0.845922324,0.,0.627997981,0.857931779,0.,               945P   1111
0.607089122,0.866623322,0.,0.583998594,0.876221757,0.,               945P   1112
0.559350831,0.881294078,0.,0.532762085,0.886765838,0.,               945P   1113
0.505599181,0.886714625,0.,0.47849125,0.886663516,0.,                945P   1114
0.45197582,0.881113831,0.,0.427385143,0.875966997,0.,                945P   1115
0.404365648,0.86631422,0.,0.383515195,0.857570988,0.,                945P   1116
0.364899744,0.845527095,0.,0.34792888,0.834547223,0.,                945P   1117
0.333589055,0.821321181,0.,0.320028819,0.808814179,0.,               945P   1118
0.309413713,0.794840909,0.,0.298992307,0.781122618,0.,               945P   1119
0.291834448,0.766545975,0.,0.277439024,0.737230373,0.,               945P   1120
0.277439024,0.707584437,0.,0.,1.,0.,0.,1.;                           945P   1121
126,13,3,1,0,1,0,0.,0.,0.,0.,0.25,0.25,0.375,0.375,0.5,0.5,          947P   1122
0.625,0.625,0.749999999999999,0.749999999999999,1.,1.,1.,1.,1.,      947P   1123
1.,1.,1.,1.,1.,1.,1.,1.,1.,1.,1.,1.,1.,13.25,6.5,-7.599342077,       947P   1124
13.25,6.804941444,-7.338514315,13.144605505,7.089929134,             947P   1125
-7.060437907,12.839279157,7.439159216,-6.684918085,                  947P   1126
12.710558676,7.543458527,-6.565878025,12.393615723,7.69948572,       947P   1127
-6.382197148,12.195954705,7.750430069,-6.319084919,                  947P   1128
11.798596343,7.749563993,-6.320147023,11.602284987,7.698170774,      947P   1129
-6.383802432,11.285446101,7.540770465,-6.568983753,                  947P   1130
11.157334117,7.435843227,-6.688566262,10.856192264,7.089709425,      947P   1131
-7.060506554,10.75,6.802799957,-7.340346009,10.75,6.5,               947P   1132
-7.599342077,0.,1.,-0.240187037,0.630972309,-0.737688371;            947P   1133
102,2,941,945;                                                       949P   1134
102,2,943,947;                                                       951P   1135
142,1,913,949,951,1;                                                 953P   1136
144,913,1,1,939,953;                                                 955P   1137
128,1,1,1,1,0,0,1,0,0,0.,0.,1.,1.,0.,0.,1.,1.,1.,1.,1.,1.,-5.,       957P   1138
-2.370148622,-0.981747704,-5.,-9.951691889,-0.981747704,             957P   1139
4.766666667,-2.370148622,-0.981747704,4.766666667,-9.951691889,      957P   1140
-0.981747704,0.,1.,0.,1.;                                            957P   1141
126,1,1,1,0,1,0,0.,0.,1.,1.,1.,1.,1.,0.,0.,1.,1.,0.,0.,1.,0.,        959P   1142
0.,1.;                                                               959P   1143
110,-5.,-9.951691889,-0.981747704,4.766666667,-9.951691889,          961P   1144
-0.981747704;                                                        961P   1145
126,1,1,1,0,1,0,0.,0.,1.,1.,1.,1.,1.,1.,0.,0.960232152,1.,0.,        963P   1146
0.,1.,0.,0.,1.;                                                      963P   1147
110,4.766666667,-9.951691889,-0.981747704,4.766666667,               965P   1148
-9.650190228,-0.981747704;                                           965P   1149
126,1,1,1,0,1,0,0.,0.,1.,1.,1.,1.,0.960232152,1.,0.,                 967P   1150
0.960232152,0.023890785,0.,0.,1.,0.,0.,1.;                           967P   1151
110,4.766666667,-9.650190228,-0.981747704,-4.766666667,              969P   1152
-9.650190228,-0.981747704;                                           969P   1153
126,1,1,1,0,1,0,0.,0.,1.,1.,1.,1.,0.960232152,0.023890785,0.,        971P   1154
0.,0.023890785,0.,0.,1.,0.,0.,1.;                                    971P   1155
110,-4.766666667,-9.650190228,-0.981747704,-4.766666667,             973P   1156
-2.370148622,-0.981747704;                                           973P   1157
126,1,1,1,0,1,0,0.,0.,1.,1.,1.,1.,0.,0.023890785,0.,0.,0.,0.,        975P   1158
0.,1.,0.,0.,1.;                                                      975P   1159
110,-4.766666667,-2.370148622,-0.981747704,-5.,-2.370148622,         977P   1160
-0.981747704;                                                        977P   1161
126,1,1,1,0,1,0,0.,0.,1.,1.,1.,1.,0.,0.,0.,1.,0.,0.,0.,1.,0.,        979P   1162
0.,1.;                                                               979P   1163
110,-5.,-2.370148622,-0.981747704,-5.,-9.951691889,                  981P   1164
-0.981747704;                                                        981P   1165
102,6,959,963,967,971,975,979;                                       983P   1166
102,6,961,965,969,973,977,981;                                       985P   1167
142,1,957,983,985,1;                                                 987P   1168
144,957,1,0,987;                                                     989P   1169
128,1,1,1,1,0,0,1,0,0,0.,0.,1.,1.,0.,0.,1.,1.,1.,1.,1.,1.,-5.,       991P   1170
-7.731109278,-6.34270836,-5.,-2.370148622,-0.981747704,              991P   1171
4.766666667,-7.731109278,-6.34270836,4.766666667,-2.370148622,       991P   1172
-0.981747704,0.,1.,0.,1.;                                            991P   1173
126,1,1,1,0,1,0,0.,0.,1.,1.,1.,1.,0.039767848,0.023890785,0.,        993P   1174
0.039767848,1.,0.,0.,1.,0.,0.,1.;                                    993P   1175
110,-4.766666667,-7.517915409,-6.129514491,4.766666667,              995P   1176
-7.517915409,-6.129514491;                                           995P   1177
126,1,1,1,0,1,0,0.,0.,1.,1.,1.,1.,0.039767848,1.,0.,0.,1.,0.,        997P   1178
0.,1.,0.,0.,1.;                                                      997P   1179
110,4.766666667,-7.517915409,-6.129514491,4.766666667,               999P   1180
-7.731109278,-6.34270836;                                            999P   1181
126,1,1,1,0,1,0,0.,0.,1.,1.,1.,1.,0.,1.,0.,0.,0.,0.,0.,1.,0.,       1001P   1182
0.,1.;                                                              1001P   1183
110,4.766666667,-7.731109278,-6.34270836,-5.,-7.731109278,          1003P   1184
-6.34270836;                                                        1003P   1185
126,1,1,1,0,1,0,0.,0.,1.,1.,1.,1.,0.,0.,0.,1.,0.,0.,0.,1.,0.,       1005P   1186
0.,1.;                                                              1005P   1187
110,-5.,-7.731109278,-6.34270836,-5.,-2.370148622,-0.981747704;     1007P   1188
126,1,1,1,0,1,0,0.,0.,1.,1.,1.,1.,1.,0.,0.,1.,0.023890785,0.,       1009P   1189
0.,1.,0.,0.,1.;                                                     1009P   1190
110,-5.,-2.370148622,-0.981747704,-4.766666667,-2.370148622,        1011P   1191
-0.981747704;                                                       1011P   1192
126,1,1,1,0,1,0,0.,0.,1.,1.,1.,1.,1.,0.023890785,0.,                1013P   1193
0.039767848,0.023890785,0.,0.,1.,0.,0.,1.;                          1013P   1194
110,-4.766666667,-2.370148622,-0.981747704,-4.766666667,            1015P   1195
-7.517915409,-6.129514491;                                          1015P   1196
102,6,993,997,1001,1005,1009,1013;                                  1017P   1197
102,6,995,999,1003,1007,1011,1015;                                  1019P   1198
142,1,991,1017,1019,1;                                              1021P   1199
144,991,1,0,1021;                                                   1023P   1200
128,1,1,1,1,0,0,1,0,0,0.,0.,1.,1.,0.,0.,1.,1.,1.,1.,1.,1.,-5.,      1025P   1201
-0.981747704,2.370148622,-5.,-0.981747704,9.951691889,              1025P   1202
4.766666667,-0.981747704,2.370148622,4.766666667,-0.981747704,      1025P   1203
9.951691889,0.,1.,0.,1.;                                            1025P   1204
126,1,1,1,0,1,0,0.,0.,1.,1.,1.,1.,1.,0.,0.,1.,1.,0.,0.,1.,0.,       1027P   1205
0.,1.;                                                              1027P   1206
110,-5.,-0.981747704,9.951691889,4.766666667,-0.981747704,          1029P   1207
9.951691889;                                                        1029P   1208
126,1,1,1,0,1,0,0.,0.,1.,1.,1.,1.,1.,1.,0.,0.960232152,1.,0.,       1031P   1209
0.,1.,0.,0.,1.;                                                     1031P   1210
110,4.766666667,-0.981747704,9.951691889,4.766666667,               1033P   1211
-0.981747704,9.650190228;                                           1033P   1212
126,1,1,1,0,1,0,0.,0.,1.,1.,1.,1.,0.960232152,1.,0.,                1035P   1213
0.960232152,0.023890785,0.,0.,1.,0.,0.,1.;                          1035P   1214
110,4.766666667,-0.981747704,9.650190228,-4.766666667,              1037P   1215
-0.981747704,9.650190228;                                           1037P   1216
126,1,1,1,0,1,0,0.,0.,1.,1.,1.,1.,0.960232152,0.023890785,0.,       1039P   1217
0.,0.023890785,0.,0.,1.,0.,0.,1.;                                   1039P   1218
110,-4.766666667,-0.981747704,9.650190228,-4.766666667,             1041P   1219
-0.981747704,2.370148622;                                           1041P   1220
126,1,1,1,0,1,0,0.,0.,1.,1.,1.,1.,0.,0.023890785,0.,0.,0.,0.,       1043P   1221
0.,1.,0.,0.,1.;                                                     1043P   1222
110,-4.766666667,-0.981747704,2.370148622,-5.,-0.981747704,         1045P   1223
2.370148622;                                                        1045P   1224
126,1,1,1,0,1,0,0.,0.,1.,1.,1.,1.,0.,0.,0.,1.,0.,0.,0.,1.,0.,       1047P   1225
0.,1.;                                                              1047P   1226
110,-5.,-0.981747704,2.370148622,-5.,-0.981747704,9.951691889;      1049P   1227
102,6,1027,1031,1035,1039,1043,1047;                                1051P   1228
102,6,1029,1033,1037,1041,1045,1049;                                1053P   1229
142,1,1025,1051,1053,1;                                             1055P   1230
144,1025,1,0,1055;                                                  1057P   1231
128,1,1,1,1,0,0,1,0,0,0.,0.,1.,1.,0.,0.,1.,1.,1.,1.,1.,1.,-5.,      1059P   1232
-6.34270836,7.731109278,-5.,-0.981747704,2.370148622,               1059P   1233
4.766666667,-6.34270836,7.731109278,4.766666667,-0.981747704,       1059P   1234
2.370148622,0.,1.,0.,1.;                                            1059P   1235
126,1,1,1,0,1,0,0.,0.,1.,1.,1.,1.,0.039767848,0.023890785,0.,       1061P   1236
0.039767848,1.,0.,0.,1.,0.,0.,1.;                                   1061P   1237
110,-4.766666667,-6.129514491,7.517915409,4.766666667,              1063P   1238
-6.129514491,7.517915409;                                           1063P   1239
126,1,1,1,0,1,0,0.,0.,1.,1.,1.,1.,0.039767848,1.,0.,0.,1.,0.,       1065P   1240
0.,1.,0.,0.,1.;                                                     1065P   1241
110,4.766666667,-6.129514491,7.517915409,4.766666667,               1067P   1242
-6.34270836,7.731109278;                                            1067P   1243
126,1,1,1,0,1,0,0.,0.,1.,1.,1.,1.,0.,1.,0.,0.,0.,0.,0.,1.,0.,       1069P   1244
0.,1.;                                                              1069P   1245
110,4.766666667,-6.34270836,7.731109278,-5.,-6.34270836,            1071P   1246
7.731109278;                                                        1071P   1247
126,1,1,1,0,1,0,0.,0.,1.,1.,1.,1.,0.,0.,0.,1.,0.,0.,0.,1.,0.,       1073P   1248
0.,1.;                                                              1073P   1249
110,-5.,-6.34270836,7.731109278,-5.,-0.981747704,2.370148622;       1075P   1250
126,1,1,1,0,1,0,0.,0.,1.,1.,1.,1.,1.,0.,0.,1.,0.023890785,0.,       1077P   1251
0.,1.,0.,0.,1.;                                                     1077P   1252
110,-5.,-0.981747704,2.370148622,-4.766666667,-0.981747704,         1079P   1253
2.370148622;                                                        1079P   1254
126,1,1,1,0,1,0,0.,0.,1.,1.,1.,1.,1.,0.023890785,0.,                1081P   1255
0.039767848,0.023890785,0.,0.,1.,0.,0.,1.;                          1081P   1256
110,-4.766666667,-0.981747704,2.370148622,-4.766666667,             1083P   1257
-6.129514491,7.517915409;                                           1083P   1258
102,6,1061,1065,1069,1073,1077,1081;                                1085P   1259
102,6,1063,1067,1071,1075,1079,1083;                                1087P   1260
142,1,1059,1085,1087,1;                                             1089P   1261
144,1059,1,0,1089;                                                  1091P   1262
128,1,1,1,1,0,0,1,0,0,0.,0.,1.,1.,0.,0.,1.,1.,1.,1.,1.,1.,-5.,      1093P   1263
2.370148622,0.981747704,-5.,9.951691889,0.981747704,                1093P   1264
4.766666667,2.370148622,0.981747704,4.766666667,9.951691889,        1093P   1265
0.981747704,0.,1.,0.,1.;                                            1093P   1266
126,1,1,1,0,1,0,0.,0.,1.,1.,1.,1.,1.,0.,0.,1.,1.,0.,0.,1.,0.,       1095P   1267
0.,1.;                                                              1095P   1268
110,-5.,9.951691889,0.981747704,4.766666667,9.951691889,            1097P   1269
0.981747704;                                                        1097P   1270
126,1,1,1,0,1,0,0.,0.,1.,1.,1.,1.,1.,1.,0.,0.960232152,1.,0.,       1099P   1271
0.,1.,0.,0.,1.;                                                     1099P   1272
110,4.766666667,9.951691889,0.981747704,4.766666667,                1101P   1273
9.650190228,0.981747704;                                            1101P   1274
126,1,1,1,0,1,0,0.,0.,1.,1.,1.,1.,0.960232152,1.,0.,                1103P   1275
0.960232152,0.023890785,0.,0.,1.,0.,0.,1.;                          1103P   1276
110,4.766666667,9.650190228,0.981747704,-4.766666667,               1105P   1277
9.650190228,0.981747704;                                            1105P   1278
126,1,1,1,0,1,0,0.,0.,1.,1.,1.,1.,0.960232152,0.023890785,0.,       1107P   1279
0.,0.023890785,0.,0.,1.,0.,0.,1.;                                   1107P   1280
110,-4.766666667,9.650190228,0.981747704,-4.766666667,              1109P   1281
2.370148622,0.981747704;                                            1109P   1282
126,1,1,1,0,1,0,0.,0.,1.,1.,1.,1.,0.,0.023890785,0.,0.,0.,0.,       1111P   1283
0.,1.,0.,0.,1.;                                                     1111P   1284
110,-4.766666667,2.370148622,0.981747704,-5.,2.370148622,           1113P   1285
0.981747704;                                                        1113P   1286
126,1,1,1,0,1,0,0.,0.,1.,1.,1.,1.,0.,0.,0.,1.,0.,0.,0.,1.,0.,       1115P   1287
0.,1.;                                                              1115P   1288
110,-5.,2.370148622,0.981747704,-5.,9.951691889,0.981747704;        1117P   1289
102,6,1095,1099,1103,1107,1111,1115;                                1119P   1290
102,6,1097,1101,1105,1109,1113,1117;                                1121P   1291
142,1,1093,1119,1121,1;                                             1123P   1292
144,1093,1,0,1123;                                                  1125P   1293
128,1,1,1,1,0,0,1,0,0,0.,0.,1.,1.,0.,0.,1.,1.,1.,1.,1.,1.,-5.,      1127P   1294
7.731109278,6.34270836,-5.,2.370148622,0.981747704,4.766666667,     1127P   1295
7.731109278,6.34270836,4.766666667,2.370148622,0.981747704,0.,      1127P   1296
1.,0.,1.;                                                           1127P   1297
126,1,1,1,0,1,0,0.,0.,1.,1.,1.,1.,0.039767848,0.023890785,0.,       1129P   1298
0.039767848,1.,0.,0.,1.,0.,0.,1.;                                   1129P   1299
110,-4.766666667,7.517915409,6.129514491,4.766666667,               1131P   1300
7.517915409,6.129514491;                                            1131P   1301
126,1,1,1,0,1,0,0.,0.,1.,1.,1.,1.,0.039767848,1.,0.,0.,1.,0.,       1133P   1302
0.,1.,0.,0.,1.;                                                     1133P   1303
110,4.766666667,7.517915409,6.129514491,4.766666667,                1135P   1304
7.731109278,6.34270836;                                             1135P   1305
126,1,1,1,0,1,0,0.,0.,1.,1.,1.,1.,0.,1.,0.,0.,0.,0.,0.,1.,0.,       1137P   1306
0.,1.;                                                              1137P   1307
110,4.766666667,7.731109278,6.34270836,-5.,7.731109278,             1139P   1308
6.34270836;                                                         1139P   1309
126,1,1,1,0,1,0,0.,0.,1.,1.,1.,1.,0.,0.,0.,1.,0.,0.,0.,1.,0.,       1141P   1310
0.,1.;                                                              1141P   1311
110,-5.,7.731109278,6.34270836,-5.,2.370148622,0.981747704;         1143P   1312
126,1,1,1,0,1,0,0.,0.,1.,1.,1.,1.,1.,0.,0.,1.,0.023890785,0.,       1145P   1313
0.,1.,0.,0.,1.;                                                     1145P   1314
110,-5.,2.370148622,0.981747704,-4.766666667,2.370148622,           1147P   1315
0.981747704;                                                        1147P   1316
126,1,1,1,0,1,0,0.,0.,1.,1.,1.,1.,1.,0.023890785,0.,                1149P   1317
0.039767848,0.023890785,0.,0.,1.,0.,0.,1.;                          1149P   1318
110,-4.766666667,2.370148622,0.981747704,-4.766666667,              1151P   1319
7.517915409,6.129514491;                                            1151P   1320
102,6,1129,1133,1137,1141,1145,1149;                                1153P   1321
102,6,1131,1135,1139,1143,1147,1151;                                1155P   1322
142,1,1127,1153,1155,1;                                             1157P   1323
144,1127,1,0,1157;                                                  1159P   1324
128,1,1,1,1,0,0,1,0,0,0.,0.,1.,1.,0.,0.,1.,1.,1.,1.,1.,1.,          1161P   1325
-4.766666667,2.370148622,-0.981747704,-4.766666667,7.731109278,     1161P   1326
-6.34270836,5.,2.370148622,-0.981747704,5.,7.731109278,             1161P   1327
-6.34270836,0.,1.,0.,1.;                                            1161P   1328
126,1,1,1,0,1,0,0.,0.,1.,1.,1.,1.,0.960232152,0.976109215,0.,       1163P   1329
0.960232152,0.,0.,0.,1.,0.,0.,1.;                                   1163P   1330
110,4.766666667,7.517915409,-6.129514491,-4.766666667,              1165P   1331
7.517915409,-6.129514491;                                           1165P   1332
126,1,1,1,0,1,0,0.,0.,1.,1.,1.,1.,0.960232152,0.,0.,1.,0.,0.,       1167P   1333
0.,1.,0.,0.,1.;                                                     1167P   1334
110,-4.766666667,7.517915409,-6.129514491,-4.766666667,             1169P   1335
7.731109278,-6.34270836;                                            1169P   1336
126,1,1,1,0,1,0,0.,0.,1.,1.,1.,1.,1.,0.,0.,1.,1.,0.,0.,1.,0.,       1171P   1337
0.,1.;                                                              1171P   1338
110,-4.766666667,7.731109278,-6.34270836,5.,7.731109278,            1173P   1339
-6.34270836;                                                        1173P   1340
126,1,1,1,0,1,0,0.,0.,1.,1.,1.,1.,1.,1.,0.,0.,1.,0.,0.,1.,0.,       1175P   1341
0.,1.;                                                              1175P   1342
110,5.,7.731109278,-6.34270836,5.,2.370148622,-0.981747704;         1177P   1343
126,1,1,1,0,1,0,0.,0.,1.,1.,1.,1.,0.,1.,0.,0.,0.976109215,0.,       1179P   1344
0.,1.,0.,0.,1.;                                                     1179P   1345
110,5.,2.370148622,-0.981747704,4.766666667,2.370148622,            1181P   1346
-0.981747704;                                                       1181P   1347
126,1,1,1,0,1,0,0.,0.,1.,1.,1.,1.,0.,0.976109215,0.,                1183P   1348
0.960232152,0.976109215,0.,0.,1.,0.,0.,1.;                          1183P   1349
110,4.766666667,2.370148622,-0.981747704,4.766666667,               1185P   1350
7.517915409,-6.129514491;                                           1185P   1351
102,6,1163,1167,1171,1175,1179,1183;                                1187P   1352
102,6,1165,1169,1173,1177,1181,1185;                                1189P   1353
142,1,1161,1187,1189,1;                                             1191P   1354
144,1161,1,0,1191;                                                  1193P   1355
128,1,1,1,1,0,0,1,0,0,0.,0.,1.,1.,0.,0.,1.,1.,1.,1.,1.,1.,          1195P   1356
-4.766666667,9.951691889,-0.981747704,-4.766666667,2.370148622,     1195P   1357
-0.981747704,5.,9.951691889,-0.981747704,5.,2.370148622,            1195P   1358
-0.981747704,0.,1.,0.,1.;                                           1195P   1359
126,1,1,1,0,1,0,0.,0.,1.,1.,1.,1.,0.039767848,0.,0.,                1197P   1360
0.039767848,0.976109215,0.,0.,1.,0.,0.,1.;                          1197P   1361
110,-4.766666667,9.650190228,-0.981747704,4.766666667,              1199P   1362
9.650190228,-0.981747704;                                           1199P   1363
126,1,1,1,0,1,0,0.,0.,1.,1.,1.,1.,0.039767848,0.976109215,0.,       1201P   1364
1.,0.976109215,0.,0.,1.,0.,0.,1.;                                   1201P   1365
110,4.766666667,9.650190228,-0.981747704,4.766666667,               1203P   1366
2.370148622,-0.981747704;                                           1203P   1367
126,1,1,1,0,1,0,0.,0.,1.,1.,1.,1.,1.,0.976109215,0.,1.,1.,0.,       1205P   1368
0.,1.,0.,0.,1.;                                                     1205P   1369
110,4.766666667,2.370148622,-0.981747704,5.,2.370148622,            1207P   1370
-0.981747704;                                                       1207P   1371
126,1,1,1,0,1,0,0.,0.,1.,1.,1.,1.,1.,1.,0.,0.,1.,0.,0.,1.,0.,       1209P   1372
0.,1.;                                                              1209P   1373
110,5.,2.370148622,-0.981747704,5.,9.951691889,-0.981747704;        1211P   1374
126,1,1,1,0,1,0,0.,0.,1.,1.,1.,1.,0.,1.,0.,0.,0.,0.,0.,1.,0.,       1213P   1375
0.,1.;                                                              1213P   1376
110,5.,9.951691889,-0.981747704,-4.766666667,9.951691889,           1215P   1377
-0.981747704;                                                       1215P   1378
126,1,1,1,0,1,0,0.,0.,1.,1.,1.,1.,0.,0.,0.,0.039767848,0.,0.,       1217P   1379
0.,1.,0.,0.,1.;                                                     1217P   1380
110,-4.766666667,9.951691889,-0.981747704,-4.766666667,             1219P   1381
9.650190228,-0.981747704;                                           1219P   1382
102,6,1197,1201,1205,1209,1213,1217;                                1221P   1383
102,6,1199,1203,1207,1211,1215,1219;                                1223P   1384
142,1,1195,1221,1223,1;                                             1225P   1385
144,1195,1,0,1225;                                                  1227P   1386
128,1,1,1,1,0,0,1,0,0,0.,0.,1.,1.,0.,0.,1.,1.,1.,1.,1.,1.,          1229P   1387
-4.766666667,-0.981747704,-9.951691889,-4.766666667,                1229P   1388
-0.981747704,-2.370148622,5.,-0.981747704,-9.951691889,5.,          1229P   1389
-0.981747704,-2.370148622,0.,1.,0.,1.;                              1229P   1390
126,1,1,1,0,1,0,0.,0.,1.,1.,1.,1.,0.039767848,0.,0.,                1231P   1391
0.039767848,0.976109215,0.,0.,1.,0.,0.,1.;                          1231P   1392
110,-4.766666667,-0.981747704,-9.650190228,4.766666667,             1233P   1393
-0.981747704,-9.650190228;                                          1233P   1394
126,1,1,1,0,1,0,0.,0.,1.,1.,1.,1.,0.039767848,0.976109215,0.,       1235P   1395
1.,0.976109215,0.,0.,1.,0.,0.,1.;                                   1235P   1396
110,4.766666667,-0.981747704,-9.650190228,4.766666667,              1237P   1397
-0.981747704,-2.370148622;                                          1237P   1398
126,1,1,1,0,1,0,0.,0.,1.,1.,1.,1.,1.,0.976109215,0.,1.,1.,0.,       1239P   1399
0.,1.,0.,0.,1.;                                                     1239P   1400
110,4.766666667,-0.981747704,-2.370148622,5.,-0.981747704,          1241P   1401
-2.370148622;                                                       1241P   1402
126,1,1,1,0,1,0,0.,0.,1.,1.,1.,1.,1.,1.,0.,0.,1.,0.,0.,1.,0.,       1243P   1403
0.,1.;                                                              1243P   1404
110,5.,-0.981747704,-2.370148622,5.,-0.981747704,-9.951691889;      1245P   1405
126,1,1,1,0,1,0,0.,0.,1.,1.,1.,1.,0.,1.,0.,0.,0.,0.,0.,1.,0.,       1247P   1406
0.,1.;                                                              1247P   1407
110,5.,-0.981747704,-9.951691889,-4.766666667,-0.981747704,         1249P   1408
-9.951691889;                                                       1249P   1409
126,1,1,1,0,1,0,0.,0.,1.,1.,1.,1.,0.,0.,0.,0.039767848,0.,0.,       1251P   1410
0.,1.,0.,0.,1.;                                                     1251P   1411
110,-4.766666667,-0.981747704,-9.951691889,-4.766666667,            1253P   1412
-0.981747704,-9.650190228;                                          1253P   1413
102,6,1231,1235,1239,1243,1247,1251;                                1255P   1414
102,6,1233,1237,1241,1245,1249,1253;                                1257P   1415
142,1,1229,1255,1257,1;                                             1259P   1416
144,1229,1,0,1259;                                                  1261P   1417
128,1,1,1,1,0,0,1,0,0,0.,0.,1.,1.,0.,0.,1.,1.,1.,1.,1.,1.,          1263P   1418
-4.766666667,-0.981747704,-2.370148622,-4.766666667,                1263P   1419
-6.34270836,-7.731109278,5.,-0.981747704,-2.370148622,5.,           1263P   1420
-6.34270836,-7.731109278,0.,1.,0.,1.;                               1263P   1421
126,1,1,1,0,1,0,0.,0.,1.,1.,1.,1.,0.960232152,0.976109215,0.,       1265P   1422
0.960232152,0.,0.,0.,1.,0.,0.,1.;                                   1265P   1423
110,4.766666667,-6.129514491,-7.517915409,-4.766666667,             1267P   1424
-6.129514491,-7.517915409;                                          1267P   1425
126,1,1,1,0,1,0,0.,0.,1.,1.,1.,1.,0.960232152,0.,0.,1.,0.,0.,       1269P   1426
0.,1.,0.,0.,1.;                                                     1269P   1427
110,-4.766666667,-6.129514491,-7.517915409,-4.766666667,            1271P   1428
-6.34270836,-7.731109278;                                           1271P   1429
126,1,1,1,0,1,0,0.,0.,1.,1.,1.,1.,1.,0.,0.,1.,1.,0.,0.,1.,0.,       1273P   1430
0.,1.;                                                              1273P   1431
110,-4.766666667,-6.34270836,-7.731109278,5.,-6.34270836,           1275P   1432
-7.731109278;                                                       1275P   1433
126,1,1,1,0,1,0,0.,0.,1.,1.,1.,1.,1.,1.,0.,0.,1.,0.,0.,1.,0.,       1277P   1434
0.,1.;                                                              1277P   1435
110,5.,-6.34270836,-7.731109278,5.,-0.981747704,-2.370148622;       1279P   1436
126,1,1,1,0,1,0,0.,0.,1.,1.,1.,1.,0.,1.,0.,0.,0.976109215,0.,       1281P   1437
0.,1.,0.,0.,1.;                                                     1281P   1438
110,5.,-0.981747704,-2.370148622,4.766666667,-0.981747704,          1283P   1439
-2.370148622;                                                       1283P   1440
126,1,1,1,0,1,0,0.,0.,1.,1.,1.,1.,0.,0.976109215,0.,                1285P   1441
0.960232152,0.976109215,0.,0.,1.,0.,0.,1.;                          1285P   1442
110,4.766666667,-0.981747704,-2.370148622,4.766666667,              1287P   1443
-6.129514491,-7.517915409;                                          1287P   1444
102,6,1265,1269,1273,1277,1281,1285;                                1289P   1445
102,6,1267,1271,1275,1279,1283,1287;                                1291P   1446
142,1,1263,1289,1291,1;                                             1293P   1447
144,1263,1,0,1293;                                                  1295P   1448
128,1,1,1,1,0,0,1,0,0,0.,0.,1.,1.,0.,0.,1.,1.,1.,1.,1.,1.,          1297P   1449
-4.766666667,-2.370148622,0.981747704,-4.766666667,                 1297P   1450
-7.731109278,6.34270836,5.,-2.370148622,0.981747704,5.,             1297P   1451
-7.731109278,6.34270836,0.,1.,0.,1.;                                1297P   1452
126,1,1,1,0,1,0,0.,0.,1.,1.,1.,1.,0.960232152,0.976109215,0.,       1299P   1453
0.960232152,0.,0.,0.,1.,0.,0.,1.;                                   1299P   1454
110,4.766666667,-7.517915409,6.129514491,-4.766666667,              1301P   1455
-7.517915409,6.129514491;                                           1301P   1456
126,1,1,1,0,1,0,0.,0.,1.,1.,1.,1.,0.960232152,0.,0.,1.,0.,0.,       1303P   1457
0.,1.,0.,0.,1.;                                                     1303P   1458
110,-4.766666667,-7.517915409,6.129514491,-4.766666667,             1305P   1459
-7.731109278,6.34270836;                                            1305P   1460
126,1,1,1,0,1,0,0.,0.,1.,1.,1.,1.,1.,0.,0.,1.,1.,0.,0.,1.,0.,       1307P   1461
0.,1.;                                                              1307P   1462
110,-4.766666667,-7.731109278,6.34270836,5.,-7.731109278,           1309P   1463
6.34270836;                                                         1309P   1464
126,1,1,1,0,1,0,0.,0.,1.,1.,1.,1.,1.,1.,0.,0.,1.,0.,0.,1.,0.,       1311P   1465
0.,1.;                                                              1311P   1466
110,5.,-7.731109278,6.34270836,5.,-2.370148622,0.981747704;         1313P   1467
126,1,1,1,0,1,0,0.,0.,1.,1.,1.,1.,0.,1.,0.,0.,0.976109215,0.,       1315P   1468
0.,1.,0.,0.,1.;                                                     1315P   1469
110,5.,-2.370148622,0.981747704,4.766666667,-2.370148622,           1317P   1470
0.981747704;                                                        1317P   1471
126,1,1,1,0,1,0,0.,0.,1.,1.,1.,1.,0.,0.976109215,0.,                1319P   1472
0.960232152,0.976109215,0.,0.,1.,0.,0.,1.;                          1319P   1473
110,4.766666667,-2.370148622,0.981747704,4.766666667,               1321P   1474
-7.517915409,6.129514491;                                           1321P   1475
102,6,1299,1303,1307,1311,1315,1319;                                1323P   1476
102,6,1301,1305,1309,1313,1317,1321;                                1325P   1477
142,1,1297,1323,1325,1;                                             1327P   1478
144,1297,1,0,1327;                                                  1329P   1479
128,1,1,1,1,0,0,1,0,0,0.,0.,1.,1.,0.,0.,1.,1.,1.,1.,1.,1.,          1331P   1480
-4.766666667,-9.951691889,0.981747704,-4.766666667,                 1331P   1481
-2.370148622,0.981747704,5.,-9.951691889,0.981747704,5.,            1331P   1482
-2.370148622,0.981747704,0.,1.,0.,1.;                               1331P   1483
126,1,1,1,0,1,0,0.,0.,1.,1.,1.,1.,0.039767848,0.,0.,                1333P   1484
0.039767848,0.976109215,0.,0.,1.,0.,0.,1.;                          1333P   1485
110,-4.766666667,-9.650190228,0.981747704,4.766666667,              1335P   1486
-9.650190228,0.981747704;                                           1335P   1487
126,1,1,1,0,1,0,0.,0.,1.,1.,1.,1.,0.039767848,0.976109215,0.,       1337P   1488
1.,0.976109215,0.,0.,1.,0.,0.,1.;                                   1337P   1489
110,4.766666667,-9.650190228,0.981747704,4.766666667,               1339P   1490
-2.370148622,0.981747704;                                           1339P   1491
126,1,1,1,0,1,0,0.,0.,1.,1.,1.,1.,1.,0.976109215,0.,1.,1.,0.,       1341P   1492
0.,1.,0.,0.,1.;                                                     1341P   1493
110,4.766666667,-2.370148622,0.981747704,5.,-2.370148622,           1343P   1494
0.981747704;                                                        1343P   1495
126,1,1,1,0,1,0,0.,0.,1.,1.,1.,1.,1.,1.,0.,0.,1.,0.,0.,1.,0.,       1345P   1496
0.,1.;                                                              1345P   1497
110,5.,-2.370148622,0.981747704,5.,-9.951691889,0.981747704;        1347P   1498
126,1,1,1,0,1,0,0.,0.,1.,1.,1.,1.,0.,1.,0.,0.,0.,0.,0.,1.,0.,       1349P   1499
0.,1.;                                                              1349P   1500
110,5.,-9.951691889,0.981747704,-4.766666667,-9.951691889,          1351P   1501
0.981747704;                                                        1351P   1502
126,1,1,1,0,1,0,0.,0.,1.,1.,1.,1.,0.,0.,0.,0.039767848,0.,0.,       1353P   1503
0.,1.,0.,0.,1.;                                                     1353P   1504
110,-4.766666667,-9.951691889,0.981747704,-4.766666667,             1355P   1505
-9.650190228,0.981747704;                                           1355P   1506
102,6,1333,1337,1341,1345,1349,1353;                                1357P   1507
102,6,1335,1339,1343,1347,1351,1355;                                1359P   1508
142,1,1331,1357,1359,1;                                             1361P   1509
144,1331,1,0,1361;                                                  1363P   1510
128,1,1,1,1,0,0,1,0,0,0.,0.,1.,1.,0.,0.,1.,1.,1.,1.,1.,1.,          1365P   1511
-4.766666667,0.981747704,2.370148622,-4.766666667,6.34270836,       1365P   1512
7.731109278,5.,0.981747704,2.370148622,5.,6.34270836,               1365P   1513
7.731109278,0.,1.,0.,1.;                                            1365P   1514
126,1,1,1,0,1,0,0.,0.,1.,1.,1.,1.,0.960232152,0.976109215,0.,       1367P   1515
0.960232152,0.,0.,0.,1.,0.,0.,1.;                                   1367P   1516
110,4.766666667,6.129514491,7.517915409,-4.766666667,               1369P   1517
6.129514491,7.517915409;                                            1369P   1518
126,1,1,1,0,1,0,0.,0.,1.,1.,1.,1.,0.960232152,0.,0.,1.,0.,0.,       1371P   1519
0.,1.,0.,0.,1.;                                                     1371P   1520
110,-4.766666667,6.129514491,7.517915409,-4.766666667,              1373P   1521
6.34270836,7.731109278;                                             1373P   1522
126,1,1,1,0,1,0,0.,0.,1.,1.,1.,1.,1.,0.,0.,1.,1.,0.,0.,1.,0.,       1375P   1523
0.,1.;                                                              1375P   1524
110,-4.766666667,6.34270836,7.731109278,5.,6.34270836,              1377P   1525
7.731109278;                                                        1377P   1526
126,1,1,1,0,1,0,0.,0.,1.,1.,1.,1.,1.,1.,0.,0.,1.,0.,0.,1.,0.,       1379P   1527
0.,1.;                                                              1379P   1528
110,5.,6.34270836,7.731109278,5.,0.981747704,2.370148622;           1381P   1529
126,1,1,1,0,1,0,0.,0.,1.,1.,1.,1.,0.,1.,0.,0.,0.976109215,0.,       1383P   1530
0.,1.,0.,0.,1.;                                                     1383P   1531
110,5.,0.981747704,2.370148622,4.766666667,0.981747704,             1385P   1532
2.370148622;                                                        1385P   1533
126,1,1,1,0,1,0,0.,0.,1.,1.,1.,1.,0.,0.976109215,0.,                1387P   1534
0.960232152,0.976109215,0.,0.,1.,0.,0.,1.;                          1387P   1535
110,4.766666667,0.981747704,2.370148622,4.766666667,                1389P   1536
6.129514491,7.517915409;                                            1389P   1537
102,6,1367,1371,1375,1379,1383,1387;                                1391P   1538
102,6,1369,1373,1377,1381,1385,1389;                                1393P   1539
142,1,1365,1391,1393,1;                                             1395P   1540
144,1365,1,0,1395;                                                  1397P   1541
128,1,1,1,1,0,0,1,0,0,0.,0.,1.,1.,0.,0.,1.,1.,1.,1.,1.,1.,          1399P   1542
-4.766666667,0.981747704,9.951691889,-4.766666667,0.981747704,      1399P   1543
2.370148622,5.,0.981747704,9.951691889,5.,0.981747704,              1399P   1544
2.370148622,0.,1.,0.,1.;                                            1399P   1545
126,1,1,1,0,1,0,0.,0.,1.,1.,1.,1.,0.039767848,0.,0.,                1401P   1546
0.039767848,0.976109215,0.,0.,1.,0.,0.,1.;                          1401P   1547
110,-4.766666667,0.981747704,9.650190228,4.766666667,               1403P   1548
0.981747704,9.650190228;                                            1403P   1549
126,1,1,1,0,1,0,0.,0.,1.,1.,1.,1.,0.039767848,0.976109215,0.,       1405P   1550
1.,0.976109215,0.,0.,1.,0.,0.,1.;                                   1405P   1551
110,4.766666667,0.981747704,9.650190228,4.766666667,                1407P   1552
0.981747704,2.370148622;                                            1407P   1553
126,1,1,1,0,1,0,0.,0.,1.,1.,1.,1.,1.,0.976109215,0.,1.,1.,0.,       1409P   1554
0.,1.,0.,0.,1.;                                                     1409P   1555
110,4.766666667,0.981747704,2.370148622,5.,0.981747704,             1411P   1556
2.370148622;                                                        1411P   1557
126,1,1,1,0,1,0,0.,0.,1.,1.,1.,1.,1.,1.,0.,0.,1.,0.,0.,1.,0.,       1413P   1558
0.,1.;                                                              1413P   1559
110,5.,0.981747704,2.370148622,5.,0.981747704,9.951691889;          1415P   1560
126,1,1,1,0,1,0,0.,0.,1.,1.,1.,1.,0.,1.,0.,0.,0.,0.,0.,1.,0.,       1417P   1561
0.,1.;                                                              1417P   1562
110,5.,0.981747704,9.951691889,-4.766666667,0.981747704,            1419P   1563
9.951691889;                                                        1419P   1564
126,1,1,1,0,1,0,0.,0.,1.,1.,1.,1.,0.,0.,0.,0.039767848,0.,0.,       1421P   1565
0.,1.,0.,0.,1.;                                                     1421P   1566
110,-4.766666667,0.981747704,9.951691889,-4.766666667,              1423P   1567
0.981747704,9.650190228;                                            1423P   1568
102,6,1401,1405,1409,1413,1417,1421;                                1425P   1569
102,6,1403,1407,1411,1415,1419,1423;                                1427P   1570
142,1,1399,1425,1427,1;                                             1429P   1571
144,1399,1,0,1429;                                                  1431P   1572
110,-15.,0.,0.,985.,0.,0.;                                          1433P   1573
110,-14.6,0.,-2.,-5.,0.,-2.;                                        1435P   1574
120,1433,1435,0.,6.28318530717959;                                  1437P   1575
126,1,1,1,0,1,0,0.,0.,1.,1.,1.,1.,1.,3.141592654,0.,1.,0.,0.,       1439P   1576
0.,1.,0.,0.,1.;                                                     1439P   1577
124,6.12323399573677E-017,0.,-1.,-5.,0.,1.,0.,0.,1.,0.,             1441P   1578
6.12323399573677E-017,5.;                                           1441P   1579
100,0.,-5.,0.,-3.,0.,-7.,0.;                                        1443P   1580
126,1,1,1,0,1,0,0.,0.,1.,1.,1.,1.,1.,0.,0.,0.607638889,0.,0.,       1445P   1581
0.,1.,0.,0.,1.;                                                     1445P   1582
110,-5.,0.,-2.,-8.766666667,0.,-2.;                                 1447P   1583
126,1,1,1,0,1,0,0.,0.,1.,1.,1.,1.,0.607638889,0.,0.,                1449P   1584
0.607638889,1.570796327,0.,0.,1.,0.,0.,1.;                          1449P   1585
124,6.12323399573677E-017,0.,1.,-8.76666666666667,0.,1.,0.,0.,      1451P   1586
-1.,0.,6.12323399573677E-017,-8.76666666666667;                     1451P   1587
100,0.,-8.766666667,0.,-6.766666667,0.,-8.766666667,2.;             1453P   1588
126,1,1,1,0,1,0,0.,0.,1.,1.,1.,1.,0.607638889,1.570796327,0.,       1455P   1589
0.559027778,1.570796327,0.,0.,1.,0.,0.,1.;                          1455P   1590
110,-8.766666667,2.,0.,-9.233333333,2.,0.;                          1457P   1591
126,1,1,1,0,1,0,0.,0.,1.,1.,1.,1.,0.559027778,1.570796327,0.,       1459P   1592
0.559027778,0.175905768,0.,0.,1.,0.,0.,1.;                          1459P   1593
124,3.74939945665464E-033,-6.12323399573677E-017,-1.,               1461P   1594
-9.23333333333333,1.,6.12323399573677E-017,0.,9.23333333333333,     1461P   1595
6.12323399573677E-017,-1.,6.12323399573677E-017,                    1461P   1596
5.65378605606361E-016;                                              1461P   1597
100,0.,-9.233333333,0.,-7.233333333,0.,-8.883333333,                1463P   1598
1.969136867;                                                        1463P   1599
126,1,1,1,0,1,0,0.,0.,1.,1.,1.,1.,0.559027778,0.175905768,0.,       1465P   1600
0.,0.175905768,0.,0.,1.,0.,0.,1.;                                   1465P   1601
110,-9.233333333,0.35,-1.969136867,-14.6,0.35,-1.969136867;         1467P   1602
126,1,1,1,0,1,0,0.,0.,1.,1.,1.,1.,0.,0.175905768,0.,0.,             1469P   1603
2.965686885,0.,0.,1.,0.,0.,1.;                                      1469P   1604
124,6.02874290237575E-017,-1.07156594925393E-017,1.,-14.6,          1471P   1605
0.175,0.984568433375761,0.,2.555,-0.984568433375761,0.175,          1471P   1606
6.12323399573677E-017,-14.3746991272861;                            1471P   1607
100,0.,-14.6,0.,-12.6,0.,-16.4775,0.689197903;                      1473P   1608
126,1,1,1,0,1,0,0.,0.,1.,1.,1.,1.,0.,2.965686885,0.,                1475P   1609
0.607638889,2.965686885,0.,0.,1.,0.,0.,1.;                          1475P   1610
110,-14.6,0.35,1.969136867,-8.766666667,0.35,1.969136867;           1477P   1611
126,1,1,1,0,1,0,0.,0.,1.,1.,1.,1.,0.607638889,2.965686885,0.,       1479P   1612
0.607638889,3.141592654,0.,0.,1.,0.,0.,1.;                          1479P   1613
124,-6.02874290237575E-017,-1.07156594925393E-017,1.,               1481P   1614
-8.76666666666667,0.174999999999999,-0.984568433375761,0.,          1481P   1615
1.53416666666666,0.984568433375761,0.174999999999999,               1481P   1616
6.12323399573677E-017,8.6313832659275;                              1481P   1617
100,0.,-8.766666667,0.,-6.766666667,0.,-6.7975298,0.35;             1483P   1618
126,1,1,1,0,1,0,0.,0.,1.,1.,1.,1.,0.607638889,3.141592654,0.,       1485P   1619
1.,3.141592654,0.,0.,1.,0.,0.,1.;                                   1485P   1620
110,-8.766666667,0.,2.,-5.,0.,2.;                                   1487P   1621
102,10,1439,1445,1449,1455,1459,1465,1469,1475,1479,1485;           1489P   1622
102,10,1443,1447,1453,1457,1463,1467,1473,1477,1483,1487;           1491P   1623
142,1,1437,1489,1491,1;                                             1493P   1624
144,1437,1,0,1493;                                                  1495P   1625
128,1,1,1,1,0,0,1,0,0,0.,0.,1.,1.,0.,0.,1.,1.,1.,1.,1.,1.,-15.,     1497P   1626
0.35,-1.969136867,-15.,0.35,-9.993873123,-9.233333333,0.35,         1497P   1627
-1.969136867,-9.233333333,0.35,-9.993873123,0.,1.,0.,1.;            1497P   1628
126,1,1,1,0,1,0,0.,0.,1.,1.,1.,1.,1.,0.052023121,0.,1.,1.,0.,       1499P   1629
0.,1.,0.,0.,1.;                                                     1499P   1630
110,-14.7,0.35,-9.993873123,-9.233333333,0.35,-9.993873123;         1501P   1631
126,1,1,1,0,1,0,0.,0.,1.,1.,1.,1.,1.,1.,0.,0.,1.,0.,0.,1.,0.,       1503P   1632
0.,1.;                                                              1503P   1633
110,-9.233333333,0.35,-9.993873123,-9.233333333,0.35,               1505P   1634
-1.969136867;                                                       1505P   1635
126,1,1,1,0,1,0,0.,0.,1.,1.,1.,1.,0.,1.,0.,0.,0.069364162,0.,       1507P   1636
0.,1.,0.,0.,1.;                                                     1507P   1637
110,-9.233333333,0.35,-1.969136867,-14.6,0.35,-1.969136867;         1509P   1638
126,2,2,1,0,1,0,0.,0.,0.,1.,1.,1.,1.,1.,1.,0.,0.069364162,0.,       1511P   1639
0.022952051,0.037917588,0.,0.050494513,0.,0.,0.,1.,0.,0.,1.;        1511P   1640
126,3,3,1,0,1,0,0.,0.,0.,0.,1.,1.,1.,1.,1.,1.,1.,1.,-14.6,0.35,     1513P   1641
-1.969136867,-14.73315622,0.35,-2.104380101,-14.866519421,0.35,     1513P   1642
-2.239418997,-15.,0.35,-2.374342014,0.,1.,0.,0.,0.;                 1513P   1643
126,1,1,1,0,1,0,0.,0.,1.,1.,1.,1.,0.050494513,0.,0.,                1515P   1644
0.962591965,0.,0.,0.,1.,0.,0.,1.;                                   1515P   1645
110,-15.,0.35,-2.374342014,-15.,0.35,-9.69368351;                   1517P   1646
126,8,2,1,0,1,0,0.,0.,0.,0.25,0.25,0.5,0.5,0.75,0.75,1.,1.,1.,      1519P   1647
1.,1.,1.,1.,1.,1.,1.,1.,1.,0.962591965,0.,0.,0.970020129,0.,0.,     1519P   1648
0.976884643,0.003946829,0.,0.983751977,0.00789528,0.,               1519P   1649
0.989012657,0.015194254,0.,0.99430169,0.022532564,0.,               1519P   1650
0.997158074,0.032133348,0.,1.,0.041685537,0.,1.,0.052023121,0.,     1519P   1651
0.,1.,0.,0.,-1.;                                                    1519P   1652
126,18,3,1,0,1,0,0.0016310470848115,0.0016310470848115,             1521P   1653
0.0016310470848115,0.0016310470848115,0.00168944378320501,          1521P   1654
0.00168944378320501,0.00168944378320501,0.00179112273496655,        1521P   1655
0.00179112273496655,0.00179112273496655,0.00189280461096999,        1521P   1656
0.00189280461096999,0.00189280461096999,0.00195572464581058,        1521P   1657
0.00195572464581058,0.00195572464581058,0.00205728128039721,        1521P   1658
0.00205728128039721,0.00205728128039721,0.00210398084378877,        1521P   1659
0.00210398084378877,0.00210398084378877,0.00210398084378877,1.,     1521P   1660
1.,1.,1.,1.,1.,1.,1.,1.,1.,1.,1.,1.,1.,1.,1.,1.,1.,1.,-15.,         1521P   1661
0.35,-9.69368351,-15.,0.35,-9.713029044,-14.998113727,0.35,         1521P   1662
-9.732464224,-14.994393453,0.35,-9.751448671,-14.987932485,         1521P   1663
0.35,-9.784418791,-14.975693819,0.35,-9.816728664,                  1521P   1664
-14.958687839,0.35,-9.845703991,-14.941681563,0.35,-9.87467982,     1521P   1665
-14.919438489,0.35,-9.901119859,-14.893798549,0.35,                 1521P   1666
-9.922831736,-14.877792879,0.35,-9.936385323,-14.860263096,         1521P   1667
0.35,-9.948316109,-14.841782408,0.35,-9.958233033,                  1521P   1668
-14.812213597,0.35,-9.974099955,-14.779498562,0.35,                 1521P   1669
-9.985082465,-14.746344862,0.35,-9.990269554,-14.731036179,         1521P   1670
0.35,-9.992664687,-14.715494916,0.35,-9.993873123,-14.7,0.35,       1521P   1671
-9.993873123,0.0016310470848115,0.00210398084378877,0.,0.,0.;       1521P   1672
102,6,1499,1503,1507,1511,1515,1519;                                1523P   1673
102,6,1501,1505,1509,1513,1517,1521;                                1525P   1674
142,1,1497,1523,1525,1;                                             1527P   1675
126,32,2,1,0,1,0,0.,0.,0.,0.0625,0.0625,0.125,0.125,0.1875,         1529P   1676
0.1875,0.25,0.25,0.3125,0.3125,0.375,0.375,0.4375,0.4375,0.5,       1529P   1677
0.5,0.5625,0.5625,0.625,0.625,0.6875,0.6875,0.75,0.75,0.8125,       1529P   1678
0.8125,0.875,0.875,0.9375,0.9375,1.,1.,1.,1.,1.,1.,1.,1.,1.,1.,     1529P   1679
1.,1.,1.,1.,1.,1.,1.,1.,1.,1.,1.,1.,1.,1.,1.,1.,1.,1.,1.,1.,1.,     1529P   1680
1.,1.,1.,1.,1.,0.408843734,0.520231214,0.,0.408843734,              1529P   1681
0.541580507,0.,0.411836779,0.562519578,0.,0.414829824,              1529P   1682
0.58345865,0.,0.420700894,0.603182825,0.,0.426571964,               1529P   1683
0.622906999,0.,0.435095436,0.640658288,0.,0.443618908,              1529P   1684
0.658409576,0.,0.45446723,0.673505805,0.,0.465315552,               1529P   1685
0.688602035,0.,0.478071829,0.700463066,0.,0.490828107,              1529P   1686
0.712324098,0.,0.505002123,0.720494118,0.,0.519176139,              1529P   1687
0.728664139,0.,0.534223194,0.732829179,0.,0.549270249,              1529P   1688
0.73699422,0.,0.564612093,0.73699422,0.,0.579953937,0.73699422,     1529P   1689
0.,0.595000992,0.732829179,0.,0.610048047,0.728664139,0.,           1529P   1690
0.624222063,0.720494118,0.,0.638396079,0.712324098,0.,              1529P   1691
0.651152357,0.700463066,0.,0.663908634,0.688602035,0.,              1529P   1692
0.674756956,0.673505805,0.,0.685605278,0.658409576,0.,              1529P   1693
0.69412875,0.640658288,0.,0.702652222,0.622906999,0.,               1529P   1694
0.708523292,0.603182825,0.,0.714394362,0.58345865,0.,               1529P   1695
0.717387407,0.562519578,0.,0.720380452,0.541580507,0.,              1529P   1696
0.720380452,0.520231214,0.,0.,1.,0.,0.,1.;                          1529P   1697
124,1.40271576953299E-014,1.,0.,-12.3499999999998,                  1531P   1698
-6.12323399573677E-017,8.58915688636046E-031,1.,6.85,1.,            1531P   1699
-1.40271576953299E-014,6.12323399573677E-017,5.50000000000001;      1531P   1700
100,-6.5,-12.,0.35,-10.75,0.35,-13.25,0.35;                         1533P   1701
126,32,2,1,0,1,0,0.,0.,0.,0.0625,0.0625,0.125,0.125,0.1875,         1535P   1702
0.1875,0.25,0.25,0.3125,0.3125,0.375,0.375,0.4375,0.4375,0.5,       1535P   1703
0.5,0.5625,0.5625,0.625,0.625,0.6875,0.6875,0.75,0.75,0.8125,       1535P   1704
0.8125,0.875,0.875,0.9375,0.9375,1.,1.,1.,1.,1.,1.,1.,1.,1.,1.,     1535P   1705
1.,1.,1.,1.,1.,1.,1.,1.,1.,1.,1.,1.,1.,1.,1.,1.,1.,1.,1.,1.,1.,     1535P   1706
1.,1.,1.,1.,1.,0.720380452,0.520231214,0.,0.720380452,              1535P   1707
0.498881921,0.,0.717387407,0.477942849,0.,0.714394362,              1535P   1708
0.457003777,0.,0.708523292,0.437279603,0.,0.702652222,              1535P   1709
0.417555428,0.,0.69412875,0.39980414,0.,0.685605278,                1535P   1710
0.382052852,0.,0.674756956,0.366956623,0.,0.663908634,              1535P   1711
0.351860393,0.,0.651152357,0.339999361,0.,0.638396079,              1535P   1712
0.32813833,0.,0.624222063,0.319968309,0.,0.610048047,               1535P   1713
0.311798289,0.,0.595000992,0.307633248,0.,0.579953937,              1535P   1714
0.303468208,0.,0.564612093,0.303468208,0.,0.549270249,              1535P   1715
0.303468208,0.,0.534223194,0.307633248,0.,0.519176139,              1535P   1716
0.311798289,0.,0.505002123,0.319968309,0.,0.490828107,              1535P   1717
0.32813833,0.,0.478071829,0.339999361,0.,0.465315552,               1535P   1718
0.351860393,0.,0.45446723,0.366956623,0.,0.443618908,               1535P   1719
0.382052852,0.,0.435095436,0.39980414,0.,0.426571964,               1535P   1720
0.417555428,0.,0.420700894,0.437279603,0.,0.414829824,              1535P   1721
0.457003777,0.,0.411836779,0.477942849,0.,0.408843734,              1535P   1722
0.498881921,0.,0.408843734,0.520231214,0.,0.,1.,0.,0.,1.;           1535P   1723
124,6.12323399573677E-017,-1.,0.,-11.65,6.12323399573677E-017,      1537P   1724
3.74939945665464E-033,1.,6.85,-1.,-6.12323399573677E-017,           1537P   1725
6.12323399573677E-017,-18.5;                                        1537P   1726
100,-6.5,-12.,0.35,-10.75,0.35,-13.25,0.35;                         1539P   1727
102,2,1529,1535;                                                    1541P   1728
102,2,1533,1539;                                                    1543P   1729
142,1,1497,1541,1543,1;                                             1545P   1730
144,1497,1,1,1527,1545;                                             1547P   1731
128,1,1,1,1,0,0,1,0,0,0.,0.,1.,1.,0.,0.,1.,1.,1.,1.,1.,1.,-15.,     1549P   1732
-9.8164,9.816362101,-15.,-9.8164,-9.810045611,-15.,9.8164,          1549P   1733
9.816362101,-15.,9.8164,-9.810045611,0.,1.,0.,1.;                   1549P   1734
126,32,2,1,0,1,0,0.,0.,0.,0.0625,0.0625,0.125,0.125,0.1875,         1551P   1735
0.1875,0.25,0.25,0.3125,0.3125,0.375,0.375,0.4375,0.4375,0.5,       1551P   1736
0.5,0.5625,0.5625,0.625,0.625,0.6875,0.6875,0.75,0.75,0.8125,       1551P   1737
0.8125,0.875,0.875,0.9375,0.9375,1.,1.,1.,1.,1.,1.,1.,1.,1.,1.,     1551P   1738
1.,1.,1.,1.,1.,1.,1.,1.,1.,1.,1.,1.,1.,1.,1.,1.,1.,1.,1.,1.,1.,     1551P   1739
1.,1.,1.,1.,1.,0.621137821,0.482172691,0.,0.619545974,              1551P   1740
0.471377382,0.,0.616066652,0.461034597,0.,0.61258733,               1551P   1741
0.450691811,0.,0.607330549,0.441128587,0.,0.602073767,              1551P   1742
0.431565363,0.,0.595205746,0.423084089,0.,0.588337725,              1551P   1743
0.414602815,0.,0.58007563,0.407471669,0.,0.571813535,               1551P   1744
0.400340523,0.,0.562418614,0.394784991,0.,0.553023692,              1551P   1745
0.38922946,0.,0.542793012,0.385425208,0.,0.532562331,               1551P   1746
0.381620956,0.,0.521819385,0.379688274,0.,0.511076439,              1551P   1747
0.377755593,0.,0.500160918,0.377755593,0.,0.489245398,              1551P   1748
0.377755593,0.,0.478502451,0.379688274,0.,0.467759505,              1551P   1749
0.381620956,0.,0.457528824,0.385425208,0.,0.447298144,              1551P   1750
0.38922946,0.,0.437903223,0.394784991,0.,0.428508301,               1551P   1751
0.400340523,0.,0.420246206,0.407471669,0.,0.411984112,              1551P   1752
0.414602815,0.,0.40511609,0.423084089,0.,0.398248069,               1551P   1753
0.431565363,0.,0.392991288,0.441128587,0.,0.387734506,              1551P   1754
0.450691811,0.,0.384255184,0.461034597,0.,0.380775862,              1551P   1755
0.471377382,0.,0.379184016,0.482172691,0.,0.,1.,0.,0.,1.;           1551P   1756
124,-6.05777155764408E-017,8.92971624378357E-018,-1.,-15.,          1553P   1757
-0.145833333333346,-0.989309172548645,0.,-2.18750000000019,         1553P   1758
-0.989309172548645,0.145833333333346,6.12323399573677E-017,         1553P   1759
-14.8396375882297;                                                  1553P   1760
100,0.,-15.,0.,-12.6,0.,-17.297916667,0.692516421;                  1555P   1761
126,1,1,1,0,1,0,0.,0.,1.,1.,1.,1.,0.379184016,0.482172691,0.,       1557P   1762
0.168974483,0.482172691,0.,0.,1.,0.,0.,1.;                          1557P   1763
110,-15.,-0.35,2.374342014,-15.,-0.35,6.5;                          1559P   1764
126,1,1,1,0,1,0,0.,0.,1.,1.,1.,1.,0.168974483,0.482172691,0.,       1561P   1765
0.168974483,0.517827309,0.,0.,1.,0.,0.,1.;                          1561P   1766
110,-15.,-0.35,6.5,-15.,0.35,6.5;                                   1563P   1767
126,1,1,1,0,1,0,0.,0.,1.,1.,1.,1.,0.168974483,0.517827309,0.,       1565P   1768
0.379184016,0.517827309,0.,0.,1.,0.,0.,1.;                          1565P   1769
110,-15.,0.35,6.5,-15.,0.35,2.374342014;                            1567P   1770
126,32,2,1,0,1,0,0.,0.,0.,0.0625,0.0625,0.125,0.125,0.1875,         1569P   1771
0.1875,0.25,0.25,0.3125,0.3125,0.375,0.375,0.4375,0.4375,0.5,       1569P   1772
0.5,0.5625,0.5625,0.625,0.625,0.6875,0.6875,0.75,0.75,0.8125,       1569P   1773
0.8125,0.875,0.875,0.9375,0.9375,1.,1.,1.,1.,1.,1.,1.,1.,1.,1.,     1569P   1774
1.,1.,1.,1.,1.,1.,1.,1.,1.,1.,1.,1.,1.,1.,1.,1.,1.,1.,1.,1.,1.,     1569P   1775
1.,1.,1.,1.,1.,0.379184016,0.517827309,0.,0.380775862,              1569P   1776
0.528622618,0.,0.384255184,0.538965403,0.,0.387734506,              1569P   1777
0.549308189,0.,0.392991288,0.558871413,0.,0.398248069,              1569P   1778
0.568434637,0.,0.40511609,0.576915911,0.,0.411984112,               1569P   1779
0.585397185,0.,0.420246206,0.592528331,0.,0.428508301,              1569P   1780
0.599659477,0.,0.437903223,0.605215009,0.,0.447298144,              1569P   1781
0.61077054,0.,0.457528824,0.614574792,0.,0.467759505,               1569P   1782
0.618379044,0.,0.478502451,0.620311726,0.,0.489245398,              1569P   1783
0.622244407,0.,0.500160918,0.622244407,0.,0.511076439,              1569P   1784
0.622244407,0.,0.521819385,0.620311726,0.,0.532562331,              1569P   1785
0.618379044,0.,0.542793012,0.614574792,0.,0.553023692,              1569P   1786
0.61077054,0.,0.562418614,0.605215009,0.,0.571813535,               1569P   1787
0.599659477,0.,0.58007563,0.592528331,0.,0.588337725,               1569P   1788
0.585397185,0.,0.595205746,0.576915911,0.,0.602073767,              1569P   1789
0.568434637,0.,0.607330549,0.558871413,0.,0.61258733,               1569P   1790
0.549308189,0.,0.616066652,0.538965403,0.,0.619545974,              1569P   1791
0.528622618,0.,0.621137821,0.517827309,0.,0.,1.,0.,0.,1.;           1569P   1792
124,6.05777155764409E-017,-8.92971624378279E-018,-1.,-15.,          1571P   1793
0.145833333333333,0.989309172548647,0.,2.1875,                      1571P   1794
0.989309172548647,-0.145833333333333,6.12323399573677E-017,         1571P   1795
14.8396375882297;                                                   1571P   1796
100,0.,-15.,0.,-12.6,0.,-17.297916667,0.692516421;                  1573P   1797
126,1,1,1,0,1,0,0.,0.,1.,1.,1.,1.,0.621137821,0.517827309,0.,       1575P   1798
0.994071146,0.517827309,0.,0.,1.,0.,0.,1.;                          1575P   1799
110,-15.,0.35,-2.374342014,-15.,0.35,-9.69368351;                   1577P   1800
126,64,2,1,0,1,0,0.,0.,0.,0.03125,0.03125,0.0625,0.0625,            1579P   1801
0.09375,0.09375,0.125,0.125,0.15625,0.15625,0.1875,0.1875,          1579P   1802
0.21875,0.21875,0.25,0.25,0.28125,0.28125,0.3125,0.3125,            1579P   1803
0.34375,0.34375,0.375,0.375,0.40625,0.40625,0.4375,0.4375,          1579P   1804
0.46875,0.46875,0.5,0.5,0.53125,0.53125,0.5625,0.5625,0.59375,      1579P   1805
0.59375,0.625,0.625,0.65625,0.65625,0.6875,0.6875,0.71875,          1579P   1806
0.71875,0.75,0.75,0.78125,0.78125,0.8125,0.8125,0.84375,            1579P   1807
0.84375,0.875,0.875,0.90625,0.90625,0.9375,0.9375,0.96875,          1579P   1808
0.96875,1.,1.,1.,1.,1.,1.,1.,1.,1.,1.,1.,1.,1.,1.,1.,1.,1.,1.,      1579P   1809
1.,1.,1.,1.,1.,1.,1.,1.,1.,1.,1.,1.,1.,1.,1.,1.,1.,1.,1.,1.,1.,     1579P   1810
1.,1.,1.,1.,1.,1.,1.,1.,1.,1.,1.,1.,1.,1.,1.,1.,1.,1.,1.,1.,1.,     1579P   1811
1.,1.,1.,1.,1.,1.,1.,1.,0.994071146,0.517827309,0.,0.992335043,     1579P   1812
0.565895181,0.,0.981357307,0.612725728,0.,0.970379572,              1579P   1813
0.659556275,0.,0.950572465,0.703390809,0.,0.930765358,              1579P   1814
0.747225342,0.,0.902872722,0.786417686,0.,0.874980086,              1579P   1815
0.825610029,0.,0.840049411,0.85868834,0.,0.805118735,               1579P   1816
0.891766652,0.,0.764461818,0.917488698,0.,0.7238049,                1579P   1817
0.943210744,0.,0.678948584,0.960610551,0.,0.634092267,              1579P   1818
0.978010358,0.,0.586721101,0.986434488,0.,0.539349934,              1579P   1819
0.994858617,0.,0.491242908,0.993990707,0.,0.443135883,              1579P   1820
0.993122797,0.,0.396099626,0.98299544,0.,0.349063369,               1579P   1821
0.972868084,0.,0.304864295,0.953861608,0.,0.260665221,              1579P   1822
0.934855132,0.,0.220963196,0.907683311,0.,0.181261171,              1579P   1823
0.88051149,0.,0.147547178,0.846194743,0.,0.113833185,               1579P   1824
0.811877997,0.,0.087373329,0.771705068,0.,0.060913474,              1579P   1825
0.731532138,0.,0.042701439,0.687011692,0.,0.024489404,              1579P   1826
0.642491247,0.,0.015209129,0.59529522,0.,0.005928854,               1579P   1827
0.548099193,0.,0.005928854,0.5,0.,0.005928854,0.451900807,0.,       1579P   1828
0.015209129,0.40470478,0.,0.024489404,0.357508753,0.,               1579P   1829
0.042701439,0.312988308,0.,0.060913474,0.268467862,0.,              1579P   1830
0.087373329,0.228294932,0.,0.113833185,0.188122003,0.,              1579P   1831
0.147547178,0.153805257,0.,0.181261171,0.11948851,0.,               1579P   1832
0.220963196,0.092316689,0.,0.260665221,0.065144868,0.,              1579P   1833
0.304864295,0.046138392,0.,0.349063369,0.027131916,0.,              1579P   1834
0.396099626,0.01700456,0.,0.443135883,0.006877203,0.,               1579P   1835
0.491242908,0.006009293,0.,0.539349934,0.005141383,0.,              1579P   1836
0.586721101,0.013565512,0.,0.634092267,0.021989642,0.,              1579P   1837
0.678948584,0.039389449,0.,0.7238049,0.056789256,0.,                1579P   1838
0.764461818,0.082511302,0.,0.805118735,0.108233348,0.,              1579P   1839
0.840049411,0.14131166,0.,0.874980086,0.174389971,0.,               1579P   1840
0.902872722,0.213582314,0.,0.930765358,0.252774658,0.,              1579P   1841
0.950572465,0.296609191,0.,0.970379572,0.340443725,0.,              1579P   1842
0.981357307,0.387274272,0.,0.992335043,0.434104819,0.,              1579P   1843
0.994071146,0.482172691,0.,0.,1.,0.,0.,-1.;                         1579P   1844
124,6.11924664070692E-017,-2.20941432835856E-018,1.,-15.,           1581P   1845
0.0360824742268031,0.999348815506214,0.,0.541237113402046,          1581P   1846
-0.999348815506214,0.0360824742268031,6.12323399573677E-017,        1581P   1847
-14.9902322325932;                                                  1581P   1848
100,0.,-15.,0.,-5.3,0.,-5.325257732,-0.699544171;                   1583P   1849
126,1,1,1,0,1,0,0.,0.,1.,1.,1.,1.,0.994071146,0.482172691,0.,       1585P   1850
0.621137821,0.482172691,0.,0.,1.,0.,0.,1.;                          1585P   1851
110,-15.,-0.35,-9.69368351,-15.,-0.35,-2.374342014;                 1587P   1852
102,8,1551,1557,1561,1565,1569,1575,1579,1585;                      1589P   1853
102,8,1555,1559,1563,1567,1573,1577,1583,1587;                      1591P   1854
142,1,1549,1589,1591,1;                                             1593P   1855
144,1549,1,0,1593;                                                  1595P   1856
128,3,6,3,3,0,0,0,0,0,0.,0.,0.,0.,1.,1.,1.,1.,0.,0.,0.,0.,0.5,      1597P   1857
0.5,0.5,1.,1.,1.,1.,1.,0.755320871117971,0.755320871117971,1.,      1597P   1858
0.345001787416455,0.260587050608654,0.260587050608654,              1597P   1859
0.345001787416455,0.345001787416455,0.260587050608654,              1597P   1860
0.260587050608654,0.345001787416455,1.,0.755320871117971,           1597P   1861
0.755320871117971,1.,0.345001787416455,0.260587050608654,           1597P   1862
0.260587050608654,0.345001787416455,0.345001787416455,              1597P   1863
0.260587050608654,0.260587050608654,0.345001787416455,1.,           1597P   1864
0.755320871117971,0.755320871117971,1.,-14.670049975,               1597P   1865
0.349947544,-9.992375291,-14.87401613,0.350663814,-10.01282763,     1597P   1866
-15.018966127,0.345590565,-9.867966441,-14.99850125,                1597P   1867
0.338451749,-9.664125254,-14.670049975,19.655827468,                1597P   1868
-9.316255243,-14.87401613,19.696058907,-9.335323703,                1597P   1869
-15.018966127,19.411104986,-9.200264344,-14.99850125,               1597P   1870
19.010132536,-9.010215785,-14.670049975,19.317715651,               1597P   1871
9.99850125,-14.87401613,19.357255045,10.018966127,                  1597P   1872
-15.018966127,19.077202789,9.87401613,-14.99850125,                 1597P   1873
18.683127709,9.670049975,-14.670049975,0.,9.99850125,               1597P   1874
-14.87401613,0.,10.018966127,-15.018966127,0.,9.87401613,           1597P   1875
-14.99850125,0.,9.670049975,-14.670049975,-19.317715651,            1597P   1876
9.99850125,-14.87401613,-19.357255045,10.018966127,                 1597P   1877
-15.018966127,-19.077202789,9.87401613,-14.99850125,                1597P   1878
-18.683127709,9.670049975,-14.670049975,-19.655827468,              1597P   1879
-9.316255243,-14.87401613,-19.696058907,-9.335323703,               1597P   1880
-15.018966127,-19.411104986,-9.200264344,-14.99850125,              1597P   1881
-19.010132536,-9.010215785,-14.670049975,-0.349947544,              1597P   1882
-9.992375291,-14.87401613,-0.350663814,-10.01282763,                1597P   1883
-15.018966127,-0.345590565,-9.867966441,-14.99850125,               1597P   1884
-0.338451749,-9.664125254,0.,1.,0.,1.;                              1597P   1885
126,1,1,1,0,1,0,0.,0.,1.,1.,1.,1.,0.936858543,0.000270687,0.,       1599P   1886
0.936858543,0.999729313,0.,0.,1.,0.,0.,1.;                          1599P   1887
124,6.11924664070692E-017,-2.20941432835856E-018,1.,-15.,           1601P   1888
0.0360824742268031,0.999348815506214,0.,0.541237113402046,          1601P   1889
-0.999348815506214,0.0360824742268031,6.12323399573677E-017,        1601P   1890
-14.9902322325932;                                                  1601P   1891
100,0.,-15.,0.,-5.3,0.,-5.325257732,-0.699544171;                   1603P   1892
126,4,2,1,0,1,0,0.,0.,0.,0.5,0.5,1.,1.,1.,1.,1.,1.,1.,1.,           1605P   1893
0.936858543,0.999729313,0.,0.544655365,0.999906376,0.,              1605P   1894
0.500131295,0.999922339,0.,0.283514361,1.,0.,0.063141457,1.,0.,     1605P   1895
0.,1.,0.,0.,-1.;                                                    1605P   1896
126,18,3,1,0,1,0,0.00161716941279405,0.00161716941279405,           1607P   1897
0.00161716941279405,0.00161716941279405,0.00171278408049899,        1607P   1898
0.00171278408049899,0.00171278408049899,0.00181364238793261,        1607P   1899
0.00181364238793261,0.00181364238793261,0.00187628671644029,        1607P   1900
0.00187628671644029,0.00187628671644029,0.0019769922495017,         1607P   1901
0.0019769922495017,0.0019769922495017,0.00207769992740879,          1607P   1902
0.00207769992740879,0.00207769992740879,0.0020859462518256,         1607P   1903
0.0020859462518256,0.0020859462518256,0.0020859462518256,1.,1.,     1607P   1904
1.,1.,1.,1.,1.,1.,1.,1.,1.,1.,1.,1.,1.,1.,1.,1.,1.,-15.,-0.35,      1607P   1905
-9.69368351,-15.,-0.35,-9.725555787,-14.99479821,-0.35,             1607P   1906
-9.757824115,-14.98478152,-0.35,-9.788081476,-14.974215996,         1607P   1907
-0.35,-9.819996697,-14.95799342,-0.35,-9.850528184,                 1607P   1908
-14.937455653,-0.35,-9.877144189,-14.924587454,-0.35,               1607P   1909
-9.893820786,-14.909873534,-0.35,-9.909219453,-14.893798549,        1607P   1910
-0.35,-9.922831736,-14.868180961,-0.35,-9.944524687,                1607P   1911
-14.838466095,-0.35,-9.962095671,-14.807112601,-0.35,               1607P   1912
-9.974087475,-14.775758694,-0.35,-9.986079438,-14.741901228,        1607P   1913
-0.35,-9.992822577,-14.70834528,-0.35,-9.993756957,                 1607P   1914
-14.705564328,-0.35,-9.993834393,-14.70278203,-0.35,                1607P   1915
-9.993873123,-14.7,-0.35,-9.993873123,0.00161716941279405,          1607P   1916
0.0020859462518256,0.,0.,0.;                                        1607P   1917
126,1,1,1,0,1,0,0.,0.,1.,1.,1.,1.,0.063141457,1.,0.,                1609P   1918
0.063141457,0.5,0.,0.,1.,0.,0.,1.;                                  1609P   1919
124,-6.11948236562558E-017,2.14313189850871E-018,-1.,-14.7,         1611P   1920
-0.0350000000000138,-0.999387312306895,0.,-0.514500000000203,       1611P   1921
-0.999387312306895,0.0350000000000138,6.12323399573677E-017,        1611P   1922
-14.6909934909114;                                                  1611P   1923
100,0.,-14.7,0.,-4.7,0.,-24.693873123,0.35;                         1613P   1924
126,1,1,1,0,1,0,0.,0.,1.,1.,1.,1.,0.063141457,0.5,0.,               1615P   1925
0.063141457,0.,0.,0.,1.,0.,0.,1.;                                   1615P   1926
124,6.12323399573677E-017,0.,-1.,-14.7,0.,1.,0.,0.,1.,0.,           1617P   1927
6.12323399573677E-017,14.7;                                         1617P   1928
100,0.,-14.7,0.,-4.7,0.,-24.693873123,0.35;                         1619P   1929
126,4,2,1,0,1,0,0.,0.,0.,0.5,0.5,1.,1.,1.,1.,1.,1.,1.,1.,           1621P   1930
0.063141457,0.,0.,0.283721755,0.,0.,0.500616287,7.7835E-005,0.,     1621P   1931
0.544819489,9.3698E-005,0.,0.936858543,0.000270687,0.,0.,1.,0.,     1621P   1932
0.,-1.;                                                             1621P   1933
126,18,3,1,0,1,0,0.00166693460493368,0.00166693460493368,           1623P   1934
0.00166693460493368,0.00166693460493368,0.0017132261157479,         1623P   1935
0.0017132261157479,0.0017132261157479,0.00181389536631036,          1623P   1936
0.00181389536631036,0.00181389536631036,0.00187626561694489,        1623P   1937
0.00187626561694489,0.00187626561694489,0.00197705901458667,        1623P   1938
0.00197705901458667,0.00197705901458667,0.00207784951353808,        1623P   1939
0.00207784951353808,0.00207784951353808,0.0021357359518444,         1623P   1940
0.0021357359518444,0.0021357359518444,0.0021357359518444,1.,1.,     1623P   1941
1.,1.,1.,1.,1.,1.,1.,1.,1.,1.,1.,1.,1.,1.,1.,1.,1.,-14.7,0.35,      1623P   1942
-9.993873123,-14.715494916,0.35,-9.993873123,-14.731036179,         1623P   1943
0.35,-9.992664687,-14.746344862,0.35,-9.990269554,                  1623P   1944
-14.779498562,0.35,-9.985082465,-14.812213597,0.35,                 1623P   1945
-9.974099955,-14.841782408,0.35,-9.958233033,-14.860263096,         1623P   1946
0.35,-9.948316109,-14.877792879,0.35,-9.936385323,                  1623P   1947
-14.893798549,0.35,-9.922831736,-14.919438489,0.35,                 1623P   1948
-9.901119859,-14.941681563,0.35,-9.87467982,-14.958687839,0.35,     1623P   1949
-9.845703991,-14.975693819,0.35,-9.816728664,-14.987932485,         1623P   1950
0.35,-9.784418791,-14.994393453,0.35,-9.751448671,                  1623P   1951
-14.998113727,0.35,-9.732464224,-15.,0.35,-9.713029044,-15.,        1623P   1952
0.35,-9.69368351,0.00166693460493368,0.0021357359518444,0.,0.,      1623P   1953
0.;                                                                 1623P   1954
102,5,1599,1605,1609,1615,1621;                                     1625P   1955
102,5,1603,1607,1613,1619,1623;                                     1627P   1956
142,1,1597,1625,1627,1;                                             1629P   1957
144,1597,1,0,1629;                                                  1631P   1958
110,985.,0.,0.,-15.,0.,0.;                                          1633P   1959
110,-14.6,0.,2.,-15.,0.,2.4;                                        1635P   1960
120,1633,1635,0.,6.28318530717959;                                  1637P   1961
126,2,2,1,0,1,0,0.,0.,0.,1.,1.,1.,1.,1.,1.,1.,3.287947913,0.,       1639P   1962
0.453746428,3.301368385,0.,0.,3.317498422,0.,0.,1.,0.,0.,-1.;       1639P   1963
126,3,3,1,0,1,0,0.,0.,0.,0.,1.,1.,1.,1.,1.,1.,1.,1.,-15.,-0.35,     1641P   1964
-2.374342014,-14.866519601,-0.35,-2.239419178,-14.733156435,        1641P   1965
-0.35,-2.10438032,-14.6,-0.35,-1.969136867,0.,1.,0.,0.,0.;          1641P   1966
126,1,1,1,0,1,0,0.,0.,1.,1.,1.,1.,0.,3.317498422,0.,0.,             1643P   1967
6.107279539,0.,0.,1.,0.,0.,1.;                                      1643P   1968
124,-6.02874290237573E-017,1.07156594925401E-017,-1.,-14.6,         1645P   1969
-0.175000000000013,-0.984568433375759,0.,-2.55500000000019,         1645P   1970
-0.984568433375759,0.175000000000013,6.12323399573677E-017,         1645P   1971
-14.3746991272861;                                                  1645P   1972
100,0.,-14.6,0.,-12.6,0.,-16.4775,0.689197903;                      1647P   1973
126,2,2,1,0,1,0,0.,0.,0.,1.,1.,1.,1.,1.,1.,0.,6.107279539,0.,       1649P   1974
0.453746428,6.123409576,0.,1.,6.136830048,0.,0.,1.,0.,0.,-1.;       1649P   1975
126,3,3,1,0,1,0,0.,0.,0.,0.,1.,1.,1.,1.,1.,1.,1.,1.,-14.6,          1651P   1976
-0.35,1.969136867,-14.73315622,-0.35,2.104380101,-14.866519421,     1651P   1977
-0.35,2.239418997,-15.,-0.35,2.374342014,0.,1.,0.,0.,0.;            1651P   1978
126,1,1,1,0,1,0,0.,0.,1.,1.,1.,1.,1.,6.136830048,0.,1.,             1653P   1979
3.287947913,0.,0.,1.,0.,0.,1.;                                      1653P   1980
124,-6.05777155764408E-017,8.92971624378357E-018,1.,-15.,           1655P   1981
-0.145833333333346,-0.989309172548645,0.,-2.18750000000019,         1655P   1982
0.989309172548645,-0.145833333333346,6.12323399573677E-017,         1655P   1983
14.8396375882297;                                                   1655P   1984
100,0.,-15.,0.,-12.6,0.,-17.297916667,0.692516421;                  1657P   1985
102,4,1639,1643,1649,1653;                                          1659P   1986
102,4,1641,1647,1651,1657;                                          1661P   1987
142,1,1637,1659,1661,1;                                             1663P   1988
144,1637,1,0,1663;                                                  1665P   1989
110,985.,0.,0.,-15.,0.,0.;                                          1667P   1990
110,-14.6,0.,2.,-15.,0.,2.4;                                        1669P   1991
120,1667,1669,0.,6.28318530717959;                                  1671P   1992
126,2,2,1,0,1,0,0.,0.,0.,1.,1.,1.,1.,1.,1.,1.,0.146355259,0.,       1673P   1993
0.453746428,0.159775731,0.,0.,0.175905768,0.,0.,1.,0.,0.,-1.;       1673P   1994
126,3,3,1,0,1,0,0.,0.,0.,0.,1.,1.,1.,1.,1.,1.,1.,1.,-15.,0.35,      1675P   1995
2.374342014,-14.866519601,0.35,2.239419178,-14.733156435,0.35,      1675P   1996
2.10438032,-14.6,0.35,1.969136867,0.,1.,0.,0.,0.;                   1675P   1997
126,1,1,1,0,1,0,0.,0.,1.,1.,1.,1.,0.,0.175905768,0.,0.,             1677P   1998
2.965686885,0.,0.,1.,0.,0.,1.;                                      1677P   1999
124,6.02874290237575E-017,-1.07156594925393E-017,-1.,-14.6,         1679P   2000
0.175,0.984568433375761,0.,2.555,0.984568433375761,-0.175,          1679P   2001
6.12323399573677E-017,14.3746991272861;                             1679P   2002
100,0.,-14.6,0.,-12.6,0.,-16.4775,0.689197903;                      1681P   2003
126,2,2,1,0,1,0,0.,0.,0.,1.,1.,1.,1.,1.,1.,0.,2.965686885,0.,       1683P   2004
0.453746428,2.981816922,0.,1.,2.995237395,0.,0.,1.,0.,0.,-1.;       1683P   2005
126,3,3,1,0,1,0,0.,0.,0.,0.,1.,1.,1.,1.,1.,1.,1.,1.,-14.6,0.35,     1685P   2006
-1.969136867,-14.73315622,0.35,-2.104380101,-14.866519421,0.35,     1685P   2007
-2.239418997,-15.,0.35,-2.374342014,0.,1.,0.,0.,0.;                 1685P   2008
126,1,1,1,0,1,0,0.,0.,1.,1.,1.,1.,1.,2.995237395,0.,1.,             1687P   2009
0.146355259,0.,0.,1.,0.,0.,1.;                                      1687P   2010
124,6.05777155764409E-017,-8.92971624378279E-018,1.,-15.,           1689P   2011
0.145833333333333,0.989309172548647,0.,2.1875,                      1689P   2012
-0.989309172548647,0.145833333333333,6.12323399573677E-017,         1689P   2013
-14.8396375882297;                                                  1689P   2014
100,0.,-15.,0.,-12.6,0.,-17.297916667,0.692516421;                  1691P   2015
102,4,1673,1677,1683,1687;                                          1693P   2016
102,4,1675,1681,1685,1691;                                          1695P   2017
142,1,1671,1693,1695,1;                                             1697P   2018
144,1671,1,0,1697;                                                  1699P   2019
110,-985.4,0.,0.,14.6,0.,0.;                                        1701P   2020
110,14.6,0.,-2.,15.,0.,-2.4;                                        1703P   2021
120,1701,1703,0.,6.28318530717959;                                  1705P   2022
126,1,1,1,0,1,0,0.,0.,1.,1.,1.,1.,0.,1.746702095,0.,0.,             1707P   2023
3.141592654,0.,0.,1.,0.,0.,1.;                                      1707P   2024
124,-1.07156594925394E-017,-6.02874290237575E-017,1.,14.6,          1709P   2025
0.984568433375761,-0.175000000000001,0.,-14.3746991272861,          1709P   2026
0.175000000000001,0.984568433375761,6.12323399573677E-017,          1709P   2027
-2.55500000000001;                                                  1709P   2028
100,0.,14.6,0.,16.6,0.,14.95,1.969136867;                           1711P   2029
126,1,1,1,0,1,0,0.,0.,1.,1.,1.,1.,0.,3.141592654,0.,0.,             1713P   2030
4.536483212,0.,0.,1.,0.,0.,1.;                                      1713P   2031
124,-6.12323399573677E-017,-7.49879891330929E-033,1.,14.6,          1715P   2032
1.22464679914735E-016,-1.,0.,-1.78798432675514E-015,1.,             1715P   2033
1.22464679914735E-016,6.12323399573677E-017,-14.6;                  1715P   2034
100,0.,14.6,0.,16.6,0.,14.95,1.969136867;                           1717P   2035
126,2,2,1,0,1,0,0.,0.,0.,1.,1.,1.,1.,1.,1.,0.,4.536483212,0.,       1719P   2036
0.453746428,4.552613249,0.,1.,4.566033721,0.,0.,1.,0.,0.,-1.;       1719P   2037
126,3,3,1,0,1,0,0.,0.,0.,0.,1.,1.,1.,1.,1.,1.,1.,1.,14.6,           1721P   2038
-1.969136867,0.35,14.733156435,-2.10438032,0.35,14.866519601,       1721P   2039
-2.239419178,0.35,15.,-2.374342014,0.35,0.,1.,0.,0.,0.;             1721P   2040
126,1,1,1,0,1,0,0.,0.,1.,1.,1.,1.,1.,4.566033721,0.,1.,             1723P   2041
1.717151586,0.,0.,1.,0.,0.,1.;                                      1723P   2042
124,8.92971624378362E-018,6.05777155764407E-017,-1.,15.,            1725P   2043
-0.989309172548645,0.145833333333347,0.,14.8396375882297,           1725P   2044
0.145833333333347,0.989309172548645,6.12323399573677E-017,          1725P   2045
-2.1875000000002;                                                   1725P   2046
100,0.,15.,0.,17.4,0.,12.702083333,0.692516421;                     1727P   2047
126,2,2,1,0,1,0,0.,0.,0.,1.,1.,1.,1.,1.,1.,1.,1.717151586,0.,       1729P   2048
0.453746428,1.730572058,0.,0.,1.746702095,0.,0.,1.,0.,0.,-1.;       1729P   2049
126,3,3,1,0,1,0,0.,0.,0.,0.,1.,1.,1.,1.,1.,1.,1.,1.,15.,            1731P   2050
2.374342014,0.35,14.866519421,2.239418997,0.35,14.73315622,         1731P   2051
2.104380101,0.35,14.6,1.969136867,0.35,0.,1.,0.,0.,0.;              1731P   2052
102,5,1707,1713,1719,1723,1729;                                     1733P   2053
102,5,1711,1717,1721,1727,1731;                                     1735P   2054
142,1,1705,1733,1735,1;                                             1737P   2055
144,1705,1,0,1737;                                                  1739P   2056
128,1,1,1,1,0,0,1,0,0,0.,0.,1.,1.,0.,0.,1.,1.,1.,1.,1.,1.,15.,      1741P   2057
-9.816362101,9.8164,15.,-9.816362101,-9.8164,15.,9.810045611,       1741P   2058
9.8164,15.,9.810045611,-9.8164,0.,1.,0.,1.;                         1741P   2059
126,1,1,1,0,1,0,0.,0.,1.,1.,1.,1.,0.482172691,0.621137821,0.,       1743P   2060
0.482172691,0.994071146,0.,0.,1.,0.,0.,1.;                          1743P   2061
110,15.,2.374342014,0.35,15.,9.69368351,0.35;                       1745P   2062
126,16,2,1,0,1,0,0.,0.,0.,0.125,0.125,0.25,0.25,0.375,0.375,        1747P   2063
0.5,0.5,0.625,0.625,0.75,0.75,0.875,0.875,1.,1.,1.,1.,1.,1.,1.,     1747P   2064
1.,1.,1.,1.,1.,1.,1.,1.,1.,1.,1.,1.,1.,0.482172691,0.994071146,     1747P   2065
0.,0.434666897,0.992355344,0.,0.388359612,0.981610435,0.,           1747P   2066
0.342052328,0.970865526,0.,0.298642529,0.951485732,0.,              1747P   2067
0.25523273,0.932105937,0.,0.216313088,0.904802287,0.,               1747P   2068
0.177393445,0.877498637,0.,0.144391889,0.843272879,0.,              1747P   2069
0.111390333,0.809047122,0.,0.085517664,0.769154972,0.,              1747P   2070
0.059644994,0.729262823,0.,0.041850459,0.685167891,0.,              1747P   2071
0.024055923,0.64107296,0.,0.014992388,0.594393055,0.,               1747P   2072
0.005928854,0.54771315,0.,0.005928854,0.500160918,0.,0.,1.,0.,      1747P   2073
0.,-1.;                                                             1747P   2074
124,-2.20941432835864E-018,-6.11924664070692E-017,1.,15.,           1749P   2075
0.999348815506214,-0.0360824742268043,0.,-14.9902322325932,         1749P   2076
0.0360824742268043,0.999348815506214,6.12323399573677E-017,         1749P   2077
-0.541237113402064;                                                 1749P   2078
100,0.,15.,0.,24.7,0.,15.35,9.69368351;                             1751P   2079
126,32,2,1,0,1,0,0.,0.,0.,0.0625,0.0625,0.125,0.125,0.1875,         1753P   2080
0.1875,0.25,0.25,0.3125,0.3125,0.375,0.375,0.4375,0.4375,0.5,       1753P   2081
0.5,0.5625,0.5625,0.625,0.625,0.6875,0.6875,0.75,0.75,0.8125,       1753P   2082
0.8125,0.875,0.875,0.9375,0.9375,1.,1.,1.,1.,1.,1.,1.,1.,1.,1.,     1753P   2083
1.,1.,1.,1.,1.,1.,1.,1.,1.,1.,1.,1.,1.,1.,1.,1.,1.,1.,1.,1.,1.,     1753P   2084
1.,1.,1.,1.,1.,0.005928854,0.500160918,0.,0.005928854,              1753P   2085
0.451483309,0.,0.015422292,0.403741026,0.,0.024915731,              1753P   2086
0.355998743,0.,0.04353778,0.311026495,0.,0.06215983,                1753P   2087
0.266054248,0.,0.089194856,0.225580295,0.,0.116229881,              1753P   2088
0.185106342,0.,0.150638942,0.150686074,0.,0.185048003,              1753P   2089
0.116265806,0.,0.225508778,0.089221975,0.,0.265969553,              1753P   2090
0.062178144,0.,0.310927158,0.04355003,0.,0.355884763,               1753P   2091
0.024921915,0.,0.403611501,0.015425384,0.,0.451338239,              1753P   2092
0.005928854,0.,0.5,0.005928854,0.,0.548661761,0.005928854,0.,       1753P   2093
0.596388499,0.015425384,0.,0.644115237,0.024921915,0.,              1753P   2094
0.689072842,0.04355003,0.,0.734030447,0.062178144,0.,               1753P   2095
0.774491222,0.089221975,0.,0.814951997,0.116265806,0.,              1753P   2096
0.849361058,0.150686074,0.,0.883770119,0.185106342,0.,              1753P   2097
0.910805144,0.225580295,0.,0.93784017,0.266054248,0.,               1753P   2098
0.95646222,0.311026495,0.,0.975084269,0.355998743,0.,               1753P   2099
0.984577708,0.403741026,0.,0.994071146,0.451483309,0.,              1753P   2100
0.994071146,0.500160918,0.,0.,1.,0.,0.,-1.;                         1753P   2101
124,-6.12323399573677E-017,-7.49879891330929E-033,1.,15.,           1755P   2102
1.22464679914735E-016,-1.,0.,-1.83697019872103E-015,1.,             1755P   2103
1.22464679914735E-016,6.12323399573677E-017,-15.;                   1755P   2104
100,0.,15.,0.,24.7,0.,5.3,0.;                                       1757P   2105
126,16,2,1,0,1,0,0.,0.,0.,0.125,0.125,0.25,0.25,0.375,0.375,        1759P   2106
0.5,0.5,0.625,0.625,0.75,0.75,0.875,0.875,1.,1.,1.,1.,1.,1.,1.,     1759P   2107
1.,1.,1.,1.,1.,1.,1.,1.,1.,1.,1.,1.,1.,0.994071146,0.500160918,     1759P   2108
0.,0.994071146,0.54771315,0.,0.985007612,0.594393055,0.,            1759P   2109
0.975944077,0.64107296,0.,0.958149541,0.685167891,0.,               1759P   2110
0.940355006,0.729262823,0.,0.914482336,0.769154972,0.,              1759P   2111
0.888609667,0.809047122,0.,0.855608111,0.843272879,0.,              1759P   2112
0.822606555,0.877498637,0.,0.783686912,0.904802287,0.,              1759P   2113
0.74476727,0.932105937,0.,0.701357471,0.951485732,0.,               1759P   2114
0.657947672,0.970865526,0.,0.611640388,0.981610435,0.,              1759P   2115
0.565333103,0.992355344,0.,0.517827309,0.994071146,0.,0.,1.,0.,     1759P   2116
0.,-1.;                                                             1759P   2117
124,6.12323399573677E-017,0.,1.,15.,0.,1.,0.,0.,-1.,0.,             1761P   2118
6.12323399573677E-017,15.;                                          1761P   2119
100,0.,15.,0.,24.7,0.,15.35,9.69368351;                             1763P   2120
126,1,1,1,0,1,0,0.,0.,1.,1.,1.,1.,0.517827309,0.994071146,0.,       1765P   2121
0.517827309,0.621137821,0.,0.,1.,0.,0.,1.;                          1765P   2122
110,15.,9.69368351,-0.35,15.,2.374342014,-0.35;                     1767P   2123
126,16,2,1,0,1,0,0.,0.,0.,0.125,0.125,0.25,0.25,0.375,0.375,        1769P   2124
0.5,0.5,0.625,0.625,0.75,0.75,0.875,0.875,1.,1.,1.,1.,1.,1.,1.,     1769P   2125
1.,1.,1.,1.,1.,1.,1.,1.,1.,1.,1.,1.,1.,0.517827309,0.621137821,     1769P   2126
0.,0.528622618,0.619545974,0.,0.538965403,0.616066652,0.,           1769P   2127
0.549308189,0.61258733,0.,0.558871413,0.607330549,0.,               1769P   2128
0.568434637,0.602073767,0.,0.576915911,0.595205746,0.,              1769P   2129
0.585397185,0.588337725,0.,0.592528331,0.58007563,0.,               1769P   2130
0.599659477,0.571813535,0.,0.605215009,0.562418614,0.,              1769P   2131
0.61077054,0.553023692,0.,0.614574792,0.542793012,0.,               1769P   2132
0.618379044,0.532562331,0.,0.620311726,0.521819385,0.,              1769P   2133
0.622244407,0.511076439,0.,0.622244407,0.500160918,0.,0.,1.,0.,     1769P   2134
0.,1.;                                                              1769P   2135
124,-8.92971624378283E-018,-6.05777155764409E-017,-1.,15.,          1771P   2136
0.989309172548647,-0.145833333333334,0.,-14.8396375882297,          1771P   2137
-0.145833333333334,-0.989309172548647,6.12323399573677E-017,        1771P   2138
2.18750000000001;                                                   1771P   2139
100,0.,15.,0.,17.4,0.,15.35,2.374342014;                            1773P   2140
126,16,2,1,0,1,0,0.,0.,0.,0.125,0.125,0.25,0.25,0.375,0.375,        1775P   2141
0.5,0.5,0.625,0.625,0.75,0.75,0.875,0.875,1.,1.,1.,1.,1.,1.,1.,     1775P   2142
1.,1.,1.,1.,1.,1.,1.,1.,1.,1.,1.,1.,1.,0.622244407,0.500160918,     1775P   2143
0.,0.622244407,0.489245398,0.,0.620311726,0.478502451,0.,           1775P   2144
0.618379044,0.467759505,0.,0.614574792,0.457528824,0.,              1775P   2145
0.61077054,0.447298144,0.,0.605215009,0.437903223,0.,               1775P   2146
0.599659477,0.428508301,0.,0.592528331,0.420246206,0.,              1775P   2147
0.585397185,0.411984112,0.,0.576915911,0.40511609,0.,               1775P   2148
0.568434637,0.398248069,0.,0.558871413,0.392991288,0.,              1775P   2149
0.549308189,0.387734506,0.,0.538965403,0.384255184,0.,              1775P   2150
0.528622618,0.380775862,0.,0.517827309,0.379184016,0.,0.,1.,0.,     1775P   2151
0.,1.;                                                              1775P   2152
124,-6.12323399573677E-017,4.27583144589696E-031,-1.,15.,           1777P   2153
-6.98296267768627E-015,-1.,0.,1.04744440165294E-013,-1.,            1777P   2154
6.98296267768627E-015,6.12323399573677E-017,15.;                    1777P   2155
100,0.,15.,0.,17.4,0.,15.35,2.374342014;                            1779P   2156
126,1,1,1,0,1,0,0.,0.,1.,1.,1.,1.,0.517827309,0.379184016,0.,       1781P   2157
0.517827309,0.168974483,0.,0.,1.,0.,0.,1.;                          1781P   2158
110,15.,-2.374342014,-0.35,15.,-6.5,-0.35;                          1783P   2159
126,1,1,1,0,1,0,0.,0.,1.,1.,1.,1.,0.517827309,0.168974483,0.,       1785P   2160
0.482172691,0.168974483,0.,0.,1.,0.,0.,1.;                          1785P   2161
110,15.,-6.5,-0.35,15.,-6.5,0.35;                                   1787P   2162
126,1,1,1,0,1,0,0.,0.,1.,1.,1.,1.,0.482172691,0.168974483,0.,       1789P   2163
0.482172691,0.379184016,0.,0.,1.,0.,0.,1.;                          1789P   2164
110,15.,-6.5,0.35,15.,-2.374342014,0.35;                            1791P   2165
126,32,2,1,0,1,0,0.,0.,0.,0.0625,0.0625,0.125,0.125,0.1875,         1793P   2166
0.1875,0.25,0.25,0.3125,0.3125,0.375,0.375,0.4375,0.4375,0.5,       1793P   2167
0.5,0.5625,0.5625,0.625,0.625,0.6875,0.6875,0.75,0.75,0.8125,       1793P   2168
0.8125,0.875,0.875,0.9375,0.9375,1.,1.,1.,1.,1.,1.,1.,1.,1.,1.,     1793P   2169
1.,1.,1.,1.,1.,1.,1.,1.,1.,1.,1.,1.,1.,1.,1.,1.,1.,1.,1.,1.,1.,     1793P   2170
1.,1.,1.,1.,1.,0.482172691,0.379184016,0.,0.471377382,              1793P   2171
0.380775862,0.,0.461034597,0.384255184,0.,0.450691811,              1793P   2172
0.387734506,0.,0.441128587,0.392991288,0.,0.431565363,              1793P   2173
0.398248069,0.,0.423084089,0.40511609,0.,0.414602815,               1793P   2174
0.411984112,0.,0.407471669,0.420246206,0.,0.400340523,              1793P   2175
0.428508301,0.,0.394784991,0.437903223,0.,0.38922946,               1793P   2176
0.447298144,0.,0.385425208,0.457528824,0.,0.381620956,              1793P   2177
0.467759505,0.,0.379688274,0.478502451,0.,0.377755593,              1793P   2178
0.489245398,0.,0.377755593,0.500160918,0.,0.377755593,              1793P   2179
0.511076439,0.,0.379688274,0.521819385,0.,0.381620956,              1793P   2180
0.532562331,0.,0.385425208,0.542793012,0.,0.38922946,               1793P   2181
0.553023692,0.,0.394784991,0.562418614,0.,0.400340523,              1793P   2182
0.571813535,0.,0.407471669,0.58007563,0.,0.414602815,               1793P   2183
0.588337725,0.,0.423084089,0.595205746,0.,0.431565363,              1793P   2184
0.602073767,0.,0.441128587,0.607330549,0.,0.450691811,              1793P   2185
0.61258733,0.,0.461034597,0.616066652,0.,0.471377382,               1793P   2186
0.619545974,0.,0.482172691,0.621137821,0.,0.,1.,0.,0.,1.;           1793P   2187
124,8.92971624378362E-018,6.05777155764407E-017,-1.,15.,            1795P   2188
-0.989309172548645,0.145833333333347,0.,14.8396375882297,           1795P   2189
0.145833333333347,0.989309172548645,6.12323399573677E-017,          1795P   2190
-2.1875000000002;                                                   1795P   2191
100,0.,15.,0.,17.4,0.,12.702083333,0.692516421;                     1797P   2192
102,11,1743,1747,1753,1759,1765,1769,1775,1781,1785,1789,1793;      1799P   2193
102,11,1745,1751,1757,1763,1767,1773,1779,1783,1787,1791,1797;      1801P   2194
142,1,1741,1799,1801,1;                                             1803P   2195
144,1741,1,0,1803;                                                  1805P   2196
128,3,3,3,3,0,0,0,0,0,0.,0.,0.,0.,1.,1.,1.,1.,0.,0.,0.,0.,1.,       1807P   2197
1.,1.,1.,1.,0.755320871117971,0.755320871117971,1.,                 1807P   2198
0.810777816453886,0.612397406607075,0.612397406607075,              1807P   2199
0.810777816453886,0.810777816453886,0.612397406607075,              1807P   2200
0.612397406607075,0.810777816453886,1.,0.755320871117971,           1807P   2201
0.755320871117971,1.,14.99850125,0.,-9.670049975,15.018966127,      1807P   2202
0.,-9.87401613,14.87401613,0.,-10.018966127,14.670049975,0.,        1807P   2203
-9.99850125,14.99850125,5.549412331,-9.670049975,15.018966127,      1807P   2204
5.66646367,-9.87401613,14.87401613,5.749647035,-10.018966127,       1807P   2205
14.670049975,5.737902728,-9.99850125,14.99850125,9.523716784,       1807P   2206
-5.796952851,15.018966127,9.724596397,-5.919225453,14.87401613,     1807P   2207
9.867352921,-6.006119348,14.670049975,9.847197731,-5.993851166,     1807P   2208
14.99850125,9.666833659,-0.249386286,15.018966127,9.870731974,      1807P   2209
-0.254646483,14.87401613,10.01563376,-0.258384679,14.670049975,     1807P   2210
9.995175689,-0.257856899,0.,1.,0.,1.;                               1807P   2211
126,1,1,1,0,1,0,0.,0.,1.,1.,1.,1.,0.063141457,0.,0.,                1809P   2212
0.936858543,0.,0.,0.,1.,0.,0.,1.;                                   1809P   2213
124,1.,0.,0.,0.,0.,6.12323399573677E-017,1.,9.7,0.,-1.,             1811P   2214
6.12323399573677E-017,-9.7;                                         1811P   2215
100,-9.7,14.7,0.,15.,0.,14.7,0.3;                                   1813P   2216
126,1,1,1,0,1,0,0.,0.,1.,1.,1.,1.,0.936858543,0.,0.,                1815P   2217
0.936858543,0.993410817,0.,0.,1.,0.,0.,1.;                          1815P   2218
124,6.12323399573677E-017,0.,1.,14.7,0.,1.,0.,0.,-1.,0.,            1817P   2219
6.12323399573677E-017,14.7;                                         1817P   2220
100,0.,14.7,0.,24.7,0.,15.05,9.993873123;                           1819P   2221
126,4,2,1,0,1,0,0.,0.,0.,0.5,0.5,1.,1.,1.,1.,1.,1.,1.,1.,           1821P   2222
0.936858543,0.993410817,0.,0.716561319,0.993410817,0.,              1821P   2223
0.500091198,0.993189339,0.,0.455032389,0.993143237,0.,              1821P   2224
0.063141457,0.992637888,0.,0.,1.,0.,0.,-1.;                         1821P   2225
126,15,3,1,0,1,0,0.00101189922494486,0.00101189922494486,           1823P   2226
0.00101189922494486,0.00101189922494486,0.00107942545913921,        1823P   2227
0.00107942545913921,0.00107942545913921,0.00118106649357034,        1823P   2228
0.00118106649357034,0.00118106649357034,0.00128276957336742,        1823P   2229
0.00128276957336742,0.00128276957336742,0.00138451392950196,        1823P   2230
0.00138451392950196,0.00138451392950196,0.00148526861328684,        1823P   2231
0.00148526861328684,0.00148526861328684,0.00148526861328684,1.,     1823P   2232
1.,1.,1.,1.,1.,1.,1.,1.,1.,1.,1.,1.,1.,1.,1.,14.7,9.993873123,      1823P   2233
-0.35,14.722348263,9.993873123,-0.35,14.744834881,9.991342998,      1823P   2234
-0.35,14.766624407,9.986376968,-0.35,14.799369138,9.978914149,      1823P   2235
-0.35,14.831276245,9.965690451,-0.35,14.859701508,9.947804268,      1823P   2236
-0.35,14.888143925,9.92990729,-0.35,14.913885924,9.906848056,       1823P   2237
-0.35,14.934795449,9.880540934,-0.35,14.955713462,9.854223133,      1823P   2238
-0.35,14.972372971,9.823928194,-0.35,14.983395889,9.792168389,      1823P   2239
-0.35,14.994311683,9.760717233,-0.35,15.,9.726975097,-0.35,15.,     1823P   2240
9.69368351,-0.35,0.00101189922494486,0.00148526861328684,0.,0.,     1823P   2241
0.;                                                                 1823P   2242
126,1,1,1,0,1,0,0.,0.,1.,1.,1.,1.,0.063141457,0.992637888,0.,       1825P   2243
0.063141457,0.,0.,0.,1.,0.,0.,1.;                                   1825P   2244
124,-2.20941432835864E-018,-6.11924664070692E-017,-1.,15.,          1827P   2245
0.999348815506214,-0.0360824742268043,0.,-14.9902322325932,         1827P   2246
-0.0360824742268043,-0.999348815506214,6.12323399573677E-017,       1827P   2247
0.541237113402064;                                                  1827P   2248
100,0.,15.,0.,24.7,0.,15.35,9.69368351;                             1829P   2249
102,4,1809,1815,1821,1825;                                          1831P   2250
102,4,1813,1819,1823,1829;                                          1833P   2251
142,1,1807,1831,1833,1;                                             1835P   2252
144,1807,1,0,1835;                                                  1837P   2253
110,-15.,0.,0.,985.,0.,0.;                                          1839P   2254
110,5.,0.,-2.,14.6,0.,-2.;                                          1841P   2255
120,1839,1841,0.,6.28318530717959;                                  1843P   2256
126,1,1,1,0,1,0,0.,0.,1.,1.,1.,1.,1.,3.141592654,0.,1.,             1845P   2257
1.746702095,0.,0.,1.,0.,0.,1.;                                      1845P   2258
124,6.12323399573677E-017,0.,-1.,14.6,0.,1.,0.,0.,1.,0.,            1847P   2259
6.12323399573677E-017,-14.6;                                        1847P   2260
100,0.,14.6,0.,16.6,0.,14.95,1.969136867;                           1849P   2261
126,1,1,1,0,1,0,0.,0.,1.,1.,1.,1.,1.,1.746702095,0.,                1851P   2262
0.392361111,1.746702095,0.,0.,1.,0.,0.,1.;                          1851P   2263
110,14.6,1.969136867,0.35,8.766666667,1.969136867,0.35;             1853P   2264
126,1,1,1,0,1,0,0.,0.,1.,1.,1.,1.,0.392361111,1.746702095,0.,       1855P   2265
0.392361111,0.,0.,0.,1.,0.,0.,1.;                                   1855P   2266
124,1.07156594925394E-017,-6.02874290237575E-017,-1.,               1857P   2267
8.76666666666667,0.984568433375761,0.175000000000001,0.,            1857P   2268
-8.6313832659275,0.175000000000001,-0.984568433375761,              1857P   2269
6.12323399573677E-017,-1.53416666666667;                            1857P   2270
100,0.,8.766666667,0.,10.766666667,0.,8.416666667,1.969136867;      1859P   2271
126,1,1,1,0,1,0,0.,0.,1.,1.,1.,1.,0.392361111,0.,0.,0.,0.,0.,       1861P   2272
0.,1.,0.,0.,1.;                                                     1861P   2273
110,8.766666667,0.,-2.,5.,0.,-2.;                                   1863P   2274
126,1,1,1,0,1,0,0.,0.,1.,1.,1.,1.,0.,0.,0.,0.,3.141592654,0.,       1865P   2275
0.,1.,0.,0.,1.;                                                     1865P   2276
124,6.12323399573677E-017,0.,1.,5.,0.,1.,0.,0.,-1.,0.,              1867P   2277
6.12323399573677E-017,5.;                                           1867P   2278
100,0.,5.,0.,7.,0.,3.,0.;                                           1869P   2279
126,1,1,1,0,1,0,0.,0.,1.,1.,1.,1.,0.,3.141592654,0.,1.,             1871P   2280
3.141592654,0.,0.,1.,0.,0.,1.;                                      1871P   2281
110,5.,0.,2.,14.6,0.,2.;                                            1873P   2282
102,6,1845,1851,1855,1861,1865,1871;                                1875P   2283
102,6,1849,1853,1859,1863,1869,1873;                                1877P   2284
142,1,1843,1875,1877,1;                                             1879P   2285
144,1843,1,0,1879;                                                  1881P   2286
110,-985.4,0.,0.,14.6,0.,0.;                                        1883P   2287
110,14.6,0.,-2.,15.,0.,-2.4;                                        1885P   2288
120,1883,1885,0.,6.28318530717959;                                  1887P   2289
126,1,1,1,0,1,0,0.,0.,1.,1.,1.,1.,1.,6.283185307,0.,1.,             1889P   2290
4.858744239,0.,0.,1.,0.,0.,1.;                                      1889P   2291
124,-6.12323399573677E-017,4.27583144589696E-031,-1.,15.,           1891P   2292
-6.98296267768627E-015,-1.,0.,1.04744440165294E-013,-1.,            1891P   2293
6.98296267768627E-015,6.12323399573677E-017,15.;                    1891P   2294
100,0.,15.,0.,17.4,0.,15.35,2.374342014;                            1893P   2295
126,2,2,1,0,1,0,0.,0.,0.,1.,1.,1.,1.,1.,1.,1.,4.858744239,0.,       1895P   2296
0.453746428,4.872164712,0.,0.,4.888294749,0.,0.,1.,0.,0.,-1.;       1895P   2297
126,3,3,1,0,1,0,0.,0.,0.,0.,1.,1.,1.,1.,1.,1.,1.,1.,15.,            1897P   2298
-2.374342014,-0.35,14.866519421,-2.239418997,-0.35,14.73315622,     1897P   2299
-2.104380101,-0.35,14.6,-1.969136867,-0.35,0.,1.,0.,0.,0.;          1897P   2300
126,1,1,1,0,1,0,0.,0.,1.,1.,1.,1.,0.,4.888294749,0.,0.,             1899P   2301
6.283185307,0.,0.,1.,0.,0.,1.;                                      1899P   2302
124,1.07156594925402E-017,6.02874290237573E-017,1.,14.6,            1901P   2303
-0.984568433375759,0.175000000000014,0.,14.3746991272861,           1901P   2304
-0.175000000000014,-0.984568433375759,6.12323399573677E-017,        1901P   2305
2.5550000000002;                                                    1901P   2306
100,0.,14.6,0.,16.6,0.,14.95,1.969136867;                           1903P   2307
126,1,1,1,0,1,0,0.,0.,1.,1.,1.,1.,0.,6.283185307,0.,1.,             1905P   2308
6.283185307,0.,0.,1.,0.,0.,1.;                                      1905P   2309
110,14.6,0.,-2.,15.,0.,-2.4;                                        1907P   2310
102,4,1889,1895,1899,1905;                                          1909P   2311
102,4,1893,1897,1903,1907;                                          1911P   2312
142,1,1887,1909,1911,1;                                             1913P   2313
144,1887,1,0,1913;                                                  1915P   2314
128,1,1,1,1,0,0,1,0,0,0.,0.,1.,1.,0.,0.,1.,1.,1.,1.,1.,1.,5.,       1917P   2315
-10.12,10.12,5.,-10.12,-10.12,5.,10.12,10.12,5.,10.12,-10.12,       1917P   2316
0.,1.,0.,1.;                                                        1917P   2317
126,1,1,1,0,1,0,0.,0.,1.,1.,1.,1.,0.548505321,0.617102205,0.,       1919P   2318
0.548505321,0.991684382,0.,0.,1.,0.,0.,1.;                          1919P   2319
110,5.,2.370148622,-0.981747704,5.,9.951691889,-0.981747704;        1921P   2320
126,16,2,1,0,1,0,0.,0.,0.,0.125,0.125,0.25,0.25,0.375,0.375,        1923P   2321
0.5,0.5,0.625,0.625,0.75,0.75,0.875,0.875,1.,1.,1.,1.,1.,1.,1.,     1923P   2322
1.,1.,1.,1.,1.,1.,1.,1.,1.,1.,1.,1.,1.,0.548505321,0.991684382,     1923P   2323
0.,0.518288255,0.994665336,0.,0.487933563,0.993923778,0.,           1923P   2324
0.457578871,0.99318222,0.,0.427543412,0.988729312,0.,               1923P   2325
0.397507953,0.984276404,0.,0.368243778,0.976179163,0.,              1923P   2326
0.338979604,0.968081923,0.,0.310927158,0.95646222,0.,               1923P   2327
0.282874712,0.944842516,0.,0.256456203,0.929875233,0.,              1923P   2328
0.230037693,0.914907951,0.,0.205650734,0.896818355,0.,              1923P   2329
0.181263775,0.87872876,0.,0.159275407,0.857789112,0.,               1923P   2330
0.137287038,0.836849465,0.,0.118028198,0.813374919,0.,0.,1.,0.,     1923P   2331
0.,-1.;                                                             1923P   2332
124,6.0114709178806E-018,-6.09365380872439E-017,1.,5.,              1925P   2333
0.995169188857885,0.0981747704246811,0.,-4.97584594428943,          1925P   2334
-0.0981747704246811,0.995169188857885,6.12323399573677E-017,        1925P   2335
0.490873852123406;                                                  1925P   2336
100,0.,5.,0.,15.,0.,10.553068055,8.316455686;                       1927P   2337
126,1,1,1,0,1,0,0.,0.,1.,1.,1.,1.,0.118028198,0.813374919,0.,       1929P   2338
0.382897795,0.548505321,0.,0.,1.,0.,0.,1.;                          1929P   2339
110,5.,6.34270836,7.731109278,5.,0.981747704,2.370148622;           1931P   2340
126,1,1,1,0,1,0,0.,0.,1.,1.,1.,1.,0.382897795,0.548505321,0.,       1933P   2341
0.008315618,0.548505321,0.,0.,1.,0.,0.,1.;                          1933P   2342
110,5.,0.981747704,2.370148622,5.,0.981747704,9.951691889;          1935P   2343
126,2,2,1,0,1,0,0.,0.,0.,1.,1.,1.,1.,1.,1.,0.008315618,             1937P   2344
0.548505321,0.,0.005928854,0.524311383,0.,0.005928854,0.5,0.,       1937P   2345
0.,1.,0.,0.,-1.;                                                    1937P   2346
124,-6.09365380872439E-017,-6.0114709178806E-018,1.,5.,             1939P   2347
0.0981747704246812,-0.995169188857885,0.,-0.490873852123406,        1939P   2348
0.995169188857885,0.0981747704246812,6.12323399573677E-017,         1939P   2349
-4.97584594428943;                                                  1939P   2350
100,0.,5.,0.,15.,0.,14.951691889,0.981747704;                       1941P   2351
126,16,2,1,0,1,0,0.,0.,0.,0.125,0.125,0.25,0.25,0.375,0.375,        1943P   2352
0.5,0.5,0.625,0.625,0.75,0.75,0.875,0.875,1.,1.,1.,1.,1.,1.,1.,     1943P   2353
1.,1.,1.,1.,1.,1.,1.,1.,1.,1.,1.,1.,1.,0.005928854,0.5,0.,          1943P   2354
0.005928854,0.472683081,0.,0.008940322,0.445532665,0.,              1943P   2355
0.011951791,0.418382249,0.,0.017938017,0.39172931,0.,               1943P   2356
0.023924243,0.365076371,0.,0.032812252,0.339245821,0.,              1943P   2357
0.041700262,0.31341527,0.,0.053381705,0.288721993,0.,               1943P   2358
0.065063148,0.264028716,0.,0.079395624,0.240773735,0.,              1943P   2359
0.0937281,0.217518753,0.,0.11053689,0.195985554,0.,0.127345679,     1943P   2360
0.174452356,0.,0.146425876,0.154903439,0.,0.165506073,              1943P   2361
0.135354523,0.,0.186625081,0.118028198,0.,0.,1.,0.,0.,-1.;          1943P   2362
124,-6.12323399573677E-017,-7.49879891330929E-033,1.,5.,            1945P   2363
1.22464679914735E-016,-1.,0.,-6.12323399573677E-016,1.,             1945P   2364
1.22464679914735E-016,6.12323399573677E-017,-5.;                    1945P   2365
100,0.,5.,0.,15.,0.,11.34270836,7.731109278;                        1947P   2366
126,1,1,1,0,1,0,0.,0.,1.,1.,1.,1.,0.186625081,0.118028198,0.,       1949P   2367
0.451494679,0.382897795,0.,0.,1.,0.,0.,1.;                          1949P   2368
110,5.,-7.731109278,6.34270836,5.,-2.370148622,0.981747704;         1951P   2369
126,1,1,1,0,1,0,0.,0.,1.,1.,1.,1.,0.451494679,0.382897795,0.,       1953P   2370
0.451494679,0.008315618,0.,0.,1.,0.,0.,1.;                          1953P   2371
110,5.,-2.370148622,0.981747704,5.,-9.951691889,0.981747704;        1955P   2372
126,16,2,1,0,1,0,0.,0.,0.,0.125,0.125,0.25,0.25,0.375,0.375,        1957P   2373
0.5,0.5,0.625,0.625,0.75,0.75,0.875,0.875,1.,1.,1.,1.,1.,1.,1.,     1957P   2374
1.,1.,1.,1.,1.,1.,1.,1.,1.,1.,1.,1.,1.,0.451494679,0.008315618,     1957P   2375
0.,0.481711745,0.005334664,0.,0.512066437,0.006076222,0.,           1957P   2376
0.542421129,0.00681778,0.,0.572456588,0.011270688,0.,               1957P   2377
0.602492047,0.015723596,0.,0.631756222,0.023820837,0.,              1957P   2378
0.661020396,0.031918077,0.,0.689072842,0.04353778,0.,               1957P   2379
0.717125288,0.055157484,0.,0.743543797,0.070124767,0.,              1957P   2380
0.769962307,0.085092049,0.,0.794349266,0.103181645,0.,              1957P   2381
0.818736225,0.12127124,0.,0.840724593,0.142210888,0.,               1957P   2382
0.862712962,0.163150535,0.,0.881971802,0.186625081,0.,0.,1.,0.,     1957P   2383
0.,-1.;                                                             1957P   2384
124,-6.01147091787977E-018,6.09365380872439E-017,1.,5.,             1959P   2385
-0.995169188857887,-0.0981747704246675,0.,4.97584594428943,         1959P   2386
0.0981747704246675,-0.995169188857887,6.12323399573677E-017,        1959P   2387
-0.490873852123338;                                                 1959P   2388
100,0.,5.,0.,15.,0.,10.553068055,8.316455686;                       1961P   2389
126,1,1,1,0,1,0,0.,0.,1.,1.,1.,1.,0.881971802,0.186625081,0.,       1963P   2390
0.617102205,0.451494679,0.,0.,1.,0.,0.,1.;                          1963P   2391
110,5.,-6.34270836,-7.731109278,5.,-0.981747704,-2.370148622;       1965P   2392
126,1,1,1,0,1,0,0.,0.,1.,1.,1.,1.,0.617102205,0.451494679,0.,       1967P   2393
0.991684382,0.451494679,0.,0.,1.,0.,0.,1.;                          1967P   2394
110,5.,-0.981747704,-2.370148622,5.,-0.981747704,-9.951691889;      1969P   2395
126,2,2,1,0,1,0,0.,0.,0.,1.,1.,1.,1.,1.,1.,0.991684382,             1971P   2396
0.451494679,0.,0.994071146,0.475688617,0.,0.994071146,0.5,0.,       1971P   2397
0.,1.,0.,0.,-1.;                                                    1971P   2398
124,6.09365380872439E-017,6.01147091787966E-018,1.,5.,              1973P   2399
-0.0981747704246658,0.995169188857887,0.,0.490873852123329,         1973P   2400
-0.995169188857887,-0.0981747704246658,6.12323399573677E-017,       1973P   2401
4.97584594428943;                                                   1973P   2402
100,0.,5.,0.,15.,0.,14.951691889,0.981747704;                       1975P   2403
126,16,2,1,0,1,0,0.,0.,0.,0.125,0.125,0.25,0.25,0.375,0.375,        1977P   2404
0.5,0.5,0.625,0.625,0.75,0.75,0.875,0.875,1.,1.,1.,1.,1.,1.,1.,     1977P   2405
1.,1.,1.,1.,1.,1.,1.,1.,1.,1.,1.,1.,1.,0.994071146,0.5,0.,          1977P   2406
0.994071146,0.527316919,0.,0.991059678,0.554467335,0.,              1977P   2407
0.988048209,0.581617751,0.,0.982061983,0.60827069,0.,               1977P   2408
0.976075757,0.634923629,0.,0.967187748,0.660754179,0.,              1977P   2409
0.958299738,0.68658473,0.,0.946618295,0.711278007,0.,               1977P   2410
0.934936852,0.735971284,0.,0.920604376,0.759226265,0.,              1977P   2411
0.9062719,0.782481247,0.,0.88946311,0.804014446,0.,0.872654321,     1977P   2412
0.825547644,0.,0.853574124,0.845096561,0.,0.834493927,              1977P   2413
0.864645477,0.,0.813374919,0.881971802,0.,0.,1.,0.,0.,-1.;          1977P   2414
124,6.12323399573677E-017,0.,1.,5.,0.,1.,0.,0.,-1.,0.,              1979P   2415
6.12323399573677E-017,5.;                                           1979P   2416
100,0.,5.,0.,15.,0.,11.34270836,7.731109278;                        1981P   2417
126,1,1,1,0,1,0,0.,0.,1.,1.,1.,1.,0.813374919,0.881971802,0.,       1983P   2418
0.548505321,0.617102205,0.,0.,1.,0.,0.,1.;                          1983P   2419
110,5.,7.731109278,-6.34270836,5.,2.370148622,-0.981747704;         1985P   2420
102,14,1919,1923,1929,1933,1937,1943,1949,1953,1957,1963,1967,      1987P   2421
1971,1977,1983;                                                     1987P   2422
102,14,1921,1927,1931,1935,1941,1947,1951,1955,1961,1965,1969,      1989P   2423
1975,1981,1985;                                                     1989P   2424
142,1,1917,1987,1989,1;                                             1991P   2425
126,32,2,1,0,1,0,0.,0.,0.,0.0625,0.0625,0.125,0.125,0.1875,         1993P   2426
0.1875,0.25,0.25,0.3125,0.3125,0.375,0.375,0.4375,0.4375,0.5,       1993P   2427
0.5,0.5625,0.5625,0.625,0.625,0.6875,0.6875,0.75,0.75,0.8125,       1993P   2428
0.8125,0.875,0.875,0.9375,0.9375,1.,1.,1.,1.,1.,1.,1.,1.,1.,1.,     1993P   2429
1.,1.,1.,1.,1.,1.,1.,1.,1.,1.,1.,1.,1.,1.,1.,1.,1.,1.,1.,1.,1.,     1993P   2430
1.,1.,1.,1.,1.,0.401185771,0.5,0.,0.401185771,0.509732352,0.,       1993P   2431
0.403084458,0.5192777,0.,0.404983146,0.528823047,0.,                1993P   2432
0.408707556,0.537814568,0.,0.412431966,0.546806089,0.,              1993P   2433
0.417838971,0.554898244,0.,0.423245976,0.562990399,0.,              1993P   2434
0.430127788,0.569872212,0.,0.437009601,0.576754024,0.,              1993P   2435
0.445101756,0.582161029,0.,0.453193911,0.587568034,0.,              1993P   2436
0.462185432,0.591292444,0.,0.471176953,0.595016854,0.,              1993P   2437
0.4807223,0.596915542,0.,0.490267648,0.598814229,0.,0.5,            1993P   2438
0.598814229,0.,0.509732352,0.598814229,0.,0.5192777,                1993P   2439
0.596915542,0.,0.528823047,0.595016854,0.,0.537814568,              1993P   2440
0.591292444,0.,0.546806089,0.587568034,0.,0.554898244,              1993P   2441
0.582161029,0.,0.562990399,0.576754024,0.,0.569872212,              1993P   2442
0.569872212,0.,0.576754024,0.562990399,0.,0.582161029,              1993P   2443
0.554898244,0.,0.587568034,0.546806089,0.,0.591292444,              1993P   2444
0.537814568,0.,0.595016854,0.528823047,0.,0.596915542,              1993P   2445
0.5192777,0.,0.598814229,0.509732352,0.,0.598814229,0.5,0.,0.,      1993P   2446
1.,0.,0.,1.;                                                        1993P   2447
124,6.12323399573677E-017,0.,-1.,5.,0.,1.,0.,0.,1.,0.,              1995P   2448
6.12323399573677E-017,-5.;                                          1995P   2449
100,0.,5.,0.,7.,0.,3.,0.;                                           1997P   2450
126,32,2,1,0,1,0,0.,0.,0.,0.0625,0.0625,0.125,0.125,0.1875,         1999P   2451
0.1875,0.25,0.25,0.3125,0.3125,0.375,0.375,0.4375,0.4375,0.5,       1999P   2452
0.5,0.5625,0.5625,0.625,0.625,0.6875,0.6875,0.75,0.75,0.8125,       1999P   2453
0.8125,0.875,0.875,0.9375,0.9375,1.,1.,1.,1.,1.,1.,1.,1.,1.,1.,     1999P   2454
1.,1.,1.,1.,1.,1.,1.,1.,1.,1.,1.,1.,1.,1.,1.,1.,1.,1.,1.,1.,1.,     1999P   2455
1.,1.,1.,1.,1.,0.598814229,0.5,0.,0.598814229,0.490267648,0.,       1999P   2456
0.596915542,0.4807223,0.,0.595016854,0.471176953,0.,                1999P   2457
0.591292444,0.462185432,0.,0.587568034,0.453193911,0.,              1999P   2458
0.582161029,0.445101756,0.,0.576754024,0.437009601,0.,              1999P   2459
0.569872212,0.430127788,0.,0.562990399,0.423245976,0.,              1999P   2460
0.554898244,0.417838971,0.,0.546806089,0.412431966,0.,              1999P   2461
0.537814568,0.408707556,0.,0.528823047,0.404983146,0.,              1999P   2462
0.5192777,0.403084458,0.,0.509732352,0.401185771,0.,0.5,            1999P   2463
0.401185771,0.,0.490267648,0.401185771,0.,0.4807223,                1999P   2464
0.403084458,0.,0.471176953,0.404983146,0.,0.462185432,              1999P   2465
0.408707556,0.,0.453193911,0.412431966,0.,0.445101756,              1999P   2466
0.417838971,0.,0.437009601,0.423245976,0.,0.430127788,              1999P   2467
0.430127788,0.,0.423245976,0.437009601,0.,0.417838971,              1999P   2468
0.445101756,0.,0.412431966,0.453193911,0.,0.408707556,              1999P   2469
0.462185432,0.,0.404983146,0.471176953,0.,0.403084458,              1999P   2470
0.4807223,0.,0.401185771,0.490267648,0.,0.401185771,0.5,0.,0.,      1999P   2471
1.,0.,0.,1.;                                                        1999P   2472
124,-6.12323399573677E-017,4.27583144589696E-031,-1.,5.,            2001P   2473
-6.98296267768627E-015,-1.,0.,3.49148133884313E-014,-1.,            2001P   2474
6.98296267768627E-015,6.12323399573677E-017,5.;                     2001P   2475
100,0.,5.,0.,7.,0.,3.,0.;                                           2003P   2476
102,2,1993,1999;                                                    2005P   2477
102,2,1997,2003;                                                    2007P   2478
142,1,1917,2005,2007,1;                                             2009P   2479
144,1917,1,1,1991,2009;                                             2011P   2480
128,1,1,1,1,0,0,1,0,0,0.,0.,1.,1.,0.,0.,1.,1.,1.,1.,1.,1.,-5.,      2013P   2481
-10.12,10.12,-5.,-10.12,-10.12,-5.,10.12,10.12,-5.,10.12,           2013P   2482
-10.12,0.,1.,0.,1.;                                                 2013P   2483
126,16,2,1,0,1,0,0.,0.,0.,0.125,0.125,0.25,0.25,0.375,0.375,        2015P   2484
0.5,0.5,0.625,0.625,0.75,0.75,0.875,0.875,1.,1.,1.,1.,1.,1.,1.,     2015P   2485
1.,1.,1.,1.,1.,1.,1.,1.,1.,1.,1.,1.,1.,0.881971802,0.813374919,     2015P   2486
0.,0.862712962,0.836849465,0.,0.840724593,0.857789112,0.,           2015P   2487
0.818736225,0.87872876,0.,0.794349266,0.896818355,0.,               2015P   2488
0.769962307,0.914907951,0.,0.743543797,0.929875233,0.,              2015P   2489
0.717125288,0.944842516,0.,0.689072842,0.95646222,0.,               2015P   2490
0.661020396,0.968081923,0.,0.631756222,0.976179163,0.,              2015P   2491
0.602492047,0.984276404,0.,0.572456588,0.988729312,0.,              2015P   2492
0.542421129,0.99318222,0.,0.512066437,0.993923778,0.,               2015P   2493
0.481711745,0.994665336,0.,0.451494679,0.991684382,0.,0.,1.,0.,     2015P   2494
0.,-1.;                                                             2015P   2495
124,4.73393911544615E-017,-3.88378874525834E-017,1.,-5.,            2017P   2496
0.634270835960602,0.773110927778051,0.,3.17135417980301,            2017P   2497
-0.773110927778051,0.634270835960602,6.12323399573677E-017,         2017P   2498
-3.86555463889026;                                                  2017P   2499
100,0.,-5.,0.,5.,0.,0.553068055,8.316455686;                        2019P   2500
126,1,1,1,0,1,0,0.,0.,1.,1.,1.,1.,0.451494679,0.991684382,0.,       2021P   2501
0.451494679,0.617102205,0.,0.,1.,0.,0.,1.;                          2021P   2502
110,-5.,9.951691889,0.981747704,-5.,2.370148622,0.981747704;        2023P   2503
126,1,1,1,0,1,0,0.,0.,1.,1.,1.,1.,0.451494679,0.617102205,0.,       2025P   2504
0.186625081,0.881971802,0.,0.,1.,0.,0.,1.;                          2025P   2505
110,-5.,2.370148622,0.981747704,-5.,7.731109278,6.34270836;         2027P   2506
126,16,2,1,0,1,0,0.,0.,0.,0.125,0.125,0.25,0.25,0.375,0.375,        2029P   2507
0.5,0.5,0.625,0.625,0.75,0.75,0.875,0.875,1.,1.,1.,1.,1.,1.,1.,     2029P   2508
1.,1.,1.,1.,1.,1.,1.,1.,1.,1.,1.,1.,1.,0.186625081,0.881971802,     2029P   2509
0.,0.165506073,0.864645477,0.,0.146425876,0.845096561,0.,           2029P   2510
0.127345679,0.825547644,0.,0.11053689,0.804014446,0.,0.0937281,     2029P   2511
0.782481247,0.,0.079395624,0.759226265,0.,0.065063148,              2029P   2512
0.735971284,0.,0.053381705,0.711278007,0.,0.041700262,              2029P   2513
0.68658473,0.,0.032812252,0.660754179,0.,0.023924243,               2029P   2514
0.634923629,0.,0.017938017,0.60827069,0.,0.011951791,               2029P   2515
0.581617751,0.,0.008940322,0.554467335,0.,0.005928854,              2029P   2516
0.527316919,0.,0.005928854,0.5,0.,0.,1.,0.,0.,-1.;                  2029P   2517
124,-3.88378874525834E-017,-4.73393911544615E-017,1.,-5.,           2031P   2518
0.773110927778051,-0.634270835960602,0.,3.86555463889026,           2031P   2519
0.634270835960602,0.773110927778051,6.12323399573677E-017,          2031P   2520
3.17135417980301;                                                   2031P   2521
100,0.,-5.,0.,5.,0.,1.34270836,7.731109278;                         2033P   2522
126,2,2,1,0,1,0,0.,0.,0.,1.,1.,1.,1.,1.,1.,0.005928854,0.5,0.,      2035P   2523
0.005928854,0.475688617,0.,0.008315618,0.451494679,0.,0.,1.,0.,     2035P   2524
0.,-1.;                                                             2035P   2525
124,-6.12323399573677E-017,-7.49879891330929E-033,1.,-5.,           2037P   2526
1.22464679914735E-016,-1.,0.,6.12323399573677E-016,1.,              2037P   2527
1.22464679914735E-016,6.12323399573677E-017,5.;                     2037P   2528
100,0.,-5.,0.,5.,0.,4.951691889,0.981747704;                        2039P   2529
126,1,1,1,0,1,0,0.,0.,1.,1.,1.,1.,0.008315618,0.451494679,0.,       2041P   2530
0.382897795,0.451494679,0.,0.,1.,0.,0.,1.;                          2041P   2531
110,-5.,-0.981747704,9.951691889,-5.,-0.981747704,2.370148622;      2043P   2532
126,1,1,1,0,1,0,0.,0.,1.,1.,1.,1.,0.382897795,0.451494679,0.,       2045P   2533
0.118028198,0.186625081,0.,0.,1.,0.,0.,1.;                          2045P   2534
110,-5.,-0.981747704,2.370148622,-5.,-6.34270836,7.731109278;       2047P   2535
126,16,2,1,0,1,0,0.,0.,0.,0.125,0.125,0.25,0.25,0.375,0.375,        2049P   2536
0.5,0.5,0.625,0.625,0.75,0.75,0.875,0.875,1.,1.,1.,1.,1.,1.,1.,     2049P   2537
1.,1.,1.,1.,1.,1.,1.,1.,1.,1.,1.,1.,1.,0.118028198,0.186625081,     2049P   2538
0.,0.137287038,0.163150535,0.,0.159275407,0.142210888,0.,           2049P   2539
0.181263775,0.12127124,0.,0.205650734,0.103181645,0.,               2049P   2540
0.230037693,0.085092049,0.,0.256456203,0.070124767,0.,              2049P   2541
0.282874712,0.055157484,0.,0.310927158,0.04353778,0.,               2049P   2542
0.338979604,0.031918077,0.,0.368243778,0.023820837,0.,              2049P   2543
0.397507953,0.015723596,0.,0.427543412,0.011270688,0.,              2049P   2544
0.457578871,0.00681778,0.,0.487933563,0.006076222,0.,               2049P   2545
0.518288255,0.005334664,0.,0.548505321,0.008315618,0.,0.,1.,0.,     2049P   2546
0.,-1.;                                                             2049P   2547
124,-4.7339391154461E-017,3.8837887452584E-017,1.,-5.,              2051P   2548
-0.634270835960613,-0.773110927778043,0.,-3.17135417980306,         2051P   2549
0.773110927778043,-0.634270835960613,6.12323399573677E-017,         2051P   2550
3.86555463889021;                                                   2051P   2551
100,0.,-5.,0.,5.,0.,0.553068055,8.316455686;                        2053P   2552
126,1,1,1,0,1,0,0.,0.,1.,1.,1.,1.,0.548505321,0.008315618,0.,       2055P   2553
0.548505321,0.382897795,0.,0.,1.,0.,0.,1.;                          2055P   2554
110,-5.,-9.951691889,-0.981747704,-5.,-2.370148622,                 2057P   2555
-0.981747704;                                                       2057P   2556
126,1,1,1,0,1,0,0.,0.,1.,1.,1.,1.,0.548505321,0.382897795,0.,       2059P   2557
0.813374919,0.118028198,0.,0.,1.,0.,0.,1.;                          2059P   2558
110,-5.,-2.370148622,-0.981747704,-5.,-7.731109278,-6.34270836;     2061P   2559
126,16,2,1,0,1,0,0.,0.,0.,0.125,0.125,0.25,0.25,0.375,0.375,        2063P   2560
0.5,0.5,0.625,0.625,0.75,0.75,0.875,0.875,1.,1.,1.,1.,1.,1.,1.,     2063P   2561
1.,1.,1.,1.,1.,1.,1.,1.,1.,1.,1.,1.,1.,0.813374919,0.118028198,     2063P   2562
0.,0.834493927,0.135354523,0.,0.853574124,0.154903439,0.,           2063P   2563
0.872654321,0.174452356,0.,0.88946311,0.195985554,0.,0.9062719,     2063P   2564
0.217518753,0.,0.920604376,0.240773735,0.,0.934936852,              2063P   2565
0.264028716,0.,0.946618295,0.288721993,0.,0.958299738,              2063P   2566
0.31341527,0.,0.967187748,0.339245821,0.,0.976075757,               2063P   2567
0.365076371,0.,0.982061983,0.39172931,0.,0.988048209,               2063P   2568
0.418382249,0.,0.991059678,0.445532665,0.,0.994071146,              2063P   2569
0.472683081,0.,0.994071146,0.5,0.,0.,1.,0.,0.,-1.;                  2063P   2570
124,3.8837887452584E-017,4.7339391154461E-017,1.,-5.,               2065P   2571
-0.773110927778043,0.634270835960613,0.,-3.86555463889021,          2065P   2572
-0.634270835960613,-0.773110927778043,6.12323399573677E-017,        2065P   2573
-3.17135417980306;                                                  2065P   2574
100,0.,-5.,0.,5.,0.,1.34270836,7.731109278;                         2067P   2575
126,2,2,1,0,1,0,0.,0.,0.,1.,1.,1.,1.,1.,1.,0.994071146,0.5,0.,      2069P   2576
0.994071146,0.524311383,0.,0.991684382,0.548505321,0.,0.,1.,0.,     2069P   2577
0.,-1.;                                                             2069P   2578
124,6.12323399573677E-017,0.,1.,-5.,0.,1.,0.,0.,-1.,0.,             2071P   2579
6.12323399573677E-017,-5.;                                          2071P   2580
100,0.,-5.,0.,5.,0.,4.951691889,0.981747704;                        2073P   2581
126,1,1,1,0,1,0,0.,0.,1.,1.,1.,1.,0.991684382,0.548505321,0.,       2075P   2582
0.617102205,0.548505321,0.,0.,1.,0.,0.,1.;                          2075P   2583
110,-5.,0.981747704,-9.951691889,-5.,0.981747704,-2.370148622;      2077P   2584
126,1,1,1,0,1,0,0.,0.,1.,1.,1.,1.,0.617102205,0.548505321,0.,       2079P   2585
0.881971802,0.813374919,0.,0.,1.,0.,0.,1.;                          2079P   2586
110,-5.,0.981747704,-2.370148622,-5.,6.34270836,-7.731109278;       2081P   2587
102,14,2015,2021,2025,2029,2035,2041,2045,2049,2055,2059,2063,      2083P   2588
2069,2075,2079;                                                     2083P   2589
102,14,2019,2023,2027,2033,2039,2043,2047,2053,2057,2061,2067,      2085P   2590
2073,2077,2081;                                                     2085P   2591
142,1,2013,2083,2085,1;                                             2087P   2592
126,32,2,1,0,1,0,0.,0.,0.,0.0625,0.0625,0.125,0.125,0.1875,         2089P   2593
0.1875,0.25,0.25,0.3125,0.3125,0.375,0.375,0.4375,0.4375,0.5,       2089P   2594
0.5,0.5625,0.5625,0.625,0.625,0.6875,0.6875,0.75,0.75,0.8125,       2089P   2595
0.8125,0.875,0.875,0.9375,0.9375,1.,1.,1.,1.,1.,1.,1.,1.,1.,1.,     2089P   2596
1.,1.,1.,1.,1.,1.,1.,1.,1.,1.,1.,1.,1.,1.,1.,1.,1.,1.,1.,1.,1.,     2089P   2597
1.,1.,1.,1.,1.,0.598814229,0.5,0.,0.598814229,0.490267648,0.,       2089P   2598
0.596915542,0.4807223,0.,0.595016854,0.471176953,0.,                2089P   2599
0.591292444,0.462185432,0.,0.587568034,0.453193911,0.,              2089P   2600
0.582161029,0.445101756,0.,0.576754024,0.437009601,0.,              2089P   2601
0.569872212,0.430127788,0.,0.562990399,0.423245976,0.,              2089P   2602
0.554898244,0.417838971,0.,0.546806089,0.412431966,0.,              2089P   2603
0.537814568,0.408707556,0.,0.528823047,0.404983146,0.,              2089P   2604
0.5192777,0.403084458,0.,0.509732352,0.401185771,0.,0.5,            2089P   2605
0.401185771,0.,0.490267648,0.401185771,0.,0.4807223,                2089P   2606
0.403084458,0.,0.471176953,0.404983146,0.,0.462185432,              2089P   2607
0.408707556,0.,0.453193911,0.412431966,0.,0.445101756,              2089P   2608
0.417838971,0.,0.437009601,0.423245976,0.,0.430127788,              2089P   2609
0.430127788,0.,0.423245976,0.437009601,0.,0.417838971,              2089P   2610
0.445101756,0.,0.412431966,0.453193911,0.,0.408707556,              2089P   2611
0.462185432,0.,0.404983146,0.471176953,0.,0.403084458,              2089P   2612
0.4807223,0.,0.401185771,0.490267648,0.,0.401185771,0.5,0.,0.,      2089P   2613
1.,0.,0.,1.;                                                        2089P   2614
124,-6.12323399573677E-017,4.27583144589696E-031,-1.,-5.,           2091P   2615
-6.98296267768627E-015,-1.,0.,-3.49148133884313E-014,-1.,           2091P   2616
6.98296267768627E-015,6.12323399573677E-017,-5.;                    2091P   2617
100,0.,-5.,0.,-3.,0.,-7.,0.;                                        2093P   2618
126,32,2,1,0,1,0,0.,0.,0.,0.0625,0.0625,0.125,0.125,0.1875,         2095P   2619
0.1875,0.25,0.25,0.3125,0.3125,0.375,0.375,0.4375,0.4375,0.5,       2095P   2620
0.5,0.5625,0.5625,0.625,0.625,0.6875,0.6875,0.75,0.75,0.8125,       2095P   2621
0.8125,0.875,0.875,0.9375,0.9375,1.,1.,1.,1.,1.,1.,1.,1.,1.,1.,     2095P   2622
1.,1.,1.,1.,1.,1.,1.,1.,1.,1.,1.,1.,1.,1.,1.,1.,1.,1.,1.,1.,1.,     2095P   2623
1.,1.,1.,1.,1.,0.401185771,0.5,0.,0.401185771,0.509732352,0.,       2095P   2624
0.403084458,0.5192777,0.,0.404983146,0.528823047,0.,                2095P   2625
0.408707556,0.537814568,0.,0.412431966,0.546806089,0.,              2095P   2626
0.417838971,0.554898244,0.,0.423245976,0.562990399,0.,              2095P   2627
0.430127788,0.569872212,0.,0.437009601,0.576754024,0.,              2095P   2628
0.445101756,0.582161029,0.,0.453193911,0.587568034,0.,              2095P   2629
0.462185432,0.591292444,0.,0.471176953,0.595016854,0.,              2095P   2630
0.4807223,0.596915542,0.,0.490267648,0.598814229,0.,0.5,            2095P   2631
0.598814229,0.,0.509732352,0.598814229,0.,0.5192777,                2095P   2632
0.596915542,0.,0.528823047,0.595016854,0.,0.537814568,              2095P   2633
0.591292444,0.,0.546806089,0.587568034,0.,0.554898244,              2095P   2634
0.582161029,0.,0.562990399,0.576754024,0.,0.569872212,              2095P   2635
0.569872212,0.,0.576754024,0.562990399,0.,0.582161029,              2095P   2636
0.554898244,0.,0.587568034,0.546806089,0.,0.591292444,              2095P   2637
0.537814568,0.,0.595016854,0.528823047,0.,0.596915542,              2095P   2638
0.5192777,0.,0.598814229,0.509732352,0.,0.598814229,0.5,0.,0.,      2095P   2639
1.,0.,0.,1.;                                                        2095P   2640
124,6.12323399573677E-017,0.,-1.,-5.,0.,1.,0.,0.,1.,0.,             2097P   2641
6.12323399573677E-017,5.;                                           2097P   2642
100,0.,-5.,0.,-3.,0.,-7.,0.;                                        2099P   2643
102,2,2089,2095;                                                    2101P   2644
102,2,2093,2099;                                                    2103P   2645
142,1,2013,2101,2103,1;                                             2105P   2646
144,2013,1,1,2087,2105;                                             2107P   2647
128,1,1,1,1,0,0,1,0,0,0.,0.,1.,1.,0.,0.,1.,1.,1.,1.,1.,1.,          2109P   2648
8.766666667,1.969136867,0.35,15.,1.969136867,0.35,8.766666667,      2109P   2649
9.993873123,0.35,15.,9.993873123,0.35,0.,1.,0.,1.;                  2109P   2650
126,1,1,1,0,1,0,0.,0.,1.,1.,1.,1.,0.,1.,0.,0.,0.,0.,0.,1.,0.,       2111P   2651
0.,1.;                                                              2111P   2652
110,8.766666667,9.993873123,0.35,8.766666667,1.969136867,0.35;      2113P   2653
126,1,1,1,0,1,0,0.,0.,1.,1.,1.,1.,0.,0.,0.,0.935828877,0.,0.,       2115P   2654
0.,1.,0.,0.,1.;                                                     2115P   2655
110,8.766666667,1.969136867,0.35,14.6,1.969136867,0.35;             2117P   2656
126,2,2,1,0,1,0,0.,0.,0.,1.,1.,1.,1.,1.,1.,0.935828877,0.,0.,       2119P   2657
0.964921162,0.022952051,0.,1.,0.050494513,0.,0.,1.,0.,0.,1.;        2119P   2658
126,3,3,1,0,1,0,0.,0.,0.,0.,1.,1.,1.,1.,1.,1.,1.,1.,14.6,           2121P   2659
1.969136867,0.35,14.73315622,2.104380101,0.35,14.866519421,         2121P   2660
2.239418997,0.35,15.,2.374342014,0.35,0.,1.,0.,0.,0.;               2121P   2661
126,1,1,1,0,1,0,0.,0.,1.,1.,1.,1.,1.,0.050494513,0.,1.,             2123P   2662
0.962591965,0.,0.,1.,0.,0.,1.;                                      2123P   2663
110,15.,2.374342014,0.35,15.,9.69368351,0.35;                       2125P   2664
126,8,2,1,0,1,0,0.,0.,0.,0.25,0.25,0.5,0.5,0.75,0.75,1.,1.,1.,      2127P   2665
1.,1.,1.,1.,1.,1.,1.,1.,1.,1.,0.962591965,0.,1.,0.970026172,0.,     2127P   2666
0.996342938,0.976895387,0.,0.992684744,0.983766728,0.,              2127P   2667
0.985923462,0.989028091,0.,0.979156697,0.994293721,0.,              2127P   2668
0.970312119,0.99714527,0.,0.961457677,1.,0.,0.951871658,1.,0.,      2127P   2669
0.,1.,0.,0.,-1.;                                                    2127P   2670
126,18,3,1,0,1,0,0.000407104166813809,0.000407104166813809,         2129P   2671
0.000407104166813809,0.000407104166813809,0.000469962470653818,     2129P   2672
0.000469962470653818,0.000469962470653818,0.00057161901579442,      2129P   2673
0.00057161901579442,0.00057161901579442,0.000673214971701604,       2129P   2674
0.000673214971701604,0.000673214971701604,0.000774773296454899,     2129P   2675
0.000774773296454899,0.000774773296454899,0.000876331904999572,     2129P   2676
0.000876331904999572,0.000876331904999572,0.000880394332065875,     2129P   2677
0.000880394332065875,0.000880394332065875,0.000880394332065875,     2129P   2678
1.,1.,1.,1.,1.,1.,1.,1.,1.,1.,1.,1.,1.,1.,1.,1.,1.,1.,1.,15.,       2129P   2679
9.69368351,0.35,15.,9.714497246,0.35,14.997813357,9.735422503,      2129P   2680
0.35,14.993510142,9.755786538,0.35,14.986565239,9.788651787,        2129P   2681
0.35,14.973855111,9.820771921,0.35,14.956428765,9.849489141,        2129P   2682
0.35,14.939012698,9.87818942,0.35,14.916406107,9.904281199,         2129P   2683
0.35,14.890476264,9.925604158,0.35,14.864556048,9.9469192,0.35,     2129P   2684
14.834600819,9.964055927,0.35,14.803087884,9.975593847,0.35,        2129P   2685
14.771575092,9.987131715,0.35,14.73763584,9.993388638,0.35,         2129P   2686
14.704080366,9.993845356,0.35,14.702720338,9.993863867,0.35,        2129P   2687
14.701360153,9.993873123,0.35,14.7,9.993873123,0.35,                2129P   2688
0.000407104166813809,0.000880394332065875,0.,0.,0.;                 2129P   2689
126,1,1,1,0,1,0,0.,0.,1.,1.,1.,1.,0.951871658,1.,0.,0.,1.,0.,       2131P   2690
0.,1.,0.,0.,1.;                                                     2131P   2691
110,14.7,9.993873123,0.35,8.766666667,9.993873123,0.35;             2133P   2692
102,6,2111,2115,2119,2123,2127,2131;                                2135P   2693
102,6,2113,2117,2121,2125,2129,2133;                                2137P   2694
142,1,2109,2135,2137,1;                                             2139P   2695
126,32,2,1,0,1,0,0.,0.,0.,0.0625,0.0625,0.125,0.125,0.1875,         2141P   2696
0.1875,0.25,0.25,0.3125,0.3125,0.375,0.375,0.4375,0.4375,0.5,       2141P   2697
0.5,0.5625,0.5625,0.625,0.625,0.6875,0.6875,0.75,0.75,0.8125,       2141P   2698
0.8125,0.875,0.875,0.9375,0.9375,1.,1.,1.,1.,1.,1.,1.,1.,1.,1.,     2141P   2699
1.,1.,1.,1.,1.,1.,1.,1.,1.,1.,1.,1.,1.,1.,1.,1.,1.,1.,1.,1.,1.,     2141P   2700
1.,1.,1.,1.,1.,0.245989305,0.564612093,0.,0.245989305,              2141P   2701
0.585477001,0.,0.251229683,0.605940996,0.,0.256470061,              2141P   2702
0.626404991,0.,0.266749432,0.645681653,0.,0.277028804,              2141P   2703
0.664958314,0.,0.291952138,0.682306852,0.,0.306875472,              2141P   2704
0.699655389,0.,0.325869274,0.714409107,0.,0.344863075,              2141P   2705
0.729162825,0.,0.367197423,0.740754747,0.,0.389531771,              2141P   2706
0.752346669,0.,0.414348369,0.760331324,0.,0.439164966,              2141P   2707
0.768315978,0.,0.465510126,0.77238652,0.,0.491855286,               2141P   2708
0.776457062,0.,0.518716578,0.776457062,0.,0.545577869,              2141P   2709
0.776457062,0.,0.571923029,0.77238652,0.,0.598268189,               2141P   2710
0.768315978,0.,0.623084786,0.760331324,0.,0.647901384,              2141P   2711
0.752346669,0.,0.670235732,0.740754747,0.,0.69257008,               2141P   2712
0.729162825,0.,0.711563882,0.714409107,0.,0.730557683,              2141P   2713
0.699655389,0.,0.745481017,0.682306852,0.,0.760404351,              2141P   2714
0.664958314,0.,0.770683723,0.645681653,0.,0.780963094,              2141P   2715
0.626404991,0.,0.786203472,0.605940996,0.,0.79144385,               2141P   2716
0.585477001,0.,0.79144385,0.564612093,0.,0.,1.,0.,0.,1.;            2141P   2717
124,-1.,-6.98296267768627E-015,0.,24.,-6.98296267768627E-015,       2143P   2718
1.,-6.98296267768627E-015,8.57430043400111E-014,                    2143P   2719
4.87617677579594E-029,-6.98296267768627E-015,-1.,                   2143P   2720
0.700000000000045;                                                  2143P   2721
100,0.35,12.,6.5,13.7,6.5,10.3,6.5;                                 2145P   2722
126,32,2,1,0,1,0,0.,0.,0.,0.0625,0.0625,0.125,0.125,0.1875,         2147P   2723
0.1875,0.25,0.25,0.3125,0.3125,0.375,0.375,0.4375,0.4375,0.5,       2147P   2724
0.5,0.5625,0.5625,0.625,0.625,0.6875,0.6875,0.75,0.75,0.8125,       2147P   2725
0.8125,0.875,0.875,0.9375,0.9375,1.,1.,1.,1.,1.,1.,1.,1.,1.,1.,     2147P   2726
1.,1.,1.,1.,1.,1.,1.,1.,1.,1.,1.,1.,1.,1.,1.,1.,1.,1.,1.,1.,1.,     2147P   2727
1.,1.,1.,1.,1.,0.79144385,0.564612093,0.,0.79144385,                2147P   2728
0.543747185,0.,0.786203472,0.52328319,0.,0.780963094,               2147P   2729
0.502819195,0.,0.770683723,0.483542533,0.,0.760404351,              2147P   2730
0.464265872,0.,0.745481017,0.446917334,0.,0.730557683,              2147P   2731
0.429568797,0.,0.711563882,0.414815079,0.,0.69257008,               2147P   2732
0.400061361,0.,0.670235732,0.388469439,0.,0.647901384,              2147P   2733
0.376877517,0.,0.623084786,0.368892862,0.,0.598268189,              2147P   2734
0.360908208,0.,0.571923029,0.356837666,0.,0.545577869,              2147P   2735
0.352767124,0.,0.518716578,0.352767124,0.,0.491855286,              2147P   2736
0.352767124,0.,0.465510126,0.356837666,0.,0.439164966,              2147P   2737
0.360908208,0.,0.414348369,0.368892862,0.,0.389531771,              2147P   2738
0.376877517,0.,0.367197423,0.388469439,0.,0.344863075,              2147P   2739
0.400061361,0.,0.325869274,0.414815079,0.,0.306875472,              2147P   2740
0.429568797,0.,0.291952138,0.446917334,0.,0.277028804,              2147P   2741
0.464265872,0.,0.266749432,0.483542533,0.,0.256470061,              2147P   2742
0.502819195,0.,0.251229683,0.52328319,0.,0.245989305,               2147P   2743
0.543747185,0.,0.245989305,0.564612093,0.,0.,1.,0.,0.,1.;           2147P   2744
124,1.,-7.105427357601E-015,0.,4.55330217974399E-014,               2149P   2745
-7.105427357601E-015,-1.,6.98296267768627E-015,                     2149P   2746
13.0000000000001,-4.96169340471387E-029,-6.98296267768627E-015,     2149P   2747
-1.,0.700000000000045;                                              2149P   2748
100,0.35,12.,6.5,13.7,6.5,10.3,6.5;                                 2151P   2749
102,2,2141,2147;                                                    2153P   2750
102,2,2145,2151;                                                    2155P   2751
142,1,2109,2153,2155,1;                                             2157P   2752
144,2109,1,1,2139,2157;                                             2159P   2753
128,1,1,1,1,0,0,1,0,0,0.,0.,1.,1.,0.,0.,1.,1.,1.,1.,1.,1.,15.,      2161P   2754
1.969136867,-0.35,9.233333333,1.969136867,-0.35,15.,                2161P   2755
9.993873123,-0.35,9.233333333,9.993873123,-0.35,0.,1.,0.,1.;        2161P   2756
126,8,2,1,0,1,0,0.,0.,0.,0.25,0.25,0.5,0.5,0.75,0.75,1.,1.,1.,      2163P   2757
1.,1.,1.,1.,1.,1.,1.,1.,1.,0.052023121,1.,0.,0.041676496,1.,0.,     2163P   2758
0.032117276,0.99715329,0.,0.022559698,0.994307069,0.,               2163P   2759
0.015243582,0.989048163,0.,0.007926041,0.983788233,0.,              2163P   2760
0.003964411,0.976915185,0.,0.,0.97003731,0.,0.,0.962591965,0.,      2163P   2761
0.,1.,0.,0.,-1.;                                                    2163P   2762
126,15,3,1,0,1,0,0.00101189922494486,0.00101189922494486,           2165P   2763
0.00101189922494486,0.00101189922494486,0.00107942545913921,        2165P   2764
0.00107942545913921,0.00107942545913921,0.00118106649357034,        2165P   2765
0.00118106649357034,0.00118106649357034,0.00128276957336742,        2165P   2766
0.00128276957336742,0.00128276957336742,0.00138451392950196,        2165P   2767
0.00138451392950196,0.00138451392950196,0.00148526861328684,        2165P   2768
0.00148526861328684,0.00148526861328684,0.00148526861328684,1.,     2165P   2769
1.,1.,1.,1.,1.,1.,1.,1.,1.,1.,1.,1.,1.,1.,1.,14.7,9.993873123,      2165P   2770
-0.35,14.722348263,9.993873123,-0.35,14.744834881,9.991342998,      2165P   2771
-0.35,14.766624407,9.986376968,-0.35,14.799369138,9.978914149,      2165P   2772
-0.35,14.831276245,9.965690451,-0.35,14.859701508,9.947804268,      2165P   2773
-0.35,14.888143925,9.92990729,-0.35,14.913885924,9.906848056,       2165P   2774
-0.35,14.934795449,9.880540934,-0.35,14.955713462,9.854223133,      2165P   2775
-0.35,14.972372971,9.823928194,-0.35,14.983395889,9.792168389,      2165P   2776
-0.35,14.994311683,9.760717233,-0.35,15.,9.726975097,-0.35,15.,     2165P   2777
9.69368351,-0.35,0.00101189922494486,0.00148526861328684,0.,0.,     2165P   2778
0.;                                                                 2165P   2779
126,1,1,1,0,1,0,0.,0.,1.,1.,1.,1.,0.,0.962591965,0.,0.,             2167P   2780
0.050494513,0.,0.,1.,0.,0.,1.;                                      2167P   2781
110,15.,9.69368351,-0.35,15.,2.374342014,-0.35;                     2169P   2782
126,2,2,1,0,1,0,0.,0.,0.,1.,1.,1.,1.,1.,1.,0.,0.050494513,0.,       2171P   2783
0.037917588,0.022952051,0.,0.069364162,0.,0.,0.,1.,0.,0.,1.;        2171P   2784
126,3,3,1,0,1,0,0.,0.,0.,0.,1.,1.,1.,1.,1.,1.,1.,1.,15.,            2173P   2785
2.374342014,-0.35,14.866519601,2.239419178,-0.35,14.733156435,      2173P   2786
2.10438032,-0.35,14.6,1.969136867,-0.35,0.,1.,0.,0.,0.;             2173P   2787
126,1,1,1,0,1,0,0.,0.,1.,1.,1.,1.,0.069364162,0.,0.,1.,0.,0.,       2175P   2788
0.,1.,0.,0.,1.;                                                     2175P   2789
110,14.6,1.969136867,-0.35,9.233333333,1.969136867,-0.35;           2177P   2790
126,1,1,1,0,1,0,0.,0.,1.,1.,1.,1.,1.,0.,0.,1.,1.,0.,0.,1.,0.,       2179P   2791
0.,1.;                                                              2179P   2792
110,9.233333333,1.969136867,-0.35,9.233333333,9.993873123,          2181P   2793
-0.35;                                                              2181P   2794
126,1,1,1,0,1,0,0.,0.,1.,1.,1.,1.,1.,1.,0.,0.052023121,1.,0.,       2183P   2795
0.,1.,0.,0.,1.;                                                     2183P   2796
110,9.233333333,9.993873123,-0.35,14.7,9.993873123,-0.35;           2185P   2797
102,6,2163,2167,2171,2175,2179,2183;                                2187P   2798
102,6,2165,2169,2173,2177,2181,2185;                                2189P   2799
142,1,2161,2187,2189,1;                                             2191P   2800
126,32,2,1,0,1,0,0.,0.,0.,0.0625,0.0625,0.125,0.125,0.1875,         2193P   2801
0.1875,0.25,0.25,0.3125,0.3125,0.375,0.375,0.4375,0.4375,0.5,       2193P   2802
0.5,0.5625,0.5625,0.625,0.625,0.6875,0.6875,0.75,0.75,0.8125,       2193P   2803
0.8125,0.875,0.875,0.9375,0.9375,1.,1.,1.,1.,1.,1.,1.,1.,1.,1.,     2193P   2804
1.,1.,1.,1.,1.,1.,1.,1.,1.,1.,1.,1.,1.,1.,1.,1.,1.,1.,1.,1.,1.,     2193P   2805
1.,1.,1.,1.,1.,0.303468208,0.564612093,0.,0.303468208,              2193P   2806
0.579953937,0.,0.307633248,0.595000992,0.,0.311798289,              2193P   2807
0.610048047,0.,0.319968309,0.624222063,0.,0.32813833,               2193P   2808
0.638396079,0.,0.339999361,0.651152357,0.,0.351860393,              2193P   2809
0.663908634,0.,0.366956623,0.674756956,0.,0.382052852,              2193P   2810
0.685605278,0.,0.39980414,0.69412875,0.,0.417555428,                2193P   2811
0.702652222,0.,0.437279603,0.708523292,0.,0.457003777,              2193P   2812
0.714394362,0.,0.477942849,0.717387407,0.,0.498881921,              2193P   2813
0.720380452,0.,0.520231214,0.720380452,0.,0.541580507,              2193P   2814
0.720380452,0.,0.562519578,0.717387407,0.,0.58345865,               2193P   2815
0.714394362,0.,0.603182825,0.708523292,0.,0.622906999,              2193P   2816
0.702652222,0.,0.640658288,0.69412875,0.,0.658409576,               2193P   2817
0.685605278,0.,0.673505805,0.674756956,0.,0.688602035,              2193P   2818
0.663908634,0.,0.700463066,0.651152357,0.,0.712324098,              2193P   2819
0.638396079,0.,0.720494118,0.624222063,0.,0.728664139,              2193P   2820
0.610048047,0.,0.732829179,0.595000992,0.,0.73699422,               2193P   2821
0.579953937,0.,0.73699422,0.564612093,0.,0.,1.,0.,0.,1.;            2193P   2822
100,-0.35,12.,6.5,13.25,6.5,10.75,6.5;                              2195P   2823
126,32,2,1,0,1,0,0.,0.,0.,0.0625,0.0625,0.125,0.125,0.1875,         2197P   2824
0.1875,0.25,0.25,0.3125,0.3125,0.375,0.375,0.4375,0.4375,0.5,       2197P   2825
0.5,0.5625,0.5625,0.625,0.625,0.6875,0.6875,0.75,0.75,0.8125,       2197P   2826
0.8125,0.875,0.875,0.9375,0.9375,1.,1.,1.,1.,1.,1.,1.,1.,1.,1.,     2197P   2827
1.,1.,1.,1.,1.,1.,1.,1.,1.,1.,1.,1.,1.,1.,1.,1.,1.,1.,1.,1.,1.,     2197P   2828
1.,1.,1.,1.,1.,0.73699422,0.564612093,0.,0.73699422,                2197P   2829
0.549270249,0.,0.732829179,0.534223194,0.,0.728664139,              2197P   2830
0.519176139,0.,0.720494118,0.505002123,0.,0.712324098,              2197P   2831
0.490828107,0.,0.700463066,0.478071829,0.,0.688602035,              2197P   2832
0.465315552,0.,0.673505805,0.45446723,0.,0.658409576,               2197P   2833
0.443618908,0.,0.640658288,0.435095436,0.,0.622906999,              2197P   2834
0.426571964,0.,0.603182825,0.420700894,0.,0.58345865,               2197P   2835
0.414829824,0.,0.562519578,0.411836779,0.,0.541580507,              2197P   2836
0.408843734,0.,0.520231214,0.408843734,0.,0.498881921,              2197P   2837
0.408843734,0.,0.477942849,0.411836779,0.,0.457003777,              2197P   2838
0.414829824,0.,0.437279603,0.420700894,0.,0.417555428,              2197P   2839
0.426571964,0.,0.39980414,0.435095436,0.,0.382052852,               2197P   2840
0.443618908,0.,0.366956623,0.45446723,0.,0.351860393,               2197P   2841
0.465315552,0.,0.339999361,0.478071829,0.,0.32813833,               2197P   2842
0.490828107,0.,0.319968309,0.505002123,0.,0.311798289,              2197P   2843
0.519176139,0.,0.307633248,0.534223194,0.,0.303468208,              2197P   2844
0.549270249,0.,0.303468208,0.564612093,0.,0.,1.,0.,0.,1.;           2197P   2845
100,-0.35,12.,6.5,10.75,6.5,13.25,6.5;                              2199P   2846
102,2,2193,2197;                                                    2201P   2847
102,2,2195,2199;                                                    2203P   2848
142,1,2161,2201,2203,1;                                             2205P   2849
144,2161,1,1,2191,2205;                                             2207P   2850
128,1,1,1,1,0,0,1,0,0,0.,0.,1.,1.,0.,0.,1.,1.,1.,1.,1.,1.,          2209P   2851
8.766666667,0.,-10.0621,8.766666667,0.,0.35,8.766666667,10.06,      2209P   2852
-10.0621,8.766666667,10.06,0.35,0.,1.,0.,1.;                        2209P   2853
126,1,1,1,0,1,0,0.,0.,1.,1.,1.,1.,0.005964215,0.,0.,                2211P   2854
0.774301054,0.,0.,0.,1.,0.,0.,1.;                                   2211P   2855
110,8.766666667,0.,-10.,8.766666667,0.,-2.;                         2213P   2856
126,16,2,1,0,1,0,0.,0.,0.,0.125,0.125,0.25,0.25,0.375,0.375,        2215P   2857
0.5,0.5,0.625,0.625,0.75,0.75,0.875,0.875,1.,1.,1.,1.,1.,1.,1.,     2215P   2858
1.,1.,1.,1.,1.,1.,1.,1.,1.,1.,1.,1.,1.,0.774301054,0.,0.,           2215P   2859
0.774301054,0.021790188,0.,0.778861354,0.043063051,0.,              2215P   2860
0.783421653,0.064335915,0.,0.79232572,0.08408137,0.,                2215P   2861
0.801229786,0.103826825,0.,0.814054833,0.121107312,0.,              2215P   2862
0.826879881,0.138387799,0.,0.843016946,0.1523828,0.,                2215P   2863
0.859154011,0.166377802,0.,0.87783687,0.176422803,0.,               2215P   2864
0.896519728,0.186467804,0.,0.916861275,0.192085845,0.,              2215P   2865
0.937202822,0.197703887,0.,0.958237193,0.19862821,0.,               2215P   2866
0.979271564,0.199552534,0.,1.,0.195739251,0.,0.,1.,0.,0.,1.;        2215P   2867
124,6.12323399573677E-017,0.,1.,8.76666666666667,0.,1.,0.,0.,       2217P   2868
-1.,0.,6.12323399573677E-017,8.76666666666667;                      2217P   2869
100,0.,8.766666667,0.,10.766666667,0.,8.416666667,1.969136867;      2219P   2870
126,1,1,1,0,1,0,0.,0.,1.,1.,1.,1.,1.,0.195739251,0.,1.,             2221P   2871
0.993426752,0.,0.,1.,0.,0.,1.;                                      2221P   2872
110,8.766666667,1.969136867,0.35,8.766666667,9.993873123,0.35;      2223P   2873
126,16,2,1,0,1,0,0.,0.,0.,0.125,0.125,0.25,0.25,0.375,0.375,        2225P   2874
0.5,0.5,0.625,0.625,0.75,0.75,0.875,0.875,1.,1.,1.,1.,1.,1.,1.,     2225P   2875
1.,1.,1.,1.,1.,1.,1.,1.,1.,1.,1.,1.,1.,1.,0.993426752,0.,           2225P   2876
0.903343844,0.996930268,0.,0.807953422,0.980417615,0.,              2225P   2877
0.712562999,0.963904963,0.,0.622268769,0.928039218,0.,              2225P   2878
0.53197454,0.892173473,0.,0.450402323,0.838394846,0.,               2225P   2879
0.368830105,0.784616219,0.,0.299255482,0.715084223,0.,              2225P   2880
0.229680859,0.645552227,0.,0.17489764,0.563058962,0.,               2225P   2881
0.120114422,0.480565697,0.,0.082322462,0.388423729,0.,              2225P   2882
0.044530501,0.29628176,0.,0.025247358,0.198191106,0.,               2225P   2883
0.005964215,0.100100452,0.,0.005964215,0.,0.,0.,1.,0.,0.,-1.;       2225P   2884
124,2.14313189850788E-018,-6.11948236562558E-017,-1.,               2227P   2885
8.76666666666667,0.999387312306895,0.0350000000000002,0.,           2227P   2886
-8.76129543789045,0.0350000000000002,-0.999387312306895,            2227P   2887
6.12323399573677E-017,-0.306833333333335;                           2227P   2888
100,0.,8.766666667,0.,18.766666667,0.,8.416666667,9.993873123;      2229P   2889
102,4,2211,2215,2221,2225;                                          2231P   2890
102,4,2213,2219,2223,2229;                                          2233P   2891
142,1,2209,2231,2233,1;                                             2235P   2892
144,2209,1,0,2235;                                                  2237P   2893
128,1,1,1,1,0,0,1,0,0,0.,0.,1.,1.,0.,0.,1.,1.,1.,1.,1.,1.,          2239P   2894
8.766666667,-6.5,-0.35,8.766666667,-6.5,0.35,8.766666667,           2239P   2895
-1.941951688,-0.35,8.766666667,-1.941951688,0.35,0.,1.,0.,1.;       2239P   2896
126,4,2,1,0,1,0,0.,0.,0.,0.5,0.5,1.,1.,1.,1.,1.,1.,1.,1.,1.,        2241P   2897
0.994035785,0.,0.751943945,0.987264656,0.,0.5,0.987264656,0.,       2241P   2898
0.248056055,0.987264656,0.,0.,0.994035785,0.,0.,1.,0.,0.,1.;        2241P   2899
124,-1.07156594925385E-017,6.02874290237576E-017,1.,                2243P   2900
8.76666666666667,-0.984568433375763,-0.174999999999986,0.,          2243P   2901
8.63138326592752,0.174999999999986,-0.984568433375763,              2243P   2902
6.12323399573677E-017,-1.53416666666654;                            2243P   2903
100,0.,8.766666667,0.,10.766666667,0.,10.644166667,0.689197903;     2245P   2904
126,1,1,1,0,1,0,0.,0.,1.,1.,1.,1.,0.,0.994035785,0.,0.,0.,0.,       2247P   2905
0.,1.,0.,0.,1.;                                                     2247P   2906
110,8.766666667,-1.969136867,-0.35,8.766666667,-6.5,-0.35;          2249P   2907
126,1,1,1,0,1,0,0.,0.,1.,1.,1.,1.,0.,0.,0.,1.,0.,0.,0.,1.,0.,       2251P   2908
0.,1.;                                                              2251P   2909
110,8.766666667,-6.5,-0.35,8.766666667,-6.5,0.35;                   2253P   2910
126,1,1,1,0,1,0,0.,0.,1.,1.,1.,1.,1.,0.,0.,1.,0.994035785,0.,       2255P   2911
0.,1.,0.,0.,1.;                                                     2255P   2912
110,8.766666667,-6.5,0.35,8.766666667,-1.969136867,0.35;            2257P   2913
102,4,2241,2247,2251,2255;                                          2259P   2914
102,4,2245,2249,2253,2257;                                          2261P   2915
142,1,2239,2259,2261,1;                                             2263P   2916
144,2239,1,0,2263;                                                  2265P   2917
128,1,1,1,1,0,0,1,0,0,0.,0.,1.,1.,0.,0.,1.,1.,1.,1.,1.,1.,          2267P   2918
8.766666667,-6.5,0.35,15.,-6.5,0.35,8.766666667,-1.969136867,       2267P   2919
0.35,15.,-1.969136867,0.35,0.,1.,0.,1.;                             2267P   2920
126,1,1,1,0,1,0,0.,0.,1.,1.,1.,1.,0.935828877,1.,0.,0.,1.,0.,       2269P   2921
0.,1.,0.,0.,1.;                                                     2269P   2922
110,14.6,-1.969136867,0.35,8.766666667,-1.969136867,0.35;           2271P   2923
126,1,1,1,0,1,0,0.,0.,1.,1.,1.,1.,0.,1.,0.,0.,0.,0.,0.,1.,0.,       2273P   2924
0.,1.;                                                              2273P   2925
110,8.766666667,-1.969136867,0.35,8.766666667,-6.5,0.35;            2275P   2926
126,1,1,1,0,1,0,0.,0.,1.,1.,1.,1.,0.,0.,0.,1.,0.,0.,0.,1.,0.,       2277P   2927
0.,1.;                                                              2277P   2928
110,8.766666667,-6.5,0.35,15.,-6.5,0.35;                            2279P   2929
126,1,1,1,0,1,0,0.,0.,1.,1.,1.,1.,1.,0.,0.,1.,0.91056778,0.,0.,     2281P   2930
1.,0.,0.,1.;                                                        2281P   2931
110,15.,-6.5,0.35,15.,-2.374342014,0.35;                            2283P   2932
126,2,2,1,0,1,0,0.,0.,0.,1.,1.,1.,1.,1.,1.,1.,0.91056778,0.,        2285P   2933
0.964921162,0.959348991,0.,0.935828877,1.,0.,0.,1.,0.,0.,1.;        2285P   2934
126,3,3,1,0,1,0,0.,0.,0.,0.,1.,1.,1.,1.,1.,1.,1.,1.,15.,            2287P   2935
-2.374342014,0.35,14.866519601,-2.239419178,0.35,14.733156435,      2287P   2936
-2.10438032,0.35,14.6,-1.969136867,0.35,0.,1.,0.,0.,0.;             2287P   2937
102,5,2269,2273,2277,2281,2285;                                     2289P   2938
102,5,2271,2275,2279,2283,2287;                                     2291P   2939
142,1,2267,2289,2291,1;                                             2293P   2940
144,2267,1,0,2293;                                                  2295P   2941
128,1,1,1,1,0,0,1,0,0,0.,0.,1.,1.,0.,0.,1.,1.,1.,1.,1.,1.,15.,      2297P   2942
-6.5,-0.35,8.766666667,-6.5,-0.35,15.,-1.969136867,-0.35,           2297P   2943
8.766666667,-1.969136867,-0.35,0.,1.,0.,1.;                         2297P   2944
126,1,1,1,0,1,0,0.,0.,1.,1.,1.,1.,1.,1.,0.,0.064171123,1.,0.,       2299P   2945
0.,1.,0.,0.,1.;                                                     2299P   2946
110,8.766666667,-1.969136867,-0.35,14.6,-1.969136867,-0.35;         2301P   2947
126,2,2,1,0,1,0,0.,0.,0.,1.,1.,1.,1.,1.,1.,0.064171123,1.,0.,       2303P   2948
0.035078838,0.959348991,0.,0.,0.91056778,0.,0.,1.,0.,0.,1.;         2303P   2949
126,3,3,1,0,1,0,0.,0.,0.,0.,1.,1.,1.,1.,1.,1.,1.,1.,14.6,           2305P   2950
-1.969136867,-0.35,14.73315622,-2.104380101,-0.35,14.866519421,     2305P   2951
-2.239418997,-0.35,15.,-2.374342014,-0.35,0.,1.,0.,0.,0.;           2305P   2952
126,1,1,1,0,1,0,0.,0.,1.,1.,1.,1.,0.,0.91056778,0.,0.,0.,0.,0.,     2307P   2953
1.,0.,0.,1.;                                                        2307P   2954
110,15.,-2.374342014,-0.35,15.,-6.5,-0.35;                          2309P   2955
126,1,1,1,0,1,0,0.,0.,1.,1.,1.,1.,0.,0.,0.,1.,0.,0.,0.,1.,0.,       2311P   2956
0.,1.;                                                              2311P   2957
110,15.,-6.5,-0.35,8.766666667,-6.5,-0.35;                          2313P   2958
126,1,1,1,0,1,0,0.,0.,1.,1.,1.,1.,1.,0.,0.,1.,1.,0.,0.,1.,0.,       2315P   2959
0.,1.;                                                              2315P   2960
110,8.766666667,-6.5,-0.35,8.766666667,-1.969136867,-0.35;          2317P   2961
102,5,2299,2303,2307,2311,2315;                                     2319P   2962
102,5,2301,2305,2309,2313,2317;                                     2321P   2963
142,1,2297,2319,2321,1;                                             2323P   2964
144,2297,1,0,2323;                                                  2325P   2965
128,1,1,1,1,0,0,1,0,0,0.,0.,1.,1.,0.,0.,1.,1.,1.,1.,1.,1.,          2327P   2966
8.766666667,-6.5,0.35,8.766666667,-6.5,-0.35,15.,-6.5,0.35,15.,     2327P   2967
-6.5,-0.35,0.,1.,0.,1.;                                             2327P   2968
126,1,1,1,0,1,0,0.,0.,1.,1.,1.,1.,0.,1.,0.,0.,0.,0.,0.,1.,0.,       2329P   2969
0.,1.;                                                              2329P   2970
110,15.,-6.5,0.35,8.766666667,-6.5,0.35;                            2331P   2971
126,1,1,1,0,1,0,0.,0.,1.,1.,1.,1.,0.,0.,0.,1.,0.,0.,0.,1.,0.,       2333P   2972
0.,1.;                                                              2333P   2973
110,8.766666667,-6.5,0.35,8.766666667,-6.5,-0.35;                   2335P   2974
126,1,1,1,0,1,0,0.,0.,1.,1.,1.,1.,1.,0.,0.,1.,1.,0.,0.,1.,0.,       2337P   2975
0.,1.;                                                              2337P   2976
110,8.766666667,-6.5,-0.35,15.,-6.5,-0.35;                          2339P   2977
126,1,1,1,0,1,0,0.,0.,1.,1.,1.,1.,1.,1.,0.,0.,1.,0.,0.,1.,0.,       2341P   2978
0.,1.;                                                              2341P   2979
110,15.,-6.5,-0.35,15.,-6.5,0.35;                                   2343P   2980
102,4,2329,2333,2337,2341;                                          2345P   2981
102,4,2331,2335,2339,2343;                                          2347P   2982
142,1,2327,2345,2347,1;                                             2349P   2983
144,2327,1,0,2349;                                                  2351P   2984
128,1,1,1,1,0,0,1,0,0,0.,0.,1.,1.,0.,0.,1.,1.,1.,1.,1.,1.,-15.,     2353P   2985
0.35,6.5,-15.,0.35,1.969136867,-8.766666667,0.35,6.5,               2353P   2986
-8.766666667,0.35,1.969136867,0.,1.,0.,1.;                          2353P   2987
126,1,1,1,0,1,0,0.,0.,1.,1.,1.,1.,1.,0.064171123,0.,1.,1.,0.,       2355P   2988
0.,1.,0.,0.,1.;                                                     2355P   2989
110,-14.6,0.35,1.969136867,-8.766666667,0.35,1.969136867;           2357P   2990
126,1,1,1,0,1,0,0.,0.,1.,1.,1.,1.,1.,1.,0.,0.,1.,0.,0.,1.,0.,       2359P   2991
0.,1.;                                                              2359P   2992
110,-8.766666667,0.35,1.969136867,-8.766666667,0.35,6.5;            2361P   2993
126,1,1,1,0,1,0,0.,0.,1.,1.,1.,1.,0.,1.,0.,0.,0.,0.,0.,1.,0.,       2363P   2994
0.,1.;                                                              2363P   2995
110,-8.766666667,0.35,6.5,-15.,0.35,6.5;                            2365P   2996
126,1,1,1,0,1,0,0.,0.,1.,1.,1.,1.,0.,0.,0.,0.91056778,0.,0.,0.,     2367P   2997
1.,0.,0.,1.;                                                        2367P   2998
110,-15.,0.35,6.5,-15.,0.35,2.374342014;                            2369P   2999
126,2,2,1,0,1,0,0.,0.,0.,1.,1.,1.,1.,1.,1.,0.91056778,0.,0.,        2371P   3000
0.959348991,0.035078838,0.,1.,0.064171123,0.,0.,1.,0.,0.,1.;        2371P   3001
126,3,3,1,0,1,0,0.,0.,0.,0.,1.,1.,1.,1.,1.,1.,1.,1.,-15.,0.35,      2373P   3002
2.374342014,-14.866519601,0.35,2.239419178,-14.733156435,0.35,      2373P   3003
2.10438032,-14.6,0.35,1.969136867,0.,1.,0.,0.,0.;                   2373P   3004
102,5,2355,2359,2363,2367,2371;                                     2375P   3005
102,5,2357,2361,2365,2369,2373;                                     2377P   3006
142,1,2353,2375,2377,1;                                             2379P   3007
144,2353,1,0,2379;                                                  2381P   3008
128,1,1,1,1,0,0,1,0,0,0.,0.,1.,1.,0.,0.,1.,1.,1.,1.,1.,1.,-15.,     2383P   3009
-0.35,1.969136867,-15.,-0.35,6.5,-8.766666667,-0.35,                2383P   3010
1.969136867,-8.766666667,-0.35,6.5,0.,1.,0.,1.;                     2383P   3011
126,1,1,1,0,1,0,0.,0.,1.,1.,1.,1.,0.,1.,0.,0.,0.064171123,0.,       2385P   3012
0.,1.,0.,0.,1.;                                                     2385P   3013
110,-8.766666667,-0.35,1.969136867,-14.6,-0.35,1.969136867;         2387P   3014
126,2,2,1,0,1,0,0.,0.,0.,1.,1.,1.,1.,1.,1.,0.,0.064171123,0.,       2389P   3015
0.040651009,0.035078838,0.,0.08943222,0.,0.,0.,1.,0.,0.,1.;         2389P   3016
126,3,3,1,0,1,0,0.,0.,0.,0.,1.,1.,1.,1.,1.,1.,1.,1.,-14.6,          2391P   3017
-0.35,1.969136867,-14.73315622,-0.35,2.104380101,-14.866519421,     2391P   3018
-0.35,2.239418997,-15.,-0.35,2.374342014,0.,1.,0.,0.,0.;            2391P   3019
126,1,1,1,0,1,0,0.,0.,1.,1.,1.,1.,0.08943222,0.,0.,1.,0.,0.,0.,     2393P   3020
1.,0.,0.,1.;                                                        2393P   3021
110,-15.,-0.35,2.374342014,-15.,-0.35,6.5;                          2395P   3022
126,1,1,1,0,1,0,0.,0.,1.,1.,1.,1.,1.,0.,0.,1.,1.,0.,0.,1.,0.,       2397P   3023
0.,1.;                                                              2397P   3024
110,-15.,-0.35,6.5,-8.766666667,-0.35,6.5;                          2399P   3025
126,1,1,1,0,1,0,0.,0.,1.,1.,1.,1.,1.,1.,0.,0.,1.,0.,0.,1.,0.,       2401P   3026
0.,1.;                                                              2401P   3027
110,-8.766666667,-0.35,6.5,-8.766666667,-0.35,1.969136867;          2403P   3028
102,5,2385,2389,2393,2397,2401;                                     2405P   3029
102,5,2387,2391,2395,2399,2403;                                     2407P   3030
142,1,2383,2405,2407,1;                                             2409P   3031
144,2383,1,0,2409;                                                  2411P   3032
128,1,1,1,1,0,0,1,0,0,0.,0.,1.,1.,0.,0.,1.,1.,1.,1.,1.,1.,          2413P   3033
-8.766666667,-0.35,6.5,-15.,-0.35,6.5,-8.766666667,0.35,6.5,        2413P   3034
-15.,0.35,6.5,0.,1.,0.,1.;                                          2413P   3035
126,1,1,1,0,1,0,0.,0.,1.,1.,1.,1.,1.,0.,0.,1.,1.,0.,0.,1.,0.,       2415P   3036
0.,1.;                                                              2415P   3037
110,-15.,-0.35,6.5,-15.,0.35,6.5;                                   2417P   3038
126,1,1,1,0,1,0,0.,0.,1.,1.,1.,1.,1.,1.,0.,0.,1.,0.,0.,1.,0.,       2419P   3039
0.,1.;                                                              2419P   3040
110,-15.,0.35,6.5,-8.766666667,0.35,6.5;                            2421P   3041
126,1,1,1,0,1,0,0.,0.,1.,1.,1.,1.,0.,1.,0.,0.,0.,0.,0.,1.,0.,       2423P   3042
0.,1.;                                                              2423P   3043
110,-8.766666667,0.35,6.5,-8.766666667,-0.35,6.5;                   2425P   3044
126,1,1,1,0,1,0,0.,0.,1.,1.,1.,1.,0.,0.,0.,1.,0.,0.,0.,1.,0.,       2427P   3045
0.,1.;                                                              2427P   3046
110,-8.766666667,-0.35,6.5,-15.,-0.35,6.5;                          2429P   3047
102,4,2415,2419,2423,2427;                                          2431P   3048
102,4,2417,2421,2425,2429;                                          2433P   3049
142,1,2413,2431,2433,1;                                             2435P   3050
144,2413,1,0,2435;                                                  2437P   3051
128,1,1,1,1,0,0,1,0,0,0.,0.,1.,1.,0.,0.,1.,1.,1.,1.,1.,1.,          2439P   3052
-8.766666667,-0.35,1.941951688,-8.766666667,-0.35,6.5,              2439P   3053
-8.766666667,0.35,1.941951688,-8.766666667,0.35,6.5,0.,1.,0.,       2439P   3054
1.;                                                                 2439P   3055
126,2,2,1,0,1,0,0.,0.,0.,1.,1.,1.,1.,1.,1.,0.005964215,1.,0.,       2441P   3056
0.012735344,0.751943945,0.,0.012735344,0.5,0.,0.,1.,0.,0.,1.;       2441P   3057
124,-6.02874290237575E-017,-1.07156594925393E-017,1.,               2443P   3058
-8.76666666666667,0.174999999999999,-0.984568433375761,0.,          2443P   3059
1.53416666666666,0.984568433375761,0.174999999999999,               2443P   3060
6.12323399573677E-017,8.6313832659275;                              2443P   3061
100,0.,-8.766666667,0.,-6.766666667,0.,-6.7975298,0.35;             2445P   3062
126,2,2,1,0,1,0,0.,0.,0.,1.,1.,1.,1.,1.,1.,0.012735344,0.5,0.,      2447P   3063
0.012735344,0.248056055,0.,0.005964215,0.,0.,0.,1.,0.,0.,1.;        2447P   3064
124,-6.12323399573677E-017,-7.49879891330929E-033,1.,               2449P   3065
-8.76666666666667,1.22464679914735E-016,-1.,0.,                     2449P   3066
1.07360702725251E-015,1.,1.22464679914735E-016,                     2449P   3067
6.12323399573677E-017,8.76666666666667;                             2449P   3068
100,0.,-8.766666667,0.,-6.766666667,0.,-6.7975298,0.35;             2451P   3069
126,1,1,1,0,1,0,0.,0.,1.,1.,1.,1.,0.005964215,0.,0.,1.,0.,0.,       2453P   3070
0.,1.,0.,0.,1.;                                                     2453P   3071
110,-8.766666667,-0.35,1.969136867,-8.766666667,-0.35,6.5;          2455P   3072
126,1,1,1,0,1,0,0.,0.,1.,1.,1.,1.,1.,0.,0.,1.,1.,0.,0.,1.,0.,       2457P   3073
0.,1.;                                                              2457P   3074
110,-8.766666667,-0.35,6.5,-8.766666667,0.35,6.5;                   2459P   3075
126,1,1,1,0,1,0,0.,0.,1.,1.,1.,1.,1.,1.,0.,0.005964215,1.,0.,       2461P   3076
0.,1.,0.,0.,1.;                                                     2461P   3077
110,-8.766666667,0.35,6.5,-8.766666667,0.35,1.969136867;            2463P   3078
102,5,2441,2447,2453,2457,2461;                                     2465P   3079
102,5,2445,2451,2455,2459,2463;                                     2467P   3080
142,1,2439,2465,2467,1;                                             2469P   3081
144,2439,1,0,2469;                                                  2471P   3082
128,1,1,1,1,0,0,1,0,0,0.,0.,1.,1.,0.,0.,1.,1.,1.,1.,1.,1.,          2473P   3083
-8.766666667,-0.35,-10.06,-8.766666667,-0.35,0.,-8.766666667,       2473P   3084
10.0621,-10.06,-8.766666667,10.0621,0.,0.,1.,0.,1.;                 2473P   3085
126,1,1,1,0,1,0,0.,0.,1.,1.,1.,1.,1.,0.225698946,0.,1.,             2475P   3086
0.994035785,0.,0.,1.,0.,0.,1.;                                      2475P   3087
110,-8.766666667,2.,0.,-8.766666667,10.,0.;                         2477P   3088
126,16,2,1,0,1,0,0.,0.,0.,0.125,0.125,0.25,0.25,0.375,0.375,        2479P   3089
0.5,0.5,0.625,0.625,0.75,0.75,0.875,0.875,1.,1.,1.,1.,1.,1.,1.,     2479P   3090
1.,1.,1.,1.,1.,1.,1.,1.,1.,1.,1.,1.,1.,1.,0.994035785,0.,           2479P   3091
0.902096021,0.994035785,0.,0.806073239,0.975581564,0.,              2479P   3092
0.710050457,0.957127343,0.,0.619598974,0.920928086,0.,              2479P   3093
0.529147491,0.884728829,0.,0.447743307,0.832175654,0.,              2479P   3094
0.366339123,0.779622478,0.,0.297110555,0.712734973,0.,              2479P   3095
0.227881988,0.645847468,0.,0.173489451,0.567196082,0.,              2479P   3096
0.119096914,0.488544697,0.,0.081630683,0.40115196,0.,               2479P   3097
0.044164452,0.313759223,0.,0.025064334,0.220983588,0.,              2479P   3098
0.005964215,0.128207954,0.,0.005964215,0.033614737,0.,0.,1.,0.,     2479P   3099
0.,-1.;                                                             2479P   3100
124,3.74939945665464E-033,-6.12323399573677E-017,-1.,               2481P   3101
-8.76666666666667,1.,6.12323399573677E-017,0.,8.76666666666667,     2481P   3102
6.12323399573677E-017,-1.,6.12323399573677E-017,                    2481P   3103
5.36803513626256E-016;                                              2481P   3104
100,0.,-8.766666667,0.,1.233333333,0.,-8.766666667,10.;             2483P   3105
126,2,2,1,0,1,0,0.,0.,0.,1.,1.,1.,1.,1.,1.,0.005964215,             2485P   3106
0.033614737,0.,0.005964215,0.016802218,0.,0.006573248,0.,0.,0.,     2485P   3107
1.,0.,0.,-1.;                                                       2485P   3108
124,-6.12323399573677E-017,4.27583144589696E-031,-1.,               2487P   3109
-8.76666666666667,-6.98296267768627E-015,-1.,0.,                    2487P   3110
-6.12173061410496E-014,-1.,6.98296267768627E-015,                   2487P   3111
6.12323399573677E-017,-8.76666666666667;                            2487P   3112
100,0.,-8.766666667,0.,1.233333333,0.,1.227206456,0.35;             2489P   3113
126,1,1,1,0,1,0,0.,0.,1.,1.,1.,1.,0.006573248,0.,0.,                2491P   3114
0.804260749,0.,0.,0.,1.,0.,0.,1.;                                   2491P   3115
110,-8.766666667,-0.35,-9.993873123,-8.766666667,-0.35,             2493P   3116
-1.969136867;                                                       2493P   3117
126,2,2,1,0,1,0,0.,0.,0.,1.,1.,1.,1.,1.,1.,0.804260749,0.,0.,       2495P   3118
0.801192843,0.016676678,0.,0.801192843,0.033614737,0.,0.,1.,0.,     2495P   3119
0.,1.;                                                              2495P   3120
124,6.02874290237576E-017,1.07156594925385E-017,1.,                 2497P   3121
-8.76666666666667,-0.174999999999986,0.984568433375763,0.,          2497P   3122
-1.53416666666654,-0.984568433375763,-0.174999999999986,            2497P   3123
6.12323399573677E-017,-8.63138326592752;                            2497P   3124
100,0.,-8.766666667,0.,-6.766666667,0.,-6.7975298,0.35;             2499P   3125
126,16,2,1,0,1,0,0.,0.,0.,0.125,0.125,0.25,0.25,0.375,0.375,        2501P   3126
0.5,0.5,0.625,0.625,0.75,0.75,0.875,0.875,1.,1.,1.,1.,1.,1.,1.,     2501P   3127
1.,1.,1.,1.,1.,1.,1.,1.,1.,1.,1.,1.,1.,0.801192843,0.033614737,     2501P   3128
0.,0.801192843,0.05253338,0.,0.805012867,0.071088507,0.,            2501P   3129
0.80883289,0.089643634,0.,0.816326137,0.107122181,0.,               2501P   3130
0.823819383,0.124600729,0.,0.83469789,0.140331006,0.,               2501P   3131
0.845576398,0.156061283,0.,0.859422111,0.169438784,0.,              2501P   3132
0.873267825,0.182816285,0.,0.889548661,0.19332692,0.,               2501P   3133
0.905829498,0.203837555,0.,0.923919795,0.211077407,0.,              2501P   3134
0.942010091,0.218317258,0.,0.961214648,0.222008102,0.,              2501P   3135
0.980419204,0.225698946,0.,1.,0.225698946,0.,0.,1.,0.,0.,1.;        2501P   3136
124,6.12323399573677E-017,0.,1.,-8.76666666666667,0.,1.,0.,0.,      2503P   3137
-1.,0.,6.12323399573677E-017,-8.76666666666667;                     2503P   3138
100,0.,-8.766666667,0.,-6.766666667,0.,-8.766666667,2.;             2505P   3139
102,6,2475,2479,2485,2491,2495,2501;                                2507P   3140
102,6,2477,2483,2489,2493,2499,2505;                                2509P   3141
142,1,2473,2507,2509,1;                                             2511P   3142
144,2473,1,0,2511;                                                  2513P   3143
128,1,1,1,1,0,0,1,0,0,0.,0.,1.,1.,0.,0.,1.,1.,1.,1.,1.,1.,-15.,     2515P   3144
-0.35,-9.993873123,-15.,-0.35,-1.969136867,-8.766666667,-0.35,      2515P   3145
-9.993873123,-8.766666667,-0.35,-1.969136867,0.,1.,0.,1.;           2515P   3146
126,8,2,1,0,1,0,0.,0.,0.,0.25,0.25,0.5,0.5,0.75,0.75,1.,1.,1.,      2517P   3147
1.,1.,1.,1.,1.,1.,1.,1.,1.,0.,0.048128342,0.,0.,0.038550044,0.,     2517P   3148
0.002850308,0.029701602,0.,0.005699526,0.020856542,0.,              2517P   3149
0.010962998,0.014087993,0.,0.016226133,0.007319878,0.,              2517P   3150
0.023101874,0.00365852,0.,0.029972287,0.,0.,0.037408035,0.,0.,      2517P   3151
0.,1.,0.,0.,-1.;                                                    2517P   3152
126,18,3,1,0,1,0,0.00168121159714913,0.00168121159714913,           2519P   3153
0.00168121159714913,0.00168121159714913,0.0016895300839715,         2519P   3154
0.0016895300839715,0.0016895300839715,0.00179111904036436,          2519P   3155
0.00179111904036436,0.00179111904036436,0.00189270583314231,        2519P   3156
0.00189270583314231,0.00189270583314231,0.00195589835320913,        2519P   3157
0.00195589835320913,0.00195589835320913,0.00205763925726597,        2519P   3158
0.00205763925726597,0.00205763925726597,0.00215409063525283,        2519P   3159
0.00215409063525283,0.00215409063525283,0.00215409063525283,1.,     2519P   3160
1.,1.,1.,1.,1.,1.,1.,1.,1.,1.,1.,1.,1.,1.,1.,1.,1.,1.,-14.7,        2519P   3161
-0.35,-9.993873123,-14.70278203,-0.35,-9.993873123,                 2519P   3162
-14.705564328,-0.35,-9.993834393,-14.70834528,-0.35,                2519P   3163
-9.993756957,-14.741901228,-0.35,-9.992822577,-14.775758694,        2519P   3164
-0.35,-9.986079438,-14.807112601,-0.35,-9.974087475,                2519P   3165
-14.838466095,-0.35,-9.962095671,-14.868180961,-0.35,               2519P   3166
-9.944524687,-14.893798549,-0.35,-9.922831736,-14.909873534,        2519P   3167
-0.35,-9.909219453,-14.924587454,-0.35,-9.893820786,                2519P   3168
-14.937455653,-0.35,-9.877144189,-14.95799342,-0.35,                2519P   3169
-9.850528184,-14.974215996,-0.35,-9.819996697,-14.98478152,         2519P   3170
-0.35,-9.788081476,-14.99479821,-0.35,-9.757824115,-15.,-0.35,      2519P   3171
-9.725555787,-15.,-0.35,-9.69368351,0.00168121159714913,            2519P   3172
0.00215409063525283,0.,0.,0.;                                       2519P   3173
126,1,1,1,0,1,0,0.,0.,1.,1.,1.,1.,0.037408035,0.,0.,                2521P   3174
0.949505487,0.,0.,0.,1.,0.,0.,1.;                                   2521P   3175
110,-15.,-0.35,-9.69368351,-15.,-0.35,-2.374342014;                 2523P   3176
126,2,2,1,0,1,0,0.,0.,0.,1.,1.,1.,1.,1.,1.,0.949505487,0.,0.,       2525P   3177
0.977047949,0.035078838,0.,1.,0.064171123,0.,0.,1.,0.,0.,1.;        2525P   3178
126,3,3,1,0,1,0,0.,0.,0.,0.,1.,1.,1.,1.,1.,1.,1.,1.,-15.,-0.35,     2527P   3179
-2.374342014,-14.866519601,-0.35,-2.239419178,-14.733156435,        2527P   3180
-0.35,-2.10438032,-14.6,-0.35,-1.969136867,0.,1.,0.,0.,0.;          2527P   3181
126,1,1,1,0,1,0,0.,0.,1.,1.,1.,1.,1.,0.064171123,0.,1.,1.,0.,       2529P   3182
0.,1.,0.,0.,1.;                                                     2529P   3183
110,-14.6,-0.35,-1.969136867,-8.766666667,-0.35,-1.969136867;       2531P   3184
126,1,1,1,0,1,0,0.,0.,1.,1.,1.,1.,1.,1.,0.,0.,1.,0.,0.,1.,0.,       2533P   3185
0.,1.;                                                              2533P   3186
110,-8.766666667,-0.35,-1.969136867,-8.766666667,-0.35,             2535P   3187
-9.993873123;                                                       2535P   3188
126,1,1,1,0,1,0,0.,0.,1.,1.,1.,1.,0.,1.,0.,0.,0.048128342,0.,       2537P   3189
0.,1.,0.,0.,1.;                                                     2537P   3190
110,-8.766666667,-0.35,-9.993873123,-14.7,-0.35,-9.993873123;       2539P   3191
102,6,2517,2521,2525,2529,2533,2537;                                2541P   3192
102,6,2519,2523,2527,2531,2535,2539;                                2543P   3193
142,1,2515,2541,2543,1;                                             2545P   3194
126,32,2,1,0,1,0,0.,0.,0.,0.0625,0.0625,0.125,0.125,0.1875,         2547P   3195
0.1875,0.25,0.25,0.3125,0.3125,0.375,0.375,0.4375,0.4375,0.5,       2547P   3196
0.5,0.5625,0.5625,0.625,0.625,0.6875,0.6875,0.75,0.75,0.8125,       2547P   3197
0.8125,0.875,0.875,0.9375,0.9375,1.,1.,1.,1.,1.,1.,1.,1.,1.,1.,     2547P   3198
1.,1.,1.,1.,1.,1.,1.,1.,1.,1.,1.,1.,1.,1.,1.,1.,1.,1.,1.,1.,1.,     2547P   3199
1.,1.,1.,1.,1.,0.223542938,0.481283422,0.,0.223542938,              2547P   3200
0.508144714,0.,0.22761348,0.534489874,0.,0.231684022,               2547P   3201
0.560835034,0.,0.239668676,0.585651631,0.,0.247653331,              2547P   3202
0.610468229,0.,0.259245253,0.632802577,0.,0.270837175,              2547P   3203
0.655136925,0.,0.285590893,0.674130726,0.,0.300344611,              2547P   3204
0.693124528,0.,0.317693148,0.708047862,0.,0.335041686,              2547P   3205
0.722971196,0.,0.354318347,0.733250568,0.,0.373595009,              2547P   3206
0.743529939,0.,0.394059004,0.748770317,0.,0.414522999,              2547P   3207
0.754010695,0.,0.435387907,0.754010695,0.,0.456252815,              2547P   3208
0.754010695,0.,0.47671681,0.748770317,0.,0.497180805,               2547P   3209
0.743529939,0.,0.516457467,0.733250568,0.,0.535734128,              2547P   3210
0.722971196,0.,0.553082666,0.708047862,0.,0.570431203,              2547P   3211
0.693124528,0.,0.585184921,0.674130726,0.,0.599938639,              2547P   3212
0.655136925,0.,0.611530561,0.632802577,0.,0.623122483,              2547P   3213
0.610468229,0.,0.631107138,0.585651631,0.,0.639091792,              2547P   3214
0.560835034,0.,0.643162334,0.534489874,0.,0.647232876,              2547P   3215
0.508144714,0.,0.647232876,0.481283422,0.,0.,1.,0.,0.,1.;           2547P   3216
124,1.40271576953299E-014,1.,0.,-11.6499999999998,                  2549P   3217
-6.12323399573677E-017,8.58915688636046E-031,-1.,-6.85,-1.,         2549P   3218
1.40271576953299E-014,6.12323399573677E-017,-18.5;                  2549P   3219
100,-6.5,-12.,-0.35,-10.3,-0.35,-13.7,-0.35;                        2551P   3220
126,32,2,1,0,1,0,0.,0.,0.,0.0625,0.0625,0.125,0.125,0.1875,         2553P   3221
0.1875,0.25,0.25,0.3125,0.3125,0.375,0.375,0.4375,0.4375,0.5,       2553P   3222
0.5,0.5625,0.5625,0.625,0.625,0.6875,0.6875,0.75,0.75,0.8125,       2553P   3223
0.8125,0.875,0.875,0.9375,0.9375,1.,1.,1.,1.,1.,1.,1.,1.,1.,1.,     2553P   3224
1.,1.,1.,1.,1.,1.,1.,1.,1.,1.,1.,1.,1.,1.,1.,1.,1.,1.,1.,1.,1.,     2553P   3225
1.,1.,1.,1.,1.,0.647232876,0.481283422,0.,0.647232876,              2553P   3226
0.454422131,0.,0.643162334,0.428076971,0.,0.639091792,              2553P   3227
0.401731811,0.,0.631107138,0.376915214,0.,0.623122483,              2553P   3228
0.352098616,0.,0.611530561,0.329764268,0.,0.599938639,              2553P   3229
0.30742992,0.,0.585184921,0.288436118,0.,0.570431203,               2553P   3230
0.269442317,0.,0.553082666,0.254518983,0.,0.535734128,              2553P   3231
0.239595649,0.,0.516457467,0.229316277,0.,0.497180805,              2553P   3232
0.219036906,0.,0.47671681,0.213796528,0.,0.456252815,               2553P   3233
0.20855615,0.,0.435387907,0.20855615,0.,0.414522999,0.20855615,     2553P   3234
0.,0.394059004,0.213796528,0.,0.373595009,0.219036906,0.,           2553P   3235
0.354318347,0.229316277,0.,0.335041686,0.239595649,0.,              2553P   3236
0.317693148,0.254518983,0.,0.300344611,0.269442317,0.,              2553P   3237
0.285590893,0.288436118,0.,0.270837175,0.30742992,0.,               2553P   3238
0.259245253,0.329764268,0.,0.247653331,0.352098616,0.,              2553P   3239
0.239668676,0.376915214,0.,0.231684022,0.401731811,0.,              2553P   3240
0.22761348,0.428076971,0.,0.223542938,0.454422131,0.,               2553P   3241
0.223542938,0.481283422,0.,0.,1.,0.,0.,1.;                          2553P   3242
124,6.12323399573677E-017,-1.,0.,-12.35,6.12323399573677E-017,      2555P   3243
3.74939945665464E-033,-1.,-6.85,1.,6.12323399573677E-017,           2555P   3244
6.12323399573677E-017,5.5;                                          2555P   3245
100,-6.5,-12.,-0.35,-10.3,-0.35,-13.7,-0.35;                        2557P   3246
102,2,2547,2553;                                                    2559P   3247
102,2,2551,2557;                                                    2561P   3248
142,1,2515,2559,2561,1;                                             2563P   3249
144,2515,1,1,2545,2563;                                             2565P   3250
128,1,1,1,1,0,0,1,0,0,0.,0.,1.,1.,0.,0.,1.,1.,1.,1.,1.,1.,          2567P   3251
8.766666667,0.,-2.,8.766666667,0.,-10.,9.233333333,0.,-2.,          2567P   3252
9.233333333,0.,-10.,0.,1.,0.,1.;                                    2567P   3253
126,1,1,1,0,1,0,0.,0.,1.,1.,1.,1.,0.,1.,0.,0.,0.,0.,0.,1.,0.,       2569P   3254
0.,1.;                                                              2569P   3255
110,9.233333333,0.,-2.,8.766666667,0.,-2.;                          2571P   3256
126,1,1,1,0,1,0,0.,0.,1.,1.,1.,1.,0.,0.,0.,1.,0.,0.,0.,1.,0.,       2573P   3257
0.,1.;                                                              2573P   3258
110,8.766666667,0.,-2.,8.766666667,0.,-10.;                         2575P   3259
126,1,1,1,0,1,0,0.,0.,1.,1.,1.,1.,1.,0.,0.,1.,1.,0.,0.,1.,0.,       2577P   3260
0.,1.;                                                              2577P   3261
110,8.766666667,0.,-10.,9.233333333,0.,-10.;                        2579P   3262
126,1,1,1,0,1,0,0.,0.,1.,1.,1.,1.,1.,1.,0.,0.,1.,0.,0.,1.,0.,       2581P   3263
0.,1.;                                                              2581P   3264
110,9.233333333,0.,-10.,9.233333333,0.,-2.;                         2583P   3265
102,4,2569,2573,2577,2581;                                          2585P   3266
102,4,2571,2575,2579,2583;                                          2587P   3267
142,1,2567,2585,2587,1;                                             2589P   3268
144,2567,1,0,2589;                                                  2591P   3269
128,1,1,1,1,0,0,1,0,0,0.,0.,1.,1.,0.,0.,1.,1.,1.,1.,1.,1.,          2593P   3270
9.233333333,0.,-0.35,9.233333333,0.,-10.0579,9.233333333,           2593P   3271
10.053836362,-0.35,9.233333333,10.053836362,-10.0579,0.,1.,0.,      2593P   3272
1.;                                                                 2593P   3273
126,1,1,1,0,1,0,0.,0.,1.,1.,1.,1.,0.,0.994035785,0.,0.,             2595P   3274
0.195859252,0.,0.,1.,0.,0.,1.;                                      2595P   3275
110,9.233333333,9.993873123,-0.35,9.233333333,1.969136867,          2597P   3276
-0.35;                                                              2597P   3277
126,16,2,1,0,1,0,0.,0.,0.,0.125,0.125,0.25,0.25,0.375,0.375,        2599P   3278
0.5,0.5,0.625,0.625,0.75,0.75,0.875,0.875,1.,1.,1.,1.,1.,1.,1.,     2599P   3279
1.,1.,1.,1.,1.,1.,1.,1.,1.,1.,1.,1.,1.,0.,0.195859252,0.,           2599P   3280
0.017728541,0.192816555,0.,0.03464162,0.186850285,0.,               2599P   3281
0.051554699,0.180884015,0.,0.067139427,0.172175098,0.,              2599P   3282
0.082724156,0.16346618,0.,0.096507929,0.152278713,0.,               2599P   3283
0.110291701,0.141091246,0.,0.121856526,0.127764488,0.,              2599P   3284
0.133421351,0.11443773,0.,0.142416526,0.099375815,0.,               2599P   3285
0.151411701,0.084313899,0.,0.157564448,0.067973577,0.,              2599P   3286
0.163717194,0.051633255,0.,0.166840931,0.034510046,0.,              2599P   3287
0.169964668,0.017386837,0.,0.169964668,0.,0.,0.,1.,0.,0.,1.;        2599P   3288
124,-1.07156594925393E-017,-6.02874290237575E-017,-1.,              2601P   3289
9.23333333333333,0.984568433375761,-0.175,0.,-9.09084853483619,     2601P   3290
-0.175,-0.984568433375761,6.12323399573677E-017,                    2601P   3291
1.61583333333333;                                                   2601P   3292
100,0.,9.233333333,0.,11.233333333,0.,9.583333333,1.969136867;      2603P   3293
126,1,1,1,0,1,0,0.,0.,1.,1.,1.,1.,0.169964668,0.,0.,                2605P   3294
0.994035785,0.,0.,0.,1.,0.,0.,1.;                                   2605P   3295
110,9.233333333,0.,-2.,9.233333333,0.,-10.;                         2607P   3296
126,16,2,1,0,1,0,0.,0.,0.,0.125,0.125,0.25,0.25,0.375,0.375,        2609P   3297
0.5,0.5,0.625,0.625,0.75,0.75,0.875,0.875,1.,1.,1.,1.,1.,1.,1.,     2609P   3298
1.,1.,1.,1.,1.,1.,1.,1.,1.,1.,1.,1.,1.,0.994035785,0.,0.,           2609P   3299
0.994035785,0.095767129,0.,0.975112622,0.189774976,0.,              2609P   3300
0.956189458,0.283782823,0.,0.919038384,0.372577461,0.,              2609P   3301
0.881887309,0.461372099,0.,0.827873285,0.541691139,0.,              2609P   3302
0.773859262,0.622010178,0.,0.704966809,0.690902631,0.,              2609P   3303
0.636074356,0.759795084,0.,0.554834641,0.814729783,0.,              2609P   3304
0.473594926,0.869664482,0.,0.382992763,0.908623081,0.,              2609P   3305
0.292390601,0.947581681,0.,0.19575479,0.969132808,0.,               2609P   3306
0.099118979,0.990683936,0.,0.,0.994035785,0.,0.,1.,0.,0.,-1.;       2609P   3307
124,6.12323399573677E-017,0.,1.,9.23333333333333,0.,1.,0.,0.,       2611P   3308
-1.,0.,6.12323399573677E-017,9.23333333333333;                      2611P   3309
100,0.,9.233333333,0.,19.233333333,0.,9.583333333,9.993873123;      2613P   3310
102,4,2595,2599,2605,2609;                                          2615P   3311
102,4,2597,2603,2607,2613;                                          2617P   3312
142,1,2593,2615,2617,1;                                             2619P   3313
144,2593,1,0,2619;                                                  2621P   3314
128,1,1,1,1,0,0,1,0,0,0.,0.,1.,1.,0.,0.,1.,1.,1.,1.,1.,1.,          2623P   3315
-8.766666667,2.,0.,-9.233333333,2.,0.,-8.766666667,10.,0.,          2623P   3316
-9.233333333,10.,0.,0.,1.,0.,1.;                                    2623P   3317
126,1,1,1,0,1,0,0.,0.,1.,1.,1.,1.,0.,0.,0.,1.,0.,0.,0.,1.,0.,       2625P   3318
0.,1.;                                                              2625P   3319
110,-8.766666667,2.,0.,-9.233333333,2.,0.;                          2627P   3320
126,1,1,1,0,1,0,0.,0.,1.,1.,1.,1.,1.,0.,0.,1.,1.,0.,0.,1.,0.,       2629P   3321
0.,1.;                                                              2629P   3322
110,-9.233333333,2.,0.,-9.233333333,10.,0.;                         2631P   3323
126,1,1,1,0,1,0,0.,0.,1.,1.,1.,1.,1.,1.,0.,0.,1.,0.,0.,1.,0.,       2633P   3324
0.,1.;                                                              2633P   3325
110,-9.233333333,10.,0.,-8.766666667,10.,0.;                        2635P   3326
126,1,1,1,0,1,0,0.,0.,1.,1.,1.,1.,0.,1.,0.,0.,0.,0.,0.,1.,0.,       2637P   3327
0.,1.;                                                              2637P   3328
110,-8.766666667,10.,0.,-8.766666667,2.,0.;                         2639P   3329
102,4,2625,2629,2633,2637;                                          2641P   3330
102,4,2627,2631,2635,2639;                                          2643P   3331
142,1,2623,2641,2643,1;                                             2645P   3332
144,2623,1,0,2645;                                                  2647P   3333
128,1,1,1,1,0,0,1,0,0,0.,0.,1.,1.,0.,0.,1.,1.,1.,1.,1.,1.,          2649P   3334
-9.233333333,0.35,0.,-9.233333333,0.35,-10.053836362,               2649P   3335
-9.233333333,10.0579,0.,-9.233333333,10.0579,-10.053836362,0.,      2649P   3336
1.,0.,1.;                                                           2649P   3337
126,16,2,1,0,1,0,0.,0.,0.,0.125,0.125,0.25,0.25,0.375,0.375,        2651P   3338
0.5,0.5,0.625,0.625,0.75,0.75,0.875,0.875,1.,1.,1.,1.,1.,1.,1.,     2651P   3339
1.,1.,1.,1.,1.,1.,1.,1.,1.,1.,1.,1.,1.,0.,0.169964668,0.,           2651P   3340
0.017386837,0.169964668,0.,0.034510046,0.166840931,0.,              2651P   3341
0.051633255,0.163717194,0.,0.067973577,0.157564448,0.,              2651P   3342
0.084313899,0.151411701,0.,0.099375815,0.142416526,0.,              2651P   3343
0.11443773,0.133421351,0.,0.127764488,0.121856526,0.,               2651P   3344
0.141091246,0.110291701,0.,0.152278713,0.096507929,0.,              2651P   3345
0.16346618,0.082724156,0.,0.172175098,0.067139427,0.,               2651P   3346
0.180884015,0.051554699,0.,0.186850285,0.03464162,0.,               2651P   3347
0.192816555,0.017728541,0.,0.195859252,0.,0.,0.,1.,0.,0.,1.;        2651P   3348
124,3.74939945665464E-033,-6.12323399573677E-017,-1.,               2653P   3349
-9.23333333333333,1.,6.12323399573677E-017,0.,9.23333333333333,     2653P   3350
6.12323399573677E-017,-1.,6.12323399573677E-017,                    2653P   3351
5.65378605606361E-016;                                              2653P   3352
100,0.,-9.233333333,0.,-7.233333333,0.,-8.883333333,                2655P   3353
1.969136867;                                                        2655P   3354
126,1,1,1,0,1,0,0.,0.,1.,1.,1.,1.,0.195859252,0.,0.,                2657P   3355
0.994035785,0.,0.,0.,1.,0.,0.,1.;                                   2657P   3356
110,-9.233333333,0.35,-1.969136867,-9.233333333,0.35,               2659P   3357
-9.993873123;                                                       2659P   3358
126,16,2,1,0,1,0,0.,0.,0.,0.125,0.125,0.25,0.25,0.375,0.375,        2661P   3359
0.5,0.5,0.625,0.625,0.75,0.75,0.875,0.875,1.,1.,1.,1.,1.,1.,1.,     2661P   3360
1.,1.,1.,1.,1.,1.,1.,1.,1.,1.,1.,1.,1.,0.994035785,0.,0.,           2661P   3361
0.990683936,0.099118979,0.,0.969132808,0.19575479,0.,               2661P   3362
0.947581681,0.292390601,0.,0.908623081,0.382992763,0.,              2661P   3363
0.869664482,0.473594926,0.,0.814729783,0.554834641,0.,              2661P   3364
0.759795084,0.636074356,0.,0.690902631,0.704966809,0.,              2661P   3365
0.622010178,0.773859262,0.,0.541691139,0.827873285,0.,              2661P   3366
0.461372099,0.881887309,0.,0.372577461,0.919038384,0.,              2661P   3367
0.283782823,0.956189458,0.,0.189774976,0.975112622,0.,              2661P   3368
0.095767129,0.994035785,0.,0.,0.994035785,0.,0.,1.,0.,0.,-1.;       2661P   3369
124,6.11948236562558E-017,-2.14313189850785E-018,1.,                2663P   3370
-9.23333333333333,0.0349999999999997,0.999387312306895,0.,          2663P   3371
0.323166666666664,-0.999387312306895,0.0349999999999997,            2663P   3372
6.12323399573677E-017,-9.22767618363367;                            2663P   3373
100,0.,-9.233333333,0.,0.766666667,0.,-8.883333333,9.993873123;     2665P   3374
126,1,1,1,0,1,0,0.,0.,1.,1.,1.,1.,0.,0.994035785,0.,0.,             2667P   3375
0.169964668,0.,0.,1.,0.,0.,1.;                                      2667P   3376
110,-9.233333333,10.,0.,-9.233333333,2.,0.;                         2669P   3377
102,4,2651,2657,2661,2667;                                          2671P   3378
102,4,2655,2659,2665,2669;                                          2673P   3379
142,1,2649,2671,2673,1;                                             2675P   3380
144,2649,1,0,2675;                                                  2677P   3381
110,12.,6.5,20.,12.,6.5,-980.;                                      2679P   3382
110,10.3,6.5,7.642838129,10.3,6.5,0.35;                             2681P   3383
120,2679,2681,0.,6.28318530717959;                                  2683P   3384
126,1,1,1,0,1,0,0.,0.,1.,1.,1.,1.,1.,3.141592654,0.,1.,0.,0.,       2685P   3385
0.,1.,0.,0.,1.;                                                     2685P   3386
100,0.35,12.,6.5,13.7,6.5,10.3,6.5;                                 2687P   3387
126,1,1,1,0,1,0,0.,0.,1.,1.,1.,1.,1.,0.,0.,0.005964215,0.,0.,       2689P   3388
0.,1.,0.,0.,1.;                                                     2689P   3389
110,10.3,6.5,0.35,10.3,6.5,7.599342077;                             2691P   3390
126,36,2,1,0,1,0,0.,0.,0.,0.0625,0.0625,0.125,0.125,0.15625,        2693P   3391
0.15625,0.1875,0.1875,0.25,0.25,0.3125,0.3125,0.375,0.375,          2693P   3392
0.4375,0.4375,0.5,0.5,0.5625,0.5625,0.625,0.625,0.6875,0.6875,      2693P   3393
0.75,0.75,0.8125,0.8125,0.84375,0.84375,0.875,0.875,0.9375,         2693P   3394
0.9375,1.,1.,1.,1.,1.,1.,1.,1.,1.,1.,1.,1.,1.,1.,1.,1.,1.,1.,       2693P   3395
1.,1.,1.,1.,1.,1.,1.,1.,1.,1.,1.,1.,1.,1.,1.,1.,1.,1.,1.,1.,1.,     2693P   3396
1.,0.005964215,0.,0.,0.022989854,0.085391317,0.,0.044017489,        2693P   3397
0.184027682,0.,0.059532798,0.256806846,0.,0.082831946,              2693P   3398
0.3627445,0.,0.092539092,0.406881407,0.,0.102276774,                2693P   3399
0.451018313,0.,0.11221517,0.496064967,0.,0.121720655,               2693P   3400
0.539610563,0.,0.14455561,0.644219812,0.,0.160295475,               2693P   3401
0.720544084,0.,0.181297844,0.822386793,0.,0.196759522,              2693P   3402
0.907713099,0.,0.21613855,1.014657562,0.,0.22936044,                2693P   3403
1.109488686,0.,0.245430431,1.224747186,0.,0.253730062,              2693P   3404
1.331484279,0.,0.263251051,1.453928595,0.,0.263161853,              2693P   3405
1.573038727,0.,0.26307289,1.691835255,0.,0.253419569,               2693P   3406
1.814070475,0.,0.244999751,1.920686459,0.,0.228827645,              2693P   3407
2.035912674,0.,0.215549316,2.130520738,0.,0.196139509,              2693P   3408
2.237295701,0.,0.180761156,2.321893304,0.,0.159927705,              2693P   3409
2.422831168,0.,0.144287084,2.498609827,0.,0.121633391,              2693P   3410
2.602381846,0.,0.113917379,2.637727344,0.,0.102058241,              2693P   3411
2.691566478,0.,0.092306004,2.735840515,0.,0.082553436,              2693P   3412
2.780114551,0.,0.060498369,2.880238624,0.,0.043837171,              2693P   3413
2.958410905,0.,0.022920001,3.05655168,0.,0.005964215,               2693P   3414
3.141592654,0.,0.,1.,0.,0.,-1.;                                     2693P   3415
126,13,3,1,0,1,0,0.,0.,0.,0.,0.25,0.25,0.375,0.375,0.5,0.5,         2695P   3416
0.625,0.625,0.75,0.75,1.,1.,1.,1.,1.,1.,1.,1.,1.,1.,1.,1.,1.,       2695P   3417
1.,1.,1.,1.,1.,10.3,6.5,7.599342077,10.3,6.924459322,               2695P   3418
7.236286228,10.44853387,7.3095799,6.841228792,10.859543579,         2695P   3419
7.77768378,6.290129366,11.030119387,7.91633508,6.112539789,         2695P   3420
11.456474511,8.128267025,5.827759341,11.727373406,8.200615613,      2695P   3421
5.722753248,12.28025075,8.199375839,5.724529416,12.549481837,       2695P   3422
8.126306176,5.830537432,12.975509254,7.912509739,6.117532873,       2695P   3423
13.144312844,7.773842081,6.294780916,13.549745542,7.310426363,      2695P   3424
6.839971955,13.7,6.920055779,7.240052742,13.7,6.5,7.599342077,      2695P   3425
0.,1.,0.318398088,0.616172113,0.720385025;                          2695P   3426
126,1,1,1,0,1,0,0.,0.,1.,1.,1.,1.,0.005964215,3.141592654,0.,       2697P   3427
1.,3.141592654,0.,0.,1.,0.,0.,1.;                                   2697P   3428
110,13.7,6.5,7.599342077,13.7,6.5,0.35;                             2699P   3429
102,4,2685,2689,2693,2697;                                          2701P   3430
102,4,2687,2691,2695,2699;                                          2703P   3431
142,1,2683,2701,2703,1;                                             2705P   3432
144,2683,1,0,2705;                                                  2707P   3433
314,79.2156862745098,81.9607843137255,93.3333333333333,;            2709P   3434
110,12.,6.5,0.,12.,6.5,1000.;                                       2711P   3435
110,13.25,6.5,-7.642838129,13.25,6.5,-0.35;                         2713P   3436
120,2711,2713,0.,6.28318530717959;                                  2715P   3437
126,1,1,1,0,1,0,0.,0.,1.,1.,1.,1.,1.,3.141592654,0.,1.,0.,0.,       2717P   3438
0.,1.,0.,0.,1.;                                                     2717P   3439
124,-1.,-6.98296267768627E-015,0.,24.,-6.98296267768627E-015,       2719P   3440
1.,-6.98296267768627E-015,8.11710270191807E-014,                    2719P   3441
4.87617677579594E-029,-6.98296267768627E-015,-1.,                   2719P   3442
-0.699999999999955;                                                 2719P   3443
100,-0.35,12.,6.5,13.25,6.5,10.75,6.5;                              2721P   3444
126,1,1,1,0,1,0,0.,0.,1.,1.,1.,1.,1.,0.,0.,0.005964215,0.,0.,       2723P   3445
0.,1.,0.,0.,1.;                                                     2723P   3446
110,13.25,6.5,-0.35,13.25,6.5,-7.599342077;                         2725P   3447
126,32,2,1,0,1,0,0.,0.,0.,0.0625,0.0625,0.125,0.125,0.1875,         2727P   3448
0.1875,0.25,0.25,0.3125,0.3125,0.375,0.375,0.4375,0.4375,0.5,       2727P   3449
0.5,0.5625,0.5625,0.625,0.625,0.6875,0.6875,0.75,0.75,0.8125,       2727P   3450
0.8125,0.875,0.875,0.9375,0.9375,1.,1.,1.,1.,1.,1.,1.,1.,1.,1.,     2727P   3451
1.,1.,1.,1.,1.,1.,1.,1.,1.,1.,1.,1.,1.,1.,1.,1.,1.,1.,1.,1.,1.,     2727P   3452
1.,1.,1.,1.,1.,0.005964215,0.,0.,0.017659838,0.079776059,0.,        2727P   3453
0.033132219,0.180772536,0.,0.038266184,0.214284662,0.,              2727P   3454
0.060503357,0.358069395,0.,0.077474882,0.467806653,0.,              2727P   3455
0.087641189,0.535477241,0.,0.102839917,0.636645431,0.,              2727P   3456
0.114186926,0.718424456,0.,0.128272285,0.819939039,0.,              2727P   3457
0.138824806,0.908632576,0.,0.15157161,1.015768973,0.,               2727P   3458
0.160266898,1.113337379,0.,0.170467424,1.227795824,0.,              2727P   3459
0.175693737,1.33574356,0.,0.181495106,1.455568904,0.,               2727P   3460
0.181441317,1.572975909,0.,0.18138765,1.690118533,0.,               2727P   3461
0.175503054,1.809756439,0.,0.17020216,1.917527294,0.,               2727P   3462
0.159943909,2.031867372,0.,0.15120227,2.129303054,0.,               2727P   3463
0.13841919,2.236363204,0.,0.127884786,2.324590364,0.,               2727P   3464
0.113850295,2.425592584,0.,0.102610686,2.506480835,0.,              2727P   3465
0.087600308,2.606387524,0.,0.077409914,2.674213163,0.,              2727P   3466
0.06029609,2.784863394,0.,0.038348262,2.926768097,0.,               2727P   3467
0.033011106,2.961610737,0.,0.017618681,3.062097332,0.,              2727P   3468
0.005964215,3.141592654,0.,0.,1.,0.,0.,-1.;                         2727P   3469
126,13,3,1,0,1,0,0.,0.,0.,0.,0.25,0.25,0.375,0.375,0.5,0.5,         2729P   3470
0.625,0.625,0.749999999999999,0.749999999999999,1.,1.,1.,1.,1.,     2729P   3471
1.,1.,1.,1.,1.,1.,1.,1.,1.,1.,1.,1.,1.,13.25,6.5,-7.599342077,      2729P   3472
13.25,6.804941444,-7.338514315,13.144605505,7.089929134,            2729P   3473
-7.060437907,12.839279157,7.439159216,-6.684918085,                 2729P   3474
12.710558676,7.543458527,-6.565878025,12.393615723,7.69948572,      2729P   3475
-6.382197148,12.195954705,7.750430069,-6.319084919,                 2729P   3476
11.798596343,7.749563993,-6.320147023,11.602284987,7.698170774,     2729P   3477
-6.383802432,11.285446101,7.540770465,-6.568983753,                 2729P   3478
11.157334117,7.435843227,-6.688566262,10.856192264,7.089709425,     2729P   3479
-7.060506554,10.75,6.802799957,-7.340346009,10.75,6.5,              2729P   3480
-7.599342077,0.,1.,-0.240187037,0.630972309,-0.737688371;           2729P   3481
126,1,1,1,0,1,0,0.,0.,1.,1.,1.,1.,0.005964215,3.141592654,0.,       2731P   3482
1.,3.141592654,0.,0.,1.,0.,0.,1.;                                   2731P   3483
110,10.75,6.5,-7.599342077,10.75,6.5,-0.35;                         2733P   3484
102,4,2717,2723,2727,2731;                                          2735P   3485
102,4,2721,2725,2729,2733;                                          2737P   3486
142,1,2715,2735,2737,1;                                             2739P   3487
144,2715,1,0,2739;                                                  2741P   3488
110,-12.,-20.,-6.5,-12.,980.,-6.5;                                  2743P   3489
110,-12.,-8.823220989,-4.8,-12.,-0.35,-4.8;                         2745P   3490
120,2743,2745,0.,6.28318530717959;                                  2747P   3491
126,1,1,1,0,1,0,0.,0.,1.,1.,1.,1.,1.,3.141592654,0.,1.,0.,0.,       2749P   3492
0.,1.,0.,0.,1.;                                                     2749P   3493
124,1.40271576953299E-014,1.,0.,-11.6499999999998,                  2751P   3494
-6.12323399573677E-017,8.58915688636046E-031,-1.,-6.85,-1.,         2751P   3495
1.40271576953299E-014,6.12323399573677E-017,-18.5;                  2751P   3496
100,-6.5,-12.,-0.35,-10.3,-0.35,-13.7,-0.35;                        2753P   3497
126,1,1,1,0,1,0,0.,0.,1.,1.,1.,1.,1.,0.,0.,0.005964215,0.,0.,       2755P   3498
0.,1.,0.,0.,1.;                                                     2755P   3499
110,-12.,-0.35,-4.8,-12.,-8.77268488,-4.8;                          2757P   3500
126,22,2,1,0,1,0,0.,0.,0.,0.25,0.25,0.375,0.375,0.5,0.5,0.5625,     2759P   3501
0.5625,0.625,0.625,0.6875,0.6875,0.75,0.75,0.8125,0.8125,0.875,     2759P   3502
0.875,0.9375,0.9375,1.,1.,1.,1.,1.,1.,1.,1.,1.,1.,1.,1.,1.,1.,      2759P   3503
1.,1.,1.,1.,1.,1.,1.,1.,1.,1.,1.,1.,0.005964215,0.,0.,              2759P   3504
0.005964215,0.452478284,0.,0.050640779,0.893734275,0.,              2759P   3505
0.070287158,1.087775216,0.,0.099562983,1.288902228,0.,              2759P   3506
0.123816634,1.455526548,0.,0.157722434,1.646935262,0.,              2759P   3507
0.171534816,1.724910429,0.,0.188991665,1.818617307,0.,              2759P   3508
0.199894201,1.877141195,0.,0.22078814,1.987288546,0.,               2759P   3509
0.242559273,2.102060232,0.,0.252638084,2.156200378,0.,              2759P   3510
0.270676233,2.25309553,0.,0.283781859,2.328356048,0.,               2759P   3511
0.300592257,2.424891633,0.,0.31311625,2.507502827,0.,               2759P   3512
0.328539839,2.609240438,0.,0.339099425,2.70050466,0.,               2759P   3513
0.351791527,2.810199766,0.,0.358359853,2.912480182,0.,              2759P   3514
0.365809624,3.028486256,0.,0.365809624,3.141592654,0.,0.,1.,0.,     2759P   3515
0.,-1.;                                                             2759P   3516
126,11,3,1,0,1,0,0.,0.,0.,0.,0.25,0.25,0.5,0.5,0.75,0.75,0.875,     2761P   3517
0.875,1.,1.,1.,1.,1.,1.,1.,1.,1.,1.,1.,1.,1.,1.,1.,1.,-12.,         2761P   3518
-8.77268488,-4.8,-11.466487876,-8.77268488,-4.8,-10.9699149,        2761P   3519
-8.631690174,-5.068034991,-10.380068247,-8.156570785,               2761P   3520
-5.801845135,-10.275177958,-7.832083859,-6.239369755,               2761P   3521
-10.334672416,-7.141524051,-7.019252578,-10.493454856,              2761P   3522
-6.761568272,-7.381134854,-10.900659293,-6.24722774,                2761P   3523
-7.811666587,-11.068590768,-6.081099624,-7.940204735,               2761P   3524
-11.47986907,-5.818813629,-8.134373474,-11.73715013,                2761P   3525
-5.723635209,-8.2,-12.,-5.723635209,-8.2,0.,1.,0.,-0.885022093,     2761P   3526
-0.465549026;                                                       2761P   3527
126,1,1,1,0,1,0,0.,0.,1.,1.,1.,1.,0.365809624,3.141592654,0.,       2763P   3528
1.,3.141592654,0.,0.,1.,0.,0.,1.;                                   2763P   3529
110,-12.,-5.723635209,-8.2,-12.,-0.35,-8.2;                         2765P   3530
102,4,2749,2755,2759,2763;                                          2767P   3531
102,4,2753,2757,2761,2765;                                          2769P   3532
142,1,2747,2767,2769,1;                                             2771P   3533
144,2747,1,0,2771;                                                  2773P   3534
314,79.2156862745098,81.9607843137255,93.3333333333333,;            2775P   3535
110,-12.,0.,-6.5,-12.,-1000.,-6.5;                                  2777P   3536
110,-12.,8.559988399,-7.75,-12.,0.35,-7.75;                         2779P   3537
120,2777,2779,0.,6.28318530717959;                                  2781P   3538
126,1,1,1,0,1,0,0.,0.,1.,1.,1.,1.,1.,3.141592654,0.,1.,0.,0.,       2783P   3539
0.,1.,0.,0.,1.;                                                     2783P   3540
124,1.40271576953299E-014,1.,0.,-12.3499999999998,                  2785P   3541
-6.12323399573677E-017,8.58915688636046E-031,1.,6.85,1.,            2785P   3542
-1.40271576953299E-014,6.12323399573677E-017,5.50000000000001;      2785P   3543
100,-6.5,-12.,0.35,-10.75,0.35,-13.25,0.35;                         2787P   3544
126,1,1,1,0,1,0,0.,0.,1.,1.,1.,1.,1.,0.,0.,0.272884194,0.,0.,       2789P   3545
0.,1.,0.,0.,1.;                                                     2789P   3546
110,-12.,0.35,-7.75,-12.,6.31961233,-7.75;                          2791P   3547
126,24,2,1,0,1,0,0.,0.,0.,0.0625,0.0625,0.125,0.125,0.1875,         2793P   3548
0.1875,0.25,0.25,0.3125,0.3125,0.375,0.375,0.4375,0.4375,0.5,       2793P   3549
0.5,0.625,0.625,0.75,0.75,0.875,0.875,1.,1.,1.,1.,1.,1.,1.,1.,      2793P   3550
1.,1.,1.,1.,1.,1.,1.,1.,1.,1.,1.,1.,1.,1.,1.,1.,1.,1.,1.,1.,        2793P   3551
0.272884194,0.,0.,0.272884194,0.113329153,0.,0.268040759,           2793P   3552
0.228870548,0.,0.263666642,0.333216234,0.,0.255170552,              2793P   3553
0.443433183,0.,0.247868129,0.538165091,0.,0.237186899,              2793P   3554
0.641509824,0.,0.228251464,0.727963357,0.,0.216387514,              2793P   3555
0.825827762,0.,0.20666932,0.905992064,0.,0.193890854,               2793P   3556
1.002722085,0.,0.184636006,1.072779144,0.,0.170781769,              2793P   3557
1.173910944,0.,0.159110146,1.25911031,0.,0.147382629,               2793P   3558
1.344309674,0.,0.13578567,1.42856054,0.,0.124142903,                2793P   3559
1.516487526,0.,0.098128206,1.712952328,0.,0.080022965,              2793P   3560
1.873644616,0.,0.057427818,2.074186868,0.,0.042205184,              2793P   3561
2.260858946,0.,0.024651025,2.476122041,0.,0.015656974,              2793P   3562
2.687144623,0.,0.005964215,2.914560654,0.,0.005964215,              2793P   3563
3.141592654,0.,0.,1.,0.,0.,1.;                                      2793P   3564
126,9,3,1,0,1,0,0.,0.,0.,0.,0.25,0.25,0.5,0.5,0.75,0.75,1.,1.,      2795P   3565
1.,1.,1.,1.,1.,1.,1.,1.,1.,1.,1.,1.,-12.,6.31961233,-7.75,          2795P   3566
-11.611069953,6.31961233,-7.75,-11.284058035,6.545098053,           2795P   3567
-7.567491481,-10.878168931,7.021800783,-7.127380276,                2795P   3568
-10.767489251,7.290095552,-6.855668137,-10.73619665,                2795P   3569
7.791457653,-6.280037133,-10.820735452,8.032373985,                 2795P   3570
-5.965046037,-11.251249163,8.394594671,-5.443490274,                2795P   3571
-11.615892505,8.511022265,-5.25,-12.,8.511022265,-5.25,0.,1.,       2795P   3572
0.,0.62914087,-0.777291301;                                         2795P   3573
126,1,1,1,0,1,0,0.,0.,1.,1.,1.,1.,0.005964215,3.141592654,0.,       2797P   3574
1.,3.141592654,0.,0.,1.,0.,0.,1.;                                   2797P   3575
110,-12.,8.511022265,-5.25,-12.,0.35,-5.25;                         2799P   3576
102,4,2783,2789,2793,2797;                                          2801P   3577
102,4,2787,2791,2795,2799;                                          2803P   3578
142,1,2781,2801,2803,1;                                             2805P   3579
144,2781,1,0,2805;                                                  2807P   3580
128,1,1,1,1,0,0,1,0,0,0.,0.,1.,1.,0.,0.,1.,1.,1.,1.,1.,1.,          2809P   3581
-4.766666667,-10.071112191,-10.071112191,-4.766666667,              2809P   3582
-10.071112191,10.071112191,-4.766666667,10.071112191,               2809P   3583
-10.071112191,-4.766666667,10.071112191,10.071112191,0.,1.,0.,      2809P   3584
1.;                                                                 2809P   3585
126,1,1,1,0,1,0,0.,0.,1.,1.,1.,1.,0.185103877,0.883825993,0.,       2811P   3586
0.195688303,0.873241568,0.,0.,1.,0.,0.,1.;                          2811P   3587
110,-4.766666667,7.731109278,-6.34270836,-4.766666667,              2813P   3588
7.517915409,-6.129514491;                                           2813P   3589
126,2,2,1,0,1,0,0.,0.,0.,1.,1.,1.,1.,1.,1.,0.195688303,             2815P   3590
0.873241568,0.,0.157717129,0.842282871,0.,0.126758432,              2815P   3591
0.804311697,0.,0.,1.,0.,0.,-1.;                                     2815P   3592
124,-3.86932489791757E-017,-4.74576857852357E-017,-1.,              2817P   3593
-4.76666666666667,0.775042825707421,-0.631908710431701,0.,          2817P   3594
3.69437080253871,-0.631908710431701,-0.775042825707421,             2817P   3595
6.12323399573677E-017,-3.01209818639111;                            2817P   3596
100,0.,-4.766666667,0.,4.933333333,0.,4.734605796,1.953412805;      2819P   3597
126,1,1,1,0,1,0,0.,0.,1.,1.,1.,1.,0.126758432,0.804311697,0.,       2821P   3598
0.382329351,0.548740779,0.,0.,1.,0.,0.,1.;                          2821P   3599
110,-4.766666667,6.129514491,-7.517915409,-4.766666667,             2823P   3600
0.981747704,-2.370148622;                                           2823P   3601
126,1,1,1,0,1,0,0.,0.,1.,1.,1.,1.,0.382329351,0.548740779,0.,       2825P   3602
0.020897491,0.548740779,0.,0.,1.,0.,0.,1.;                          2825P   3603
110,-4.766666667,0.981747704,-2.370148622,-4.766666667,             2827P   3604
0.981747704,-9.650190228;                                           2827P   3605
126,2,2,1,0,1,0,0.,0.,0.,1.,1.,1.,1.,1.,1.,0.020897491,             2829P   3606
0.548740779,0.,0.018424588,0.524433122,0.,0.018424588,0.5,0.,       2829P   3607
0.,1.,0.,0.,-1.;                                                    2829P   3608
124,-6.09179101774752E-017,-6.19739269884601E-018,-1.,              2831P   3609
-4.76666666666667,0.1012111035306,-0.994864972004803,0.,            2831P   3610
0.482439593495858,-0.994864972004803,-0.1012111035306,              2831P   3611
6.12323399573677E-017,-4.74218969988956;                            2831P   3612
100,0.,-4.766666667,0.,4.933333333,0.,4.883523562,0.981747704;      2833P   3613
126,2,2,1,0,1,0,0.,0.,0.,1.,1.,1.,1.,1.,1.,0.018424588,0.5,0.,      2835P   3614
0.018424588,0.475566878,0.,0.020897491,0.451259221,0.,0.,1.,0.,     2835P   3615
0.,-1.;                                                             2835P   3616
124,-6.12323399573677E-017,4.27583144589696E-031,-1.,               2837P   3617
-4.76666666666667,-6.98296267768627E-015,-1.,0.,                    2837P   3618
-3.32854554303045E-014,-1.,6.98296267768627E-015,                   2837P   3619
6.12323399573677E-017,-4.76666666666667;                            2837P   3620
100,0.,-4.766666667,0.,4.933333333,0.,4.883523562,0.981747704;      2839P   3621
126,1,1,1,0,1,0,0.,0.,1.,1.,1.,1.,0.020897491,0.451259221,0.,       2841P   3622
0.005928854,0.451259221,0.,0.,1.,0.,0.,1.;                          2841P   3623
110,-4.766666667,-0.981747704,-9.650190228,-4.766666667,            2843P   3624
-0.981747704,-9.951691889;                                          2843P   3625
126,8,2,1,0,1,0,0.,0.,0.,0.25,0.25,0.5,0.5,0.75,0.75,1.,1.,1.,      2845P   3626
1.,1.,1.,1.,1.,1.,1.,1.,1.,0.005928854,0.451259221,0.,              2845P   3627
0.009522249,0.414834015,0.,0.018418627,0.379329612,0.,              2845P   3628
0.027315005,0.34382521,0.,0.041321994,0.310009349,0.,               2845P   3629
0.055328982,0.276193488,0.,0.074143696,0.244797395,0.,              2845P   3630
0.092958411,0.213401302,0.,0.116174007,0.185103877,0.,0.,1.,0.,     2845P   3631
0.,-1.;                                                             2845P   3632
124,-6.09365380872438E-017,6.01147091788137E-018,-1.,               2847P   3633
-4.76666666666667,-0.0981747704246937,-0.995169188857884,0.,        2847P   3634
-0.46796640569104,-0.995169188857884,0.0981747704246937,            2847P   3635
6.12323399573677E-017,-4.74363980022258;                            2847P   3636
100,0.,-4.766666667,0.,5.233333333,0.,3.549789019,5.553068055;      2849P   3637
126,1,1,1,0,1,0,0.,0.,1.,1.,1.,1.,0.116174007,0.185103877,0.,       2851P   3638
0.126758432,0.195688303,0.,0.,1.,0.,0.,1.;                          2851P   3639
110,-4.766666667,-6.34270836,-7.731109278,-4.766666667,             2853P   3640
-6.129514491,-7.517915409;                                          2853P   3641
126,2,2,1,0,1,0,0.,0.,0.,1.,1.,1.,1.,1.,1.,0.126758432,             2855P   3642
0.195688303,0.,0.157717129,0.157717129,0.,0.195688303,              2855P   3643
0.126758432,0.,0.,1.,0.,0.,-1.;                                     2855P   3644
124,-4.74576857852351E-017,3.86932489791764E-017,-1.,               2857P   3645
-4.76666666666667,-0.631908710431712,-0.775042825707413,0.,         2857P   3646
-3.01209818639116,-0.775042825707413,0.631908710431712,             2857P   3647
6.12323399573677E-017,-3.69437080253867;                            2857P   3648
100,0.,-4.766666667,0.,4.933333333,0.,4.734605796,1.953412805;      2859P   3649
126,1,1,1,0,1,0,0.,0.,1.,1.,1.,1.,0.195688303,0.126758432,0.,       2861P   3650
0.451259221,0.382329351,0.,0.,1.,0.,0.,1.;                          2861P   3651
110,-4.766666667,-7.517915409,-6.129514491,-4.766666667,            2863P   3652
-2.370148622,-0.981747704;                                          2863P   3653
126,1,1,1,0,1,0,0.,0.,1.,1.,1.,1.,0.451259221,0.382329351,0.,       2865P   3654
0.451259221,0.020897491,0.,0.,1.,0.,0.,1.;                          2865P   3655
110,-4.766666667,-2.370148622,-0.981747704,-4.766666667,            2867P   3656
-9.650190228,-0.981747704;                                          2867P   3657
126,2,2,1,0,1,0,0.,0.,0.,1.,1.,1.,1.,1.,1.,0.451259221,             2869P   3658
0.020897491,0.,0.5,0.015938921,0.,0.548740779,0.020897491,0.,       2869P   3659
0.,1.,0.,0.,-1.;                                                    2869P   3660
124,-6.19739269884512E-018,6.09179101774753E-017,-1.,               2871P   3661
-4.76666666666667,-0.994864972004805,-0.101211103530585,0.,         2871P   3662
-4.74218969988957,-0.101211103530585,0.994864972004805,             2871P   3663
6.12323399573677E-017,-0.482439593495789;                           2871P   3664
100,0.,-4.766666667,0.,4.933333333,0.,4.734605796,1.953412805;      2873P   3665
126,1,1,1,0,1,0,0.,0.,1.,1.,1.,1.,0.548740779,0.020897491,0.,       2875P   3666
0.548740779,0.005928854,0.,0.,1.,0.,0.,1.;                          2875P   3667
110,-4.766666667,-9.650190228,0.981747704,-4.766666667,             2877P   3668
-9.951691889,0.981747704;                                           2877P   3669
126,8,2,1,0,1,0,0.,0.,0.,0.25,0.25,0.5,0.5,0.75,0.75,1.,1.,1.,      2879P   3670
1.,1.,1.,1.,1.,1.,1.,1.,1.,0.548740779,0.005928854,0.,              2879P   3671
0.585165985,0.009522249,0.,0.620670388,0.018418627,0.,              2879P   3672
0.65617479,0.027315005,0.,0.689990651,0.041321994,0.,               2879P   3673
0.723806512,0.055328982,0.,0.755202605,0.074143696,0.,              2879P   3674
0.786598698,0.092958411,0.,0.814896123,0.116174007,0.,0.,1.,0.,     2879P   3675
0.,-1.;                                                             2879P   3676
124,6.01147091788142E-018,6.09365380872438E-017,-1.,                2881P   3677
-4.76666666666667,-0.995169188857884,0.0981747704246946,0.,         2881P   3678
-4.74363980022258,0.0981747704246946,0.995169188857884,             2881P   3679
6.12323399573677E-017,0.467966405691044;                            2881P   3680
100,0.,-4.766666667,0.,5.233333333,0.,3.549789019,5.553068055;      2883P   3681
126,1,1,1,0,1,0,0.,0.,1.,1.,1.,1.,0.814896123,0.116174007,0.,       2885P   3682
0.804311697,0.126758432,0.,0.,1.,0.,0.,1.;                          2885P   3683
110,-4.766666667,-7.731109278,6.34270836,-4.766666667,              2887P   3684
-7.517915409,6.129514491;                                           2887P   3685
126,2,2,1,0,1,0,0.,0.,0.,1.,1.,1.,1.,1.,1.,0.804311697,             2889P   3686
0.126758432,0.,0.842282871,0.157717129,0.,0.873241568,              2889P   3687
0.195688303,0.,0.,1.,0.,0.,-1.;                                     2889P   3688
124,3.86932489791764E-017,4.74576857852351E-017,-1.,                2891P   3689
-4.76666666666667,-0.775042825707412,0.631908710431712,0.,          2891P   3690
-3.69437080253866,0.631908710431712,0.775042825707412,              2891P   3691
6.12323399573677E-017,3.01209818639116;                             2891P   3692
100,0.,-4.766666667,0.,4.933333333,0.,4.734605796,1.953412805;      2893P   3693
126,1,1,1,0,1,0,0.,0.,1.,1.,1.,1.,0.873241568,0.195688303,0.,       2895P   3694
0.617670649,0.451259221,0.,0.,1.,0.,0.,1.;                          2895P   3695
110,-4.766666667,-6.129514491,7.517915409,-4.766666667,             2897P   3696
-0.981747704,2.370148622;                                           2897P   3697
126,1,1,1,0,1,0,0.,0.,1.,1.,1.,1.,0.617670649,0.451259221,0.,       2899P   3698
0.979102509,0.451259221,0.,0.,1.,0.,0.,1.;                          2899P   3699
110,-4.766666667,-0.981747704,2.370148622,-4.766666667,             2901P   3700
-0.981747704,9.650190228;                                           2901P   3701
126,2,2,1,0,1,0,0.,0.,0.,1.,1.,1.,1.,1.,1.,0.979102509,             2903P   3702
0.451259221,0.,0.984061079,0.5,0.,0.979102509,0.548740779,0.,       2903P   3703
0.,1.,0.,0.,-1.;                                                    2903P   3704
124,6.09179101774753E-017,6.19739269884507E-018,-1.,                2905P   3705
-4.76666666666667,-0.101211103530584,0.994864972004805,0.,          2905P   3706
-0.482439593495785,0.994864972004805,0.101211103530584,             2905P   3707
6.12323399573677E-017,4.74218969988957;                             2905P   3708
100,0.,-4.766666667,0.,4.933333333,0.,4.734605796,1.953412805;      2907P   3709
126,1,1,1,0,1,0,0.,0.,1.,1.,1.,1.,0.979102509,0.548740779,0.,       2909P   3710
0.994071146,0.548740779,0.,0.,1.,0.,0.,1.;                          2909P   3711
110,-4.766666667,0.981747704,9.650190228,-4.766666667,              2911P   3712
0.981747704,9.951691889;                                            2911P   3713
126,8,2,1,0,1,0,0.,0.,0.,0.25,0.25,0.5,0.5,0.75,0.75,1.,1.,1.,      2913P   3714
1.,1.,1.,1.,1.,1.,1.,1.,1.,0.994071146,0.548740779,0.,              2913P   3715
0.990477751,0.585165985,0.,0.981581373,0.620670388,0.,              2913P   3716
0.972684995,0.65617479,0.,0.958678006,0.689990651,0.,               2913P   3717
0.944671018,0.723806512,0.,0.925856304,0.755202605,0.,              2913P   3718
0.907041589,0.786598698,0.,0.883825993,0.814896123,0.,0.,1.,0.,     2913P   3719
0.,-1.;                                                             2913P   3720
124,6.09365380872439E-017,-6.0114709178806E-018,-1.,                2915P   3721
-4.76666666666667,0.0981747704246811,0.995169188857885,0.,          2915P   3722
0.46796640569098,0.995169188857885,-0.0981747704246811,             2915P   3723
6.12323399573677E-017,4.74363980022259;                             2915P   3724
100,0.,-4.766666667,0.,5.233333333,0.,3.549789019,5.553068055;      2917P   3725
126,1,1,1,0,1,0,0.,0.,1.,1.,1.,1.,0.883825993,0.814896123,0.,       2919P   3726
0.873241568,0.804311697,0.,0.,1.,0.,0.,1.;                          2919P   3727
110,-4.766666667,6.34270836,7.731109278,-4.766666667,               2921P   3728
6.129514491,7.517915409;                                            2921P   3729
126,2,2,1,0,1,0,0.,0.,0.,1.,1.,1.,1.,1.,1.,0.873241568,             2923P   3730
0.804311697,0.,0.842282871,0.842282871,0.,0.804311697,              2923P   3731
0.873241568,0.,0.,1.,0.,0.,-1.;                                     2923P   3732
124,4.74576857852357E-017,-3.86932489791757E-017,-1.,               2925P   3733
-4.76666666666667,0.631908710431701,0.775042825707422,0.,           2925P   3734
3.01209818639111,0.775042825707422,-0.631908710431701,              2925P   3735
6.12323399573677E-017,3.69437080253871;                             2925P   3736
100,0.,-4.766666667,0.,4.933333333,0.,4.734605796,1.953412805;      2927P   3737
126,1,1,1,0,1,0,0.,0.,1.,1.,1.,1.,0.804311697,0.873241568,0.,       2929P   3738
0.548740779,0.617670649,0.,0.,1.,0.,0.,1.;                          2929P   3739
110,-4.766666667,7.517915409,6.129514491,-4.766666667,              2931P   3740
2.370148622,0.981747704;                                            2931P   3741
126,1,1,1,0,1,0,0.,0.,1.,1.,1.,1.,0.548740779,0.617670649,0.,       2933P   3742
0.548740779,0.979102509,0.,0.,1.,0.,0.,1.;                          2933P   3743
110,-4.766666667,2.370148622,0.981747704,-4.766666667,              2935P   3744
9.650190228,0.981747704;                                            2935P   3745
126,2,2,1,0,1,0,0.,0.,0.,1.,1.,1.,1.,1.,1.,0.548740779,             2937P   3746
0.979102509,0.,0.5,0.984061079,0.,0.451259221,0.979102509,0.,       2937P   3747
0.,1.,0.,0.,-1.;                                                    2937P   3748
124,6.19739269884597E-018,-6.09179101774752E-017,-1.,               2939P   3749
-4.76666666666667,0.994864972004804,0.101211103530599,0.,           2939P   3750
4.74218969988956,0.101211103530599,-0.994864972004804,              2939P   3751
6.12323399573677E-017,0.482439593495855;                            2939P   3752
100,0.,-4.766666667,0.,4.933333333,0.,4.734605796,1.953412805;      2941P   3753
126,1,1,1,0,1,0,0.,0.,1.,1.,1.,1.,0.451259221,0.979102509,0.,       2943P   3754
0.451259221,0.994071146,0.,0.,1.,0.,0.,1.;                          2943P   3755
110,-4.766666667,9.650190228,-0.981747704,-4.766666667,             2945P   3756
9.951691889,-0.981747704;                                           2945P   3757
126,8,2,1,0,1,0,0.,0.,0.,0.25,0.25,0.5,0.5,0.75,0.75,1.,1.,1.,      2947P   3758
1.,1.,1.,1.,1.,1.,1.,1.,1.,0.451259221,0.994071146,0.,              2947P   3759
0.414834015,0.990477751,0.,0.379329612,0.981581373,0.,              2947P   3760
0.34382521,0.972684995,0.,0.310009349,0.958678006,0.,               2947P   3761
0.276193488,0.944671018,0.,0.244797395,0.925856304,0.,              2947P   3762
0.213401302,0.907041589,0.,0.185103877,0.883825993,0.,0.,1.,0.,     2947P   3763
0.,-1.;                                                             2947P   3764
124,-6.0114709178806E-018,-6.09365380872439E-017,-1.,               2949P   3765
-4.76666666666667,0.995169188857885,-0.0981747704246812,0.,         2949P   3766
4.74363980022259,-0.0981747704246812,-0.995169188857885,            2949P   3767
6.12323399573677E-017,-0.46796640569098;                            2949P   3768
100,0.,-4.766666667,0.,5.233333333,0.,3.549789019,5.553068055;      2951P   3769
102,29,2811,2815,2821,2825,2829,2835,2841,2845,2851,2855,2861,      2953P   3770
2865,2869,2875,2879,2885,2889,2895,2899,2903,2909,2913,2919,        2953P   3771
2923,2929,2933,2937,2943,2947;                                      2953P   3772
102,29,2813,2819,2823,2827,2833,2839,2843,2849,2853,2859,2863,      2955P   3773
2867,2873,2877,2883,2887,2893,2897,2901,2907,2911,2917,2921,        2955P   3774
2927,2931,2935,2941,2945,2951;                                      2955P   3775
142,1,2809,2953,2955,1;                                             2957P   3776
126,32,2,1,0,1,0,0.,0.,0.,0.0625,0.0625,0.125,0.125,0.1875,         2959P   3777
0.1875,0.25,0.25,0.3125,0.3125,0.375,0.375,0.4375,0.4375,0.5,       2959P   3778
0.5,0.5625,0.5625,0.625,0.625,0.6875,0.6875,0.75,0.75,0.8125,       2959P   3779
0.8125,0.875,0.875,0.9375,0.9375,1.,1.,1.,1.,1.,1.,1.,1.,1.,1.,     2959P   3780
1.,1.,1.,1.,1.,1.,1.,1.,1.,1.,1.,1.,1.,1.,1.,1.,1.,1.,1.,1.,1.,     2959P   3781
1.,1.,1.,1.,1.,0.375882626,0.5,0.,0.375882626,0.512224494,0.,       2959P   3782
0.378267506,0.524214098,0.,0.380652387,0.536203703,0.,              2959P   3783
0.385330498,0.547497663,0.,0.39000861,0.558791623,0.,               2959P   3784
0.396800175,0.568955918,0.,0.40359174,0.579120214,0.,               2959P   3785
0.412235763,0.587764237,0.,0.420879786,0.59640826,0.,               2959P   3786
0.431044082,0.603199825,0.,0.441208377,0.60999139,0.,               2959P   3787
0.452502337,0.614669502,0.,0.463796297,0.619347613,0.,              2959P   3788
0.475785902,0.621732494,0.,0.487775506,0.624117374,0.,0.5,          2959P   3789
0.624117374,0.,0.512224494,0.624117374,0.,0.524214098,              2959P   3790
0.621732494,0.,0.536203703,0.619347613,0.,0.547497663,              2959P   3791
0.614669502,0.,0.558791623,0.60999139,0.,0.568955918,               2959P   3792
0.603199825,0.,0.579120214,0.59640826,0.,0.587764237,               2959P   3793
0.587764237,0.,0.59640826,0.579120214,0.,0.603199825,               2959P   3794
0.568955918,0.,0.60999139,0.558791623,0.,0.614669502,               2959P   3795
0.547497663,0.,0.619347613,0.536203703,0.,0.621732494,              2959P   3796
0.524214098,0.,0.624117374,0.512224494,0.,0.624117374,0.5,0.,       2959P   3797
0.,1.,0.,0.,1.;                                                     2959P   3798
124,6.12323399573677E-017,0.,1.,-4.76666666666667,0.,1.,0.,0.,      2961P   3799
-1.,0.,6.12323399573677E-017,-4.76666666666667;                     2961P   3800
100,0.,-4.766666667,0.,-2.266666667,0.,-7.266666667,0.;             2963P   3801
126,32,2,1,0,1,0,0.,0.,0.,0.0625,0.0625,0.125,0.125,0.1875,         2965P   3802
0.1875,0.25,0.25,0.3125,0.3125,0.375,0.375,0.4375,0.4375,0.5,       2965P   3803
0.5,0.5625,0.5625,0.625,0.625,0.6875,0.6875,0.75,0.75,0.8125,       2965P   3804
0.8125,0.875,0.875,0.9375,0.9375,1.,1.,1.,1.,1.,1.,1.,1.,1.,1.,     2965P   3805
1.,1.,1.,1.,1.,1.,1.,1.,1.,1.,1.,1.,1.,1.,1.,1.,1.,1.,1.,1.,1.,     2965P   3806
1.,1.,1.,1.,1.,0.624117374,0.5,0.,0.624117374,0.487775506,0.,       2965P   3807
0.621732494,0.475785902,0.,0.619347613,0.463796297,0.,              2965P   3808
0.614669502,0.452502337,0.,0.60999139,0.441208377,0.,               2965P   3809
0.603199825,0.431044082,0.,0.59640826,0.420879786,0.,               2965P   3810
0.587764237,0.412235763,0.,0.579120214,0.40359174,0.,               2965P   3811
0.568955918,0.396800175,0.,0.558791623,0.39000861,0.,               2965P   3812
0.547497663,0.385330498,0.,0.536203703,0.380652387,0.,              2965P   3813
0.524214098,0.378267506,0.,0.512224494,0.375882626,0.,0.5,          2965P   3814
0.375882626,0.,0.487775506,0.375882626,0.,0.475785902,              2965P   3815
0.378267506,0.,0.463796297,0.380652387,0.,0.452502337,              2965P   3816
0.385330498,0.,0.441208377,0.39000861,0.,0.431044082,               2965P   3817
0.396800175,0.,0.420879786,0.40359174,0.,0.412235763,               2965P   3818
0.412235763,0.,0.40359174,0.420879786,0.,0.396800175,               2965P   3819
0.431044082,0.,0.39000861,0.441208377,0.,0.385330498,               2965P   3820
0.452502337,0.,0.380652387,0.463796297,0.,0.378267506,              2965P   3821
0.475785902,0.,0.375882626,0.487775506,0.,0.375882626,0.5,0.,       2965P   3822
0.,1.,0.,0.,1.;                                                     2965P   3823
124,-6.12323399573677E-017,-7.49879891330929E-033,1.,               2967P   3824
-4.76666666666667,1.22464679914735E-016,-1.,0.,                     2967P   3825
5.83748307593572E-016,1.,1.22464679914735E-016,                     2967P   3826
6.12323399573677E-017,4.76666666666667;                             2967P   3827
100,0.,-4.766666667,0.,-2.266666667,0.,-7.266666667,0.;             2969P   3828
102,2,2959,2965;                                                    2971P   3829
102,2,2963,2969;                                                    2973P   3830
142,1,2809,2971,2973,1;                                             2975P   3831
144,2809,1,1,2957,2975;                                             2977P   3832
314,100.,0.,0.,;                                                    2979P   3833
110,-4.766666667,0.,0.,995.233333333,0.,0.;                         2981P   3834
110,-4.766666667,0.,-9.7,4.766666667,0.,-9.7;                       2983P   3835
120,2981,2983,0.,6.28318530717959;                                  2985P   3836
126,1,1,1,0,1,0,0.,0.,1.,1.,1.,1.,0.,0.684013463,0.,0.,             2987P   3837
0.886782864,0.,0.,1.,0.,0.,1.;                                      2987P   3838
124,4.74576857852357E-017,-3.86932489791757E-017,1.,                2989P   3839
-4.76666666666667,0.631908710431701,0.775042825707422,0.,           2989P   3840
3.01209818639111,-0.775042825707422,0.631908710431701,              2989P   3841
6.12323399573677E-017,-3.69437080253871;                            2989P   3842
100,0.,-4.766666667,0.,4.933333333,0.,4.734605796,1.953412805;      2991P   3843
126,1,1,1,0,1,0,0.,0.,1.,1.,1.,1.,0.,0.886782864,0.,1.,             2993P   3844
0.886782864,0.,0.,1.,0.,0.,1.;                                      2993P   3845
110,-4.766666667,7.517915409,-6.129514491,4.766666667,              2995P   3846
7.517915409,-6.129514491;                                           2995P   3847
126,1,1,1,0,1,0,0.,0.,1.,1.,1.,1.,1.,0.886782864,0.,1.,             2997P   3848
0.684013463,0.,0.,1.,0.,0.,1.;                                      2997P   3849
124,-3.86932489791757E-017,-4.74576857852357E-017,-1.,              2999P   3850
4.76666666666667,0.775042825707421,-0.631908710431701,0.,           2999P   3851
-3.69437080253871,-0.631908710431701,-0.775042825707421,            2999P   3852
6.12323399573677E-017,3.01209818639111;                             2999P   3853
100,0.,4.766666667,0.,14.466666667,0.,14.26793913,1.953412805;      3001P   3854
126,1,1,1,0,1,0,0.,0.,1.,1.,1.,1.,1.,0.684013463,0.,0.,             3003P   3855
0.684013463,0.,0.,1.,0.,0.,1.;                                      3003P   3856
110,4.766666667,6.129514491,-7.517915409,-4.766666667,              3005P   3857
6.129514491,-7.517915409;                                           3005P   3858
102,4,2987,2993,2997,3003;                                          3007P   3859
102,4,2991,2995,3001,3005;                                          3009P   3860
142,1,2985,3007,3009,1;                                             3011P   3861
144,2985,1,0,3011;                                                  3013P   3862
314,100.,0.,0.,;                                                    3015P   3863
110,-4.766666667,0.,0.,995.233333333,0.,0.;                         3017P   3864
110,-4.766666667,0.,-9.7,4.766666667,0.,-9.7;                       3019P   3865
120,3017,3019,0.,6.28318530717959;                                  3021P   3866
126,1,1,1,0,1,0,0.,0.,1.,1.,1.,1.,1.,0.,0.,0.,0.,0.,0.,1.,0.,       3023P   3867
0.,1.;                                                              3023P   3868
110,4.766666667,0.,-9.7,-4.766666667,0.,-9.7;                       3025P   3869
126,1,1,1,0,1,0,0.,0.,1.,1.,1.,1.,0.,0.,0.,0.,0.101384701,0.,       3027P   3870
0.,1.,0.,0.,1.;                                                     3027P   3871
124,6.12323399573677E-017,0.,1.,-4.76666666666667,0.,1.,0.,0.,      3029P   3872
-1.,0.,6.12323399573677E-017,-4.76666666666667;                     3029P   3873
100,0.,-4.766666667,0.,4.933333333,0.,4.883523562,0.981747704;      3031P   3874
126,1,1,1,0,1,0,0.,0.,1.,1.,1.,1.,0.,0.101384701,0.,1.,             3033P   3875
0.101384701,0.,0.,1.,0.,0.,1.;                                      3033P   3876
110,-4.766666667,0.981747704,-9.650190228,4.766666667,              3035P   3877
0.981747704,-9.650190228;                                           3035P   3878
126,1,1,1,0,1,0,0.,0.,1.,1.,1.,1.,1.,0.101384701,0.,1.,0.,0.,       3037P   3879
0.,1.,0.,0.,1.;                                                     3037P   3880
124,-6.09179101774752E-017,-6.19739269884601E-018,-1.,              3039P   3881
4.76666666666667,0.1012111035306,-0.994864972004803,0.,             3039P   3882
-0.482439593495858,-0.994864972004803,-0.1012111035306,             3039P   3883
6.12323399573677E-017,4.74218969988956;                             3039P   3884
100,0.,4.766666667,0.,14.466666667,0.,14.416856895,0.981747704;     3041P   3885
102,4,3023,3027,3033,3037;                                          3043P   3886
102,4,3025,3031,3035,3041;                                          3045P   3887
142,1,3021,3043,3045,1;                                             3047P   3888
144,3021,1,0,3047;                                                  3049P   3889
314,100.,0.,0.,;                                                    3051P   3890
110,-4.766666667,0.,0.,995.233333333,0.,0.;                         3053P   3891
110,-4.766666667,0.,-9.7,4.766666667,0.,-9.7;                       3055P   3892
120,3053,3055,0.,6.28318530717959;                                  3057P   3893
126,1,1,1,0,1,0,0.,0.,1.,1.,1.,1.,0.,3.825606116,0.,0.,             3059P   3894
4.028375518,0.,0.,1.,0.,0.,1.;                                      3059P   3895
124,-4.74576857852352E-017,3.86932489791764E-017,1.,                3061P   3896
-4.76666666666667,-0.631908710431711,-0.775042825707413,0.,         3061P   3897
-3.01209818639116,0.775042825707413,-0.631908710431711,             3061P   3898
6.12323399573677E-017,3.69437080253867;                             3061P   3899
100,0.,-4.766666667,0.,4.933333333,0.,4.734605796,1.953412805;      3063P   3900
126,1,1,1,0,1,0,0.,0.,1.,1.,1.,1.,0.,4.028375518,0.,1.,             3065P   3901
4.028375518,0.,0.,1.,0.,0.,1.;                                      3065P   3902
110,-4.766666667,-7.517915409,6.129514491,4.766666667,              3067P   3903
-7.517915409,6.129514491;                                           3067P   3904
126,1,1,1,0,1,0,0.,0.,1.,1.,1.,1.,1.,4.028375518,0.,1.,             3069P   3905
3.825606116,0.,0.,1.,0.,0.,1.;                                      3069P   3906
124,3.86932489791764E-017,4.74576857852351E-017,-1.,                3071P   3907
4.76666666666667,-0.775042825707412,0.631908710431712,0.,           3071P   3908
3.69437080253866,0.631908710431712,0.775042825707412,               3071P   3909
6.12323399573677E-017,-3.01209818639116;                            3071P   3910
100,0.,4.766666667,0.,14.466666667,0.,14.26793913,1.953412805;      3073P   3911
126,1,1,1,0,1,0,0.,0.,1.,1.,1.,1.,1.,3.825606116,0.,0.,             3075P   3912
3.825606116,0.,0.,1.,0.,0.,1.;                                      3075P   3913
110,4.766666667,-6.129514491,7.517915409,-4.766666667,              3077P   3914
-6.129514491,7.517915409;                                           3077P   3915
102,4,3059,3065,3069,3075;                                          3079P   3916
102,4,3063,3067,3073,3077;                                          3081P   3917
142,1,3057,3079,3081,1;                                             3083P   3918
144,3057,1,0,3083;                                                  3085P   3919
314,100.,0.,0.,;                                                    3087P   3920
110,-4.766666667,0.,0.,995.233333333,0.,0.;                         3089P   3921
110,-4.766666667,0.,-9.7,4.766666667,0.,-9.7;                       3091P   3922
120,3089,3091,0.,6.28318530717959;                                  3093P   3923
126,1,1,1,0,1,0,0.,0.,1.,1.,1.,1.,0.,2.254809789,0.,0.,             3095P   3924
2.457579191,0.,0.,1.,0.,0.,1.;                                      3095P   3925
124,-3.86932489791757E-017,-4.74576857852357E-017,1.,               3097P   3926
-4.76666666666667,0.775042825707422,-0.631908710431701,0.,          3097P   3927
3.69437080253871,0.631908710431701,0.775042825707422,               3097P   3928
6.12323399573677E-017,3.01209818639111;                             3097P   3929
100,0.,-4.766666667,0.,4.933333333,0.,4.734605796,1.953412805;      3099P   3930
126,1,1,1,0,1,0,0.,0.,1.,1.,1.,1.,0.,2.457579191,0.,1.,             3101P   3931
2.457579191,0.,0.,1.,0.,0.,1.;                                      3101P   3932
110,-4.766666667,6.129514491,7.517915409,4.766666667,               3103P   3933
6.129514491,7.517915409;                                            3103P   3934
126,1,1,1,0,1,0,0.,0.,1.,1.,1.,1.,1.,2.457579191,0.,1.,             3105P   3935
2.254809789,0.,0.,1.,0.,0.,1.;                                      3105P   3936
124,4.74576857852357E-017,-3.86932489791757E-017,-1.,               3107P   3937
4.76666666666667,0.631908710431701,0.775042825707421,0.,            3107P   3938
-3.01209818639111,0.775042825707421,-0.631908710431701,             3107P   3939
6.12323399573677E-017,-3.69437080253871;                            3107P   3940
100,0.,4.766666667,0.,14.466666667,0.,14.26793913,1.953412805;      3109P   3941
126,1,1,1,0,1,0,0.,0.,1.,1.,1.,1.,1.,2.254809789,0.,0.,             3111P   3942
2.254809789,0.,0.,1.,0.,0.,1.;                                      3111P   3943
110,4.766666667,7.517915409,6.129514491,-4.766666667,               3113P   3944
7.517915409,6.129514491;                                            3113P   3945
102,4,3095,3101,3105,3111;                                          3115P   3946
102,4,3099,3103,3109,3113;                                          3117P   3947
142,1,3093,3115,3117,1;                                             3119P   3948
144,3093,1,0,3119;                                                  3121P   3949
314,100.,0.,0.,;                                                    3123P   3950
110,-4.766666667,0.,0.,995.233333333,0.,0.;                         3125P   3951
110,-4.766666667,0.,-9.7,4.766666667,0.,-9.7;                       3127P   3952
120,3125,3127,0.,6.28318530717959;                                  3129P   3953
126,1,1,1,0,1,0,0.,0.,1.,1.,1.,1.,0.,5.396402443,0.,0.,             3131P   3954
5.599171845,0.,0.,1.,0.,0.,1.;                                      3131P   3955
124,3.86932489791764E-017,4.74576857852351E-017,1.,                 3133P   3956
-4.76666666666667,-0.775042825707413,0.631908710431712,0.,          3133P   3957
-3.69437080253867,-0.631908710431712,-0.775042825707413,            3133P   3958
6.12323399573677E-017,-3.01209818639116;                            3133P   3959
100,0.,-4.766666667,0.,4.933333333,0.,4.734605796,1.953412805;      3135P   3960
126,1,1,1,0,1,0,0.,0.,1.,1.,1.,1.,0.,5.599171845,0.,1.,             3137P   3961
5.599171845,0.,0.,1.,0.,0.,1.;                                      3137P   3962
110,-4.766666667,-6.129514491,-7.517915409,4.766666667,             3139P   3963
-6.129514491,-7.517915409;                                          3139P   3964
126,1,1,1,0,1,0,0.,0.,1.,1.,1.,1.,1.,5.599171845,0.,1.,             3141P   3965
5.396402443,0.,0.,1.,0.,0.,1.;                                      3141P   3966
124,-4.74576857852351E-017,3.86932489791764E-017,-1.,               3143P   3967
4.76666666666667,-0.631908710431712,-0.775042825707413,0.,          3143P   3968
3.01209818639116,-0.775042825707413,0.631908710431712,              3143P   3969
6.12323399573677E-017,3.69437080253867;                             3143P   3970
100,0.,4.766666667,0.,14.466666667,0.,14.26793913,1.953412805;      3145P   3971
126,1,1,1,0,1,0,0.,0.,1.,1.,1.,1.,1.,5.396402443,0.,0.,             3147P   3972
5.396402443,0.,0.,1.,0.,0.,1.;                                      3147P   3973
110,4.766666667,-7.517915409,-6.129514491,-4.766666667,             3149P   3974
-7.517915409,-6.129514491;                                          3149P   3975
102,4,3131,3137,3141,3147;                                          3151P   3976
102,4,3135,3139,3145,3149;                                          3153P   3977
142,1,3129,3151,3153,1;                                             3155P   3978
144,3129,1,0,3155;                                                  3157P   3979
314,100.,0.,0.,;                                                    3159P   3980
110,-4.766666667,0.,0.,995.233333333,0.,0.;                         3161P   3981
110,-4.766666667,0.,-9.7,4.766666667,0.,-9.7;                       3163P   3982
120,3161,3163,0.,6.28318530717959;                                  3165P   3983
126,1,1,1,0,1,0,0.,0.,1.,1.,1.,1.,1.,1.672181028,0.,1.,             3167P   3984
1.469411626,0.,0.,1.,0.,0.,1.;                                      3167P   3985
124,6.19739269884597E-018,-6.09179101774752E-017,-1.,               3169P   3986
4.76666666666667,0.994864972004804,0.101211103530599,0.,            3169P   3987
-4.74218969988956,0.101211103530599,-0.994864972004804,             3169P   3988
6.12323399573677E-017,-0.482439593495855;                           3169P   3989
100,0.,4.766666667,0.,14.466666667,0.,14.26793913,1.953412805;      3171P   3990
126,1,1,1,0,1,0,0.,0.,1.,1.,1.,1.,1.,1.469411626,0.,0.,             3173P   3991
1.469411626,0.,0.,1.,0.,0.,1.;                                      3173P   3992
110,4.766666667,9.650190228,-0.981747704,-4.766666667,              3175P   3993
9.650190228,-0.981747704;                                           3175P   3994
126,1,1,1,0,1,0,0.,0.,1.,1.,1.,1.,0.,1.469411626,0.,0.,             3177P   3995
1.672181028,0.,0.,1.,0.,0.,1.;                                      3177P   3996
124,6.19739269884597E-018,-6.09179101774752E-017,1.,                3179P   3997
-4.76666666666667,0.994864972004804,0.101211103530599,0.,           3179P   3998
4.74218969988956,-0.101211103530599,0.994864972004804,              3179P   3999
6.12323399573677E-017,-0.482439593495855;                           3179P   4000
100,0.,-4.766666667,0.,4.933333333,0.,4.734605796,1.953412805;      3181P   4001
126,1,1,1,0,1,0,0.,0.,1.,1.,1.,1.,0.,1.672181028,0.,1.,             3183P   4002
1.672181028,0.,0.,1.,0.,0.,1.;                                      3183P   4003
110,-4.766666667,9.650190228,0.981747704,4.766666667,               3185P   4004
9.650190228,0.981747704;                                            3185P   4005
102,4,3167,3173,3177,3183;                                          3187P   4006
102,4,3171,3175,3181,3185;                                          3189P   4007
142,1,3165,3187,3189,1;                                             3191P   4008
144,3165,1,0,3191;                                                  3193P   4009
314,100.,0.,0.,;                                                    3195P   4010
110,-4.766666667,0.,0.,995.233333333,0.,0.;                         3197P   4011
110,-4.766666667,0.,-9.7,4.766666667,0.,-9.7;                       3199P   4012
120,3197,3199,0.,6.28318530717959;                                  3201P   4013
126,1,1,1,0,1,0,0.,0.,1.,1.,1.,1.,1.,3.242977354,0.,1.,             3203P   4014
3.040207953,0.,0.,1.,0.,0.,1.;                                      3203P   4015
124,6.09179101774753E-017,6.19739269884502E-018,-1.,                3205P   4016
4.76666666666667,-0.101211103530583,0.994864972004805,0.,           3205P   4017
0.482439593495781,0.994864972004805,0.101211103530583,              3205P   4018
6.12323399573677E-017,-4.74218969988957;                            3205P   4019
100,0.,4.766666667,0.,14.466666667,0.,14.26793913,1.953412805;      3207P   4020
126,1,1,1,0,1,0,0.,0.,1.,1.,1.,1.,1.,3.040207953,0.,0.,             3209P   4021
3.040207953,0.,0.,1.,0.,0.,1.;                                      3209P   4022
110,4.766666667,0.981747704,9.650190228,-4.766666667,               3211P   4023
0.981747704,9.650190228;                                            3211P   4024
126,1,1,1,0,1,0,0.,0.,1.,1.,1.,1.,0.,3.040207953,0.,0.,             3213P   4025
3.242977354,0.,0.,1.,0.,0.,1.;                                      3213P   4026
124,-6.09179101774752E-017,-6.19739269884593E-018,1.,               3215P   4027
-4.76666666666667,0.101211103530598,-0.994864972004804,0.,          3215P   4028
0.482439593495852,0.994864972004804,0.101211103530598,              3215P   4029
6.12323399573677E-017,4.74218969988956;                             3215P   4030
100,0.,-4.766666667,0.,4.933333333,0.,4.734605796,1.953412805;      3217P   4031
126,1,1,1,0,1,0,0.,0.,1.,1.,1.,1.,0.,3.242977354,0.,1.,             3219P   4032
3.242977354,0.,0.,1.,0.,0.,1.;                                      3219P   4033
110,-4.766666667,-0.981747704,9.650190228,4.766666667,              3221P   4034
-0.981747704,9.650190228;                                           3221P   4035
102,4,3203,3209,3213,3219;                                          3223P   4036
102,4,3207,3211,3217,3221;                                          3225P   4037
142,1,3201,3223,3225,1;                                             3227P   4038
144,3201,1,0,3227;                                                  3229P   4039
314,100.,0.,0.,;                                                    3231P   4040
110,-4.766666667,0.,0.,995.233333333,0.,0.;                         3233P   4041
110,-4.766666667,0.,-9.7,4.766666667,0.,-9.7;                       3235P   4042
120,3233,3235,0.,6.28318530717959;                                  3237P   4043
126,1,1,1,0,1,0,0.,0.,1.,1.,1.,1.,1.,4.813773681,0.,1.,             3239P   4044
4.61100428,0.,0.,1.,0.,0.,1.;                                       3239P   4045
124,-6.19739269884512E-018,6.09179101774753E-017,-1.,               3241P   4046
4.76666666666667,-0.994864972004805,-0.101211103530585,0.,          3241P   4047
4.74218969988957,-0.101211103530585,0.994864972004805,              3241P   4048
6.12323399573677E-017,0.482439593495789;                            3241P   4049
100,0.,4.766666667,0.,14.466666667,0.,14.26793913,1.953412805;      3243P   4050
126,1,1,1,0,1,0,0.,0.,1.,1.,1.,1.,1.,4.61100428,0.,0.,              3245P   4051
4.61100428,0.,0.,1.,0.,0.,1.;                                       3245P   4052
110,4.766666667,-9.650190228,0.981747704,-4.766666667,              3247P   4053
-9.650190228,0.981747704;                                           3247P   4054
126,1,1,1,0,1,0,0.,0.,1.,1.,1.,1.,0.,4.61100428,0.,0.,              3249P   4055
4.813773681,0.,0.,1.,0.,0.,1.;                                      3249P   4056
124,-6.19739269884512E-018,6.09179101774753E-017,1.,                3251P   4057
-4.76666666666667,-0.994864972004805,-0.101211103530585,0.,         3251P   4058
-4.74218969988957,0.101211103530585,-0.994864972004805,             3251P   4059
6.12323399573677E-017,0.482439593495789;                            3251P   4060
100,0.,-4.766666667,0.,4.933333333,0.,4.734605796,1.953412805;      3253P   4061
126,1,1,1,0,1,0,0.,0.,1.,1.,1.,1.,0.,4.813773681,0.,1.,             3255P   4062
4.813773681,0.,0.,1.,0.,0.,1.;                                      3255P   4063
110,-4.766666667,-9.650190228,-0.981747704,4.766666667,             3257P   4064
-9.650190228,-0.981747704;                                          3257P   4065
102,4,3239,3245,3249,3255;                                          3259P   4066
102,4,3243,3247,3253,3257;                                          3261P   4067
142,1,3237,3259,3261,1;                                             3263P   4068
144,3237,1,0,3263;                                                  3265P   4069
314,100.,0.,0.,;                                                    3267P   4070
110,-4.766666667,0.,0.,995.233333333,0.,0.;                         3269P   4071
110,-4.766666667,0.,-2.5,4.766666667,0.,-2.5;                       3271P   4072
120,3269,3271,0.,6.28318530717959;                                  3273P   4073
126,1,1,1,0,1,0,0.,0.,1.,1.,1.,1.,1.,3.141592654,0.,1.,0.,0.,       3275P   4074
0.,1.,0.,0.,1.;                                                     3275P   4075
124,6.12323399573677E-017,0.,-1.,4.76666666666667,0.,1.,0.,0.,      3277P   4076
1.,0.,6.12323399573677E-017,-4.76666666666667;                      3277P   4077
100,0.,4.766666667,0.,7.266666667,0.,2.266666667,0.;                3279P   4078
126,1,1,1,0,1,0,0.,0.,1.,1.,1.,1.,1.,0.,0.,0.,0.,0.,0.,1.,0.,       3281P   4079
0.,1.;                                                              3281P   4080
110,4.766666667,0.,-2.5,-4.766666667,0.,-2.5;                       3283P   4081
126,1,1,1,0,1,0,0.,0.,1.,1.,1.,1.,0.,0.,0.,0.,3.141592654,0.,       3285P   4082
0.,1.,0.,0.,1.;                                                     3285P   4083
124,6.12323399573677E-017,0.,1.,-4.76666666666667,0.,1.,0.,0.,      3287P   4084
-1.,0.,6.12323399573677E-017,-4.76666666666667;                     3287P   4085
100,0.,-4.766666667,0.,-2.266666667,0.,-7.266666667,0.;             3289P   4086
126,1,1,1,0,1,0,0.,0.,1.,1.,1.,1.,0.,3.141592654,0.,1.,             3291P   4087
3.141592654,0.,0.,1.,0.,0.,1.;                                      3291P   4088
110,-4.766666667,0.,2.5,4.766666667,0.,2.5;                         3293P   4089
102,4,3275,3281,3285,3291;                                          3295P   4090
102,4,3279,3283,3289,3293;                                          3297P   4091
142,1,3273,3295,3297,1;                                             3299P   4092
144,3273,1,0,3299;                                                  3301P   4093
314,100.,0.,0.,;                                                    3303P   4094
128,1,1,1,1,0,0,1,0,0,0.,0.,1.,1.,0.,0.,1.,1.,1.,1.,1.,1.,          3305P   4095
4.766666667,-10.071112191,10.071112191,4.766666667,                 3305P   4096
-10.071112191,-10.071112191,4.766666667,10.071112191,               3305P   4097
10.071112191,4.766666667,10.071112191,-10.071112191,0.,1.,0.,       3305P   4098
1.;                                                                 3305P   4099
126,2,2,1,0,1,0,0.,0.,0.,1.,1.,1.,1.,1.,1.,0.979102509,             3307P   4100
0.451259221,0.,0.981575412,0.475566878,0.,0.981575412,0.5,0.,       3307P   4101
0.,1.,0.,0.,-1.;                                                    3307P   4102
124,6.09179101774753E-017,6.19739269884518E-018,1.,                 3309P   4103
4.76666666666667,-0.101211103530586,0.994864972004805,0.,           3309P   4104
0.482439593495794,-0.994864972004805,-0.101211103530586,            3309P   4105
6.12323399573677E-017,4.74218969988957;                             3309P   4106
100,0.,4.766666667,0.,14.466666667,0.,14.416856895,0.981747704;     3311P   4107
126,2,2,1,0,1,0,0.,0.,0.,1.,1.,1.,1.,1.,1.,0.981575412,0.5,0.,      3313P   4108
0.981575412,0.524433122,0.,0.979102509,0.548740779,0.,0.,1.,0.,     3313P   4109
0.,-1.;                                                             3313P   4110
124,6.12323399573677E-017,0.,1.,4.76666666666667,0.,1.,0.,0.,       3315P   4111
-1.,0.,6.12323399573677E-017,4.76666666666667;                      3315P   4112
100,0.,4.766666667,0.,14.466666667,0.,14.416856895,0.981747704;     3317P   4113
126,1,1,1,0,1,0,0.,0.,1.,1.,1.,1.,0.979102509,0.548740779,0.,       3319P   4114
0.994071146,0.548740779,0.,0.,1.,0.,0.,1.;                          3319P   4115
110,4.766666667,0.981747704,-9.650190228,4.766666667,               3321P   4116
0.981747704,-9.951691889;                                           3321P   4117
126,8,2,1,0,1,0,0.,0.,0.,0.25,0.25,0.5,0.5,0.75,0.75,1.,1.,1.,      3323P   4118
1.,1.,1.,1.,1.,1.,1.,1.,1.,0.994071146,0.548740779,0.,              3323P   4119
0.990477751,0.585165985,0.,0.981581373,0.620670388,0.,              3323P   4120
0.972684995,0.65617479,0.,0.958678006,0.689990651,0.,               3323P   4121
0.944671018,0.723806512,0.,0.925856304,0.755202605,0.,              3323P   4122
0.907041589,0.786598698,0.,0.883825993,0.814896123,0.,0.,1.,0.,     3323P   4123
0.,-1.;                                                             3323P   4124
124,6.09365380872439E-017,-6.01147091788053E-018,1.,                3325P   4125
4.76666666666667,0.09817477042468,0.995169188857885,0.,             3325P   4126
-0.467966405690975,-0.995169188857885,0.09817477042468,             3325P   4127
6.12323399573677E-017,4.74363980022259;                             3325P   4128
100,0.,4.766666667,0.,14.766666667,0.,13.083122353,5.553068055;     3327P   4129
126,1,1,1,0,1,0,0.,0.,1.,1.,1.,1.,0.883825993,0.814896123,0.,       3329P   4130
0.873241568,0.804311697,0.,0.,1.,0.,0.,1.;                          3329P   4131
110,4.766666667,6.34270836,-7.731109278,4.766666667,                3331P   4132
6.129514491,-7.517915409;                                           3331P   4133
126,2,2,1,0,1,0,0.,0.,0.,1.,1.,1.,1.,1.,1.,0.873241568,             3333P   4134
0.804311697,0.,0.842282871,0.842282871,0.,0.804311697,              3333P   4135
0.873241568,0.,0.,1.,0.,0.,-1.;                                     3333P   4136
124,4.74576857852357E-017,-3.86932489791757E-017,1.,                3335P   4137
4.76666666666667,0.631908710431701,0.775042825707422,0.,            3335P   4138
-3.01209818639111,-0.775042825707422,0.631908710431701,             3335P   4139
6.12323399573677E-017,3.69437080253871;                             3335P   4140
100,0.,4.766666667,0.,14.466666667,0.,14.26793913,1.953412805;      3337P   4141
126,1,1,1,0,1,0,0.,0.,1.,1.,1.,1.,0.804311697,0.873241568,0.,       3339P   4142
0.548740779,0.617670649,0.,0.,1.,0.,0.,1.;                          3339P   4143
110,4.766666667,7.517915409,-6.129514491,4.766666667,               3341P   4144
2.370148622,-0.981747704;                                           3341P   4145
126,1,1,1,0,1,0,0.,0.,1.,1.,1.,1.,0.548740779,0.617670649,0.,       3343P   4146
0.548740779,0.979102509,0.,0.,1.,0.,0.,1.;                          3343P   4147
110,4.766666667,2.370148622,-0.981747704,4.766666667,               3345P   4148
9.650190228,-0.981747704;                                           3345P   4149
126,2,2,1,0,1,0,0.,0.,0.,1.,1.,1.,1.,1.,1.,0.548740779,             3347P   4150
0.979102509,0.,0.5,0.984061079,0.,0.451259221,0.979102509,0.,       3347P   4151
0.,1.,0.,0.,-1.;                                                    3347P   4152
124,6.19739269884597E-018,-6.09179101774752E-017,1.,                3349P   4153
4.76666666666667,0.994864972004804,0.101211103530599,0.,            3349P   4154
-4.74218969988956,-0.101211103530599,0.994864972004804,             3349P   4155
6.12323399573677E-017,0.482439593495855;                            3349P   4156
100,0.,4.766666667,0.,14.466666667,0.,14.26793913,1.953412805;      3351P   4157
126,1,1,1,0,1,0,0.,0.,1.,1.,1.,1.,0.451259221,0.979102509,0.,       3353P   4158
0.451259221,0.994071146,0.,0.,1.,0.,0.,1.;                          3353P   4159
110,4.766666667,9.650190228,0.981747704,4.766666667,                3355P   4160
9.951691889,0.981747704;                                            3355P   4161
126,8,2,1,0,1,0,0.,0.,0.,0.25,0.25,0.5,0.5,0.75,0.75,1.,1.,1.,      3357P   4162
1.,1.,1.,1.,1.,1.,1.,1.,1.,0.451259221,0.994071146,0.,              3357P   4163
0.414834015,0.990477751,0.,0.379329612,0.981581373,0.,              3357P   4164
0.34382521,0.972684995,0.,0.310009349,0.958678006,0.,               3357P   4165
0.276193488,0.944671018,0.,0.244797395,0.925856304,0.,              3357P   4166
0.213401302,0.907041589,0.,0.185103877,0.883825993,0.,0.,1.,0.,     3357P   4167
0.,-1.;                                                             3357P   4168
124,-6.01147091788059E-018,-6.09365380872439E-017,1.,               3359P   4169
4.76666666666667,0.995169188857885,-0.098174770424681,0.,           3359P   4170
-4.74363980022259,0.098174770424681,0.995169188857885,              3359P   4171
6.12323399573677E-017,-0.467966405690979;                           3359P   4172
100,0.,4.766666667,0.,14.766666667,0.,13.083122353,5.553068055;     3361P   4173
126,1,1,1,0,1,0,0.,0.,1.,1.,1.,1.,0.185103877,0.883825993,0.,       3363P   4174
0.195688303,0.873241568,0.,0.,1.,0.,0.,1.;                          3363P   4175
110,4.766666667,7.731109278,6.34270836,4.766666667,7.517915409,     3365P   4176
6.129514491;                                                        3365P   4177
126,2,2,1,0,1,0,0.,0.,0.,1.,1.,1.,1.,1.,1.,0.195688303,             3367P   4178
0.873241568,0.,0.157717129,0.842282871,0.,0.126758432,              3367P   4179
0.804311697,0.,0.,1.,0.,0.,-1.;                                     3367P   4180
124,-3.86932489791757E-017,-4.74576857852357E-017,1.,               3369P   4181
4.76666666666667,0.775042825707422,-0.631908710431701,0.,           3369P   4182
-3.69437080253871,0.631908710431701,0.775042825707422,              3369P   4183
6.12323399573677E-017,-3.01209818639111;                            3369P   4184
100,0.,4.766666667,0.,14.466666667,0.,14.26793913,1.953412805;      3371P   4185
126,1,1,1,0,1,0,0.,0.,1.,1.,1.,1.,0.126758432,0.804311697,0.,       3373P   4186
0.382329351,0.548740779,0.,0.,1.,0.,0.,1.;                          3373P   4187
110,4.766666667,6.129514491,7.517915409,4.766666667,                3375P   4188
0.981747704,2.370148622;                                            3375P   4189
126,1,1,1,0,1,0,0.,0.,1.,1.,1.,1.,0.382329351,0.548740779,0.,       3377P   4190
0.020897491,0.548740779,0.,0.,1.,0.,0.,1.;                          3377P   4191
110,4.766666667,0.981747704,2.370148622,4.766666667,                3379P   4192
0.981747704,9.650190228;                                            3379P   4193
126,2,2,1,0,1,0,0.,0.,0.,1.,1.,1.,1.,1.,1.,0.020897491,             3381P   4194
0.548740779,0.,0.015938921,0.5,0.,0.020897491,0.451259221,0.,       3381P   4195
0.,1.,0.,0.,-1.;                                                    3381P   4196
124,-6.09179101774752E-017,-6.19739269884593E-018,1.,               3383P   4197
4.76666666666667,0.101211103530598,-0.994864972004804,0.,           3383P   4198
-0.482439593495852,0.994864972004804,0.101211103530598,             3383P   4199
6.12323399573677E-017,-4.74218969988956;                            3383P   4200
100,0.,4.766666667,0.,14.466666667,0.,14.26793913,1.953412805;      3385P   4201
126,1,1,1,0,1,0,0.,0.,1.,1.,1.,1.,0.020897491,0.451259221,0.,       3387P   4202
0.005928854,0.451259221,0.,0.,1.,0.,0.,1.;                          3387P   4203
110,4.766666667,-0.981747704,9.650190228,4.766666667,               3389P   4204
-0.981747704,9.951691889;                                           3389P   4205
126,8,2,1,0,1,0,0.,0.,0.,0.25,0.25,0.5,0.5,0.75,0.75,1.,1.,1.,      3391P   4206
1.,1.,1.,1.,1.,1.,1.,1.,1.,0.005928854,0.451259221,0.,              3391P   4207
0.009522249,0.414834015,0.,0.018418627,0.379329612,0.,              3391P   4208
0.027315005,0.34382521,0.,0.041321994,0.310009349,0.,               3391P   4209
0.055328982,0.276193488,0.,0.074143696,0.244797395,0.,              3391P   4210
0.092958411,0.213401302,0.,0.116174007,0.185103877,0.,0.,1.,0.,     3391P   4211
0.,-1.;                                                             3391P   4212
124,-6.09365380872438E-017,6.01147091788137E-018,1.,                3393P   4213
4.76666666666667,-0.0981747704246937,-0.995169188857884,0.,         3393P   4214
0.46796640569104,0.995169188857884,-0.0981747704246937,             3393P   4215
6.12323399573677E-017,-4.74363980022258;                            3393P   4216
100,0.,4.766666667,0.,14.766666667,0.,13.083122353,5.553068055;     3395P   4217
126,1,1,1,0,1,0,0.,0.,1.,1.,1.,1.,0.116174007,0.185103877,0.,       3397P   4218
0.126758432,0.195688303,0.,0.,1.,0.,0.,1.;                          3397P   4219
110,4.766666667,-6.34270836,7.731109278,4.766666667,                3399P   4220
-6.129514491,7.517915409;                                           3399P   4221
126,2,2,1,0,1,0,0.,0.,0.,1.,1.,1.,1.,1.,1.,0.126758432,             3401P   4222
0.195688303,0.,0.157717129,0.157717129,0.,0.195688303,              3401P   4223
0.126758432,0.,0.,1.,0.,0.,-1.;                                     3401P   4224
124,-4.74576857852352E-017,3.86932489791764E-017,1.,                3403P   4225
4.76666666666667,-0.631908710431711,-0.775042825707413,0.,          3403P   4226
3.01209818639116,0.775042825707413,-0.631908710431711,              3403P   4227
6.12323399573677E-017,-3.69437080253867;                            3403P   4228
100,0.,4.766666667,0.,14.466666667,0.,14.26793913,1.953412805;      3405P   4229
126,1,1,1,0,1,0,0.,0.,1.,1.,1.,1.,0.195688303,0.126758432,0.,       3407P   4230
0.451259221,0.382329351,0.,0.,1.,0.,0.,1.;                          3407P   4231
110,4.766666667,-7.517915409,6.129514491,4.766666667,               3409P   4232
-2.370148622,0.981747704;                                           3409P   4233
126,1,1,1,0,1,0,0.,0.,1.,1.,1.,1.,0.451259221,0.382329351,0.,       3411P   4234
0.451259221,0.020897491,0.,0.,1.,0.,0.,1.;                          3411P   4235
110,4.766666667,-2.370148622,0.981747704,4.766666667,               3413P   4236
-9.650190228,0.981747704;                                           3413P   4237
126,2,2,1,0,1,0,0.,0.,0.,1.,1.,1.,1.,1.,1.,0.451259221,             3415P   4238
0.020897491,0.,0.5,0.015938921,0.,0.548740779,0.020897491,0.,       3415P   4239
0.,1.,0.,0.,-1.;                                                    3415P   4240
124,-6.19739269884512E-018,6.09179101774753E-017,1.,                3417P   4241
4.76666666666667,-0.994864972004805,-0.101211103530585,0.,          3417P   4242
4.74218969988957,0.101211103530585,-0.994864972004805,              3417P   4243
6.12323399573677E-017,-0.482439593495789;                           3417P   4244
100,0.,4.766666667,0.,14.466666667,0.,14.26793913,1.953412805;      3419P   4245
126,1,1,1,0,1,0,0.,0.,1.,1.,1.,1.,0.548740779,0.020897491,0.,       3421P   4246
0.548740779,0.005928854,0.,0.,1.,0.,0.,1.;                          3421P   4247
110,4.766666667,-9.650190228,-0.981747704,4.766666667,              3423P   4248
-9.951691889,-0.981747704;                                          3423P   4249
126,8,2,1,0,1,0,0.,0.,0.,0.25,0.25,0.5,0.5,0.75,0.75,1.,1.,1.,      3425P   4250
1.,1.,1.,1.,1.,1.,1.,1.,1.,0.548740779,0.005928854,0.,              3425P   4251
0.585165985,0.009522249,0.,0.620670388,0.018418627,0.,              3425P   4252
0.65617479,0.027315005,0.,0.689990651,0.041321994,0.,               3425P   4253
0.723806512,0.055328982,0.,0.755202605,0.074143696,0.,              3425P   4254
0.786598698,0.092958411,0.,0.814896123,0.116174007,0.,0.,1.,0.,     3425P   4255
0.,-1.;                                                             3425P   4256
124,6.01147091788142E-018,6.09365380872438E-017,1.,                 3427P   4257
4.76666666666667,-0.995169188857884,0.0981747704246946,0.,          3427P   4258
4.74363980022258,-0.0981747704246946,-0.995169188857884,            3427P   4259
6.12323399573677E-017,0.467966405691044;                            3427P   4260
100,0.,4.766666667,0.,14.766666667,0.,13.083122353,5.553068055;     3429P   4261
126,1,1,1,0,1,0,0.,0.,1.,1.,1.,1.,0.814896123,0.116174007,0.,       3431P   4262
0.804311697,0.126758432,0.,0.,1.,0.,0.,1.;                          3431P   4263
110,4.766666667,-7.731109278,-6.34270836,4.766666667,               3433P   4264
-7.517915409,-6.129514491;                                          3433P   4265
126,2,2,1,0,1,0,0.,0.,0.,1.,1.,1.,1.,1.,1.,0.804311697,             3435P   4266
0.126758432,0.,0.842282871,0.157717129,0.,0.873241568,              3435P   4267
0.195688303,0.,0.,1.,0.,0.,-1.;                                     3435P   4268
124,3.86932489791764E-017,4.74576857852351E-017,1.,                 3437P   4269
4.76666666666667,-0.775042825707413,0.631908710431712,0.,           3437P   4270
3.69437080253867,-0.631908710431712,-0.775042825707413,             3437P   4271
6.12323399573677E-017,3.01209818639116;                             3437P   4272
100,0.,4.766666667,0.,14.466666667,0.,14.26793913,1.953412805;      3439P   4273
126,1,1,1,0,1,0,0.,0.,1.,1.,1.,1.,0.873241568,0.195688303,0.,       3441P   4274
0.617670649,0.451259221,0.,0.,1.,0.,0.,1.;                          3441P   4275
110,4.766666667,-6.129514491,-7.517915409,4.766666667,              3443P   4276
-0.981747704,-2.370148622;                                          3443P   4277
126,1,1,1,0,1,0,0.,0.,1.,1.,1.,1.,0.617670649,0.451259221,0.,       3445P   4278
0.979102509,0.451259221,0.,0.,1.,0.,0.,1.;                          3445P   4279
110,4.766666667,-0.981747704,-2.370148622,4.766666667,              3447P   4280
-0.981747704,-9.650190228;                                          3447P   4281
102,29,3307,3313,3319,3323,3329,3333,3339,3343,3347,3353,3357,      3449P   4282
3363,3367,3373,3377,3381,3387,3391,3397,3401,3407,3411,3415,        3449P   4283
3421,3425,3431,3435,3441,3445;                                      3449P   4284
102,29,3311,3317,3321,3327,3331,3337,3341,3345,3351,3355,3361,      3451P   4285
3365,3371,3375,3379,3385,3389,3395,3399,3405,3409,3413,3419,        3451P   4286
3423,3429,3433,3439,3443,3447;                                      3451P   4287
142,1,3305,3449,3451,1;                                             3453P   4288
126,32,2,1,0,1,0,0.,0.,0.,0.0625,0.0625,0.125,0.125,0.1875,         3455P   4289
0.1875,0.25,0.25,0.3125,0.3125,0.375,0.375,0.4375,0.4375,0.5,       3455P   4290
0.5,0.5625,0.5625,0.625,0.625,0.6875,0.6875,0.75,0.75,0.8125,       3455P   4291
0.8125,0.875,0.875,0.9375,0.9375,1.,1.,1.,1.,1.,1.,1.,1.,1.,1.,     3455P   4292
1.,1.,1.,1.,1.,1.,1.,1.,1.,1.,1.,1.,1.,1.,1.,1.,1.,1.,1.,1.,1.,     3455P   4293
1.,1.,1.,1.,1.,0.375882626,0.5,0.,0.375882626,0.512224494,0.,       3455P   4294
0.378267506,0.524214098,0.,0.380652387,0.536203703,0.,              3455P   4295
0.385330498,0.547497663,0.,0.39000861,0.558791623,0.,               3455P   4296
0.396800175,0.568955918,0.,0.40359174,0.579120214,0.,               3455P   4297
0.412235763,0.587764237,0.,0.420879786,0.59640826,0.,               3455P   4298
0.431044082,0.603199825,0.,0.441208377,0.60999139,0.,               3455P   4299
0.452502337,0.614669502,0.,0.463796297,0.619347613,0.,              3455P   4300
0.475785902,0.621732494,0.,0.487775506,0.624117374,0.,0.5,          3455P   4301
0.624117374,0.,0.512224494,0.624117374,0.,0.524214098,              3455P   4302
0.621732494,0.,0.536203703,0.619347613,0.,0.547497663,              3455P   4303
0.614669502,0.,0.558791623,0.60999139,0.,0.568955918,               3455P   4304
0.603199825,0.,0.579120214,0.59640826,0.,0.587764237,               3455P   4305
0.587764237,0.,0.59640826,0.579120214,0.,0.603199825,               3455P   4306
0.568955918,0.,0.60999139,0.558791623,0.,0.614669502,               3455P   4307
0.547497663,0.,0.619347613,0.536203703,0.,0.621732494,              3455P   4308
0.524214098,0.,0.624117374,0.512224494,0.,0.624117374,0.5,0.,       3455P   4309
0.,1.,0.,0.,1.;                                                     3455P   4310
124,6.12323399573677E-017,0.,-1.,4.76666666666667,0.,1.,0.,0.,      3457P   4311
1.,0.,6.12323399573677E-017,-4.76666666666667;                      3457P   4312
100,0.,4.766666667,0.,7.266666667,0.,2.266666667,0.;                3459P   4313
126,32,2,1,0,1,0,0.,0.,0.,0.0625,0.0625,0.125,0.125,0.1875,         3461P   4314
0.1875,0.25,0.25,0.3125,0.3125,0.375,0.375,0.4375,0.4375,0.5,       3461P   4315
0.5,0.5625,0.5625,0.625,0.625,0.6875,0.6875,0.75,0.75,0.8125,       3461P   4316
0.8125,0.875,0.875,0.9375,0.9375,1.,1.,1.,1.,1.,1.,1.,1.,1.,1.,     3461P   4317
1.,1.,1.,1.,1.,1.,1.,1.,1.,1.,1.,1.,1.,1.,1.,1.,1.,1.,1.,1.,1.,     3461P   4318
1.,1.,1.,1.,1.,0.624117374,0.5,0.,0.624117374,0.487775506,0.,       3461P   4319
0.621732494,0.475785902,0.,0.619347613,0.463796297,0.,              3461P   4320
0.614669502,0.452502337,0.,0.60999139,0.441208377,0.,               3461P   4321
0.603199825,0.431044082,0.,0.59640826,0.420879786,0.,               3461P   4322
0.587764237,0.412235763,0.,0.579120214,0.40359174,0.,               3461P   4323
0.568955918,0.396800175,0.,0.558791623,0.39000861,0.,               3461P   4324
0.547497663,0.385330498,0.,0.536203703,0.380652387,0.,              3461P   4325
0.524214098,0.378267506,0.,0.512224494,0.375882626,0.,0.5,          3461P   4326
0.375882626,0.,0.487775506,0.375882626,0.,0.475785902,              3461P   4327
0.378267506,0.,0.463796297,0.380652387,0.,0.452502337,              3461P   4328
0.385330498,0.,0.441208377,0.39000861,0.,0.431044082,               3461P   4329
0.396800175,0.,0.420879786,0.40359174,0.,0.412235763,               3461P   4330
0.412235763,0.,0.40359174,0.420879786,0.,0.396800175,               3461P   4331
0.431044082,0.,0.39000861,0.441208377,0.,0.385330498,               3461P   4332
0.452502337,0.,0.380652387,0.463796297,0.,0.378267506,              3461P   4333
0.475785902,0.,0.375882626,0.487775506,0.,0.375882626,0.5,0.,       3461P   4334
0.,1.,0.,0.,1.;                                                     3461P   4335
124,-6.12323399573677E-017,4.27583144589696E-031,-1.,               3463P   4336
4.76666666666667,-6.98296267768627E-015,-1.,0.,                     3463P   4337
3.32854554303045E-014,-1.,6.98296267768627E-015,                    3463P   4338
6.12323399573677E-017,4.76666666666667;                             3463P   4339
100,0.,4.766666667,0.,7.266666667,0.,2.266666667,0.;                3465P   4340
102,2,3455,3461;                                                    3467P   4341
102,2,3459,3465;                                                    3469P   4342
142,1,3305,3467,3469,1;                                             3471P   4343
144,3305,1,1,3453,3471;                                             3473P   4344
308,0,34HJC20C 4 - 4^JC20C 4 - 4_¾î¼Àºí¸®40,78,37,73,107,139,       3475P   4345
173,203,237,299,333,365,399,453,551,633,741,839,873,907,955,        3475P   4346
989,1023,1057,1091,1125,1159,1193,1227,1261,1295,1329,1363,         3475P   4347
1397,1431,1495,1547,1595,1631,1665,1699,1739,1805,1837,1881,        3475P   4348
1915,2011,2107,2159,2207,2237,2265,2295,2325,2351,2381,2411,        3475P   4349
2437,2471,2513,2565,2591,2621,2647,2677,2707,2741,2773,2807,        3475P   4350
2977,3013,3049,3085,3121,3157,3193,3229,3265,3301,3473;             3475P   4351
124,1.,0.,0.,-10.4859332750713,0.,1.,0.,3.3333729216152,0.,0.,      3477P   4352
1.,0.;                                                              3477P   4353
408,3475,0.,0.,0.,1.;                                               3479P   4354
S      1G      4D   3480P   4354                                        T      1
