  0
SECTION
  2
HEADER
  9
$ACADVER
  1
AC1015
  9
$ACADMAINTVER
 70
     6
  9
$DWGCODEPAGE
  3
ANSI_949
  9
$INSBASE
 10
0.0
 20
0.0
 30
0.0
  9
$EXTMIN
 10
0.0
 20
0.0
 30
0.0
  9
$EXTMAX
 10
210.0
 20
297.0
 30
0.0
  9
$LIMMIN
 10
0.0
 20
0.0
  9
$LIMMAX
 10
210.0
 20
297.0
  9
$ORTHOMODE
 70
     0
  9
$REGENMODE
 70
     1
  9
$FILLMODE
 70
     1
  9
$QTEXTMODE
 70
     0
  9
$MIRRTEXT
 70
     1
  9
$LTSCALE
 40
1.0
  9
$ATTMODE
 70
     1
  9
$TEXTSIZE
 40
3.5
  9
$TRACEWID
 40
1.0
  9
$TEXTSTYLE
  7
Standard
  9
$CLAYER
  8
0
  9
$CELTYPE
  6
ByLayer
  9
$CECOLOR
 62
   256
  9
$CELTSCALE
 40
1.0
  9
$DISPSILH
 70
     0
  9
$DIMSCALE
 40
1.0
  9
$DIMASZ
 40
3.302
  9
$DIMEXO
 40
1.0
  9
$DIMDLI
 40
3.75
  9
$DIMRND
 40
0.0
  9
$DIMDLE
 40
0.0
  9
$DIMEXE
 40
1.0
  9
$DIMTP
 40
0.0
  9
$DIMTM
 40
0.0
  9
$DIMTXT
 40
3.5
  9
$DIMCEN
 40
2.5
  9
$DIMTSZ
 40
0.0
  9
$DIMTOL
 70
     0
  9
$DIMLIM
 70
     0
  9
$DIMTIH
 70
     1
  9
$DIMTOH
 70
     1
  9
$DIMSE1
 70
     0
  9
$DIMSE2
 70
     0
  9
$DIMTAD
 70
     1
  9
$DIMZIN
 70
     1
  9
$DIMBLK
  1

  9
$DIMASO
 70
     1
  9
$DIMSHO
 70
     1
  9
$DIMPOST
  1

  9
$DIMAPOST
  1

  9
$DIMALT
 70
     0
  9
$DIMALTD
 70
     3
  9
$DIMALTF
 40
0.0393700787
  9
$DIMLFAC
 40
10.0
  9
$DIMTOFL
 70
     1
  9
$DIMTVP
 40
0.0
  9
$DIMTIX
 70
     0
  9
$DIMSOXD
 70
     0
  9
$DIMSAH
 70
     0
  9
$DIMBLK1
  1

  9
$DIMBLK2
  1

  9
$DIMSTYLE
  2
ISO-25
  9
$DIMCLRD
 70
     0
  9
$DIMCLRE
 70
     0
  9
$DIMCLRT
 70
     0
  9
$DIMTFAC
 40
1.0
  9
$DIMGAP
 40
1.524
  9
$DIMJUST
 70
     0
  9
$DIMSD1
 70
     0
  9
$DIMSD2
 70
     0
  9
$DIMTOLJ
 70
     0
  9
$DIMTZIN
 70
     1
  9
$DIMALTZ
 70
     0
  9
$DIMALTTZ
 70
     0
  9
$DIMUPT
 70
     0
  9
$DIMDEC
 70
     2
  9
$DIMTDEC
 70
     2
  9
$DIMALTU
 70
     2
  9
$DIMALTTD
 70
     3
  9
$DIMTXSTY
  7
Standard
  9
$DIMAUNIT
 70
     0
  9
$DIMADEC
 70
     2
  9
$DIMALTRND
 40
0.0
  9
$DIMAZIN
 70
     0
  9
$DIMDSEP
 70
    44
  9
$DIMATFIT
 70
     3
  9
$DIMFRAC
 70
     0
  9
$DIMLDRBLK
  1

  9
$DIMLUNIT
 70
     2
  9
$DIMLWD
 70
    -2
  9
$DIMLWE
 70
    -2
  9
$DIMTMOVE
 70
     0
  9
$LUNITS
 70
     2
  9
$LUPREC
 70
     2
  9
$SKETCHINC
 40
1.0
  9
$FILLETRAD
 40
0.0
  9
$AUNITS
 70
     0
  9
$AUPREC
 70
     2
  9
$MENU
  1
.
  9
$ELEVATION
 40
0.0
  9
$PELEVATION
 40
0.0
  9
$THICKNESS
 40
0.0
  9
$LIMCHECK
 70
     0
  9
$CHAMFERA
 40
0.0
  9
$CHAMFERB
 40
0.0
  9
$CHAMFERC
 40
0.0
  9
$CHAMFERD
 40
0.0
  9
$SKPOLY
 70
     0
  9
$TDCREATE
 40
2460463.170542929
  9
$TDUCREATE
 40
2460462.795542929
  9
$TDUPDATE
 40
2460463.170546297
  9
$TDUUPDATE
 40
2460462.795546297
  9
$TDINDWG
 40
0.0000000116
  9
$TDUSRTIMER
 40
0.0000000116
  9
$USRTIMER
 70
     1
  9
$ANGBASE
 50
0.0
  9
$ANGDIR
 70
     0
  9
$PDMODE
 70
     0
  9
$PDSIZE
 40
-1.0
  9
$PLINEWID
 40
0.0
  9
$SPLFRAME
 70
     0
  9
$SPLINETYPE
 70
     6
  9
$SPLINESEGS
 70
     8
  9
$HANDSEED
  5
DFA
  9
$SURFTAB1
 70
     6
  9
$SURFTAB2
 70
     6
  9
$SURFTYPE
 70
     6
  9
$SURFU
 70
     6
  9
$SURFV
 70
     6
  9
$UCSBASE
  2

  9
$UCSNAME
  2

  9
$UCSORG
 10
0.0
 20
0.0
 30
0.0
  9
$UCSXDIR
 10
1.0
 20
0.0
 30
0.0
  9
$UCSYDIR
 10
0.0
 20
1.0
 30
0.0
  9
$UCSORTHOREF
  2

  9
$UCSORTHOVIEW
 70
     0
  9
$UCSORGTOP
 10
0.0
 20
0.0
 30
0.0
  9
$UCSORGBOTTOM
 10
0.0
 20
0.0
 30
0.0
  9
$UCSORGLEFT
 10
0.0
 20
0.0
 30
0.0
  9
$UCSORGRIGHT
 10
0.0
 20
0.0
 30
0.0
  9
$UCSORGFRONT
 10
0.0
 20
0.0
 30
0.0
  9
$UCSORGBACK
 10
0.0
 20
0.0
 30
0.0
  9
$PUCSBASE
  2

  9
$PUCSNAME
  2

  9
$PUCSORG
 10
0.0
 20
0.0
 30
0.0
  9
$PUCSXDIR
 10
1.0
 20
0.0
 30
0.0
  9
$PUCSYDIR
 10
0.0
 20
1.0
 30
0.0
  9
$PUCSORTHOREF
  2

  9
$PUCSORTHOVIEW
 70
     0
  9
$PUCSORGTOP
 10
0.0
 20
0.0
 30
0.0
  9
$PUCSORGBOTTOM
 10
0.0
 20
0.0
 30
0.0
  9
$PUCSORGLEFT
 10
0.0
 20
0.0
 30
0.0
  9
$PUCSORGRIGHT
 10
0.0
 20
0.0
 30
0.0
  9
$PUCSORGFRONT
 10
0.0
 20
0.0
 30
0.0
  9
$PUCSORGBACK
 10
0.0
 20
0.0
 30
0.0
  9
$USERI1
 70
     0
  9
$USERI2
 70
     0
  9
$USERI3
 70
     0
  9
$USERI4
 70
     0
  9
$USERI5
 70
     0
  9
$USERR1
 40
0.0
  9
$USERR2
 40
0.0
  9
$USERR3
 40
0.0
  9
$USERR4
 40
0.0
  9
$USERR5
 40
0.0
  9
$WORLDVIEW
 70
     1
  9
$SHADEDGE
 70
     3
  9
$SHADEDIF
 70
    70
  9
$TILEMODE
 70
     1
  9
$MAXACTVP
 70
    64
  9
$PINSBASE
 10
0.0
 20
0.0
 30
0.0
  9
$PLIMCHECK
 70
     0
  9
$PEXTMIN
 10
1.0000000000E+20
 20
1.0000000000E+20
 30
1.0000000000E+20
  9
$PEXTMAX
 10
-1.0000000000E+20
 20
-1.0000000000E+20
 30
-1.0000000000E+20
  9
$PLIMMIN
 10
0.0
 20
0.0
  9
$PLIMMAX
 10
420.0
 20
297.0
  9
$UNITMODE
 70
     0
  9
$VISRETAIN
 70
     1
  9
$PLINEGEN
 70
     0
  9
$PSLTSCALE
 70
     1
  9
$TREEDEPTH
 70
  3020
  9
$CMLSTYLE
  2
Standard
  9
$CMLJUST
 70
     0
  9
$CMLSCALE
 40
20.0
  9
$PROXYGRAPHICS
 70
     1
  9
$MEASUREMENT
 70
     1
  9
$CELWEIGHT
370
    -1
  9
$ENDCAPS
280
     0
  9
$JOINSTYLE
280
     0
  9
$LWDISPLAY
290
     1
  9
$INSUNITS
 70
     4
  9
$HYPERLINKBASE
  1

  9
$STYLESHEET
  1

  9
$XEDIT
290
     1
  9
$CEPSNTYPE
380
     0
  9
$PSTYLEMODE
290
     1
  9
$FINGERPRINTGUID
  2
{254b6703-7c23-4134-a717-1482a9b72b2e}
  9
$VERSIONGUID
  2
{FAEB1C32-E019-11D5-929B-00C0DF256EC4}
  9
$EXTNAMES
290
     1
  9
$PSVPSCALE
 40
0.0
  9
$OLESTARTUP
290
     0
  0
ENDSEC
  0
SECTION
  2
CLASSES
  0
CLASS
  1
ACDBDICTIONARYWDFLT
  2
AcDbDictionaryWithDefault
  3
ObjectDBX Classes
 90
        0
280
     0
281
     0
  0
CLASS
  1
VISUALSTYLE
  2
AcDbVisualStyle
  3
ObjectDBX Classes
 90
     4095
280
     0
281
     0
  0
CLASS
  1
MATERIAL
  2
AcDbMaterial
  3
ObjectDBX Classes
 90
     1153
280
     0
281
     0
  0
CLASS
  1
SCALE
  2
AcDbScale
  3
ObjectDBX Classes
 90
     1153
280
     0
281
     0
  0
CLASS
  1
TABLESTYLE
  2
AcDbTableStyle
  3
ObjectDBX Classes
 90
     4095
280
     0
281
     0
  0
CLASS
  1
MLEADERSTYLE
  2
AcDbMLeaderStyle
  3
ACDB_MLEADERSTYLE_CLASS
 90
     4095
280
     0
281
     0
  0
CLASS
  1
SUN
  2
AcDbSun
  3
SCENEOE
 90
     1153
280
     0
281
     0
  0
CLASS
  1
ACDBPLACEHOLDER
  2
AcDbPlaceHolder
  3
ObjectDBX Classes
 90
        0
280
     0
281
     0
  0
CLASS
  1
LAYOUT
  2
AcDbLayout
  3
ObjectDBX Classes
 90
        0
280
     0
281
     0
  0
ENDSEC
  0
SECTION
  2
TABLES
  0
TABLE
  2
VPORT
  5
8
330
0
100
AcDbSymbolTable
 70
     1
  0
VPORT
  5
29
330
8
100
AcDbSymbolTableRecord
100
AcDbViewportTableRecord
  2
*Active
 70
     0
 10
0.0
 20
0.0
 11
1.0
 21
1.0
 12
105.0
 22
148.5
 13
0.0
 23
0.0
 14
10.0
 24
10.0
 15
10.0
 25
10.0
 16
0.0
 26
0.0
 36
1.0
 17
0.0
 27
0.0
 37
0.0
 40
297.0
 41
0.7070707071
 42
50.0
 43
0.0
 44
0.0
 50
0.0
 51
0.0
 71
     0
 72
  2000
 73
     1
 74
     3
 75
     0
 76
     0
 77
     0
 78
     0
281
     0
 65
     1
110
0.0
120
0.0
130
0.0
111
1.0
121
0.0
131
0.0
112
0.0
122
1.0
132
0.0
 79
     0
146
0.0
  0
ENDTAB
  0
TABLE
  2
LTYPE
  5
5
330
0
100
AcDbSymbolTable
 70
     6
  0
LTYPE
  5
14
330
5
100
AcDbSymbolTableRecord
100
AcDbLinetypeTableRecord
  2
ByBlock
 70
     0
  3

 72
    65
 73
     0
 40
0.0
  0
LTYPE
  5
15
330
5
100
AcDbSymbolTableRecord
100
AcDbLinetypeTableRecord
  2
ByLayer
 70
     0
  3

 72
    65
 73
     0
 40
0.0
  0
LTYPE
  5
16
330
5
100
AcDbSymbolTableRecord
100
AcDbLinetypeTableRecord
  2
Continuous
 70
     0
  3
Solid line
 72
    65
 73
     0
 40
0.0
  0
LTYPE
  5
5E
330
5
100
AcDbSymbolTableRecord
100
AcDbLinetypeTableRecord
  2
HIDDEN
 70
     0
  3
Hidden __ __ __ __ __ __ __ __ __ __ __ __ __ __
 72
    65
 73
     2
 40
1.905
 49
1.27
 74
     0
 49
-0.635
 74
     0
  0
LTYPE
  5
5F
330
5
100
AcDbSymbolTableRecord
100
AcDbLinetypeTableRecord
  2
PHANTOM
 70
     0
  3
Phantom ______  __  __  ______  __  __  ______
 72
    65
 73
     6
 40
12.7
 49
6.35
 74
     0
 49
-1.27
 74
     0
 49
1.27
 74
     0
 49
-1.27
 74
     0
 49
1.27
 74
     0
 49
-1.27
 74
     0
  0
LTYPE
  5
60
330
5
100
AcDbSymbolTableRecord
100
AcDbLinetypeTableRecord
  2
CENTER
 70
     0
  3
Center ____ _ ____ _ ____ _ ____ _ ____ _ ____
 72
    65
 73
     4
 40
10.16
 49
6.35
 74
     0
 49
-1.27
 74
     0
 49
1.27
 74
     0
 49
-1.27
 74
     0
  0
LTYPE
  5
61
330
5
100
AcDbSymbolTableRecord
100
AcDbLinetypeTableRecord
  2
CENTERX2
 70
     0
  3
Center (2x) ________  __  ________  __  _____
 72
    65
 73
     4
 40
20.32
 49
12.7
 74
     0
 49
-2.54
 74
     0
 49
2.54
 74
     0
 49
-2.54
 74
     0
  0
LTYPE
  5
62
330
5
100
AcDbSymbolTableRecord
100
AcDbLinetypeTableRecord
  2
DOT2
 70
     0
  3
Dot (.5x) ........................................
 72
    65
 73
     2
 40
0.635
 49
0.0
 74
     0
 49
-0.635
 74
     0
  0
ENDTAB
  0
TABLE
  2
LAYER
  5
2
330
0
100
AcDbSymbolTable
 70
     2
  0
LAYER
  5
10
330
2
100
AcDbSymbolTableRecord
100
AcDbLayerTableRecord
  2
0
 70
     0
 62
     7
  6
Continuous
370
    -3
390
F
  0
LAYER
  5
63
330
2
100
AcDbSymbolTableRecord
100
AcDbLayerTableRecord
  2
FORMAT
 70
     0
 62
     7
  6
Continuous
370
    -3
390
F
  0
ENDTAB
  0
TABLE
  2
STYLE
  5
3
330
0
100
AcDbSymbolTable
 70
     7
  0
STYLE
  5
11
330
3
100
AcDbSymbolTableRecord
100
AcDbTextStyleTableRecord
  2
Standard
 70
     0
 40
0.0
 41
1.0
 50
0.0
 71
     0
 42
3.5
  3
txt
  4

  0
STYLE
  5
99
330
3
100
AcDbSymbolTableRecord
100
AcDbTextStyleTableRecord
  2
SLDTEXTSTYLE0
 70
     0
 40
0.0
 41
0.75
 50
0.0
 71
     0
 42
3.5
  3
TXT
  4

  0
STYLE
  5
AE
330
3
100
AcDbSymbolTableRecord
100
AcDbTextStyleTableRecord
  2
SLDTEXTSTYLE1
 70
     0
 40
0.0
 41
0.75
 50
0.0
 71
     0
 42
3.5
  3
TXT
  4
bigfont
  0
STYLE
  5
B4
330
3
100
AcDbSymbolTableRecord
100
AcDbTextStyleTableRecord
  2
SLDTEXTSTYLE2
 70
     0
 40
0.0
 41
0.6911764706
 50
0.0
 71
     0
 42
3.5
  3
TXT
  4
bigfont
  0
STYLE
  5
BD
330
3
100
AcDbSymbolTableRecord
100
AcDbTextStyleTableRecord
  2
SLDTEXTSTYLE3
 70
     0
 40
0.0
 41
0.6875
 50
0.0
 71
     0
 42
3.5
  3
TXT
  4
bigfont
  0
STYLE
  5
C7
330
3
100
AcDbSymbolTableRecord
100
AcDbTextStyleTableRecord
  2
SLDTEXTSTYLE4
 70
     0
 40
0.0
 41
0.7
 50
0.0
 71
     0
 42
3.5
  3
TXT
  4
bigfont
  0
STYLE
  5
CA
330
3
100
AcDbSymbolTableRecord
100
AcDbTextStyleTableRecord
  2
SLDTEXTSTYLE5
 70
     0
 40
0.0
 41
0.6666666667
 50
0.0
 71
     0
 42
3.5
  3
TXT
  4
bigfont
  0
ENDTAB
  0
TABLE
  2
VIEW
  5
6
330
0
100
AcDbSymbolTable
 70
     0
  0
ENDTAB
  0
TABLE
  2
UCS
  5
7
330
0
100
AcDbSymbolTable
 70
     0
  0
ENDTAB
  0
TABLE
  2
APPID
  5
9
330
0
100
AcDbSymbolTable
 70
     1
  0
APPID
  5
12
330
9
100
AcDbSymbolTableRecord
100
AcDbRegAppTableRecord
  2
ACAD
 70
     0
  0
ENDTAB
  0
TABLE
  2
DIMSTYLE
  5
A
330
0
100
AcDbSymbolTable
 70
     3
100
AcDbDimStyleTable
  0
DIMSTYLE
105
27
330
A
100
AcDbSymbolTableRecord
100
AcDbDimStyleTableRecord
  2
ISO-25
 70
     0
 41
2.5
 42
0.625
 43
3.75
 44
1.25
 73
     0
 74
     0
 77
     1
 78
     8
140
2.5
141
2.5
143
0.0393700787
147
0.625
171
     3
172
     1
178
     0
271
     2
272
     2
274
     3
278
    44
283
     0
284
     8
340
11
  0
DIMSTYLE
105
2C0
102
{ACAD_REACTORS
330
2BF
330
2CA
330
418
102
}
330
A
100
AcDbSymbolTableRecord
100
AcDbDimStyleTableRecord
  2
SLDDIMSTYLE0
 70
     0
 41
3.302
 44
0.0
 45
0.000000001
 73
     0
 74
     0
 77
     1
 78
     4
 79
     1
140
3.5
144
6.0
147
0.875
173
     1
178
     0
271
     2
272
     2
276
     2
284
    12
340
99
  0
DIMSTYLE
105
2D5
102
{ACAD_REACTORS
330
2D4
330
422
330
62E
102
}
330
A
100
AcDbSymbolTableRecord
100
AcDbDimStyleTableRecord
  2
SLDDIMSTYLE1
 70
     0
 41
3.302
 44
0.0
 45
0.000000001
 73
     0
 74
     0
 77
     1
 78
     4
 79
     1
140
3.5
144
6.0
147
0.875
172
     1
173
     1
178
     0
271
     2
272
     2
276
     2
284
    12
289
     0
340
99
  0
ENDTAB
  0
TABLE
  2
BLOCK_RECORD
  5
1
330
0
100
AcDbSymbolTable
 70
     7
  0
BLOCK_RECORD
  5
1F
330
1
100
AcDbSymbolTableRecord
100
AcDbBlockTableRecord
  2
*Model_Space
340
22
  0
BLOCK_RECORD
  5
1B
330
1
100
AcDbSymbolTableRecord
100
AcDbBlockTableRecord
  2
*Paper_Space
340
1E
  0
BLOCK_RECORD
  5
23
330
1
100
AcDbSymbolTableRecord
100
AcDbBlockTableRecord
  2
*Paper_Space0
340
26
  0
BLOCK_RECORD
  5
2C1
330
1
100
AcDbSymbolTableRecord
100
AcDbBlockTableRecord
  2
_D
340
0
  0
BLOCK_RECORD
  5
2CB
330
1
100
AcDbSymbolTableRecord
100
AcDbBlockTableRecord
  2
_D_1
340
0
  0
BLOCK_RECORD
  5
2D6
330
1
100
AcDbSymbolTableRecord
100
AcDbBlockTableRecord
  2
_D_2
340
0
  0
BLOCK_RECORD
  5
419
330
1
100
AcDbSymbolTableRecord
100
AcDbBlockTableRecord
  2
_D_3
340
0
  0
BLOCK_RECORD
  5
423
330
1
100
AcDbSymbolTableRecord
100
AcDbBlockTableRecord
  2
_D_4
340
0
  0
BLOCK_RECORD
  5
62F
330
1
100
AcDbSymbolTableRecord
100
AcDbBlockTableRecord
  2
_D_5
340
0
  0
ENDTAB
  0
ENDSEC
  0
SECTION
  2
BLOCKS
  0
BLOCK
  5
20
330
1F
100
AcDbEntity
  8
0
100
AcDbBlockBegin
  2
*Model_Space
 70
     0
 10
0.0
 20
0.0
 30
0.0
  3
*Model_Space
  1

  0
ENDBLK
  5
21
330
1F
100
AcDbEntity
  8
0
100
AcDbBlockEnd
  0
BLOCK
  5
1C
330
1B
100
AcDbEntity
 67
     1
  8
0
100
AcDbBlockBegin
  2
*Paper_Space
 70
     0
 10
0.0
 20
0.0
 30
0.0
  3
*Paper_Space
  1

  0
ENDBLK
  5
1D
330
1B
100
AcDbEntity
 67
     1
  8
0
100
AcDbBlockEnd
  0
BLOCK
  5
24
330
23
100
AcDbEntity
  8
0
100
AcDbBlockBegin
  2
*Paper_Space0
 70
     0
 10
0.0
 20
0.0
 30
0.0
  3
*Paper_Space0
  1

  0
ENDBLK
  5
25
330
23
100
AcDbEntity
  8
0
100
AcDbBlockEnd
  0
BLOCK
  5
2C2
330
2C1
100
AcDbEntity
  8
0
100
AcDbBlockBegin
  2
_D
 70
     0
 10
0.0
 20
0.0
 30
0.0
  3
_D
  1

  0
SOLID
  5
2C4
330
2C1
100
AcDbEntity
  8
0
  6
Continuous
 62
     7
370
    18
100
AcDbTrace
 10
37.4487850998
 20
140.7140300123
 30
0.0
 11
40.7507850998
 21
140.2060300123
 31
0.0
 12
40.7507850998
 22
141.2220300123
 32
0.0
 13
40.7507850998
 23
141.2220300123
 33
0.0
  0
SOLID
  5
2C5
330
2C1
100
AcDbEntity
  8
0
  6
Continuous
 62
     7
370
    18
100
AcDbTrace
 10
79.1154517665
 20
140.7140300123
 30
0.0
 11
75.8134517665
 21
141.2220300123
 31
0.0
 12
75.8134517665
 22
140.2060300123
 32
0.0
 13
75.8134517665
 23
140.2060300123
 33
0.0
  0
LINE
  5
2C6
330
2C1
100
AcDbEntity
  8
0
  6
Continuous
 62
     7
370
     0
100
AcDbLine
 10
37.4487850998
 20
136.1172139549
 30
0.0
 11
37.4487850998
 21
141.7140300123
 31
0.0
  0
LINE
  5
2C7
330
2C1
100
AcDbEntity
  8
0
  6
Continuous
 62
     7
370
     0
100
AcDbLine
 10
79.1154517665
 20
136.1172139549
 30
0.0
 11
79.1154517665
 21
141.7140300123
 31
0.0
  0
LINE
  5
2C8
330
2C1
100
AcDbEntity
  8
0
  6
Continuous
 62
     7
370
     0
100
AcDbLine
 10
37.4487850998
 20
140.7140300123
 30
0.0
 11
79.1154517665
 21
140.7140300123
 31
0.0
  0
MTEXT
  5
2C9
330
2C1
100
AcDbEntity
  8
0
  6
Continuous
 62
     7
370
    18
100
AcDbMText
 10
51.6895844328
 20
145.2257669268
 30
0.0
 40
3.5
 41
0.0
 71
     1
 72
     1
  1
250.00
  7
SLDTEXTSTYLE0
 73
     1
 44
1.0
  0
ENDBLK
  5
2C3
330
2C1
100
AcDbEntity
  8
0
100
AcDbBlockEnd
  0
BLOCK
  5
2CC
330
2CB
100
AcDbEntity
  8
0
100
AcDbBlockBegin
  2
_D_1
 70
     0
 10
0.0
 20
0.0
 30
0.0
  3
_D_1
  1

  0
SOLID
  5
2CE
330
2CB
100
AcDbEntity
  8
0
  6
Continuous
 62
     7
370
    18
100
AcDbTrace
 10
16.9487850998
 20
92.2255472882
 30
0.0
 11
17.4567850998
 21
95.5275472882
 31
0.0
 12
16.4407850998
 22
95.5275472882
 32
0.0
 13
16.4407850998
 23
95.5275472882
 33
0.0
  0
SOLID
  5
2CF
330
2CB
100
AcDbEntity
  8
0
  6
Continuous
 62
     7
370
    18
100
AcDbTrace
 10
16.9487850998
 20
133.8922139549
 30
0.0
 11
16.4407850998
 21
130.5902139549
 31
0.0
 12
17.4567850998
 22
130.5902139549
 32
0.0
 13
17.4567850998
 23
130.5902139549
 33
0.0
  0
LINE
  5
2D0
330
2CB
100
AcDbEntity
  8
0
  6
Continuous
 62
     7
370
     0
100
AcDbLine
 10
35.2237850998
 20
92.2255472882
 30
0.0
 11
15.9487850998
 21
92.2255472882
 31
0.0
  0
LINE
  5
2D1
330
2CB
100
AcDbEntity
  8
0
  6
Continuous
 62
     7
370
     0
100
AcDbLine
 10
36.4487850998
 20
133.8922139549
 30
0.0
 11
15.9487850998
 21
133.8922139549
 31
0.0
  0
LINE
  5
2D2
330
2CB
100
AcDbEntity
  8
0
  6
Continuous
 62
     7
370
     0
100
AcDbLine
 10
16.9487850998
 20
92.2255472882
 30
0.0
 11
16.9487850998
 21
133.8922139549
 31
0.0
  0
MTEXT
  5
2D3
330
2CB
100
AcDbEntity
  8
0
  6
Continuous
 62
     7
370
    18
100
AcDbMText
 10
12.4370481852
 20
105.9470746647
 30
0.0
 40
3.5
 41
0.0
 71
     1
 72
     1
  1
250.00
  7
SLDTEXTSTYLE0
 11
-1.608122649676637E-16
 21
1.0
 31
0.0
 73
     1
 44
1.0
  0
ENDBLK
  5
2CD
330
2CB
100
AcDbEntity
  8
0
100
AcDbBlockEnd
  0
BLOCK
  5
2D7
330
2D6
100
AcDbEntity
  8
0
100
AcDbBlockBegin
  2
_D_2
 70
     0
 10
0.0
 20
0.0
 30
0.0
  3
_D_2
  1

  0
SOLID
  5
2D9
330
2D6
100
AcDbEntity
  8
0
  6
Continuous
 62
     7
370
    18
100
AcDbTrace
 10
27.4487850998
 20
93.5497413677
 30
0.0
 11
24.1467850998
 21
94.0577413677
 31
0.0
 12
24.1467850998
 22
93.0417413677
 32
0.0
 13
24.1467850998
 23
93.0417413677
 33
0.0
  0
SOLID
  5
2DA
330
2D6
100
AcDbEntity
  8
0
  6
Continuous
 62
     7
370
    18
100
AcDbTrace
 10
34.1154517665
 20
93.5497413677
 30
0.0
 11
37.4174517665
 21
93.0417413677
 31
0.0
 12
37.4174517665
 22
94.0577413677
 32
0.0
 13
37.4174517665
 23
94.0577413677
 33
0.0
  0
LINE
  5
2DB
330
2D6
100
AcDbEntity
  8
0
  6
Continuous
 62
     7
370
     0
100
AcDbLine
 10
27.4487850998
 20
96.2257130842
 30
0.0
 11
27.4487850998
 21
92.5497413677
 31
0.0
  0
LINE
  5
2DC
330
2D6
100
AcDbEntity
  8
0
  6
Continuous
 62
     7
370
     0
100
AcDbLine
 10
34.1154517665
 20
96.2257130842
 30
0.0
 11
34.1154517665
 21
92.5497413677
 31
0.0
  0
LINE
  5
2DD
330
2D6
100
AcDbEntity
  8
0
  6
Continuous
 62
     7
370
     0
100
AcDbLine
 10
27.4487850998
 20
93.5497413677
 30
0.0
 11
21.0987850998
 21
93.5497413677
 31
0.0
  0
LINE
  5
2DE
330
2D6
100
AcDbEntity
  8
0
  6
Continuous
 62
     7
370
     0
100
AcDbLine
 10
27.4487850998
 20
93.5497413677
 30
0.0
 11
34.1154517665
 21
93.5497413677
 31
0.0
  0
LINE
  5
2DF
330
2D6
100
AcDbEntity
  8
0
  6
Continuous
 62
     7
370
     0
100
AcDbLine
 10
34.1154517665
 20
93.5497413677
 30
0.0
 11
40.4654517665
 21
93.5497413677
 31
0.0
  0
MTEXT
  5
2E0
330
2D6
100
AcDbEntity
  8
0
  6
Continuous
 62
     7
370
    18
100
AcDbMText
 10
25.5026207291
 20
98.0614782823
 30
0.0
 40
3.5
 41
0.0
 71
     1
 72
     1
  1
40.00
  7
SLDTEXTSTYLE0
 73
     1
 44
1.0
  0
ENDBLK
  5
2D8
330
2D6
100
AcDbEntity
  8
0
100
AcDbBlockEnd
  0
BLOCK
  5
41A
330
419
100
AcDbEntity
  8
0
100
AcDbBlockBegin
  2
_D_3
 70
     0
 10
0.0
 20
0.0
 30
0.0
  3
_D_3
  1

  0
SOLID
  5
41C
330
419
100
AcDbEntity
  8
0
  6
Continuous
 62
     7
370
    18
100
AcDbTrace
 10
26.4490271045
 20
173.5114285714
 30
0.0
 11
26.9570271045
 21
176.8134285714
 31
0.0
 12
25.9410271045
 22
176.8134285714
 32
0.0
 13
25.9410271045
 23
176.8134285714
 33
0.0
  0
SOLID
  5
41D
330
419
100
AcDbEntity
  8
0
  6
Continuous
 62
     7
370
    18
100
AcDbTrace
 10
26.4490271045
 20
245.1780952381
 30
0.0
 11
25.9410271045
 21
241.8760952381
 31
0.0
 12
26.9570271045
 22
241.8760952381
 32
0.0
 13
26.9570271045
 23
241.8760952381
 33
0.0
  0
LINE
  5
41E
330
419
100
AcDbEntity
  8
0
  6
Continuous
 62
     7
370
     0
100
AcDbLine
 10
33.1154517665
 20
173.5114285714
 30
0.0
 11
25.4490271045
 21
173.5114285714
 31
0.0
  0
LINE
  5
41F
330
419
100
AcDbEntity
  8
0
  6
Continuous
 62
     7
370
     0
100
AcDbLine
 10
33.1154517665
 20
245.1780952381
 30
0.0
 11
25.4490271045
 21
245.1780952381
 31
0.0
  0
LINE
  5
420
330
419
100
AcDbEntity
  8
0
  6
Continuous
 62
     7
370
     0
100
AcDbLine
 10
26.4490271045
 20
173.5114285714
 30
0.0
 11
26.4490271045
 21
245.1780952381
 31
0.0
  0
MTEXT
  5
421
330
419
100
AcDbEntity
  8
0
  6
Continuous
 62
     7
370
    18
100
AcDbMText
 10
21.9372901899
 20
204.1537632675
 30
0.0
 40
3.5
 41
0.0
 71
     1
 72
     1
  1
430.00
  7
SLDTEXTSTYLE0
 11
6.123233995736766E-17
 21
1.0
 31
0.0
 73
     1
 44
1.0
  0
ENDBLK
  5
41B
330
419
100
AcDbEntity
  8
0
100
AcDbBlockEnd
  0
BLOCK
  5
424
330
423
100
AcDbEntity
  8
0
100
AcDbBlockBegin
  2
_D_4
 70
     0
 10
0.0
 20
0.0
 30
0.0
  3
_D_4
  1

  0
SOLID
  5
426
330
423
100
AcDbEntity
  8
0
  6
Continuous
 62
     7
370
    18
100
AcDbTrace
 10
72.6388469754
 20
176.8447619048
 30
0.0
 11
72.1308469754
 21
173.5427619048
 31
0.0
 12
73.1468469754
 22
173.5427619048
 32
0.0
 13
73.1468469754
 23
173.5427619048
 33
0.0
  0
SOLID
  5
427
330
423
100
AcDbEntity
  8
0
  6
Continuous
 62
     7
370
    18
100
AcDbTrace
 10
72.6388469754
 20
198.5114285714
 30
0.0
 11
73.1468469754
 21
201.8134285714
 31
0.0
 12
72.1308469754
 22
201.8134285714
 32
0.0
 13
72.1308469754
 23
201.8134285714
 33
0.0
  0
LINE
  5
428
330
423
100
AcDbEntity
  8
0
  6
Continuous
 62
     7
370
     0
100
AcDbLine
 10
66.4487850998
 20
176.8447619048
 30
0.0
 11
73.6388469754
 21
176.8447619048
 31
0.0
  0
LINE
  5
429
330
423
100
AcDbEntity
  8
0
  6
Continuous
 62
     7
370
     0
100
AcDbLine
 10
66.4487850998
 20
198.5114285714
 30
0.0
 11
73.6388469754
 21
198.5114285714
 31
0.0
  0
LINE
  5
42A
330
423
100
AcDbEntity
  8
0
  6
Continuous
 62
     7
370
     0
100
AcDbLine
 10
72.6388469754
 20
176.8447619048
 30
0.0
 11
72.6388469754
 21
170.4947619048
 31
0.0
  0
LINE
  5
42B
330
423
100
AcDbEntity
  8
0
  6
Continuous
 62
     7
370
     0
100
AcDbLine
 10
72.6388469754
 20
176.8447619048
 30
0.0
 11
72.6388469754
 21
198.5114285714
 31
0.0
  0
LINE
  5
42C
330
423
100
AcDbEntity
  8
0
  6
Continuous
 62
     7
370
     0
100
AcDbLine
 10
72.6388469754
 20
198.5114285714
 30
0.0
 11
72.6388469754
 21
204.8614285714
 31
0.0
  0
MTEXT
  5
42D
330
423
100
AcDbEntity
  8
0
  6
Continuous
 62
     7
370
    18
100
AcDbMText
 10
68.1271100608
 20
175.699275077
 30
0.0
 40
3.5
 41
0.0
 71
     1
 72
     1
  1
130.00
  7
SLDTEXTSTYLE0
 11
6.123233995736766E-17
 21
1.0
 31
0.0
 73
     1
 44
1.0
  0
ENDBLK
  5
425
330
423
100
AcDbEntity
  8
0
100
AcDbBlockEnd
  0
BLOCK
  5
630
330
62F
100
AcDbEntity
  8
0
100
AcDbBlockBegin
  2
_D_5
 70
     0
 10
0.0
 20
0.0
 30
0.0
  3
_D_5
  1

  0
SOLID
  5
632
330
62F
100
AcDbEntity
  8
0
  6
Continuous
 62
     7
370
    18
100
AcDbTrace
 10
147.742244898
 20
113.3391612751
 30
0.0
 11
151.044244898
 21
112.8311612751
 31
0.0
 12
151.044244898
 22
113.8471612751
 32
0.0
 13
151.044244898
 23
113.8471612751
 33
0.0
  0
SOLID
  5
633
330
62F
100
AcDbEntity
  8
0
  6
Continuous
 62
     7
370
    18
100
AcDbTrace
 10
143.5755782313
 20
113.3391612751
 30
0.0
 11
140.2735782313
 21
113.8471612751
 31
0.0
 12
140.2735782313
 22
112.8311612751
 32
0.0
 13
140.2735782313
 23
112.8311612751
 33
0.0
  0
LINE
  5
634
330
62F
100
AcDbEntity
  8
0
  6
Continuous
 62
     7
370
     0
100
AcDbLine
 10
147.742244898
 20
111.0922139549
 30
0.0
 11
147.742244898
 21
114.3391612751
 31
0.0
  0
LINE
  5
635
330
62F
100
AcDbEntity
  8
0
  6
Continuous
 62
     7
370
     0
100
AcDbLine
 10
143.5755782313
 20
111.0922139549
 30
0.0
 11
143.5755782313
 21
114.3391612751
 31
0.0
  0
LINE
  5
636
330
62F
100
AcDbEntity
  8
0
  6
Continuous
 62
     7
370
     0
100
AcDbLine
 10
147.742244898
 20
113.3391612751
 30
0.0
 11
155.2004325739
 21
113.3391612751
 31
0.0
  0
LINE
  5
637
330
62F
100
AcDbEntity
  8
0
  6
Continuous
 62
     7
370
     0
100
AcDbLine
 10
147.742244898
 20
113.3391612751
 30
0.0
 11
143.5755782313
 21
113.3391612751
 31
0.0
  0
LINE
  5
638
330
62F
100
AcDbEntity
  8
0
  6
Continuous
 62
     7
370
     0
100
AcDbLine
 10
143.5755782313
 20
113.3391612751
 30
0.0
 11
137.2255782313
 21
113.3391612751
 31
0.0
  0
MTEXT
  5
639
330
62F
100
AcDbEntity
  8
0
  6
Continuous
 62
     7
370
    18
100
AcDbMText
 10
143.5629320867
 20
117.8508981896
 30
0.0
 40
3.5
 41
0.0
 71
     1
 72
     1
  1
25.00
  7
SLDTEXTSTYLE0
 73
     1
 44
1.0
  0
ENDBLK
  5
631
330
62F
100
AcDbEntity
  8
0
100
AcDbBlockEnd
  0
ENDSEC
  0
SECTION
  2
ENTITIES
  0
LINE
  5
64
330
1F
100
AcDbEntity
  8
0
  6
Continuous
 62
     7
370
    50
100
AcDbLine
 10
20.0
 20
14.25
 30
0.0
 11
200.0
 21
14.25
 31
0.0
  0
LINE
  5
65
330
1F
100
AcDbEntity
  8
0
  6
Continuous
 62
     7
370
    50
100
AcDbLine
 10
200.0
 20
48.25
 30
0.0
 11
20.0
 21
48.25
 31
0.0
  0
LINE
  5
66
330
1F
100
AcDbEntity
  8
0
  6
Continuous
 62
     7
370
    50
100
AcDbLine
 10
20.0
 20
65.25
 30
0.0
 11
200.0
 21
65.25
 31
0.0
  0
LINE
  5
67
330
1F
100
AcDbEntity
  8
0
  6
Continuous
 62
     7
370
    50
100
AcDbLine
 10
46.9909524338
 20
48.25
 30
0.0
 11
46.9909524338
 21
10.0
 31
0.0
  0
LINE
  5
68
330
1F
100
AcDbEntity
  8
0
  6
Continuous
 62
     7
370
    50
100
AcDbLine
 10
118.8
 20
31.25
 30
0.0
 11
20.0
 21
31.25
 31
0.0
  0
LINE
  5
69
330
1F
100
AcDbEntity
  8
0
  6
Continuous
 62
     7
370
    50
100
AcDbLine
 10
118.8
 20
35.5
 30
0.0
 11
20.0
 21
35.5
 31
0.0
  0
LINE
  5
6A
330
1F
100
AcDbEntity
  8
0
  6
Continuous
 62
     7
370
    50
100
AcDbLine
 10
118.8
 20
39.75
 30
0.0
 11
20.0
 21
39.75
 31
0.0
  0
LINE
  5
6B
330
1F
100
AcDbEntity
  8
0
  6
Continuous
 62
     7
370
    50
100
AcDbLine
 10
118.8
 20
44.0
 30
0.0
 11
20.0
 21
44.0
 31
0.0
  0
LINE
  5
6C
330
1F
100
AcDbEntity
  8
0
  6
Continuous
 62
     7
370
    50
100
AcDbLine
 10
74.6
 20
10.0
 30
0.0
 11
74.6
 21
48.25
 31
0.0
  0
LINE
  5
6D
330
1F
100
AcDbEntity
  8
0
  6
Continuous
 62
     7
370
    50
100
AcDbLine
 10
20.0
 20
65.25
 30
0.0
 11
20.0
 21
10.0
 31
0.0
  0
LINE
  5
6E
330
1F
100
AcDbEntity
  8
0
  6
Continuous
 62
     7
370
    50
100
AcDbLine
 10
27.8
 20
48.25
 30
0.0
 11
27.8
 21
10.0
 31
0.0
  0
LINE
  5
6F
330
1F
100
AcDbEntity
  8
0
  6
Continuous
 62
     7
370
    50
100
AcDbLine
 10
53.8
 20
48.25
 30
0.0
 11
53.8
 21
65.25
 31
0.0
  0
LINE
  5
70
330
1F
100
AcDbEntity
  8
0
  6
Continuous
 62
     7
370
    50
100
AcDbLine
 10
64.3989261635
 20
48.25
 30
0.0
 11
64.3989261635
 21
10.0
 31
0.0
  0
LINE
  5
71
330
1F
100
AcDbEntity
  8
0
  6
Continuous
 62
     7
370
    50
100
AcDbLine
 10
85.0
 20
31.25
 30
0.0
 11
85.0
 21
48.25
 31
0.0
  0
LINE
  5
72
330
1F
100
AcDbEntity
  8
0
  6
Continuous
 62
     7
370
    50
100
AcDbLine
 10
74.6
 20
18.5
 30
0.0
 11
20.0
 21
18.5
 31
0.0
  0
LINE
  5
73
330
1F
100
AcDbEntity
  8
0
  6
Continuous
 62
     7
370
    50
100
AcDbLine
 10
100.6
 20
65.25
 30
0.0
 11
100.6
 21
27.0
 31
0.0
  0
LINE
  5
74
330
1F
100
AcDbEntity
  8
0
  6
Continuous
 62
     7
370
    50
100
AcDbLine
 10
74.6
 20
22.749928
 30
0.0
 11
20.0
 21
22.749928
 31
0.0
  0
LINE
  5
75
330
1F
100
AcDbEntity
  8
0
  6
Continuous
 62
     7
370
    50
100
AcDbLine
 10
74.6
 20
27.0
 30
0.0
 11
20.0
 21
27.0
 31
0.0
  0
LINE
  5
76
330
1F
100
AcDbEntity
  8
0
  6
Continuous
 62
     7
370
    50
100
AcDbLine
 10
74.6
 20
27.0
 30
0.0
 11
200.0
 21
27.0
 31
0.0
  0
LINE
  5
77
330
1F
100
AcDbEntity
  8
0
  6
Continuous
 62
     7
370
    50
100
AcDbLine
 10
118.8
 20
65.25
 30
0.0
 11
118.8
 21
10.0
 31
0.0
  0
LINE
  5
78
330
1F
100
AcDbEntity
  8
0
  6
Continuous
 62
     7
370
    50
100
AcDbLine
 10
163.0
 20
10.0
 30
0.0
 11
163.0
 21
14.25
 31
0.0
  0
LINE
  5
79
330
1F
100
AcDbEntity
  8
0
  6
Continuous
 62
     7
370
    50
100
AcDbLine
 10
170.8
 20
58.875
 30
0.0
 11
170.8
 21
65.25
 31
0.0
  0
LINE
  5
7A
330
1F
100
AcDbEntity
  8
0
  6
Continuous
 62
     7
370
    50
100
AcDbLine
 10
187.0
 20
14.25
 30
0.0
 11
187.0
 21
27.0
 31
0.0
  0
LINE
  5
7B
330
1F
100
AcDbEntity
  8
0
  6
Continuous
 62
     7
370
    50
100
AcDbLine
 10
200.0
 20
58.875
 30
0.0
 11
118.8
 21
58.875
 31
0.0
  0
LINE
  5
7C
330
1F
100
AcDbEntity
  8
0
  6
Continuous
 62
     7
370
    50
100
AcDbLine
 10
200.0
 20
18.5
 30
0.0
 11
187.0
 21
18.5
 31
0.0
  0
LINE
  5
7D
330
1F
100
AcDbEntity
  8
0
  6
Continuous
 62
     7
370
    70
100
AcDbLine
 10
20.0
 20
10.0
 30
0.0
 11
20.0
 21
287.0
 31
0.0
  0
LINE
  5
7E
330
1F
100
AcDbEntity
  8
0
  6
Continuous
 62
     7
370
    70
100
AcDbLine
 10
20.0
 20
287.0
 30
0.0
 11
200.0
 21
287.0
 31
0.0
  0
LINE
  5
7F
330
1F
100
AcDbEntity
  8
0
  6
Continuous
 62
     7
370
    70
100
AcDbLine
 10
200.0
 20
287.0
 30
0.0
 11
200.0
 21
10.0
 31
0.0
  0
LINE
  5
80
330
1F
100
AcDbEntity
  8
0
  6
Continuous
 62
     7
370
    70
100
AcDbLine
 10
200.0
 20
10.0
 30
0.0
 11
20.0
 21
10.0
 31
0.0
  0
LINE
  5
81
330
1F
100
AcDbEntity
  8
0
  6
Continuous
 62
     7
370
    70
100
AcDbLine
 10
15.0
 20
5.0
 30
0.0
 11
15.0
 21
292.0
 31
0.0
  0
LINE
  5
82
330
1F
100
AcDbEntity
  8
0
  6
Continuous
 62
     7
370
    70
100
AcDbLine
 10
15.0
 20
292.0
 30
0.0
 11
205.0
 21
292.0
 31
0.0
  0
LINE
  5
83
330
1F
100
AcDbEntity
  8
0
  6
Continuous
 62
     7
370
    70
100
AcDbLine
 10
205.0
 20
292.0
 30
0.0
 11
205.0
 21
5.0
 31
0.0
  0
LINE
  5
84
330
1F
100
AcDbEntity
  8
0
  6
Continuous
 62
     7
370
    70
100
AcDbLine
 10
205.0
 20
5.0
 30
0.0
 11
15.0
 21
5.0
 31
0.0
  0
LINE
  5
85
330
1F
100
AcDbEntity
  8
0
  6
Continuous
 62
     7
370
    35
100
AcDbLine
 10
15.0
 20
148.5
 30
0.0
 11
25.0
 21
148.5
 31
0.0
  0
LINE
  5
86
330
1F
100
AcDbEntity
  8
0
  6
Continuous
 62
     7
370
    35
100
AcDbLine
 10
110.0
 20
292.0
 30
0.0
 11
110.0
 21
282.0
 31
0.0
  0
LINE
  5
87
330
1F
100
AcDbEntity
  8
0
  6
Continuous
 62
     7
370
    35
100
AcDbLine
 10
205.0
 20
148.5
 30
0.0
 11
195.0
 21
148.5
 31
0.0
  0
LINE
  5
88
330
1F
100
AcDbEntity
  8
0
  6
Continuous
 62
     7
370
    35
100
AcDbLine
 10
110.0
 20
5.0
 30
0.0
 11
110.0
 21
15.0
 31
0.0
  0
LINE
  5
89
330
1F
100
AcDbEntity
  8
0
  6
Continuous
 62
     7
370
    35
100
AcDbLine
 10
20.0
 20
48.5
 30
0.0
 11
15.0
 21
48.5
 31
0.0
  0
LINE
  5
8A
330
1F
100
AcDbEntity
  8
0
  6
Continuous
 62
     7
370
    35
100
AcDbLine
 10
200.0
 20
48.5
 30
0.0
 11
205.0
 21
48.5
 31
0.0
  0
LINE
  5
8B
330
1F
100
AcDbEntity
  8
0
  6
Continuous
 62
     7
370
    35
100
AcDbLine
 10
20.0
 20
98.5
 30
0.0
 11
15.0
 21
98.5
 31
0.0
  0
LINE
  5
8C
330
1F
100
AcDbEntity
  8
0
  6
Continuous
 62
     7
370
    35
100
AcDbLine
 10
200.0
 20
98.5
 30
0.0
 11
205.0
 21
98.5
 31
0.0
  0
LINE
  5
8D
330
1F
100
AcDbEntity
  8
0
  6
Continuous
 62
     7
370
    35
100
AcDbLine
 10
20.0
 20
148.5
 30
0.0
 11
15.0
 21
148.5
 31
0.0
  0
LINE
  5
8E
330
1F
100
AcDbEntity
  8
0
  6
Continuous
 62
     7
370
    35
100
AcDbLine
 10
200.0
 20
148.5
 30
0.0
 11
205.0
 21
148.5
 31
0.0
  0
LINE
  5
8F
330
1F
100
AcDbEntity
  8
0
  6
Continuous
 62
     7
370
    35
100
AcDbLine
 10
20.0
 20
198.5
 30
0.0
 11
15.0
 21
198.5
 31
0.0
  0
LINE
  5
90
330
1F
100
AcDbEntity
  8
0
  6
Continuous
 62
     7
370
    35
100
AcDbLine
 10
200.0
 20
198.5
 30
0.0
 11
205.0
 21
198.5
 31
0.0
  0
LINE
  5
91
330
1F
100
AcDbEntity
  8
0
  6
Continuous
 62
     7
370
    35
100
AcDbLine
 10
20.0
 20
248.5
 30
0.0
 11
15.0
 21
248.5
 31
0.0
  0
LINE
  5
92
330
1F
100
AcDbEntity
  8
0
  6
Continuous
 62
     7
370
    35
100
AcDbLine
 10
200.0
 20
248.5
 30
0.0
 11
205.0
 21
248.5
 31
0.0
  0
LINE
  5
93
330
1F
100
AcDbEntity
  8
0
  6
Continuous
 62
     7
370
    35
100
AcDbLine
 10
60.0
 20
287.0
 30
0.0
 11
60.0
 21
292.0
 31
0.0
  0
LINE
  5
94
330
1F
100
AcDbEntity
  8
0
  6
Continuous
 62
     7
370
    35
100
AcDbLine
 10
60.0
 20
10.0
 30
0.0
 11
60.0
 21
5.0
 31
0.0
  0
LINE
  5
95
330
1F
100
AcDbEntity
  8
0
  6
Continuous
 62
     7
370
    35
100
AcDbLine
 10
110.0
 20
287.0
 30
0.0
 11
110.0
 21
292.0
 31
0.0
  0
LINE
  5
96
330
1F
100
AcDbEntity
  8
0
  6
Continuous
 62
     7
370
    35
100
AcDbLine
 10
110.0
 20
10.0
 30
0.0
 11
110.0
 21
5.0
 31
0.0
  0
LINE
  5
97
330
1F
100
AcDbEntity
  8
0
  6
Continuous
 62
     7
370
    35
100
AcDbLine
 10
160.0
 20
287.0
 30
0.0
 11
160.0
 21
292.0
 31
0.0
  0
LINE
  5
98
330
1F
100
AcDbEntity
  8
0
  6
Continuous
 62
     7
370
    35
100
AcDbLine
 10
160.0
 20
10.0
 30
0.0
 11
160.0
 21
5.0
 31
0.0
  0
MTEXT
  5
9A
330
1F
100
AcDbEntity
  8
0
  6
Continuous
 62
     7
370
     0
100
AcDbMText
 10
17.3396881428
 20
31.1922348906
 30
0.0
 40
3.96875
 41
0.0
 71
     2
 72
     1
  1
A
  7
SLDTEXTSTYLE0
 73
     1
 44
1.0
  0
MTEXT
  5
9B
330
1F
100
AcDbEntity
  8
0
  6
Continuous
 62
     7
370
     0
100
AcDbMText
 10
202.3396881428
 20
31.1922348906
 30
0.0
 40
3.96875
 41
0.0
 71
     2
 72
     1
  1
A
  7
SLDTEXTSTYLE0
 73
     1
 44
1.0
  0
MTEXT
  5
9C
330
1F
100
AcDbEntity
  8
0
  6
Continuous
 62
     7
370
     0
100
AcDbMText
 10
17.4706018241
 20
75.498924233
 30
0.0
 40
3.96875
 41
0.0
 71
     2
 72
     1
  1
B
  7
SLDTEXTSTYLE0
 73
     1
 44
1.0
  0
MTEXT
  5
9D
330
1F
100
AcDbEntity
  8
0
  6
Continuous
 62
     7
370
     0
100
AcDbMText
 10
202.4706018241
 20
75.498924233
 30
0.0
 40
3.96875
 41
0.0
 71
     2
 72
     1
  1
B
  7
SLDTEXTSTYLE0
 73
     1
 44
1.0
  0
MTEXT
  5
9E
330
1F
100
AcDbEntity
  8
0
  6
Continuous
 62
     7
370
     0
100
AcDbMText
 10
17.458658902
 20
125.498924233
 30
0.0
 40
3.96875
 41
0.0
 71
     2
 72
     1
  1
C
  7
SLDTEXTSTYLE0
 73
     1
 44
1.0
  0
MTEXT
  5
9F
330
1F
100
AcDbEntity
  8
0
  6
Continuous
 62
     7
370
     0
100
AcDbMText
 10
202.458658902
 20
125.498924233
 30
0.0
 40
3.96875
 41
0.0
 71
     2
 72
     1
  1
C
  7
SLDTEXTSTYLE0
 73
     1
 44
1.0
  0
MTEXT
  5
A0
330
1F
100
AcDbEntity
  8
0
  6
Continuous
 62
     7
370
     0
100
AcDbMText
 10
17.4526872821
 20
175.498924233
 30
0.0
 40
3.96875
 41
0.0
 71
     2
 72
     1
  1
D
  7
SLDTEXTSTYLE0
 73
     1
 44
1.0
  0
MTEXT
  5
A1
330
1F
100
AcDbEntity
  8
0
  6
Continuous
 62
     7
370
     0
100
AcDbMText
 10
202.4526872821
 20
175.498924233
 30
0.0
 40
3.96875
 41
0.0
 71
     2
 72
     1
  1
D
  7
SLDTEXTSTYLE0
 73
     1
 44
1.0
  0
MTEXT
  5
A2
330
1F
100
AcDbEntity
  8
0
  6
Continuous
 62
     7
370
     0
100
AcDbMText
 10
17.5078089051
 20
225.498924233
 30
0.0
 40
3.96875
 41
0.0
 71
     2
 72
     1
  1
E
  7
SLDTEXTSTYLE0
 73
     1
 44
1.0
  0
MTEXT
  5
A3
330
1F
100
AcDbEntity
  8
0
  6
Continuous
 62
     7
370
     0
100
AcDbMText
 10
202.5078089051
 20
225.498924233
 30
0.0
 40
3.96875
 41
0.0
 71
     2
 72
     1
  1
E
  7
SLDTEXTSTYLE0
 73
     1
 44
1.0
  0
MTEXT
  5
A4
330
1F
100
AcDbEntity
  8
0
  6
Continuous
 62
     7
370
     0
100
AcDbMText
 10
17.4577402091
 20
269.748924233
 30
0.0
 40
3.96875
 41
0.0
 71
     2
 72
     1
  1
F
  7
SLDTEXTSTYLE0
 73
     1
 44
1.0
  0
MTEXT
  5
A5
330
1F
100
AcDbEntity
  8
0
  6
Continuous
 62
     7
370
     0
100
AcDbMText
 10
202.4577402091
 20
269.748924233
 30
0.0
 40
3.96875
 41
0.0
 71
     2
 72
     1
  1
F
  7
SLDTEXTSTYLE0
 73
     1
 44
1.0
  0
MTEXT
  5
A6
330
1F
100
AcDbEntity
  8
0
  6
Continuous
 62
     7
370
     0
100
AcDbMText
 10
39.9600369465
 20
9.4422348906
 30
0.0
 40
3.96875
 41
0.0
 71
     2
 72
     1
  1
4
  7
SLDTEXTSTYLE0
 73
     1
 44
1.0
  0
MTEXT
  5
A7
330
1F
100
AcDbEntity
  8
0
  6
Continuous
 62
     7
370
     0
100
AcDbMText
 10
39.9600369465
 20
291.498924233
 30
0.0
 40
3.96875
 41
0.0
 71
     2
 72
     1
  1
4
  7
SLDTEXTSTYLE0
 73
     1
 44
1.0
  0
MTEXT
  5
A8
330
1F
100
AcDbEntity
  8
0
  6
Continuous
 62
     7
370
     0
100
AcDbMText
 10
84.9600369465
 20
9.4422348906
 30
0.0
 40
3.96875
 41
0.0
 71
     2
 72
     1
  1
3
  7
SLDTEXTSTYLE0
 73
     1
 44
1.0
  0
MTEXT
  5
A9
330
1F
100
AcDbEntity
  8
0
  6
Continuous
 62
     7
370
     0
100
AcDbMText
 10
84.9600369465
 20
291.498924233
 30
0.0
 40
3.96875
 41
0.0
 71
     2
 72
     1
  1
3
  7
SLDTEXTSTYLE0
 73
     1
 44
1.0
  0
MTEXT
  5
AA
330
1F
100
AcDbEntity
  8
0
  6
Continuous
 62
     7
370
     0
100
AcDbMText
 10
134.9600369465
 20
9.4422348906
 30
0.0
 40
3.96875
 41
0.0
 71
     2
 72
     1
  1
2
  7
SLDTEXTSTYLE0
 73
     1
 44
1.0
  0
MTEXT
  5
AB
330
1F
100
AcDbEntity
  8
0
  6
Continuous
 62
     7
370
     0
100
AcDbMText
 10
134.9600369465
 20
291.498924233
 30
0.0
 40
3.96875
 41
0.0
 71
     2
 72
     1
  1
2
  7
SLDTEXTSTYLE0
 73
     1
 44
1.0
  0
MTEXT
  5
AC
330
1F
100
AcDbEntity
  8
0
  6
Continuous
 62
     7
370
     0
100
AcDbMText
 10
179.9600369465
 20
9.4422348906
 30
0.0
 40
3.96875
 41
0.0
 71
     2
 72
     1
  1
1
  7
SLDTEXTSTYLE0
 73
     1
 44
1.0
  0
MTEXT
  5
AD
330
1F
100
AcDbEntity
  8
0
  6
Continuous
 62
     7
370
     0
100
AcDbMText
 10
179.9600369465
 20
291.498924233
 30
0.0
 40
3.96875
 41
0.0
 71
     2
 72
     1
  1
1
  7
SLDTEXTSTYLE0
 73
     1
 44
1.0
  0
MTEXT
  5
AF
330
1F
100
AcDbEntity
  8
0
  6
Continuous
 62
     7
370
     0
100
AcDbMText
 10
20.2121492441
 20
42.4297148859
 30
0.0
 40
1.5
 41
0.0
 71
     1
 72
     1
  1
작성
  7
SLDTEXTSTYLE1
 73
     1
 44
1.0
  0
MTEXT
  5
B0
330
1F
100
AcDbEntity
  8
0
  6
Continuous
 62
     7
370
     0
100
AcDbMText
 10
20.4104688676
 20
38.15440716
 30
0.0
 40
1.5
 41
0.0
 71
     1
 72
     1
  1
검사
  7
SLDTEXTSTYLE1
 73
     1
 44
1.0
  0
MTEXT
  5
B1
330
1F
100
AcDbEntity
  8
0
  6
Continuous
 62
     7
370
     0
100
AcDbMText
 10
20.4017224083
 20
34.0642960031
 30
0.0
 40
1.5
 41
0.0
 71
     1
 72
     1
  1
승인
  7
SLDTEXTSTYLE1
 73
     1
 44
1.0
  0
MTEXT
  5
B2
330
1F
100
AcDbEntity
  8
0
  6
Continuous
 62
     7
370
     0
100
AcDbMText
 10
20.4551864991
 20
29.7337046506
 30
0.0
 40
1.5
 41
0.0
 71
     1
 72
     1
  1
제조
  7
SLDTEXTSTYLE1
 73
     1
 44
1.0
  0
MTEXT
  5
B3
330
1F
100
AcDbEntity
  8
0
  6
Continuous
 62
     7
370
     0
100
AcDbMText
 10
20.6690428622
 20
25.3496492073
 30
0.0
 40
1.5
 41
0.0
 71
     1
 72
     1
  1
Q.A
  7
SLDTEXTSTYLE0
 73
     1
 44
1.0
  0
MTEXT
  5
B5
330
1F
100
AcDbEntity
  8
0
  6
Continuous
 62
     7
370
     0
100
AcDbMText
 10
20.5936687456
 20
63.9209714839
 30
0.0
 40
1.5
 41
0.0
 71
     1
 72
     1
  1
별도의 설정을 하지 않은 경우:
  7
SLDTEXTSTYLE2
 73
     1
 44
1.0
  0
MTEXT
  5
B6
330
1F
100
AcDbEntity
  8
0
  6
Continuous
 62
     7
370
     0
100
AcDbMText
 10
20.5936687456
 20
61.4209715398
 30
0.0
 40
1.5
 41
0.0
 71
     1
 72
     1
  1
치수는 밀리미터로 표시
  7
SLDTEXTSTYLE1
 73
     1
 44
1.0
  0
MTEXT
  5
B7
330
1F
100
AcDbEntity
  8
0
  6
Continuous
 62
     7
370
     0
100
AcDbMText
 10
20.5936687456
 20
58.9209715957
 30
0.0
 40
1.5
 41
0.0
 71
     1
 72
     1
  1
표면 거칠기:
  7
SLDTEXTSTYLE1
 73
     1
 44
1.0
  0
MTEXT
  5
B8
330
1F
100
AcDbEntity
  8
0
  6
Continuous
 62
     7
370
     0
100
AcDbMText
 10
20.5936687456
 20
56.4209716516
 30
0.0
 40
1.5
 41
0.0
 71
     1
 72
     1
  1
공차:
  7
SLDTEXTSTYLE1
 73
     1
 44
1.0
  0
MTEXT
  5
B9
330
1F
100
AcDbEntity
  8
0
  6
Continuous
 62
     7
370
     0
100
AcDbMText
 10
22.2811687456
 20
53.9209717075
 30
0.0
 40
1.5
 41
0.0
 71
     1
 72
     1
  1
선형:
  7
SLDTEXTSTYLE1
 73
     1
 44
1.0
  0
MTEXT
  5
BA
330
1F
100
AcDbEntity
  8
0
  6
Continuous
 62
     7
370
     0
100
AcDbMText
 10
22.2811687456
 20
51.4209717633
 30
0.0
 40
1.5
 41
0.0
 71
     1
 72
     1
  1
각도:
  7
SLDTEXTSTYLE1
 73
     1
 44
1.0
  0
MTEXT
  5
BB
330
1F
100
AcDbEntity
  8
0
  6
Continuous
 62
     7
370
     0
100
AcDbMText
 10
54.3712921668
 20
63.9192719951
 30
0.0
 40
1.5
 41
0.0
 71
     1
 72
     1
  1
표면 거칠기:
  7
SLDTEXTSTYLE1
 73
     1
 44
1.0
  0
MTEXT
  5
BC
330
1F
100
AcDbEntity
  8
0
  6
Continuous
 62
     7
370
     0
100
AcDbMText
 10
101.3092156863
 20
64.0030912527
 30
0.0
 40
1.5
 41
0.0
 71
     1
 72
     1
  1
날카로운 모서리
  7
SLDTEXTSTYLE1
 73
     1
 44
1.0
  0
MTEXT
  5
BE
330
1F
100
AcDbEntity
  8
0
  6
Continuous
 62
     7
370
     0
100
AcDbMText
 10
101.3092156863
 20
61.5030913086
 30
0.0
 40
1.5
 41
0.0
 71
     1
 72
     1
  1
제거 및
  7
SLDTEXTSTYLE3
 73
     1
 44
1.0
  0
MTEXT
  5
BF
330
1F
100
AcDbEntity
  8
0
  6
Continuous
 62
     7
370
     0
100
AcDbMText
 10
101.3092156863
 20
59.0030913644
 30
0.0
 40
1.5
 41
0.0
 71
     1
 72
     1
  1
디버링(Deburr)
  7
SLDTEXTSTYLE1
 73
     1
 44
1.0
  0
MTEXT
  5
C0
330
1F
100
AcDbEntity
  8
0
  6
Continuous
 62
     7
370
     0
100
AcDbMText
 10
34.3222392177
 20
46.5014826335
 30
0.0
 40
1.5
 41
0.0
 71
     1
 72
     1
  1
이름
  7
SLDTEXTSTYLE1
 73
     1
 44
1.0
  0
MTEXT
  5
C1
330
1F
100
AcDbEntity
  8
0
  6
Continuous
 62
     7
370
     0
100
AcDbMText
 10
50.0335875632
 20
46.5617563795
 30
0.0
 40
1.5
 41
0.0
 71
     1
 72
     1
  1
서명
  7
SLDTEXTSTYLE1
 73
     1
 44
1.0
  0
MTEXT
  5
C2
330
1F
100
AcDbEntity
  8
0
  6
Continuous
 62
     7
370
     0
100
AcDbMText
 10
67.2147019657
 20
46.5761792212
 30
0.0
 40
1.5
 41
0.0
 71
     1
 72
     1
  1
날짜
  7
SLDTEXTSTYLE1
 73
     1
 44
1.0
  0
MTEXT
  5
C3
330
1F
100
AcDbEntity
  8
0
  6
Continuous
 62
     7
370
     0
100
AcDbMText
 10
75.6458623088
 20
25.9860562892
 30
0.0
 40
1.5
 41
0.0
 71
     1
 72
     1
  1
재질:
  7
SLDTEXTSTYLE1
 73
     1
 44
1.0
  0
MTEXT
  5
C4
330
1F
100
AcDbEntity
  8
0
  6
Continuous
 62
     7
370
     0
100
AcDbMText
 10
132.6146405229
 20
62.5329935751
 30
0.0
 40
1.5
 41
0.0
 71
     1
 72
     1
  1
도면의 배율을 변경하지 마시오.
  7
SLDTEXTSTYLE1
 73
     1
 44
1.0
  0
MTEXT
  5
C5
330
1F
100
AcDbEntity
  8
0
  6
Continuous
 62
     7
370
     0
100
AcDbMText
 10
173.3275816993
 20
62.3349086805
 30
0.0
 40
1.5
 41
0.0
 71
     1
 72
     1
  1
수정본
  7
SLDTEXTSTYLE1
 73
     1
 44
1.0
  0
MTEXT
  5
C6
330
1F
100
AcDbEntity
  8
0
  6
Continuous
 62
     7
370
     0
100
AcDbMText
 10
119.9561869366
 20
46.5761792212
 30
0.0
 40
1.5
 41
0.0
 71
     1
 72
     1
  1
제목:
  7
SLDTEXTSTYLE1
 73
     1
 44
1.0
  0
MTEXT
  5
C8
330
1F
100
AcDbEntity
  8
0
  6
Continuous
 62
     7
370
     0
100
AcDbMText
 10
120.0739661175
 20
25.9860562892
 30
0.0
 40
1.5
 41
0.0
 71
     1
 72
     1
  1
도면 번호
  7
SLDTEXTSTYLE4
 73
     1
 44
1.0
  0
MTEXT
  5
C9
330
1F
100
AcDbEntity
  8
0
  6
Continuous
 62
     7
370
     0
100
AcDbMText
 10
120.0739661175
 20
12.9000872745
 30
0.0
 40
1.5
 41
0.0
 71
     1
 72
     1
  1
배율:1:10
  7
SLDTEXTSTYLE1
 73
     1
 44
1.0
  0
MTEXT
  5
CB
330
1F
100
AcDbEntity
  8
0
  6
Continuous
 62
     7
370
     0
100
AcDbMText
 10
164.4782944278
 20
12.9000872745
 30
0.0
 40
1.5
 41
0.0
 71
     1
 72
     1
  1
시트 1 OF 1
  7
SLDTEXTSTYLE5
 73
     1
 44
1.0
  0
MTEXT
  5
CC
330
1F
100
AcDbEntity
  8
0
  6
Continuous
 62
     7
370
     0
100
AcDbMText
 10
190.8711564346
 20
24.406388569
 30
0.0
 40
2.9104166667
 41
0.0
 71
     1
 72
     1
  1
A3
  7
SLDTEXTSTYLE0
 73
     1
 44
1.0
  0
MTEXT
  5
CD
330
1F
100
AcDbEntity
  8
0
  6
Continuous
 62
     7
370
     0
100
AcDbMText
 10
75.6178111281
 20
12.9493119036
 30
0.0
 40
1.4986
 41
0.0
 71
     1
 72
     1
  1
무게:
  7
SLDTEXTSTYLE1
 73
     1
 44
1.0
  0
MTEXT
  5
CE
330
1F
100
AcDbEntity
  8
0
  6
Continuous
 62
     7
370
     0
100
AcDbMText
 10
154.1879063531
 20
23.6069109673
 30
0.0
 40
6.35
 41
0.0
 71
     2
 72
     1
  1
robot assembly - 복사본 (2)
  7
SLDTEXTSTYLE1
 73
     1
 44
1.0
  0
CIRCLE
  5
CF
330
1F
100
AcDbEntity
  8
0
  6
Continuous
 62
     7
370
    25
100
AcDbCircle
 10
34.6154517665
 20
134.3922139549
 30
0.0
 40
0.3333333333333286
  0
LINE
  5
D0
330
1F
100
AcDbEntity
  8
0
  6
Continuous
 62
     7
370
    25
100
AcDbLine
 10
35.3404517665
 20
137.2255472882
 30
0.0
 11
35.3404517665
 21
136.9755472882
 31
0.0
  0
ARC
  5
D1
330
1F
100
AcDbEntity
  8
0
  6
Continuous
 62
     7
370
    25
100
AcDbCircle
 10
35.7821184331
 20
137.6154485997
 30
0.0
 40
1.333333333333314
100
AcDbArc
 50
238.7515587378
 51
301.2484412622
  0
LINE
  5
D2
330
1F
100
AcDbEntity
  8
0
  6
Continuous
 62
     7
370
    25
100
AcDbLine
 10
37.4487850998
 20
136.0005472882
 30
0.0
 11
37.1987850998
 21
136.0005472882
 31
0.0
  0
ARC
  5
D3
330
1F
100
AcDbEntity
  8
0
  6
Continuous
 62
     7
370
    25
100
AcDbCircle
 10
37.8386864113
 20
135.5588806216
 30
0.0
 40
1.333333333333349
100
AcDbArc
 50
148.7515587378
 51
211.2484412622
  0
LINE
  5
D4
330
1F
100
AcDbEntity
  8
0
  6
Continuous
 62
     7
370
    25
100
AcDbLine
 10
36.2237850998
 20
134.1422139549
 30
0.0
 11
36.4737850998
 21
134.1422139549
 31
0.0
  0
ARC
  5
D5
330
1F
100
AcDbEntity
  8
0
  6
Continuous
 62
     7
370
    25
100
AcDbCircle
 10
35.7821184331
 20
133.5023126434
 30
0.0
 40
1.333333333333335
100
AcDbArc
 50
58.7515587378
 51
121.2484412622
  0
LINE
  5
D6
330
1F
100
AcDbEntity
  8
0
  6
Continuous
 62
     7
370
    25
100
AcDbLine
 10
35.0904517665
 20
134.1422139549
 30
0.0
 11
35.3404517665
 21
134.1422139549
 31
0.0
  0
LINE
  5
D7
330
1F
100
AcDbEntity
  8
0
  6
Continuous
 62
     7
370
    25
100
AcDbLine
 10
34.1154517665
 20
133.8922139549
 30
0.0
 11
35.3404517665
 21
133.8922139549
 31
0.0
  0
CIRCLE
  5
D8
330
1F
100
AcDbEntity
  8
0
  6
Continuous
 62
     7
370
    25
100
AcDbCircle
 10
34.6154517665
 20
136.7255472882
 30
0.0
 40
0.3333333333333286
  0
LINE
  5
D9
330
1F
100
AcDbEntity
  8
0
  6
Continuous
 62
     7
370
    25
100
AcDbLine
 10
34.1154517665
 20
137.2255472882
 30
0.0
 11
34.1154517665
 21
136.0005472882
 31
0.0
  0
LINE
  5
DA
330
1F
100
AcDbEntity
  8
0
  6
Continuous
 62
     7
370
    25
100
AcDbLine
 10
35.0904517665
 20
134.6422139549
 30
0.0
 11
35.0904517665
 21
134.1422139549
 31
0.0
  0
LINE
  5
DB
330
1F
100
AcDbEntity
  8
0
  6
Continuous
 62
     7
370
    25
100
AcDbLine
 10
34.3654517665
 20
136.2505472882
 30
0.0
 11
34.3654517665
 21
136.0005472882
 31
0.0
  0
LINE
  5
DC
330
1F
100
AcDbEntity
  8
0
  6
Continuous
 62
     7
370
    25
100
AcDbLine
 10
34.3654517665
 20
136.0005472882
 30
0.0
 11
34.1154517665
 21
136.0005472882
 31
0.0
  0
LINE
  5
DD
330
1F
100
AcDbEntity
  8
0
  6
Continuous
 62
     7
370
    25
100
AcDbLine
 10
36.4737850998
 20
134.1422139549
 30
0.0
 11
36.4737850998
 21
134.6422139549
 31
0.0
  0
LINE
  5
DE
330
1F
100
AcDbEntity
  8
0
  6
Continuous
 62
     7
370
    25
100
AcDbLine
 10
35.0904517665
 20
136.9755472882
 30
0.0
 11
35.0904517665
 21
136.4755472882
 31
0.0
  0
LINE
  5
DF
330
1F
100
AcDbEntity
  8
0
  6
Continuous
 62
     7
370
    25
100
AcDbLine
 10
36.4737850998
 20
136.4755472882
 30
0.0
 11
36.4737850998
 21
136.9755472882
 31
0.0
  0
LINE
  5
E0
330
1F
100
AcDbEntity
  8
0
  6
Continuous
 62
     7
370
    25
100
AcDbLine
 10
37.1987850998
 20
135.1172139549
 30
0.0
 11
37.4487850998
 21
135.1172139549
 31
0.0
  0
LINE
  5
E1
330
1F
100
AcDbEntity
  8
0
  6
Continuous
 62
     7
370
    25
100
AcDbLine
 10
36.2237850998
 20
136.9755472882
 30
0.0
 11
36.2237850998
 21
137.2255472882
 31
0.0
  0
LINE
  5
E2
330
1F
100
AcDbEntity
  8
0
  6
Continuous
 62
     7
370
    25
100
AcDbLine
 10
34.3654517665
 20
134.8672139549
 30
0.0
 11
34.8654517665
 21
134.8672139549
 31
0.0
  0
LINE
  5
E3
330
1F
100
AcDbEntity
  8
0
  6
Continuous
 62
     7
370
    25
100
AcDbLine
 10
36.2237850998
 20
133.8922139549
 30
0.0
 11
37.4487850998
 21
133.8922139549
 31
0.0
  0
LINE
  5
E4
330
1F
100
AcDbEntity
  8
0
  6
Continuous
 62
     7
370
    25
100
AcDbLine
 10
34.1154517665
 20
135.1172139549
 30
0.0
 11
34.1154517665
 21
133.8922139549
 31
0.0
  0
LINE
  5
E5
330
1F
100
AcDbEntity
  8
0
  6
Continuous
 62
     7
370
    25
100
AcDbLine
 10
35.3404517665
 20
137.2255472882
 30
0.0
 11
34.1154517665
 21
137.2255472882
 31
0.0
  0
LINE
  5
E6
330
1F
100
AcDbEntity
  8
0
  6
Continuous
 62
     7
370
    25
100
AcDbLine
 10
37.4487850998
 20
136.0005472882
 30
0.0
 11
37.4487850998
 21
137.2255472882
 31
0.0
  0
LINE
  5
E7
330
1F
100
AcDbEntity
  8
0
  6
Continuous
 62
     7
370
    25
100
AcDbLine
 10
36.2237850998
 20
133.8922139549
 30
0.0
 11
36.2237850998
 21
134.1422139549
 31
0.0
  0
LINE
  5
E8
330
1F
100
AcDbEntity
  8
0
  6
Continuous
 62
     7
370
    25
100
AcDbLine
 10
36.6987850998
 20
134.8672139549
 30
0.0
 11
37.1987850998
 21
134.8672139549
 31
0.0
  0
LINE
  5
E9
330
1F
100
AcDbEntity
  8
0
  6
Continuous
 62
     7
370
    25
100
AcDbLine
 10
37.4487850998
 20
137.2255472882
 30
0.0
 11
36.2237850998
 21
137.2255472882
 31
0.0
  0
LINE
  5
EA
330
1F
100
AcDbEntity
  8
0
  6
Continuous
 62
     7
370
    25
100
AcDbLine
 10
37.4487850998
 20
133.8922139549
 30
0.0
 11
37.4487850998
 21
135.1172139549
 31
0.0
  0
LINE
  5
EB
330
1F
100
AcDbEntity
  8
0
  6
Continuous
 62
     7
370
    25
100
AcDbLine
 10
34.3654517665
 20
135.1172139549
 30
0.0
 11
34.3654517665
 21
134.8672139549
 31
0.0
  0
LINE
  5
EC
330
1F
100
AcDbEntity
  8
0
  6
Continuous
 62
     7
370
    25
100
AcDbLine
 10
35.3404517665
 20
136.9755472882
 30
0.0
 11
35.0904517665
 21
136.9755472882
 31
0.0
  0
ARC
  5
ED
330
1F
100
AcDbEntity
  8
0
  6
Continuous
 62
     7
370
    25
100
AcDbCircle
 10
33.725550455
 20
135.5588806216
 30
0.0
 40
1.333333333333349
100
AcDbArc
 50
328.7515587378
 51
31.2484412622
  0
LINE
  5
EE
330
1F
100
AcDbEntity
  8
0
  6
Continuous
 62
     7
370
    25
100
AcDbLine
 10
34.8654517665
 20
136.2505472882
 30
0.0
 11
34.3654517665
 21
136.2505472882
 31
0.0
  0
LINE
  5
EF
330
1F
100
AcDbEntity
  8
0
  6
Continuous
 62
     7
370
    25
100
AcDbLine
 10
37.1987850998
 20
136.0005472882
 30
0.0
 11
37.1987850998
 21
136.2505472882
 31
0.0
  0
LINE
  5
F0
330
1F
100
AcDbEntity
  8
0
  6
Continuous
 62
     7
370
    25
100
AcDbLine
 10
37.1987850998
 20
136.2505472882
 30
0.0
 11
36.6987850998
 21
136.2505472882
 31
0.0
  0
LINE
  5
F1
330
1F
100
AcDbEntity
  8
0
  6
Continuous
 62
     7
370
    25
100
AcDbLine
 10
37.1987850998
 20
134.8672139549
 30
0.0
 11
37.1987850998
 21
135.1172139549
 31
0.0
  0
LINE
  5
F2
330
1F
100
AcDbEntity
  8
0
  6
Continuous
 62
     7
370
    25
100
AcDbLine
 10
35.3404517665
 20
134.1422139549
 30
0.0
 11
35.3404517665
 21
133.8922139549
 31
0.0
  0
LINE
  5
F3
330
1F
100
AcDbEntity
  8
0
  6
Continuous
 62
     7
370
    25
100
AcDbLine
 10
36.4737850998
 20
136.9755472882
 30
0.0
 11
36.2237850998
 21
136.9755472882
 31
0.0
  0
LINE
  5
F4
330
1F
100
AcDbEntity
  8
0
  6
Continuous
 62
     7
370
    25
100
AcDbLine
 10
34.1154517665
 20
135.1172139549
 30
0.0
 11
34.3654517665
 21
135.1172139549
 31
0.0
  0
CIRCLE
  5
F5
330
1F
100
AcDbEntity
  8
0
  6
Continuous
 62
     7
370
    25
100
AcDbCircle
 10
36.9487850998
 20
136.7255472882
 30
0.0
 40
0.3333333333333357
  0
CIRCLE
  5
F6
330
1F
100
AcDbEntity
  8
0
  6
Continuous
 62
     7
370
    25
100
AcDbCircle
 10
36.9487850998
 20
134.3922139549
 30
0.0
 40
0.3333333333333357
  0
CIRCLE
  5
F7
330
1F
100
AcDbEntity
  8
0
  6
Continuous
 62
     7
370
    25
100
AcDbCircle
 10
35.7821184331
 20
135.5588806216
 30
0.0
 40
0.3583333333333343
  0
CIRCLE
  5
F8
330
1F
100
AcDbEntity
  8
0
  6
Continuous
 62
     7
370
    25
100
AcDbCircle
 10
79.6154517665
 20
134.3922139549
 30
0.0
 40
0.3333333333333428
  0
CIRCLE
  5
F9
330
1F
100
AcDbEntity
  8
0
  6
Continuous
 62
     7
370
    25
100
AcDbCircle
 10
81.9487850998
 20
134.3922139549
 30
0.0
 40
0.3333333333333286
  0
CIRCLE
  5
FA
330
1F
100
AcDbEntity
  8
0
  6
Continuous
 62
     7
370
    25
100
AcDbCircle
 10
81.9487850998
 20
136.7255472882
 30
0.0
 40
0.3333333333333286
  0
CIRCLE
  5
FB
330
1F
100
AcDbEntity
  8
0
  6
Continuous
 62
     7
370
    25
100
AcDbCircle
 10
79.6154517665
 20
136.7255472882
 30
0.0
 40
0.3333333333333428
  0
CIRCLE
  5
FC
330
1F
100
AcDbEntity
  8
0
  6
Continuous
 62
     7
370
    25
100
AcDbCircle
 10
80.7821184331
 20
135.5588806216
 30
0.0
 40
0.3583333333333201
  0
LINE
  5
FD
330
1F
100
AcDbEntity
  8
0
  6
Continuous
 62
     7
370
    25
100
AcDbLine
 10
80.3404517665
 20
137.2255472882
 30
0.0
 11
80.3404517665
 21
136.9755472882
 31
0.0
  0
LINE
  5
FE
330
1F
100
AcDbEntity
  8
0
  6
Continuous
 62
     7
370
    25
100
AcDbLine
 10
80.3404517665
 20
136.9755472882
 30
0.0
 11
80.0904517665
 21
136.9755472882
 31
0.0
  0
LINE
  5
FF
330
1F
100
AcDbEntity
  8
0
  6
Continuous
 62
     7
370
    25
100
AcDbLine
 10
80.0904517665
 20
136.9755472882
 30
0.0
 11
80.0904517665
 21
136.4755472882
 31
0.0
  0
ARC
  5
100
330
1F
100
AcDbEntity
  8
0
  6
Continuous
 62
     7
370
    25
100
AcDbCircle
 10
80.7821184331
 20
137.6154485997
 30
0.0
 40
1.33333333333331
100
AcDbArc
 50
238.7515587378
 51
301.2484412622
  0
LINE
  5
101
330
1F
100
AcDbEntity
  8
0
  6
Continuous
 62
     7
370
    25
100
AcDbLine
 10
81.4737850998
 20
136.4755472882
 30
0.0
 11
81.4737850998
 21
136.9755472882
 31
0.0
  0
LINE
  5
102
330
1F
100
AcDbEntity
  8
0
  6
Continuous
 62
     7
370
    25
100
AcDbLine
 10
81.4737850998
 20
136.9755472882
 30
0.0
 11
81.2237850998
 21
136.9755472882
 31
0.0
  0
LINE
  5
103
330
1F
100
AcDbEntity
  8
0
  6
Continuous
 62
     7
370
    25
100
AcDbLine
 10
81.2237850998
 20
136.9755472882
 30
0.0
 11
81.2237850998
 21
137.2255472882
 31
0.0
  0
LINE
  5
104
330
1F
100
AcDbEntity
  8
0
  6
Continuous
 62
     7
370
    25
100
AcDbLine
 10
82.4487850998
 20
137.2255472882
 30
0.0
 11
81.2237850998
 21
137.2255472882
 31
0.0
  0
LINE
  5
105
330
1F
100
AcDbEntity
  8
0
  6
Continuous
 62
     7
370
    25
100
AcDbLine
 10
82.4487850998
 20
136.0005472882
 30
0.0
 11
82.1987850998
 21
136.0005472882
 31
0.0
  0
LINE
  5
106
330
1F
100
AcDbEntity
  8
0
  6
Continuous
 62
     7
370
    25
100
AcDbLine
 10
82.1987850998
 20
136.0005472882
 30
0.0
 11
82.1987850998
 21
136.2505472882
 31
0.0
  0
LINE
  5
107
330
1F
100
AcDbEntity
  8
0
  6
Continuous
 62
     7
370
    25
100
AcDbLine
 10
82.1987850998
 20
136.2505472882
 30
0.0
 11
81.6987850998
 21
136.2505472882
 31
0.0
  0
ARC
  5
108
330
1F
100
AcDbEntity
  8
0
  6
Continuous
 62
     7
370
    25
100
AcDbCircle
 10
82.8386864113
 20
135.5588806216
 30
0.0
 40
1.333333333333322
100
AcDbArc
 50
148.7515587378
 51
211.2484412622
  0
LINE
  5
109
330
1F
100
AcDbEntity
  8
0
  6
Continuous
 62
     7
370
    25
100
AcDbLine
 10
81.6987850998
 20
134.8672139549
 30
0.0
 11
82.1987850998
 21
134.8672139549
 31
0.0
  0
LINE
  5
10A
330
1F
100
AcDbEntity
  8
0
  6
Continuous
 62
     7
370
    25
100
AcDbLine
 10
82.1987850998
 20
134.8672139549
 30
0.0
 11
82.1987850998
 21
135.1172139549
 31
0.0
  0
LINE
  5
10B
330
1F
100
AcDbEntity
  8
0
  6
Continuous
 62
     7
370
    25
100
AcDbLine
 10
82.1987850998
 20
135.1172139549
 30
0.0
 11
82.4487850998
 21
135.1172139549
 31
0.0
  0
LINE
  5
10C
330
1F
100
AcDbEntity
  8
0
  6
Continuous
 62
     7
370
    25
100
AcDbLine
 10
82.4487850998
 20
133.8922139549
 30
0.0
 11
82.4487850998
 21
135.1172139549
 31
0.0
  0
LINE
  5
10D
330
1F
100
AcDbEntity
  8
0
  6
Continuous
 62
     7
370
    25
100
AcDbLine
 10
81.2237850998
 20
133.8922139549
 30
0.0
 11
81.2237850998
 21
134.1422139549
 31
0.0
  0
LINE
  5
10E
330
1F
100
AcDbEntity
  8
0
  6
Continuous
 62
     7
370
    25
100
AcDbLine
 10
81.2237850998
 20
134.1422139549
 30
0.0
 11
81.4737850998
 21
134.1422139549
 31
0.0
  0
LINE
  5
10F
330
1F
100
AcDbEntity
  8
0
  6
Continuous
 62
     7
370
    25
100
AcDbLine
 10
81.4737850998
 20
134.1422139549
 30
0.0
 11
81.4737850998
 21
134.6422139549
 31
0.0
  0
ARC
  5
110
330
1F
100
AcDbEntity
  8
0
  6
Continuous
 62
     7
370
    25
100
AcDbCircle
 10
80.7821184331
 20
133.5023126434
 30
0.0
 40
1.333333333333335
100
AcDbArc
 50
58.7515587378
 51
121.2484412622
  0
LINE
  5
111
330
1F
100
AcDbEntity
  8
0
  6
Continuous
 62
     7
370
    25
100
AcDbLine
 10
80.0904517665
 20
134.6422139549
 30
0.0
 11
80.0904517665
 21
134.1422139549
 31
0.0
  0
LINE
  5
112
330
1F
100
AcDbEntity
  8
0
  6
Continuous
 62
     7
370
    25
100
AcDbLine
 10
80.0904517665
 20
134.1422139549
 30
0.0
 11
80.3404517665
 21
134.1422139549
 31
0.0
  0
LINE
  5
113
330
1F
100
AcDbEntity
  8
0
  6
Continuous
 62
     7
370
    25
100
AcDbLine
 10
80.3404517665
 20
134.1422139549
 30
0.0
 11
80.3404517665
 21
133.8922139549
 31
0.0
  0
LINE
  5
114
330
1F
100
AcDbEntity
  8
0
  6
Continuous
 62
     7
370
    25
100
AcDbLine
 10
79.3654517665
 20
136.2505472882
 30
0.0
 11
79.3654517665
 21
136.0005472882
 31
0.0
  0
LINE
  5
115
330
1F
100
AcDbEntity
  8
0
  6
Continuous
 62
     7
370
    25
100
AcDbLine
 10
79.3654517665
 20
136.0005472882
 30
0.0
 11
79.1154517665
 21
136.0005472882
 31
0.0
  0
LINE
  5
116
330
1F
100
AcDbEntity
  8
0
  6
Continuous
 62
     7
370
    25
100
AcDbLine
 10
81.2237850998
 20
133.8922139549
 30
0.0
 11
82.4487850998
 21
133.8922139549
 31
0.0
  0
LINE
  5
117
330
1F
100
AcDbEntity
  8
0
  6
Continuous
 62
     7
370
    25
100
AcDbLine
 10
79.1154517665
 20
135.1172139549
 30
0.0
 11
79.1154517665
 21
133.8922139549
 31
0.0
  0
LINE
  5
118
330
1F
100
AcDbEntity
  8
0
  6
Continuous
 62
     7
370
    25
100
AcDbLine
 10
80.3404517665
 20
137.2255472882
 30
0.0
 11
79.1154517665
 21
137.2255472882
 31
0.0
  0
LINE
  5
119
330
1F
100
AcDbEntity
  8
0
  6
Continuous
 62
     7
370
    25
100
AcDbLine
 10
82.4487850998
 20
136.0005472882
 30
0.0
 11
82.4487850998
 21
137.2255472882
 31
0.0
  0
LINE
  5
11A
330
1F
100
AcDbEntity
  8
0
  6
Continuous
 62
     7
370
    25
100
AcDbLine
 10
79.1154517665
 20
133.8922139549
 30
0.0
 11
80.3404517665
 21
133.8922139549
 31
0.0
  0
LINE
  5
11B
330
1F
100
AcDbEntity
  8
0
  6
Continuous
 62
     7
370
    25
100
AcDbLine
 10
79.1154517665
 20
137.2255472882
 30
0.0
 11
79.1154517665
 21
136.0005472882
 31
0.0
  0
LINE
  5
11C
330
1F
100
AcDbEntity
  8
0
  6
Continuous
 62
     7
370
    25
100
AcDbLine
 10
79.1154517665
 20
135.1172139549
 30
0.0
 11
79.3654517665
 21
135.1172139549
 31
0.0
  0
LINE
  5
11D
330
1F
100
AcDbEntity
  8
0
  6
Continuous
 62
     7
370
    25
100
AcDbLine
 10
79.3654517665
 20
135.1172139549
 30
0.0
 11
79.3654517665
 21
134.8672139549
 31
0.0
  0
LINE
  5
11E
330
1F
100
AcDbEntity
  8
0
  6
Continuous
 62
     7
370
    25
100
AcDbLine
 10
79.3654517665
 20
134.8672139549
 30
0.0
 11
79.8654517665
 21
134.8672139549
 31
0.0
  0
ARC
  5
11F
330
1F
100
AcDbEntity
  8
0
  6
Continuous
 62
     7
370
    25
100
AcDbCircle
 10
78.725550455
 20
135.5588806216
 30
0.0
 40
1.333333333333335
100
AcDbArc
 50
328.7515587378
 51
31.2484412622
  0
LINE
  5
120
330
1F
100
AcDbEntity
  8
0
  6
Continuous
 62
     7
370
    25
100
AcDbLine
 10
79.8654517665
 20
136.2505472882
 30
0.0
 11
79.3654517665
 21
136.2505472882
 31
0.0
  0
CIRCLE
  5
121
330
1F
100
AcDbEntity
  8
0
  6
Continuous
 62
     7
370
    25
100
AcDbCircle
 10
34.6154517665
 20
89.3922139549
 30
0.0
 40
0.3333333333333357
  0
CIRCLE
  5
122
330
1F
100
AcDbEntity
  8
0
  6
Continuous
 62
     7
370
    25
100
AcDbCircle
 10
36.9487850998
 20
89.3922139549
 30
0.0
 40
0.3333333333333286
  0
CIRCLE
  5
123
330
1F
100
AcDbEntity
  8
0
  6
Continuous
 62
     7
370
    25
100
AcDbCircle
 10
36.9487850998
 20
91.7255472882
 30
0.0
 40
0.3333333333333286
  0
CIRCLE
  5
124
330
1F
100
AcDbEntity
  8
0
  6
Continuous
 62
     7
370
    25
100
AcDbCircle
 10
34.6154517665
 20
91.7255472882
 30
0.0
 40
0.3333333333333357
  0
CIRCLE
  5
125
330
1F
100
AcDbEntity
  8
0
  6
Continuous
 62
     7
370
    25
100
AcDbCircle
 10
35.7821184331
 20
90.5588806216
 30
0.0
 40
0.3583333333333343
  0
LINE
  5
126
330
1F
100
AcDbEntity
  8
0
  6
Continuous
 62
     7
370
    25
100
AcDbLine
 10
34.1154517665
 20
92.2255472882
 30
0.0
 11
34.1154517665
 21
91.0005472882
 31
0.0
  0
LINE
  5
127
330
1F
100
AcDbEntity
  8
0
  6
Continuous
 62
     7
370
    25
100
AcDbLine
 10
35.3404517665
 20
92.2255472882
 30
0.0
 11
34.1154517665
 21
92.2255472882
 31
0.0
  0
LINE
  5
128
330
1F
100
AcDbEntity
  8
0
  6
Continuous
 62
     7
370
    25
100
AcDbLine
 10
35.3404517665
 20
92.2255472882
 30
0.0
 11
35.3404517665
 21
91.9755472882
 31
0.0
  0
ARC
  5
129
330
1F
100
AcDbEntity
  8
0
  6
Continuous
 62
     7
370
    25
100
AcDbCircle
 10
35.7821184331
 20
92.6154485997
 30
0.0
 40
1.333333333333338
100
AcDbArc
 50
238.7515587378
 51
301.2484412622
  0
LINE
  5
12A
330
1F
100
AcDbEntity
  8
0
  6
Continuous
 62
     7
370
    25
100
AcDbLine
 10
36.4737850998
 20
91.4755472882
 30
0.0
 11
36.4737850998
 21
91.9755472882
 31
0.0
  0
LINE
  5
12B
330
1F
100
AcDbEntity
  8
0
  6
Continuous
 62
     7
370
    25
100
AcDbLine
 10
36.2237850998
 20
91.9755472882
 30
0.0
 11
36.2237850998
 21
92.2255472882
 31
0.0
  0
LINE
  5
12C
330
1F
100
AcDbEntity
  8
0
  6
Continuous
 62
     7
370
    25
100
AcDbLine
 10
37.4487850998
 20
91.0005472882
 30
0.0
 11
37.4487850998
 21
92.2255472882
 31
0.0
  0
LINE
  5
12D
330
1F
100
AcDbEntity
  8
0
  6
Continuous
 62
     7
370
    25
100
AcDbLine
 10
37.4487850998
 20
91.0005472882
 30
0.0
 11
37.1987850998
 21
91.0005472882
 31
0.0
  0
LINE
  5
12E
330
1F
100
AcDbEntity
  8
0
  6
Continuous
 62
     7
370
    25
100
AcDbLine
 10
37.1987850998
 20
91.0005472882
 30
0.0
 11
37.1987850998
 21
91.2505472882
 31
0.0
  0
LINE
  5
12F
330
1F
100
AcDbEntity
  8
0
  6
Continuous
 62
     7
370
    25
100
AcDbLine
 10
37.1987850998
 20
91.2505472882
 30
0.0
 11
36.6987850998
 21
91.2505472882
 31
0.0
  0
ARC
  5
130
330
1F
100
AcDbEntity
  8
0
  6
Continuous
 62
     7
370
    25
100
AcDbCircle
 10
37.8386864113
 20
90.5588806216
 30
0.0
 40
1.333333333333336
100
AcDbArc
 50
148.7515587378
 51
211.2484412622
  0
LINE
  5
131
330
1F
100
AcDbEntity
  8
0
  6
Continuous
 62
     7
370
    25
100
AcDbLine
 10
36.6987850998
 20
89.8672139549
 30
0.0
 11
37.1987850998
 21
89.8672139549
 31
0.0
  0
LINE
  5
132
330
1F
100
AcDbEntity
  8
0
  6
Continuous
 62
     7
370
    25
100
AcDbLine
 10
37.1987850998
 20
89.8672139549
 30
0.0
 11
37.1987850998
 21
90.1172139549
 31
0.0
  0
LINE
  5
133
330
1F
100
AcDbEntity
  8
0
  6
Continuous
 62
     7
370
    25
100
AcDbLine
 10
37.4487850998
 20
88.8922139549
 30
0.0
 11
37.4487850998
 21
90.1172139549
 31
0.0
  0
LINE
  5
134
330
1F
100
AcDbEntity
  8
0
  6
Continuous
 62
     7
370
    25
100
AcDbLine
 10
36.2237850998
 20
88.8922139549
 30
0.0
 11
37.4487850998
 21
88.8922139549
 31
0.0
  0
LINE
  5
135
330
1F
100
AcDbEntity
  8
0
  6
Continuous
 62
     7
370
    25
100
AcDbLine
 10
36.2237850998
 20
88.8922139549
 30
0.0
 11
36.2237850998
 21
89.1422139549
 31
0.0
  0
LINE
  5
136
330
1F
100
AcDbEntity
  8
0
  6
Continuous
 62
     7
370
    25
100
AcDbLine
 10
36.2237850998
 20
89.1422139549
 30
0.0
 11
36.4737850998
 21
89.1422139549
 31
0.0
  0
LINE
  5
137
330
1F
100
AcDbEntity
  8
0
  6
Continuous
 62
     7
370
    25
100
AcDbLine
 10
36.4737850998
 20
89.1422139549
 30
0.0
 11
36.4737850998
 21
89.6422139549
 31
0.0
  0
ARC
  5
138
330
1F
100
AcDbEntity
  8
0
  6
Continuous
 62
     7
370
    25
100
AcDbCircle
 10
35.7821184331
 20
88.5023126434
 30
0.0
 40
1.333333333333326
100
AcDbArc
 50
58.7515587378
 51
121.2484412622
  0
LINE
  5
139
330
1F
100
AcDbEntity
  8
0
  6
Continuous
 62
     7
370
    25
100
AcDbLine
 10
35.0904517665
 20
89.6422139549
 30
0.0
 11
35.0904517665
 21
89.1422139549
 31
0.0
  0
LINE
  5
13A
330
1F
100
AcDbEntity
  8
0
  6
Continuous
 62
     7
370
    25
100
AcDbLine
 10
35.0904517665
 20
89.1422139549
 30
0.0
 11
35.3404517665
 21
89.1422139549
 31
0.0
  0
LINE
  5
13B
330
1F
100
AcDbEntity
  8
0
  6
Continuous
 62
     7
370
    25
100
AcDbLine
 10
35.3404517665
 20
89.1422139549
 30
0.0
 11
35.3404517665
 21
88.8922139549
 31
0.0
  0
LINE
  5
13C
330
1F
100
AcDbEntity
  8
0
  6
Continuous
 62
     7
370
    25
100
AcDbLine
 10
34.1154517665
 20
88.8922139549
 30
0.0
 11
35.3404517665
 21
88.8922139549
 31
0.0
  0
LINE
  5
13D
330
1F
100
AcDbEntity
  8
0
  6
Continuous
 62
     7
370
    25
100
AcDbLine
 10
34.1154517665
 20
90.1172139549
 30
0.0
 11
34.1154517665
 21
88.8922139549
 31
0.0
  0
LINE
  5
13E
330
1F
100
AcDbEntity
  8
0
  6
Continuous
 62
     7
370
    25
100
AcDbLine
 10
34.1154517665
 20
90.1172139549
 30
0.0
 11
34.3654517665
 21
90.1172139549
 31
0.0
  0
LINE
  5
13F
330
1F
100
AcDbEntity
  8
0
  6
Continuous
 62
     7
370
    25
100
AcDbLine
 10
34.3654517665
 20
90.1172139549
 30
0.0
 11
34.3654517665
 21
89.8672139549
 31
0.0
  0
LINE
  5
140
330
1F
100
AcDbEntity
  8
0
  6
Continuous
 62
     7
370
    25
100
AcDbLine
 10
34.3654517665
 20
89.8672139549
 30
0.0
 11
34.8654517665
 21
89.8672139549
 31
0.0
  0
ARC
  5
141
330
1F
100
AcDbEntity
  8
0
  6
Continuous
 62
     7
370
    25
100
AcDbCircle
 10
33.725550455
 20
90.5588806216
 30
0.0
 40
1.333333333333336
100
AcDbArc
 50
328.7515587378
 51
31.2484412622
  0
LINE
  5
142
330
1F
100
AcDbEntity
  8
0
  6
Continuous
 62
     7
370
    25
100
AcDbLine
 10
34.8654517665
 20
91.2505472882
 30
0.0
 11
34.3654517665
 21
91.2505472882
 31
0.0
  0
LINE
  5
143
330
1F
100
AcDbEntity
  8
0
  6
Continuous
 62
     7
370
    25
100
AcDbLine
 10
34.3654517665
 20
91.2505472882
 30
0.0
 11
34.3654517665
 21
91.0005472882
 31
0.0
  0
LINE
  5
144
330
1F
100
AcDbEntity
  8
0
  6
Continuous
 62
     7
370
    25
100
AcDbLine
 10
34.3654517665
 20
91.0005472882
 30
0.0
 11
34.1154517665
 21
91.0005472882
 31
0.0
  0
LINE
  5
145
330
1F
100
AcDbEntity
  8
0
  6
Continuous
 62
     7
370
    25
100
AcDbLine
 10
37.1987850998
 20
90.1172139549
 30
0.0
 11
37.4487850998
 21
90.1172139549
 31
0.0
  0
LINE
  5
146
330
1F
100
AcDbEntity
  8
0
  6
Continuous
 62
     7
370
    25
100
AcDbLine
 10
36.4737850998
 20
91.9755472882
 30
0.0
 11
36.2237850998
 21
91.9755472882
 31
0.0
  0
LINE
  5
147
330
1F
100
AcDbEntity
  8
0
  6
Continuous
 62
     7
370
    25
100
AcDbLine
 10
35.3404517665
 20
91.9755472882
 30
0.0
 11
35.0904517665
 21
91.9755472882
 31
0.0
  0
LINE
  5
148
330
1F
100
AcDbEntity
  8
0
  6
Continuous
 62
     7
370
    25
100
AcDbLine
 10
35.0904517665
 20
91.9755472882
 30
0.0
 11
35.0904517665
 21
91.4755472882
 31
0.0
  0
LINE
  5
149
330
1F
100
AcDbEntity
  8
0
  6
Continuous
 62
     7
370
    25
100
AcDbLine
 10
37.4487850998
 20
92.2255472882
 30
0.0
 11
36.2237850998
 21
92.2255472882
 31
0.0
  0
CIRCLE
  5
14A
330
1F
100
AcDbEntity
  8
0
  6
Continuous
 62
     7
370
    25
100
AcDbCircle
 10
81.9487850998
 20
91.7255472882
 30
0.0
 40
0.3333333333333428
  0
CIRCLE
  5
14B
330
1F
100
AcDbEntity
  8
0
  6
Continuous
 62
     7
370
    25
100
AcDbCircle
 10
79.6154517664
 20
91.7255472882
 30
0.0
 40
0.3333333333333286
  0
LINE
  5
14C
330
1F
100
AcDbEntity
  8
0
  6
Continuous
 62
     7
370
    25
100
AcDbLine
 10
79.1154517664
 20
92.2255472882
 30
0.0
 11
79.1154517664
 21
91.0005472882
 31
0.0
  0
LINE
  5
14D
330
1F
100
AcDbEntity
  8
0
  6
Continuous
 62
     7
370
    25
100
AcDbLine
 10
80.3404517664
 20
92.2255472882
 30
0.0
 11
79.1154517664
 21
92.2255472882
 31
0.0
  0
LINE
  5
14E
330
1F
100
AcDbEntity
  8
0
  6
Continuous
 62
     7
370
    25
100
AcDbLine
 10
80.3404517664
 20
92.2255472882
 30
0.0
 11
80.3404517664
 21
91.9755472882
 31
0.0
  0
ARC
  5
14F
330
1F
100
AcDbEntity
  8
0
  6
Continuous
 62
     7
370
    25
100
AcDbCircle
 10
80.7821184331
 20
92.6154485997
 30
0.0
 40
1.333333333333335
100
AcDbArc
 50
238.7515587378
 51
301.2484412622
  0
LINE
  5
150
330
1F
100
AcDbEntity
  8
0
  6
Continuous
 62
     7
370
    25
100
AcDbLine
 10
81.2237850998
 20
91.9755472882
 30
0.0
 11
81.2237850998
 21
92.2255472882
 31
0.0
  0
LINE
  5
151
330
1F
100
AcDbEntity
  8
0
  6
Continuous
 62
     7
370
    25
100
AcDbLine
 10
82.4487850998
 20
92.2255472882
 30
0.0
 11
81.2237850998
 21
92.2255472882
 31
0.0
  0
LINE
  5
152
330
1F
100
AcDbEntity
  8
0
  6
Continuous
 62
     7
370
    25
100
AcDbLine
 10
82.4487850998
 20
91.0005472882
 30
0.0
 11
82.4487850998
 21
92.2255472882
 31
0.0
  0
LINE
  5
153
330
1F
100
AcDbEntity
  8
0
  6
Continuous
 62
     7
370
    25
100
AcDbLine
 10
82.1987850998
 20
91.2505472882
 30
0.0
 11
81.6987850998
 21
91.2505472882
 31
0.0
  0
ARC
  5
154
330
1F
100
AcDbEntity
  8
0
  6
Continuous
 62
     7
370
    25
100
AcDbCircle
 10
82.8386864113
 20
90.5588806216
 30
0.0
 40
1.333333333333354
100
AcDbArc
 50
148.7515587378
 51
211.2484412622
  0
LINE
  5
155
330
1F
100
AcDbEntity
  8
0
  6
Continuous
 62
     7
370
    25
100
AcDbLine
 10
81.6987850998
 20
89.8672139549
 30
0.0
 11
82.1987850998
 21
89.8672139549
 31
0.0
  0
LINE
  5
156
330
1F
100
AcDbEntity
  8
0
  6
Continuous
 62
     7
370
    25
100
AcDbLine
 10
82.1987850998
 20
89.8672139549
 30
0.0
 11
82.1987850998
 21
90.1172139549
 31
0.0
  0
LINE
  5
157
330
1F
100
AcDbEntity
  8
0
  6
Continuous
 62
     7
370
    25
100
AcDbLine
 10
82.1987850998
 20
90.1172139549
 30
0.0
 11
82.4487850998
 21
90.1172139549
 31
0.0
  0
LINE
  5
158
330
1F
100
AcDbEntity
  8
0
  6
Continuous
 62
     7
370
    25
100
AcDbLine
 10
82.4487850998
 20
88.8922139549
 30
0.0
 11
82.4487850998
 21
90.1172139549
 31
0.0
  0
LINE
  5
159
330
1F
100
AcDbEntity
  8
0
  6
Continuous
 62
     7
370
    25
100
AcDbLine
 10
81.2237850998
 20
88.8922139549
 30
0.0
 11
82.4487850998
 21
88.8922139549
 31
0.0
  0
LINE
  5
15A
330
1F
100
AcDbEntity
  8
0
  6
Continuous
 62
     7
370
    25
100
AcDbLine
 10
81.2237850998
 20
88.8922139549
 30
0.0
 11
81.2237850998
 21
89.1422139549
 31
0.0
  0
LINE
  5
15B
330
1F
100
AcDbEntity
  8
0
  6
Continuous
 62
     7
370
    25
100
AcDbLine
 10
81.4737850998
 20
89.1422139549
 30
0.0
 11
81.4737850998
 21
89.6422139549
 31
0.0
  0
LINE
  5
15C
330
1F
100
AcDbEntity
  8
0
  6
Continuous
 62
     7
370
    25
100
AcDbLine
 10
79.1154517664
 20
90.1172139549
 30
0.0
 11
79.1154517664
 21
88.8922139549
 31
0.0
  0
LINE
  5
15D
330
1F
100
AcDbEntity
  8
0
  6
Continuous
 62
     7
370
    25
100
AcDbLine
 10
79.1154517664
 20
90.1172139549
 30
0.0
 11
79.3654517664
 21
90.1172139549
 31
0.0
  0
LINE
  5
15E
330
1F
100
AcDbEntity
  8
0
  6
Continuous
 62
     7
370
    25
100
AcDbLine
 10
79.3654517664
 20
91.2505472882
 30
0.0
 11
79.3654517664
 21
91.0005472882
 31
0.0
  0
LINE
  5
15F
330
1F
100
AcDbEntity
  8
0
  6
Continuous
 62
     7
370
    25
100
AcDbLine
 10
79.8654517664
 20
91.2505472882
 30
0.0
 11
79.3654517664
 21
91.2505472882
 31
0.0
  0
LINE
  5
160
330
1F
100
AcDbEntity
  8
0
  6
Continuous
 62
     7
370
    25
100
AcDbLine
 10
80.3404517664
 20
91.9755472882
 30
0.0
 11
80.0904517664
 21
91.9755472882
 31
0.0
  0
LINE
  5
161
330
1F
100
AcDbEntity
  8
0
  6
Continuous
 62
     7
370
    25
100
AcDbLine
 10
79.3654517664
 20
91.0005472882
 30
0.0
 11
79.1154517664
 21
91.0005472882
 31
0.0
  0
LINE
  5
162
330
1F
100
AcDbEntity
  8
0
  6
Continuous
 62
     7
370
    25
100
AcDbLine
 10
82.4487850998
 20
91.0005472882
 30
0.0
 11
82.1987850998
 21
91.0005472882
 31
0.0
  0
ARC
  5
163
330
1F
100
AcDbEntity
  8
0
  6
Continuous
 62
     7
370
    25
100
AcDbCircle
 10
80.7821184331
 20
88.5023126434
 30
0.0
 40
1.33333333333333
100
AcDbArc
 50
58.7515587378
 51
121.2484412622
  0
LINE
  5
164
330
1F
100
AcDbEntity
  8
0
  6
Continuous
 62
     7
370
    25
100
AcDbLine
 10
80.0904517664
 20
89.6422139549
 30
0.0
 11
80.0904517664
 21
89.1422139549
 31
0.0
  0
LINE
  5
165
330
1F
100
AcDbEntity
  8
0
  6
Continuous
 62
     7
370
    25
100
AcDbLine
 10
80.0904517664
 20
89.1422139549
 30
0.0
 11
80.3404517664
 21
89.1422139549
 31
0.0
  0
LINE
  5
166
330
1F
100
AcDbEntity
  8
0
  6
Continuous
 62
     7
370
    25
100
AcDbLine
 10
80.3404517664
 20
89.1422139549
 30
0.0
 11
80.3404517664
 21
88.8922139549
 31
0.0
  0
CIRCLE
  5
167
330
1F
100
AcDbEntity
  8
0
  6
Continuous
 62
     7
370
    25
100
AcDbCircle
 10
81.9487850998
 20
89.3922139549
 30
0.0
 40
0.3333333333333428
  0
LINE
  5
168
330
1F
100
AcDbEntity
  8
0
  6
Continuous
 62
     7
370
    25
100
AcDbLine
 10
82.1987850998
 20
91.0005472882
 30
0.0
 11
82.1987850998
 21
91.2505472882
 31
0.0
  0
ARC
  5
169
330
1F
100
AcDbEntity
  8
0
  6
Continuous
 62
     7
370
    25
100
AcDbCircle
 10
78.7255504549
 20
90.5588806216
 30
0.0
 40
1.33333333333333
100
AcDbArc
 50
328.7515587378
 51
31.2484412622
  0
LINE
  5
16A
330
1F
100
AcDbEntity
  8
0
  6
Continuous
 62
     7
370
    25
100
AcDbLine
 10
79.3654517664
 20
90.1172139549
 30
0.0
 11
79.3654517664
 21
89.8672139549
 31
0.0
  0
LINE
  5
16B
330
1F
100
AcDbEntity
  8
0
  6
Continuous
 62
     7
370
    25
100
AcDbLine
 10
79.1154517664
 20
88.8922139549
 30
0.0
 11
80.3404517664
 21
88.8922139549
 31
0.0
  0
CIRCLE
  5
16C
330
1F
100
AcDbEntity
  8
0
  6
Continuous
 62
     7
370
    25
100
AcDbCircle
 10
80.7821184331
 20
90.5588806216
 30
0.0
 40
0.3583333333333343
  0
LINE
  5
16D
330
1F
100
AcDbEntity
  8
0
  6
Continuous
 62
     7
370
    25
100
AcDbLine
 10
81.4737850998
 20
91.4755472882
 30
0.0
 11
81.4737850998
 21
91.9755472882
 31
0.0
  0
LINE
  5
16E
330
1F
100
AcDbEntity
  8
0
  6
Continuous
 62
     7
370
    25
100
AcDbLine
 10
80.0904517664
 20
91.9755472882
 30
0.0
 11
80.0904517664
 21
91.4755472882
 31
0.0
  0
LINE
  5
16F
330
1F
100
AcDbEntity
  8
0
  6
Continuous
 62
     7
370
    25
100
AcDbLine
 10
81.4737850998
 20
91.9755472882
 30
0.0
 11
81.2237850998
 21
91.9755472882
 31
0.0
  0
CIRCLE
  5
170
330
1F
100
AcDbEntity
  8
0
  6
Continuous
 62
     7
370
    25
100
AcDbCircle
 10
79.6154517664
 20
89.3922139549
 30
0.0
 40
0.3333333333333286
  0
LINE
  5
171
330
1F
100
AcDbEntity
  8
0
  6
Continuous
 62
     7
370
    25
100
AcDbLine
 10
81.2237850998
 20
89.1422139549
 30
0.0
 11
81.4737850998
 21
89.1422139549
 31
0.0
  0
LINE
  5
172
330
1F
100
AcDbEntity
  8
0
  6
Continuous
 62
     7
370
    25
100
AcDbLine
 10
79.3654517664
 20
89.8672139549
 30
0.0
 11
79.8654517664
 21
89.8672139549
 31
0.0
  0
LINE
  5
173
330
1F
100
AcDbEntity
  8
0
  6
Continuous
 62
     7
370
    25
100
AcDbLine
 10
27.7821184332
 20
101.0590464175
 30
0.0
 11
27.7821184332
 21
100.5590464175
 31
0.0
  0
LINE
  5
174
330
1F
100
AcDbEntity
  8
0
  6
Continuous
 62
     7
370
    25
100
AcDbLine
 10
27.7821184332
 20
101.0590464175
 30
0.0
 11
33.1154517665
 21
101.0590464175
 31
0.0
  0
LINE
  5
175
330
1F
100
AcDbEntity
  8
0
  6
Continuous
 62
     7
370
    25
100
AcDbLine
 10
33.1154517665
 20
100.5590464175
 30
0.0
 11
33.1154517665
 21
101.0590464175
 31
0.0
  0
LINE
  5
176
330
1F
100
AcDbEntity
  8
0
  6
Continuous
 62
     7
370
    25
100
AcDbLine
 10
27.7821184332
 20
100.5590464175
 30
0.0
 11
33.1154517665
 21
100.5590464175
 31
0.0
  0
LINE
  5
177
330
1F
100
AcDbEntity
  8
0
  6
Continuous
 62
     7
370
    25
100
AcDbLine
 10
33.9487850998
 20
101.0590464175
 30
0.0
 11
33.9487850998
 21
100.5590464175
 31
0.0
  0
LINE
  5
178
330
1F
100
AcDbEntity
  8
0
  6
Continuous
 62
     7
370
    25
100
AcDbLine
 10
33.9487850998
 20
100.5590464175
 30
0.0
 11
33.1154517665
 21
100.5590464175
 31
0.0
  0
LINE
  5
179
330
1F
100
AcDbEntity
  8
0
  6
Continuous
 62
     7
370
    25
100
AcDbLine
 10
33.1154517665
 20
101.0590464175
 30
0.0
 11
33.9487850998
 21
101.0590464175
 31
0.0
  0
LINE
  5
17A
330
1F
100
AcDbEntity
  8
0
  6
Continuous
 62
     7
370
    25
100
AcDbLine
 10
26.9487850998
 20
100.5590464175
 30
0.0
 11
26.9487850998
 21
101.0590464175
 31
0.0
  0
LINE
  5
17B
330
1F
100
AcDbEntity
  8
0
  6
Continuous
 62
     7
370
    25
100
AcDbLine
 10
27.7821184332
 20
100.5590464175
 30
0.0
 11
26.9487850998
 21
100.5590464175
 31
0.0
  0
LINE
  5
17C
330
1F
100
AcDbEntity
  8
0
  6
Continuous
 62
     7
370
    25
100
AcDbLine
 10
26.9487850998
 20
101.0590464175
 30
0.0
 11
27.7821184332
 21
101.0590464175
 31
0.0
  0
LINE
  5
17D
330
1F
100
AcDbEntity
  8
0
  6
Continuous
 62
     7
370
    25
100
AcDbLine
 10
27.7821184332
 20
109.0590464175
 30
0.0
 11
26.9487850998
 21
108.2257130842
 31
0.0
  0
LINE
  5
17E
330
1F
100
AcDbEntity
  8
0
  6
Continuous
 62
     7
370
    25
100
AcDbLine
 10
27.7821184332
 20
109.0590464175
 30
0.0
 11
33.1154517665
 21
109.0590464175
 31
0.0
  0
LINE
  5
17F
330
1F
100
AcDbEntity
  8
0
  6
Continuous
 62
     7
370
    25
100
AcDbLine
 10
33.9487850998
 20
108.2257130842
 30
0.0
 11
33.1154517665
 21
109.0590464175
 31
0.0
  0
CIRCLE
  5
180
330
1F
100
AcDbEntity
  8
0
  6
Continuous
 62
     7
370
    25
100
AcDbCircle
 10
30.4487850998
 20
105.5590464175
 30
0.0
 40
2.1666666666667
  0
CIRCLE
  5
181
330
1F
100
AcDbEntity
  8
0
  6
Continuous
 62
     7
370
    25
100
AcDbCircle
 10
27.7821184332
 20
105.5590464175
 30
0.0
 40
0.3333333333333357
  0
CIRCLE
  5
182
330
1F
100
AcDbEntity
  8
0
  6
Continuous
 62
     7
370
    25
100
AcDbCircle
 10
30.4487850998
 20
102.8923797509
 30
0.0
 40
0.3333333333333357
  0
CIRCLE
  5
183
330
1F
100
AcDbEntity
  8
0
  6
Continuous
 62
     7
370
    25
100
AcDbCircle
 10
33.1154517665
 20
105.5590464175
 30
0.0
 40
0.3333333333333357
  0
CIRCLE
  5
184
330
1F
100
AcDbEntity
  8
0
  6
Continuous
 62
     7
370
    25
100
AcDbCircle
 10
33.1154517665
 20
103.1423797509
 30
0.0
 40
0.3333333333333357
  0
CIRCLE
  5
185
330
1F
100
AcDbEntity
  8
0
  6
Continuous
 62
     7
370
    25
100
AcDbCircle
 10
30.4487850998
 20
108.2257130842
 30
0.0
 40
0.3333333333333393
  0
CIRCLE
  5
186
330
1F
100
AcDbEntity
  8
0
  6
Continuous
 62
     7
370
    25
100
AcDbCircle
 10
27.8654517665
 20
107.8923797509
 30
0.0
 40
0.3333333333333357
  0
CIRCLE
  5
187
330
1F
100
AcDbEntity
  8
0
  6
Continuous
 62
     7
370
    25
100
AcDbCircle
 10
27.8654517665
 20
103.1423797509
 30
0.0
 40
0.3333333333333357
  0
CIRCLE
  5
188
330
1F
100
AcDbEntity
  8
0
  6
Continuous
 62
     7
370
    25
100
AcDbCircle
 10
33.0321184332
 20
107.8923797509
 30
0.0
 40
0.3333333333333428
  0
LINE
  5
189
330
1F
100
AcDbEntity
  8
0
  6
Continuous
 62
     7
370
    25
100
AcDbLine
 10
26.9487850998
 20
108.2257130842
 30
0.0
 11
26.9487850998
 21
101.0590464175
 31
0.0
  0
LINE
  5
18A
330
1F
100
AcDbEntity
  8
0
  6
Continuous
 62
     7
370
    25
100
AcDbLine
 10
33.9487850998
 20
108.2257130842
 30
0.0
 11
33.9487850998
 21
101.0590464175
 31
0.0
  0
LINE
  5
18B
330
1F
100
AcDbEntity
  8
0
  6
Continuous
 62
     7
370
    25
100
AcDbLine
 10
83.4487850998
 20
101.0588806216
 30
0.0
 11
83.4487850998
 21
100.5588806216
 31
0.0
  0
LINE
  5
18C
330
1F
100
AcDbEntity
  8
0
  6
Continuous
 62
     7
370
    25
100
AcDbLine
 10
83.4487850998
 20
101.0588806216
 30
0.0
 11
88.7821184331
 21
101.0588806216
 31
0.0
  0
LINE
  5
18D
330
1F
100
AcDbEntity
  8
0
  6
Continuous
 62
     7
370
    25
100
AcDbLine
 10
88.7821184331
 20
100.5588806216
 30
0.0
 11
88.7821184331
 21
101.0588806216
 31
0.0
  0
LINE
  5
18E
330
1F
100
AcDbEntity
  8
0
  6
Continuous
 62
     7
370
    25
100
AcDbLine
 10
83.4487850998
 20
100.5588806216
 30
0.0
 11
88.7821184331
 21
100.5588806216
 31
0.0
  0
LINE
  5
18F
330
1F
100
AcDbEntity
  8
0
  6
Continuous
 62
     7
370
    25
100
AcDbLine
 10
89.6154517664
 20
101.0588806216
 30
0.0
 11
89.6154517664
 21
100.5588806216
 31
0.0
  0
LINE
  5
190
330
1F
100
AcDbEntity
  8
0
  6
Continuous
 62
     7
370
    25
100
AcDbLine
 10
88.7821184331
 20
101.0588806216
 30
0.0
 11
89.6154517664
 21
101.0588806216
 31
0.0
  0
LINE
  5
191
330
1F
100
AcDbEntity
  8
0
  6
Continuous
 62
     7
370
    25
100
AcDbLine
 10
89.6154517664
 20
100.5588806216
 30
0.0
 11
88.7821184331
 21
100.5588806216
 31
0.0
  0
LINE
  5
192
330
1F
100
AcDbEntity
  8
0
  6
Continuous
 62
     7
370
    25
100
AcDbLine
 10
82.6154517664
 20
100.5588806216
 30
0.0
 11
82.6154517664
 21
101.0588806216
 31
0.0
  0
LINE
  5
193
330
1F
100
AcDbEntity
  8
0
  6
Continuous
 62
     7
370
    25
100
AcDbLine
 10
82.6154517664
 20
101.0588806216
 30
0.0
 11
83.4487850998
 21
101.0588806216
 31
0.0
  0
LINE
  5
194
330
1F
100
AcDbEntity
  8
0
  6
Continuous
 62
     7
370
    25
100
AcDbLine
 10
83.4487850998
 20
100.5588806216
 30
0.0
 11
82.7987850998
 21
100.5588806216
 31
0.0
  0
LINE
  5
195
330
1F
100
AcDbEntity
  8
0
  6
Continuous
 62
     7
370
    25
100
AcDbLine
 10
83.4487850998
 20
109.0588806216
 30
0.0
 11
82.6154517664
 21
108.2255472882
 31
0.0
  0
LINE
  5
196
330
1F
100
AcDbEntity
  8
0
  6
Continuous
 62
     7
370
    25
100
AcDbLine
 10
83.4487850998
 20
109.0588806216
 30
0.0
 11
88.7821184331
 21
109.0588806216
 31
0.0
  0
LINE
  5
197
330
1F
100
AcDbEntity
  8
0
  6
Continuous
 62
     7
370
    25
100
AcDbLine
 10
89.6154517664
 20
108.2255472882
 30
0.0
 11
88.7821184331
 21
109.0588806216
 31
0.0
  0
CIRCLE
  5
198
330
1F
100
AcDbEntity
  8
0
  6
Continuous
 62
     7
370
    25
100
AcDbCircle
 10
86.1154517664
 20
105.5588806216
 30
0.0
 40
2.166666666666714
  0
CIRCLE
  5
199
330
1F
100
AcDbEntity
  8
0
  6
Continuous
 62
     7
370
    25
100
AcDbCircle
 10
83.4487850998
 20
105.5588806216
 30
0.0
 40
0.3333333333333428
  0
CIRCLE
  5
19A
330
1F
100
AcDbEntity
  8
0
  6
Continuous
 62
     7
370
    25
100
AcDbCircle
 10
86.1154517664
 20
102.8922139549
 30
0.0
 40
0.333333333333357
  0
CIRCLE
  5
19B
330
1F
100
AcDbEntity
  8
0
  6
Continuous
 62
     7
370
    25
100
AcDbCircle
 10
88.7821184331
 20
105.5588806216
 30
0.0
 40
0.3333333333333428
  0
CIRCLE
  5
19C
330
1F
100
AcDbEntity
  8
0
  6
Continuous
 62
     7
370
    25
100
AcDbCircle
 10
88.7821184331
 20
103.1422139549
 30
0.0
 40
0.3333333333333428
  0
CIRCLE
  5
19D
330
1F
100
AcDbEntity
  8
0
  6
Continuous
 62
     7
370
    25
100
AcDbCircle
 10
86.1154517664
 20
108.2255472882
 30
0.0
 40
0.3333333333333286
  0
CIRCLE
  5
19E
330
1F
100
AcDbEntity
  8
0
  6
Continuous
 62
     7
370
    25
100
AcDbCircle
 10
83.5321184331
 20
107.8922139549
 30
0.0
 40
0.3333333333333428
  0
CIRCLE
  5
19F
330
1F
100
AcDbEntity
  8
0
  6
Continuous
 62
     7
370
    25
100
AcDbCircle
 10
83.5321184331
 20
103.1422139549
 30
0.0
 40
0.3333333333333286
  0
CIRCLE
  5
1A0
330
1F
100
AcDbEntity
  8
0
  6
Continuous
 62
     7
370
    25
100
AcDbCircle
 10
88.6987850998
 20
107.8922139549
 30
0.0
 40
0.3333333333333428
  0
LINE
  5
1A1
330
1F
100
AcDbEntity
  8
0
  6
Continuous
 62
     7
370
    25
100
AcDbLine
 10
89.6154517664
 20
108.2255472882
 30
0.0
 11
89.6154517664
 21
101.0588806216
 31
0.0
  0
LINE
  5
1A2
330
1F
100
AcDbEntity
  8
0
  6
Continuous
 62
     7
370
    25
100
AcDbLine
 10
82.6154517664
 20
108.2255472882
 30
0.0
 11
82.6154517664
 21
101.0588806216
 31
0.0
  0
LINE
  5
1A3
330
1F
100
AcDbEntity
  8
0
  6
Continuous
 62
     7
370
    25
100
AcDbLine
 10
33.1154517665
 20
125.0588806216
 30
0.0
 11
33.1154517665
 21
125.5588806216
 31
0.0
  0
LINE
  5
1A4
330
1F
100
AcDbEntity
  8
0
  6
Continuous
 62
     7
370
    25
100
AcDbLine
 10
33.1154517665
 20
125.0588806216
 30
0.0
 11
27.7821184332
 21
125.0588806216
 31
0.0
  0
LINE
  5
1A5
330
1F
100
AcDbEntity
  8
0
  6
Continuous
 62
     7
370
    25
100
AcDbLine
 10
27.7821184332
 20
125.5588806216
 30
0.0
 11
27.7821184332
 21
125.0588806216
 31
0.0
  0
LINE
  5
1A6
330
1F
100
AcDbEntity
  8
0
  6
Continuous
 62
     7
370
    25
100
AcDbLine
 10
33.1154517665
 20
125.5588806216
 30
0.0
 11
27.7821184332
 21
125.5588806216
 31
0.0
  0
LINE
  5
1A7
330
1F
100
AcDbEntity
  8
0
  6
Continuous
 62
     7
370
    25
100
AcDbLine
 10
26.9487850998
 20
125.0588806216
 30
0.0
 11
26.9487850998
 21
125.5588806216
 31
0.0
  0
LINE
  5
1A8
330
1F
100
AcDbEntity
  8
0
  6
Continuous
 62
     7
370
    25
100
AcDbLine
 10
26.9487850998
 20
125.5588806216
 30
0.0
 11
27.7821184332
 21
125.5588806216
 31
0.0
  0
LINE
  5
1A9
330
1F
100
AcDbEntity
  8
0
  6
Continuous
 62
     7
370
    25
100
AcDbLine
 10
27.7821184332
 20
125.0588806216
 30
0.0
 11
26.9487850998
 21
125.0588806216
 31
0.0
  0
LINE
  5
1AA
330
1F
100
AcDbEntity
  8
0
  6
Continuous
 62
     7
370
    25
100
AcDbLine
 10
33.9487850998
 20
125.5588806216
 30
0.0
 11
33.9487850998
 21
125.0588806216
 31
0.0
  0
LINE
  5
1AB
330
1F
100
AcDbEntity
  8
0
  6
Continuous
 62
     7
370
    25
100
AcDbLine
 10
33.1154517665
 20
125.5588806216
 30
0.0
 11
33.9487850998
 21
125.5588806216
 31
0.0
  0
LINE
  5
1AC
330
1F
100
AcDbEntity
  8
0
  6
Continuous
 62
     7
370
    25
100
AcDbLine
 10
33.9487850998
 20
125.0588806216
 30
0.0
 11
33.1154517665
 21
125.0588806216
 31
0.0
  0
LINE
  5
1AD
330
1F
100
AcDbEntity
  8
0
  6
Continuous
 62
     7
370
    25
100
AcDbLine
 10
33.1154517665
 20
117.0588806216
 30
0.0
 11
33.9487850998
 21
117.8922139549
 31
0.0
  0
LINE
  5
1AE
330
1F
100
AcDbEntity
  8
0
  6
Continuous
 62
     7
370
    25
100
AcDbLine
 10
33.1154517665
 20
117.0588806216
 30
0.0
 11
27.7821184332
 21
117.0588806216
 31
0.0
  0
LINE
  5
1AF
330
1F
100
AcDbEntity
  8
0
  6
Continuous
 62
     7
370
    25
100
AcDbLine
 10
26.9487850998
 20
117.8922139549
 30
0.0
 11
27.7821184332
 21
117.0588806216
 31
0.0
  0
CIRCLE
  5
1B0
330
1F
100
AcDbEntity
  8
0
  6
Continuous
 62
     7
370
    25
100
AcDbCircle
 10
30.4487850998
 20
120.5588806216
 30
0.0
 40
2.1666666666667
  0
CIRCLE
  5
1B1
330
1F
100
AcDbEntity
  8
0
  6
Continuous
 62
     7
370
    25
100
AcDbCircle
 10
33.1154517665
 20
120.5588806216
 30
0.0
 40
0.3333333333333428
  0
CIRCLE
  5
1B2
330
1F
100
AcDbEntity
  8
0
  6
Continuous
 62
     7
370
    25
100
AcDbCircle
 10
30.4487850998
 20
123.2255472882
 30
0.0
 40
0.3333333333333393
  0
CIRCLE
  5
1B3
330
1F
100
AcDbEntity
  8
0
  6
Continuous
 62
     7
370
    25
100
AcDbCircle
 10
27.7821184332
 20
120.5588806216
 30
0.0
 40
0.3333333333333464
  0
CIRCLE
  5
1B4
330
1F
100
AcDbEntity
  8
0
  6
Continuous
 62
     7
370
    25
100
AcDbCircle
 10
27.7821184332
 20
122.9755472882
 30
0.0
 40
0.3333333333333393
  0
CIRCLE
  5
1B5
330
1F
100
AcDbEntity
  8
0
  6
Continuous
 62
     7
370
    25
100
AcDbCircle
 10
30.4487850998
 20
117.8922139549
 30
0.0
 40
0.3333333333333357
  0
CIRCLE
  5
1B6
330
1F
100
AcDbEntity
  8
0
  6
Continuous
 62
     7
370
    25
100
AcDbCircle
 10
33.0321184332
 20
118.2255472882
 30
0.0
 40
0.3333333333333357
  0
CIRCLE
  5
1B7
330
1F
100
AcDbEntity
  8
0
  6
Continuous
 62
     7
370
    25
100
AcDbCircle
 10
33.0321184332
 20
122.9755472882
 30
0.0
 40
0.3333333333333357
  0
CIRCLE
  5
1B8
330
1F
100
AcDbEntity
  8
0
  6
Continuous
 62
     7
370
    25
100
AcDbCircle
 10
27.8654517665
 20
118.2255472882
 30
0.0
 40
0.3333333333333321
  0
LINE
  5
1B9
330
1F
100
AcDbEntity
  8
0
  6
Continuous
 62
     7
370
    25
100
AcDbLine
 10
26.9487850998
 20
117.8922139549
 30
0.0
 11
26.9487850998
 21
125.0588806216
 31
0.0
  0
LINE
  5
1BA
330
1F
100
AcDbEntity
  8
0
  6
Continuous
 62
     7
370
    25
100
AcDbLine
 10
33.9487850998
 20
117.8922139549
 30
0.0
 11
33.9487850998
 21
125.0588806216
 31
0.0
  0
LINE
  5
1BB
330
1F
100
AcDbEntity
  8
0
  6
Continuous
 62
     7
370
    25
100
AcDbLine
 10
82.6154517664
 20
125.0588806216
 30
0.0
 11
82.6154517664
 21
125.5588806216
 31
0.0
  0
LINE
  5
1BC
330
1F
100
AcDbEntity
  8
0
  6
Continuous
 62
     7
370
    25
100
AcDbLine
 10
82.7987850998
 20
125.5588806216
 30
0.0
 11
83.4487850998
 21
125.5588806216
 31
0.0
  0
LINE
  5
1BD
330
1F
100
AcDbEntity
  8
0
  6
Continuous
 62
     7
370
    25
100
AcDbLine
 10
83.4487850998
 20
125.5588806216
 30
0.0
 11
83.4487850998
 21
125.0588806216
 31
0.0
  0
LINE
  5
1BE
330
1F
100
AcDbEntity
  8
0
  6
Continuous
 62
     7
370
    25
100
AcDbLine
 10
83.4487850998
 20
125.0588806216
 30
0.0
 11
82.6154517664
 21
125.0588806216
 31
0.0
  0
LINE
  5
1BF
330
1F
100
AcDbEntity
  8
0
  6
Continuous
 62
     7
370
    25
100
AcDbLine
 10
88.7821184331
 20
125.0588806216
 30
0.0
 11
88.7821184331
 21
125.5588806216
 31
0.0
  0
LINE
  5
1C0
330
1F
100
AcDbEntity
  8
0
  6
Continuous
 62
     7
370
    25
100
AcDbLine
 10
88.7821184331
 20
125.0588806216
 30
0.0
 11
83.4487850998
 21
125.0588806216
 31
0.0
  0
LINE
  5
1C1
330
1F
100
AcDbEntity
  8
0
  6
Continuous
 62
     7
370
    25
100
AcDbLine
 10
88.7821184331
 20
125.5588806216
 30
0.0
 11
83.4487850998
 21
125.5588806216
 31
0.0
  0
LINE
  5
1C2
330
1F
100
AcDbEntity
  8
0
  6
Continuous
 62
     7
370
    25
100
AcDbLine
 10
89.6154517664
 20
125.5588806216
 30
0.0
 11
89.6154517664
 21
125.0588806216
 31
0.0
  0
LINE
  5
1C3
330
1F
100
AcDbEntity
  8
0
  6
Continuous
 62
     7
370
    25
100
AcDbLine
 10
89.6154517664
 20
125.0588806216
 30
0.0
 11
88.7821184331
 21
125.0588806216
 31
0.0
  0
LINE
  5
1C4
330
1F
100
AcDbEntity
  8
0
  6
Continuous
 62
     7
370
    25
100
AcDbLine
 10
88.7821184331
 20
125.5588806216
 30
0.0
 11
89.6154517664
 21
125.5588806216
 31
0.0
  0
LINE
  5
1C5
330
1F
100
AcDbEntity
  8
0
  6
Continuous
 62
     7
370
    25
100
AcDbLine
 10
88.7821184331
 20
117.0588806216
 30
0.0
 11
89.6154517664
 21
117.8922139549
 31
0.0
  0
LINE
  5
1C6
330
1F
100
AcDbEntity
  8
0
  6
Continuous
 62
     7
370
    25
100
AcDbLine
 10
88.7821184331
 20
117.0588806216
 30
0.0
 11
83.4487850998
 21
117.0588806216
 31
0.0
  0
LINE
  5
1C7
330
1F
100
AcDbEntity
  8
0
  6
Continuous
 62
     7
370
    25
100
AcDbLine
 10
82.6154517664
 20
117.8922139549
 30
0.0
 11
83.4487850998
 21
117.0588806216
 31
0.0
  0
CIRCLE
  5
1C8
330
1F
100
AcDbEntity
  8
0
  6
Continuous
 62
     7
370
    25
100
AcDbCircle
 10
86.1154517664
 20
120.5588806216
 30
0.0
 40
2.1666666666667
  0
CIRCLE
  5
1C9
330
1F
100
AcDbEntity
  8
0
  6
Continuous
 62
     7
370
    25
100
AcDbCircle
 10
88.7821184331
 20
120.5588806216
 30
0.0
 40
0.3333333333333428
  0
CIRCLE
  5
1CA
330
1F
100
AcDbEntity
  8
0
  6
Continuous
 62
     7
370
    25
100
AcDbCircle
 10
86.1154517664
 20
123.2255472882
 30
0.0
 40
0.3333333333333428
  0
CIRCLE
  5
1CB
330
1F
100
AcDbEntity
  8
0
  6
Continuous
 62
     7
370
    25
100
AcDbCircle
 10
83.4487850998
 20
120.5588806216
 30
0.0
 40
0.3333333333333428
  0
CIRCLE
  5
1CC
330
1F
100
AcDbEntity
  8
0
  6
Continuous
 62
     7
370
    25
100
AcDbCircle
 10
83.4487850998
 20
122.9755472882
 30
0.0
 40
0.3333333333333428
  0
CIRCLE
  5
1CD
330
1F
100
AcDbEntity
  8
0
  6
Continuous
 62
     7
370
    25
100
AcDbCircle
 10
86.1154517664
 20
117.8922139549
 30
0.0
 40
0.3333333333333428
  0
CIRCLE
  5
1CE
330
1F
100
AcDbEntity
  8
0
  6
Continuous
 62
     7
370
    25
100
AcDbCircle
 10
88.6987850998
 20
118.2255472882
 30
0.0
 40
0.3333333333333286
  0
CIRCLE
  5
1CF
330
1F
100
AcDbEntity
  8
0
  6
Continuous
 62
     7
370
    25
100
AcDbCircle
 10
88.6987850998
 20
122.9755472882
 30
0.0
 40
0.3333333333333286
  0
CIRCLE
  5
1D0
330
1F
100
AcDbEntity
  8
0
  6
Continuous
 62
     7
370
    25
100
AcDbCircle
 10
83.5321184331
 20
118.2255472882
 30
0.0
 40
0.3333333333333428
  0
LINE
  5
1D1
330
1F
100
AcDbEntity
  8
0
  6
Continuous
 62
     7
370
    25
100
AcDbLine
 10
89.6154517664
 20
117.8922139549
 30
0.0
 11
89.6154517664
 21
125.0588806216
 31
0.0
  0
LINE
  5
1D2
330
1F
100
AcDbEntity
  8
0
  6
Continuous
 62
     7
370
    25
100
AcDbLine
 10
82.6154517664
 20
117.8922139549
 30
0.0
 11
82.6154517664
 21
125.0588806216
 31
0.0
  0
CIRCLE
  5
1D3
330
1F
100
AcDbEntity
  8
0
  6
Continuous
 62
     7
370
    25
100
AcDbCircle
 10
86.1154517665
 20
120.5588806216
 30
0.0
 40
0.7430833333333879
  0
CIRCLE
  5
1D4
330
1F
100
AcDbEntity
  8
0
  6
Continuous
 62
     7
370
    25
100
AcDbCircle
 10
30.4487850998
 20
105.5590464175
 30
0.0
 40
0.7430833333333879
  0
CIRCLE
  5
1D5
330
1F
100
AcDbEntity
  8
0
  6
Continuous
 62
     7
370
    25
100
AcDbCircle
 10
30.4487850998
 20
120.5588806216
 30
0.0
 40
0.7430833333333879
  0
CIRCLE
  5
1D6
330
1F
100
AcDbEntity
  8
0
  6
Continuous
 62
     7
370
    25
100
AcDbCircle
 10
86.1154517664
 20
105.5588806216
 30
0.0
 40
0.7430833333333879
  0
CIRCLE
  5
1D7
330
1F
100
AcDbEntity
  8
0
  6
Continuous
 62
     7
370
    25
100
AcDbCircle
 10
30.4487850998
 20
120.5588806216
 30
0.0
 40
0.8333333333334139
  0
CIRCLE
  5
1D8
330
1F
100
AcDbEntity
  8
0
  6
Continuous
 62
     7
370
    25
100
AcDbCircle
 10
30.4487850998
 20
120.5588806216
 30
0.0
 40
1.208333333333414
  0
CIRCLE
  5
1D9
330
1F
100
AcDbEntity
  8
0
  6
Continuous
 62
     7
370
    25
100
AcDbCircle
 10
86.1154517665
 20
120.5588806216
 30
0.0
 40
1.208333333333428
  0
CIRCLE
  5
1DA
330
1F
100
AcDbEntity
  8
0
  6
Continuous
 62
     7
370
    25
100
AcDbCircle
 10
86.1154517665
 20
120.5588806216
 30
0.0
 40
0.8333333333334281
  0
CIRCLE
  5
1DB
330
1F
100
AcDbEntity
  8
0
  6
Continuous
 62
     7
370
    25
100
AcDbCircle
 10
86.1154517664
 20
105.5588806216
 30
0.0
 40
0.8333333333334423
  0
CIRCLE
  5
1DC
330
1F
100
AcDbEntity
  8
0
  6
Continuous
 62
     7
370
    25
100
AcDbCircle
 10
86.1154517664
 20
105.5588806216
 30
0.0
 40
1.208333333333442
  0
CIRCLE
  5
1DD
330
1F
100
AcDbEntity
  8
0
  6
Continuous
 62
     7
370
    25
100
AcDbCircle
 10
30.4487850998
 20
105.5590464175
 30
0.0
 40
0.8333333333334281
  0
CIRCLE
  5
1DE
330
1F
100
AcDbEntity
  8
0
  6
Continuous
 62
     7
370
    25
100
AcDbCircle
 10
30.4487850998
 20
105.5590464175
 30
0.0
 40
1.208333333333428
  0
CIRCLE
  5
1DF
330
1F
100
AcDbEntity
  8
0
  6
Continuous
 62
     7
370
    25
100
AcDbCircle
 10
86.1154517664
 20
105.5588806216
 30
0.0
 40
1.750000000000085
  0
LINE
  5
1E0
330
1F
100
AcDbEntity
  8
0
  6
Continuous
 62
     7
370
    25
100
AcDbLine
 10
88.9487850998
 20
108.1126932308
 30
0.0
 11
88.9487850998
 21
107.671734679
 31
0.0
  0
LINE
  5
1E1
330
1F
100
AcDbEntity
  8
0
  6
Continuous
 62
     7
370
    25
100
AcDbLine
 10
88.9487850998
 20
105.8475557562
 30
0.0
 11
88.9487850998
 21
105.270205487
 31
0.0
  0
LINE
  5
1E2
330
1F
100
AcDbEntity
  8
0
  6
Continuous
 62
     7
370
    25
100
AcDbLine
 10
88.9487850998
 20
103.4308890895
 30
0.0
 11
88.9487850998
 21
102.8535388203
 31
0.0
  0
LINE
  5
1E3
330
1F
100
AcDbEntity
  8
0
  6
Continuous
 62
     7
370
    25
100
AcDbLine
 10
87.8654517664
 20
110.5588806216
 30
0.0
 11
87.8654517664
 21
109.0588806216
 31
0.0
  0
LINE
  5
1E4
330
1F
100
AcDbEntity
  8
0
  6
Continuous
 62
     7
370
    25
100
AcDbLine
 10
82.4487850998
 20
110.5588806216
 30
0.0
 11
87.8654517664
 21
110.5588806216
 31
0.0
  0
CIRCLE
  5
1E5
330
1F
100
AcDbEntity
  8
0
  6
Continuous
 62
     7
370
    25
100
AcDbCircle
 10
86.1154517665
 20
120.5588806216
 30
0.0
 40
1.750000000000085
  0
LINE
  5
1E6
330
1F
100
AcDbEntity
  8
0
  6
Continuous
 62
     7
370
    25
100
AcDbLine
 10
87.8654517665
 20
115.5588806216
 30
0.0
 11
82.4487850998
 21
115.5588806216
 31
0.0
  0
LINE
  5
1E7
330
1F
100
AcDbEntity
  8
0
  6
Continuous
 62
     7
370
    25
100
AcDbLine
 10
88.9487850998
 20
123.1960265641
 30
0.0
 11
88.9487850998
 21
122.7550680124
 31
0.0
  0
LINE
  5
1E8
330
1F
100
AcDbEntity
  8
0
  6
Continuous
 62
     7
370
    25
100
AcDbLine
 10
88.9487850998
 20
120.8475557561
 30
0.0
 11
88.9487850998
 21
120.270205487
 31
0.0
  0
LINE
  5
1E9
330
1F
100
AcDbEntity
  8
0
  6
Continuous
 62
     7
370
    25
100
AcDbLine
 10
88.9487850998
 20
118.4460265641
 30
0.0
 11
88.9487850998
 21
118.0050680124
 31
0.0
  0
LINE
  5
1EA
330
1F
100
AcDbEntity
  8
0
  6
Continuous
 62
     7
370
    25
100
AcDbLine
 10
87.8654517665
 20
117.0588806216
 30
0.0
 11
87.8654517665
 21
115.5588806216
 31
0.0
  0
LINE
  5
1EB
330
1F
100
AcDbEntity
  8
0
  6
Continuous
 62
     7
370
    25
100
AcDbLine
 10
27.6154517665
 20
118.0050680123
 30
0.0
 11
27.6154517665
 21
118.4460265641
 31
0.0
  0
LINE
  5
1EC
330
1F
100
AcDbEntity
  8
0
  6
Continuous
 62
     7
370
    25
100
AcDbLine
 10
27.6154517665
 20
120.270205487
 30
0.0
 11
27.6154517665
 21
120.8475557562
 31
0.0
  0
LINE
  5
1ED
330
1F
100
AcDbEntity
  8
0
  6
Continuous
 62
     7
370
    25
100
AcDbLine
 10
27.6154517665
 20
122.6868721536
 30
0.0
 11
27.6154517665
 21
123.2642224228
 31
0.0
  0
LINE
  5
1EE
330
1F
100
AcDbEntity
  8
0
  6
Continuous
 62
     7
370
    25
100
AcDbLine
 10
34.1154517665
 20
115.5588806216
 30
0.0
 11
28.6987850998
 21
115.5588806216
 31
0.0
  0
LINE
  5
1EF
330
1F
100
AcDbEntity
  8
0
  6
Continuous
 62
     7
370
    25
100
AcDbLine
 10
28.6987850998
 20
115.5588806216
 30
0.0
 11
28.6987850998
 21
117.0588806216
 31
0.0
  0
CIRCLE
  5
1F0
330
1F
100
AcDbEntity
  8
0
  6
Continuous
 62
     7
370
    25
100
AcDbCircle
 10
30.4487850998
 20
120.5588806216
 30
0.0
 40
1.750000000000085
  0
CIRCLE
  5
1F1
330
1F
100
AcDbEntity
  8
0
  6
Continuous
 62
     7
370
    25
100
AcDbCircle
 10
30.4487850998
 20
105.5590464175
 30
0.0
 40
1.750000000000099
  0
LINE
  5
1F2
330
1F
100
AcDbEntity
  8
0
  6
Continuous
 62
     7
370
    25
100
AcDbLine
 10
28.6987850998
 20
110.5590464175
 30
0.0
 11
34.1154517665
 21
110.5590464175
 31
0.0
  0
LINE
  5
1F3
330
1F
100
AcDbEntity
  8
0
  6
Continuous
 62
     7
370
    25
100
AcDbLine
 10
27.6154517665
 20
102.9219004749
 30
0.0
 11
27.6154517665
 21
103.3628590268
 31
0.0
  0
LINE
  5
1F4
330
1F
100
AcDbEntity
  8
0
  6
Continuous
 62
     7
370
    25
100
AcDbLine
 10
27.6154517665
 20
105.2703712829
 30
0.0
 11
27.6154517665
 21
105.8477215521
 31
0.0
  0
LINE
  5
1F5
330
1F
100
AcDbEntity
  8
0
  6
Continuous
 62
     7
370
    25
100
AcDbLine
 10
27.6154517665
 20
107.6719004749
 30
0.0
 11
27.6154517665
 21
108.1128590268
 31
0.0
  0
LINE
  5
1F6
330
1F
100
AcDbEntity
  8
0
  6
Continuous
 62
     7
370
    25
100
AcDbLine
 10
28.6987850998
 20
109.0590464175
 30
0.0
 11
28.6987850998
 21
110.5590464175
 31
0.0
  0
LINE
  5
1F7
330
1F
100
AcDbEntity
  8
0
  6
Continuous
 62
     7
370
    25
100
AcDbLine
 10
31.0821047269
 20
105.5632130842
 30
0.0
 11
31.1154387455
 21
105.5632130842
 31
0.0
  0
LINE
  5
1F8
330
1F
100
AcDbEntity
  8
0
  6
Continuous
 62
     7
370
    25
100
AcDbLine
 10
31.1154387455
 20
105.5548797509
 30
0.0
 11
31.0821047269
 21
105.5548797509
 31
0.0
  0
ARC
  5
1F9
330
1F
100
AcDbEntity
  8
0
  6
Continuous
 62
     7
370
    25
100
AcDbCircle
 10
30.4487850998
 20
105.5590464175
 30
0.0
 40
0.6333333333333337
100
AcDbArc
 50
0.3769486371
 51
359.6230513629
  0
LINE
  5
1FA
330
1F
100
AcDbEntity
  8
0
  6
Continuous
 62
     7
370
    25
100
AcDbLine
 10
31.0821047269
 20
120.5630472882
 30
0.0
 11
31.1154387455
 21
120.5630472882
 31
0.0
  0
ARC
  5
1FB
330
1F
100
AcDbEntity
  8
0
  6
Continuous
 62
     7
370
    25
100
AcDbCircle
 10
30.4487850998
 20
120.5588806216
 30
0.0
 40
0.633333333333334
100
AcDbArc
 50
0.3769486371
 51
359.6230513629
  0
LINE
  5
1FC
330
1F
100
AcDbEntity
  8
0
  6
Continuous
 62
     7
370
    25
100
AcDbLine
 10
31.1154387455
 20
120.5547139549
 30
0.0
 11
31.0821047269
 21
120.5547139549
 31
0.0
  0
LINE
  5
1FD
330
1F
100
AcDbEntity
  8
0
  6
Continuous
 62
     7
370
    25
100
AcDbLine
 10
85.4821321394
 20
105.5547139549
 30
0.0
 11
85.4487981207
 21
105.5547139549
 31
0.0
  0
ARC
  5
1FE
330
1F
100
AcDbEntity
  8
0
  6
Continuous
 62
     7
370
    25
100
AcDbCircle
 10
86.1154517664
 20
105.5588806216
 30
0.0
 40
0.633333333333334
100
AcDbArc
 50
180.3769486371
 51
179.6230513629
  0
LINE
  5
1FF
330
1F
100
AcDbEntity
  8
0
  6
Continuous
 62
     7
370
    25
100
AcDbLine
 10
85.4487981207
 20
105.5630472882
 30
0.0
 11
85.4821321394
 21
105.5630472882
 31
0.0
  0
LINE
  5
200
330
1F
100
AcDbEntity
  8
0
  6
Continuous
 62
     7
370
    25
100
AcDbLine
 10
85.4821321394
 20
120.5547139549
 30
0.0
 11
85.4487981207
 21
120.5547139549
 31
0.0
  0
ARC
  5
201
330
1F
100
AcDbEntity
  8
0
  6
Continuous
 62
     7
370
    25
100
AcDbCircle
 10
86.1154517664
 20
120.5588806216
 30
0.0
 40
0.6333333333333198
100
AcDbArc
 50
180.3769486371
 51
179.6230513629
  0
LINE
  5
202
330
1F
100
AcDbEntity
  8
0
  6
Continuous
 62
     7
370
    25
100
AcDbLine
 10
85.4487981207
 20
120.5630472882
 30
0.0
 11
85.4821321394
 21
120.5630472882
 31
0.0
  0
CIRCLE
  5
203
330
1F
100
AcDbEntity
  8
0
  6
Continuous
 62
     7
370
    25
100
AcDbCircle
 10
30.4487850998
 20
105.5590464175
 30
0.0
 40
0.6666666666666288
  0
CIRCLE
  5
204
330
1F
100
AcDbEntity
  8
0
  6
Continuous
 62
     7
370
    25
100
AcDbCircle
 10
30.4487850998
 20
120.5588806216
 30
0.0
 40
0.6666666666666146
  0
CIRCLE
  5
205
330
1F
100
AcDbEntity
  8
0
  6
Continuous
 62
     7
370
    25
100
AcDbCircle
 10
86.1154517664
 20
105.5588806216
 30
0.0
 40
0.6666666666666146
  0
CIRCLE
  5
206
330
1F
100
AcDbEntity
  8
0
  6
Continuous
 62
     7
370
    25
100
AcDbCircle
 10
86.1154517664
 20
120.5588806216
 30
0.0
 40
0.6666666666666146
  0
LINE
  5
207
330
1F
100
AcDbEntity
  8
0
  6
Continuous
 62
     7
370
    25
100
AcDbLine
 10
82.4487850998
 20
137.2255472882
 30
0.0
 11
82.4487850998
 21
138.0588806216
 31
0.0
  0
LINE
  5
208
330
1F
100
AcDbEntity
  8
0
  6
Continuous
 62
     7
370
    25
100
AcDbLine
 10
81.2237850998
 20
137.2255472882
 30
0.0
 11
80.3404517665
 21
137.2255472882
 31
0.0
  0
LINE
  5
209
330
1F
100
AcDbEntity
  8
0
  6
Continuous
 62
     7
370
    25
100
AcDbLine
 10
82.4487850998
 20
138.0588806216
 30
0.0
 11
65.7821184332
 21
138.0588806216
 31
0.0
  0
LINE
  5
20A
330
1F
100
AcDbEntity
  8
0
  6
Continuous
 62
     7
370
    25
100
AcDbLine
 10
65.7821184332
 20
137.2255472882
 30
0.0
 11
65.7821184332
 21
138.0588806216
 31
0.0
  0
LINE
  5
20B
330
1F
100
AcDbEntity
  8
0
  6
Continuous
 62
     7
370
    25
100
AcDbLine
 10
65.7821184332
 20
88.8922139549
 30
0.0
 11
65.7821184332
 21
88.0588806216
 31
0.0
  0
LINE
  5
20C
330
1F
100
AcDbEntity
  8
0
  6
Continuous
 62
     7
370
    25
100
AcDbLine
 10
80.3404517664
 20
88.8922139549
 30
0.0
 11
81.2237850998
 21
88.8922139549
 31
0.0
  0
LINE
  5
20D
330
1F
100
AcDbEntity
  8
0
  6
Continuous
 62
     7
370
    25
100
AcDbLine
 10
82.4487850998
 20
88.8922139549
 30
0.0
 11
82.4487850998
 21
88.0588806216
 31
0.0
  0
LINE
  5
20E
330
1F
100
AcDbEntity
  8
0
  6
Continuous
 62
     7
370
    25
100
AcDbLine
 10
65.7821184332
 20
88.0588806216
 30
0.0
 11
82.4487850998
 21
88.0588806216
 31
0.0
  0
CIRCLE
  5
20F
330
1F
100
AcDbEntity
  8
0
  6
Continuous
 62
     7
370
    25
100
AcDbCircle
 10
45.2821184332
 20
140.0588806216
 30
0.0
 40
0.3333333333333357
  0
CIRCLE
  5
210
330
1F
100
AcDbEntity
  8
0
  6
Continuous
 62
     7
370
    25
100
AcDbCircle
 10
42.9487850998
 20
137.7255472882
 30
0.0
 40
0.3333333333333286
  0
LINE
  5
211
330
1F
100
AcDbEntity
  8
0
  6
Continuous
 62
     7
370
    25
100
AcDbLine
 10
44.5571184332
 20
137.2255472882
 30
0.0
 11
44.5571184332
 21
137.4755472882
 31
0.0
  0
LINE
  5
212
330
1F
100
AcDbEntity
  8
0
  6
Continuous
 62
     7
370
    25
100
AcDbLine
 10
44.8071184332
 20
137.4755472882
 30
0.0
 11
44.8071184332
 21
137.9755472882
 31
0.0
  0
ARC
  5
213
330
1F
100
AcDbEntity
  8
0
  6
Continuous
 62
     7
370
    25
100
AcDbCircle
 10
44.1154517665
 20
136.8356459767
 30
0.0
 40
1.333333333333314
100
AcDbArc
 50
58.7515587378
 51
121.2484412622
  0
LINE
  5
214
330
1F
100
AcDbEntity
  8
0
  6
Continuous
 62
     7
370
    25
100
AcDbLine
 10
43.4237850998
 20
137.9755472882
 30
0.0
 11
43.4237850998
 21
137.4755472882
 31
0.0
  0
LINE
  5
215
330
1F
100
AcDbEntity
  8
0
  6
Continuous
 62
     7
370
    25
100
AcDbLine
 10
43.4237850998
 20
137.4755472882
 30
0.0
 11
43.6737850998
 21
137.4755472882
 31
0.0
  0
LINE
  5
216
330
1F
100
AcDbEntity
  8
0
  6
Continuous
 62
     7
370
    25
100
AcDbLine
 10
42.4487850998
 20
138.4505472882
 30
0.0
 11
42.4487850998
 21
137.2255472882
 31
0.0
  0
LINE
  5
217
330
1F
100
AcDbEntity
  8
0
  6
Continuous
 62
     7
370
    25
100
AcDbLine
 10
42.4487850998
 20
140.5588806216
 30
0.0
 11
42.4487850998
 21
139.3338806216
 31
0.0
  0
LINE
  5
218
330
1F
100
AcDbEntity
  8
0
  6
Continuous
 62
     7
370
    25
100
AcDbLine
 10
43.6737850998
 20
140.5588806216
 30
0.0
 11
42.4487850998
 21
140.5588806216
 31
0.0
  0
LINE
  5
219
330
1F
100
AcDbEntity
  8
0
  6
Continuous
 62
     7
370
    25
100
AcDbLine
 10
43.4237850998
 20
140.3088806216
 30
0.0
 11
43.4237850998
 21
139.8088806216
 31
0.0
  0
LINE
  5
21A
330
1F
100
AcDbEntity
  8
0
  6
Continuous
 62
     7
370
    25
100
AcDbLine
 10
44.8071184332
 20
139.8088806216
 30
0.0
 11
44.8071184332
 21
140.3088806216
 31
0.0
  0
LINE
  5
21B
330
1F
100
AcDbEntity
  8
0
  6
Continuous
 62
     7
370
    25
100
AcDbLine
 10
44.5571184332
 20
140.3088806216
 30
0.0
 11
44.5571184332
 21
140.5588806216
 31
0.0
  0
LINE
  5
21C
330
1F
100
AcDbEntity
  8
0
  6
Continuous
 62
     7
370
    25
100
AcDbLine
 10
45.7821184332
 20
140.5588806216
 30
0.0
 11
44.5571184332
 21
140.5588806216
 31
0.0
  0
ARC
  5
21D
330
1F
100
AcDbEntity
  8
0
  6
Continuous
 62
     7
370
    25
100
AcDbCircle
 10
46.1720197447
 20
138.8922139549
 30
0.0
 40
1.333333333333349
100
AcDbArc
 50
148.7515587378
 51
211.2484412622
  0
LINE
  5
21E
330
1F
100
AcDbEntity
  8
0
  6
Continuous
 62
     7
370
    25
100
AcDbLine
 10
45.7821184332
 20
139.3338806216
 30
0.0
 11
45.7821184332
 21
140.5588806216
 31
0.0
  0
LINE
  5
21F
330
1F
100
AcDbEntity
  8
0
  6
Continuous
 62
     7
370
    25
100
AcDbLine
 10
44.8071184332
 20
140.3088806216
 30
0.0
 11
44.5571184332
 21
140.3088806216
 31
0.0
  0
LINE
  5
220
330
1F
100
AcDbEntity
  8
0
  6
Continuous
 62
     7
370
    25
100
AcDbLine
 10
42.6987850998
 20
138.4505472882
 30
0.0
 11
42.6987850998
 21
138.2005472882
 31
0.0
  0
LINE
  5
221
330
1F
100
AcDbEntity
  8
0
  6
Continuous
 62
     7
370
    25
100
AcDbLine
 10
42.6987850998
 20
138.2005472882
 30
0.0
 11
43.1987850998
 21
138.2005472882
 31
0.0
  0
LINE
  5
222
330
1F
100
AcDbEntity
  8
0
  6
Continuous
 62
     7
370
    25
100
AcDbLine
 10
42.6987850998
 20
139.5838806216
 30
0.0
 11
42.6987850998
 21
139.3338806216
 31
0.0
  0
LINE
  5
223
330
1F
100
AcDbEntity
  8
0
  6
Continuous
 62
     7
370
    25
100
AcDbLine
 10
45.5321184332
 20
138.4505472882
 30
0.0
 11
45.7821184332
 21
138.4505472882
 31
0.0
  0
LINE
  5
224
330
1F
100
AcDbEntity
  8
0
  6
Continuous
 62
     7
370
    25
100
AcDbLine
 10
44.5571184332
 20
137.4755472882
 30
0.0
 11
44.8071184332
 21
137.4755472882
 31
0.0
  0
ARC
  5
225
330
1F
100
AcDbEntity
  8
0
  6
Continuous
 62
     7
370
    25
100
AcDbCircle
 10
44.1154517665
 20
140.9487819331
 30
0.0
 40
1.333333333333363
100
AcDbArc
 50
238.7515587378
 51
301.2484412622
  0
LINE
  5
226
330
1F
100
AcDbEntity
  8
0
  6
Continuous
 62
     7
370
    25
100
AcDbLine
 10
45.7821184332
 20
139.3338806216
 30
0.0
 11
45.5321184332
 21
139.3338806216
 31
0.0
  0
CIRCLE
  5
227
330
1F
100
AcDbEntity
  8
0
  6
Continuous
 62
     7
370
    25
100
AcDbCircle
 10
42.9487850998
 20
140.0588806216
 30
0.0
 40
0.3333333333333286
  0
LINE
  5
228
330
1F
100
AcDbEntity
  8
0
  6
Continuous
 62
     7
370
    25
100
AcDbLine
 10
45.5321184332
 20
139.3338806216
 30
0.0
 11
45.5321184332
 21
139.5838806216
 31
0.0
  0
LINE
  5
229
330
1F
100
AcDbEntity
  8
0
  6
Continuous
 62
     7
370
    25
100
AcDbLine
 10
42.4487850998
 20
138.4505472882
 30
0.0
 11
42.6987850998
 21
138.4505472882
 31
0.0
  0
LINE
  5
22A
330
1F
100
AcDbEntity
  8
0
  6
Continuous
 62
     7
370
    25
100
AcDbLine
 10
45.5321184332
 20
139.5838806216
 30
0.0
 11
45.0321184332
 21
139.5838806216
 31
0.0
  0
LINE
  5
22B
330
1F
100
AcDbEntity
  8
0
  6
Continuous
 62
     7
370
    25
100
AcDbLine
 10
45.0321184332
 20
138.2005472882
 30
0.0
 11
45.5321184332
 21
138.2005472882
 31
0.0
  0
LINE
  5
22C
330
1F
100
AcDbEntity
  8
0
  6
Continuous
 62
     7
370
    25
100
AcDbLine
 10
45.5321184332
 20
138.2005472882
 30
0.0
 11
45.5321184332
 21
138.4505472882
 31
0.0
  0
LINE
  5
22D
330
1F
100
AcDbEntity
  8
0
  6
Continuous
 62
     7
370
    25
100
AcDbLine
 10
45.7821184332
 20
137.2255472882
 30
0.0
 11
45.7821184332
 21
138.4505472882
 31
0.0
  0
LINE
  5
22E
330
1F
100
AcDbEntity
  8
0
  6
Continuous
 62
     7
370
    25
100
AcDbLine
 10
43.6737850998
 20
137.4755472882
 30
0.0
 11
43.6737850998
 21
137.2255472882
 31
0.0
  0
LINE
  5
22F
330
1F
100
AcDbEntity
  8
0
  6
Continuous
 62
     7
370
    25
100
AcDbLine
 10
42.6987850998
 20
139.3338806216
 30
0.0
 11
42.4487850998
 21
139.3338806216
 31
0.0
  0
LINE
  5
230
330
1F
100
AcDbEntity
  8
0
  6
Continuous
 62
     7
370
    25
100
AcDbLine
 10
43.6737850998
 20
140.5588806216
 30
0.0
 11
43.6737850998
 21
140.3088806216
 31
0.0
  0
CIRCLE
  5
231
330
1F
100
AcDbEntity
  8
0
  6
Continuous
 62
     7
370
    25
100
AcDbCircle
 10
45.2821184332
 20
137.7255472882
 30
0.0
 40
0.3333333333333357
  0
LINE
  5
232
330
1F
100
AcDbEntity
  8
0
  6
Continuous
 62
     7
370
    25
100
AcDbLine
 10
43.1987850998
 20
139.5838806216
 30
0.0
 11
42.6987850998
 21
139.5838806216
 31
0.0
  0
CIRCLE
  5
233
330
1F
100
AcDbEntity
  8
0
  6
Continuous
 62
     7
370
    25
100
AcDbCircle
 10
44.1154517665
 20
138.8922139549
 30
0.0
 40
0.3583333333333343
  0
LINE
  5
234
330
1F
100
AcDbEntity
  8
0
  6
Continuous
 62
     7
370
    25
100
AcDbLine
 10
43.6737850998
 20
140.3088806216
 30
0.0
 11
43.4237850998
 21
140.3088806216
 31
0.0
  0
ARC
  5
235
330
1F
100
AcDbEntity
  8
0
  6
Continuous
 62
     7
370
    25
100
AcDbCircle
 10
42.0588837883
 20
138.8922139549
 30
0.0
 40
1.333333333333343
100
AcDbArc
 50
328.7515587378
 51
31.2484412622
  0
CIRCLE
  5
236
330
1F
100
AcDbEntity
  8
0
  6
Continuous
 62
     7
370
    25
100
AcDbCircle
 10
42.9487850998
 20
86.0588806216
 30
0.0
 40
0.3333333333333286
  0
CIRCLE
  5
237
330
1F
100
AcDbEntity
  8
0
  6
Continuous
 62
     7
370
    25
100
AcDbCircle
 10
45.2821184332
 20
86.0588806216
 30
0.0
 40
0.3333333333333428
  0
CIRCLE
  5
238
330
1F
100
AcDbEntity
  8
0
  6
Continuous
 62
     7
370
    25
100
AcDbCircle
 10
45.2821184332
 20
88.3922139549
 30
0.0
 40
0.3333333333333428
  0
CIRCLE
  5
239
330
1F
100
AcDbEntity
  8
0
  6
Continuous
 62
     7
370
    25
100
AcDbCircle
 10
44.1154517665
 20
87.2255472882
 30
0.0
 40
0.3583333333333414
  0
LINE
  5
23A
330
1F
100
AcDbEntity
  8
0
  6
Continuous
 62
     7
370
    25
100
AcDbLine
 10
42.4487850998
 20
88.8922139549
 30
0.0
 11
42.4487850998
 21
87.6672139549
 31
0.0
  0
LINE
  5
23B
330
1F
100
AcDbEntity
  8
0
  6
Continuous
 62
     7
370
    25
100
AcDbLine
 10
43.6737850998
 20
88.8922139549
 30
0.0
 11
43.6737850998
 21
88.6422139549
 31
0.0
  0
LINE
  5
23C
330
1F
100
AcDbEntity
  8
0
  6
Continuous
 62
     7
370
    25
100
AcDbLine
 10
43.6737850998
 20
88.6422139549
 30
0.0
 11
43.4237850998
 21
88.6422139549
 31
0.0
  0
LINE
  5
23D
330
1F
100
AcDbEntity
  8
0
  6
Continuous
 62
     7
370
    25
100
AcDbLine
 10
43.4237850998
 20
88.6422139549
 30
0.0
 11
43.4237850998
 21
88.1422139549
 31
0.0
  0
LINE
  5
23E
330
1F
100
AcDbEntity
  8
0
  6
Continuous
 62
     7
370
    25
100
AcDbLine
 10
44.8071184332
 20
88.1422139549
 30
0.0
 11
44.8071184332
 21
88.6422139549
 31
0.0
  0
LINE
  5
23F
330
1F
100
AcDbEntity
  8
0
  6
Continuous
 62
     7
370
    25
100
AcDbLine
 10
44.8071184332
 20
88.6422139549
 30
0.0
 11
44.5571184332
 21
88.6422139549
 31
0.0
  0
LINE
  5
240
330
1F
100
AcDbEntity
  8
0
  6
Continuous
 62
     7
370
    25
100
AcDbLine
 10
45.7821184332
 20
87.6672139549
 30
0.0
 11
45.7821184332
 21
88.8922139549
 31
0.0
  0
LINE
  5
241
330
1F
100
AcDbEntity
  8
0
  6
Continuous
 62
     7
370
    25
100
AcDbLine
 10
45.7821184332
 20
87.6672139549
 30
0.0
 11
45.5321184332
 21
87.6672139549
 31
0.0
  0
LINE
  5
242
330
1F
100
AcDbEntity
  8
0
  6
Continuous
 62
     7
370
    25
100
AcDbLine
 10
45.5321184332
 20
87.6672139549
 30
0.0
 11
45.5321184332
 21
87.9172139549
 31
0.0
  0
LINE
  5
243
330
1F
100
AcDbEntity
  8
0
  6
Continuous
 62
     7
370
    25
100
AcDbLine
 10
45.5321184332
 20
87.9172139549
 30
0.0
 11
45.0321184332
 21
87.9172139549
 31
0.0
  0
ARC
  5
244
330
1F
100
AcDbEntity
  8
0
  6
Continuous
 62
     7
370
    25
100
AcDbCircle
 10
46.1720197447
 20
87.2255472882
 30
0.0
 40
1.333333333333329
100
AcDbArc
 50
148.7515587378
 51
211.2484412622
  0
LINE
  5
245
330
1F
100
AcDbEntity
  8
0
  6
Continuous
 62
     7
370
    25
100
AcDbLine
 10
45.0321184332
 20
86.5338806216
 30
0.0
 11
45.5321184332
 21
86.5338806216
 31
0.0
  0
LINE
  5
246
330
1F
100
AcDbEntity
  8
0
  6
Continuous
 62
     7
370
    25
100
AcDbLine
 10
45.5321184332
 20
86.5338806216
 30
0.0
 11
45.5321184332
 21
86.7838806216
 31
0.0
  0
LINE
  5
247
330
1F
100
AcDbEntity
  8
0
  6
Continuous
 62
     7
370
    25
100
AcDbLine
 10
45.5321184332
 20
86.7838806216
 30
0.0
 11
45.7821184332
 21
86.7838806216
 31
0.0
  0
LINE
  5
248
330
1F
100
AcDbEntity
  8
0
  6
Continuous
 62
     7
370
    25
100
AcDbLine
 10
44.5571184332
 20
85.5588806216
 30
0.0
 11
45.7821184332
 21
85.5588806216
 31
0.0
  0
LINE
  5
249
330
1F
100
AcDbEntity
  8
0
  6
Continuous
 62
     7
370
    25
100
AcDbLine
 10
44.5571184332
 20
85.5588806216
 30
0.0
 11
44.5571184332
 21
85.8088806216
 31
0.0
  0
LINE
  5
24A
330
1F
100
AcDbEntity
  8
0
  6
Continuous
 62
     7
370
    25
100
AcDbLine
 10
44.5571184332
 20
85.8088806216
 30
0.0
 11
44.8071184332
 21
85.8088806216
 31
0.0
  0
LINE
  5
24B
330
1F
100
AcDbEntity
  8
0
  6
Continuous
 62
     7
370
    25
100
AcDbLine
 10
44.8071184332
 20
85.8088806216
 30
0.0
 11
44.8071184332
 21
86.3088806216
 31
0.0
  0
ARC
  5
24C
330
1F
100
AcDbEntity
  8
0
  6
Continuous
 62
     7
370
    25
100
AcDbCircle
 10
44.1154517665
 20
85.16897931
 30
0.0
 40
1.333333333333338
100
AcDbArc
 50
58.7515587378
 51
121.2484412622
  0
LINE
  5
24D
330
1F
100
AcDbEntity
  8
0
  6
Continuous
 62
     7
370
    25
100
AcDbLine
 10
43.6737850998
 20
85.8088806216
 30
0.0
 11
43.6737850998
 21
85.5588806216
 31
0.0
  0
LINE
  5
24E
330
1F
100
AcDbEntity
  8
0
  6
Continuous
 62
     7
370
    25
100
AcDbLine
 10
42.4487850998
 20
85.5588806216
 30
0.0
 11
43.6737850998
 21
85.5588806216
 31
0.0
  0
LINE
  5
24F
330
1F
100
AcDbEntity
  8
0
  6
Continuous
 62
     7
370
    25
100
AcDbLine
 10
42.4487850998
 20
86.7838806216
 30
0.0
 11
42.4487850998
 21
85.5588806216
 31
0.0
  0
LINE
  5
250
330
1F
100
AcDbEntity
  8
0
  6
Continuous
 62
     7
370
    25
100
AcDbLine
 10
42.6987850998
 20
86.7838806216
 30
0.0
 11
42.6987850998
 21
86.5338806216
 31
0.0
  0
LINE
  5
251
330
1F
100
AcDbEntity
  8
0
  6
Continuous
 62
     7
370
    25
100
AcDbLine
 10
42.6987850998
 20
86.5338806216
 30
0.0
 11
43.1987850998
 21
86.5338806216
 31
0.0
  0
ARC
  5
252
330
1F
100
AcDbEntity
  8
0
  6
Continuous
 62
     7
370
    25
100
AcDbCircle
 10
42.0588837883
 20
87.2255472882
 30
0.0
 40
1.333333333333342
100
AcDbArc
 50
328.7515587378
 51
31.2484412622
  0
LINE
  5
253
330
1F
100
AcDbEntity
  8
0
  6
Continuous
 62
     7
370
    25
100
AcDbLine
 10
43.1987850998
 20
87.9172139549
 30
0.0
 11
42.6987850998
 21
87.9172139549
 31
0.0
  0
LINE
  5
254
330
1F
100
AcDbEntity
  8
0
  6
Continuous
 62
     7
370
    25
100
AcDbLine
 10
42.6987850998
 20
87.9172139549
 30
0.0
 11
42.6987850998
 21
87.6672139549
 31
0.0
  0
LINE
  5
255
330
1F
100
AcDbEntity
  8
0
  6
Continuous
 62
     7
370
    25
100
AcDbLine
 10
42.6987850998
 20
87.6672139549
 30
0.0
 11
42.4487850998
 21
87.6672139549
 31
0.0
  0
LINE
  5
256
330
1F
100
AcDbEntity
  8
0
  6
Continuous
 62
     7
370
    25
100
AcDbLine
 10
45.7821184332
 20
85.5588806216
 30
0.0
 11
45.7821184332
 21
86.7838806216
 31
0.0
  0
LINE
  5
257
330
1F
100
AcDbEntity
  8
0
  6
Continuous
 62
     7
370
    25
100
AcDbLine
 10
44.5571184332
 20
88.6422139549
 30
0.0
 11
44.5571184332
 21
88.8922139549
 31
0.0
  0
LINE
  5
258
330
1F
100
AcDbEntity
  8
0
  6
Continuous
 62
     7
370
    25
100
AcDbLine
 10
43.4237850998
 20
86.3088806216
 30
0.0
 11
43.4237850998
 21
85.8088806216
 31
0.0
  0
LINE
  5
259
330
1F
100
AcDbEntity
  8
0
  6
Continuous
 62
     7
370
    25
100
AcDbLine
 10
42.4487850998
 20
86.7838806216
 30
0.0
 11
42.6987850998
 21
86.7838806216
 31
0.0
  0
ARC
  5
25A
330
1F
100
AcDbEntity
  8
0
  6
Continuous
 62
     7
370
    25
100
AcDbCircle
 10
44.1154517665
 20
89.2821152664
 30
0.0
 40
1.333333333333338
100
AcDbArc
 50
238.7515587378
 51
301.2484412622
  0
CIRCLE
  5
25B
330
1F
100
AcDbEntity
  8
0
  6
Continuous
 62
     7
370
    25
100
AcDbCircle
 10
42.9487850998
 20
88.3922139549
 30
0.0
 40
0.3333333333333286
  0
LINE
  5
25C
330
1F
100
AcDbEntity
  8
0
  6
Continuous
 62
     7
370
    25
100
AcDbLine
 10
43.4237850998
 20
85.8088806216
 30
0.0
 11
43.6737850998
 21
85.8088806216
 31
0.0
  0
LINE
  5
25D
330
1F
100
AcDbEntity
  8
0
  6
Continuous
 62
     7
370
    25
100
AcDbLine
 10
82.7987850998
 20
100.5588806216
 30
0.0
 11
82.4487850998
 21
100.5588806216
 31
0.0
  0
LINE
  5
25E
330
1F
100
AcDbEntity
  8
0
  6
Continuous
 62
     7
370
    25
100
AcDbLine
 10
89.1154517664
 20
99.3338806216
 30
0.0
 11
82.4487850998
 21
99.3338806216
 31
0.0
  0
LINE
  5
25F
330
1F
100
AcDbEntity
  8
0
  6
Continuous
 62
     7
370
    25
100
AcDbLine
 10
82.4487850998
 20
100.5588806216
 30
0.0
 11
82.4487850998
 21
99.3338806216
 31
0.0
  0
LINE
  5
260
330
1F
100
AcDbEntity
  8
0
  6
Continuous
 62
     7
370
    25
100
AcDbLine
 10
89.1154517664
 20
100.5588806216
 30
0.0
 11
89.1154517664
 21
99.3338806216
 31
0.0
  0
LINE
  5
261
330
1F
100
AcDbEntity
  8
0
  6
Continuous
 62
     7
370
    25
100
AcDbLine
 10
89.1154517664
 20
97.2255472882
 30
0.0
 11
82.4487850998
 21
97.2255472882
 31
0.0
  0
LINE
  5
262
330
1F
100
AcDbEntity
  8
0
  6
Continuous
 62
     7
370
    25
100
AcDbLine
 10
89.1154517664
 20
98.4505472882
 30
0.0
 11
82.4487850998
 21
98.4505472882
 31
0.0
  0
LINE
  5
263
330
1F
100
AcDbEntity
  8
0
  6
Continuous
 62
     7
370
    25
100
AcDbLine
 10
82.4487850998
 20
98.4505472882
 30
0.0
 11
82.4487850998
 21
97.2255472882
 31
0.0
  0
LINE
  5
264
330
1F
100
AcDbEntity
  8
0
  6
Continuous
 62
     7
370
    25
100
AcDbLine
 10
89.1154517664
 20
98.4505472882
 30
0.0
 11
89.1154517664
 21
97.2255472882
 31
0.0
  0
LINE
  5
265
330
1F
100
AcDbEntity
  8
0
  6
Continuous
 62
     7
370
    25
100
AcDbLine
 10
89.1154517664
 20
99.3338806216
 30
0.0
 11
89.1154517664
 21
98.4505472882
 31
0.0
  0
LINE
  5
266
330
1F
100
AcDbEntity
  8
0
  6
Continuous
 62
     7
370
    25
100
AcDbLine
 10
27.4487850998
 20
126.7838806216
 30
0.0
 11
34.1154517665
 21
126.7838806216
 31
0.0
  0
LINE
  5
267
330
1F
100
AcDbEntity
  8
0
  6
Continuous
 62
     7
370
    25
100
AcDbLine
 10
34.1154517665
 20
125.5588806216
 30
0.0
 11
34.1154517665
 21
126.7838806216
 31
0.0
  0
LINE
  5
268
330
1F
100
AcDbEntity
  8
0
  6
Continuous
 62
     7
370
    25
100
AcDbLine
 10
33.9487850998
 20
125.5588806216
 30
0.0
 11
34.1154517665
 21
125.5588806216
 31
0.0
  0
LINE
  5
269
330
1F
100
AcDbEntity
  8
0
  6
Continuous
 62
     7
370
    25
100
AcDbLine
 10
27.4487850998
 20
125.5588806216
 30
0.0
 11
27.4487850998
 21
126.7838806216
 31
0.0
  0
LINE
  5
26A
330
1F
100
AcDbEntity
  8
0
  6
Continuous
 62
     7
370
    25
100
AcDbLine
 10
27.4487850998
 20
128.8922139549
 30
0.0
 11
34.1154517665
 21
128.8922139549
 31
0.0
  0
LINE
  5
26B
330
1F
100
AcDbEntity
  8
0
  6
Continuous
 62
     7
370
    25
100
AcDbLine
 10
34.1154517665
 20
127.6672139549
 30
0.0
 11
34.1154517665
 21
128.8922139549
 31
0.0
  0
LINE
  5
26C
330
1F
100
AcDbEntity
  8
0
  6
Continuous
 62
     7
370
    25
100
AcDbLine
 10
27.4487850998
 20
127.6672139549
 30
0.0
 11
34.1154517665
 21
127.6672139549
 31
0.0
  0
LINE
  5
26D
330
1F
100
AcDbEntity
  8
0
  6
Continuous
 62
     7
370
    25
100
AcDbLine
 10
27.4487850998
 20
127.6672139549
 30
0.0
 11
27.4487850998
 21
128.8922139549
 31
0.0
  0
LINE
  5
26E
330
1F
100
AcDbEntity
  8
0
  6
Continuous
 62
     7
370
    25
100
AcDbLine
 10
27.4487850998
 20
126.7838806216
 30
0.0
 11
27.4487850998
 21
127.6672139549
 31
0.0
  0
LINE
  5
26F
330
1F
100
AcDbEntity
  8
0
  6
Continuous
 62
     7
370
    25
100
AcDbLine
 10
82.7987850998
 20
125.5588806216
 30
0.0
 11
82.4487850998
 21
125.5588806216
 31
0.0
  0
LINE
  5
270
330
1F
100
AcDbEntity
  8
0
  6
Continuous
 62
     7
370
    25
100
AcDbLine
 10
89.1154517665
 20
126.7838806216
 30
0.0
 11
82.4487850998
 21
126.7838806216
 31
0.0
  0
LINE
  5
271
330
1F
100
AcDbEntity
  8
0
  6
Continuous
 62
     7
370
    25
100
AcDbLine
 10
89.1154517665
 20
126.7838806216
 30
0.0
 11
89.1154517665
 21
125.5588806216
 31
0.0
  0
LINE
  5
272
330
1F
100
AcDbEntity
  8
0
  6
Continuous
 62
     7
370
    25
100
AcDbLine
 10
82.4487850998
 20
126.7838806216
 30
0.0
 11
82.4487850998
 21
125.5588806216
 31
0.0
  0
LINE
  5
273
330
1F
100
AcDbEntity
  8
0
  6
Continuous
 62
     7
370
    25
100
AcDbLine
 10
89.1154517665
 20
128.8922139549
 30
0.0
 11
89.1154517665
 21
127.6672139549
 31
0.0
  0
LINE
  5
274
330
1F
100
AcDbEntity
  8
0
  6
Continuous
 62
     7
370
    25
100
AcDbLine
 10
89.1154517665
 20
127.6672139549
 30
0.0
 11
82.4487850998
 21
127.6672139549
 31
0.0
  0
LINE
  5
275
330
1F
100
AcDbEntity
  8
0
  6
Continuous
 62
     7
370
    25
100
AcDbLine
 10
89.1154517665
 20
128.8922139549
 30
0.0
 11
82.4487850998
 21
128.8922139549
 31
0.0
  0
LINE
  5
276
330
1F
100
AcDbEntity
  8
0
  6
Continuous
 62
     7
370
    25
100
AcDbLine
 10
82.4487850998
 20
128.8922139549
 30
0.0
 11
82.4487850998
 21
127.6672139549
 31
0.0
  0
LINE
  5
277
330
1F
100
AcDbEntity
  8
0
  6
Continuous
 62
     7
370
    25
100
AcDbLine
 10
89.1154517665
 20
127.6672139549
 30
0.0
 11
89.1154517665
 21
126.7838806216
 31
0.0
  0
LINE
  5
278
330
1F
100
AcDbEntity
  8
0
  6
Continuous
 62
     7
370
    25
100
AcDbLine
 10
27.4487850998
 20
99.3340464175
 30
0.0
 11
34.1154517665
 21
99.3340464175
 31
0.0
  0
LINE
  5
279
330
1F
100
AcDbEntity
  8
0
  6
Continuous
 62
     7
370
    25
100
AcDbLine
 10
27.4487850998
 20
99.3340464175
 30
0.0
 11
27.4487850998
 21
100.5590464175
 31
0.0
  0
LINE
  5
27A
330
1F
100
AcDbEntity
  8
0
  6
Continuous
 62
     7
370
    25
100
AcDbLine
 10
34.1154517665
 20
99.3340464175
 30
0.0
 11
34.1154517665
 21
100.5590464175
 31
0.0
  0
LINE
  5
27B
330
1F
100
AcDbEntity
  8
0
  6
Continuous
 62
     7
370
    25
100
AcDbLine
 10
33.9487850998
 20
100.5590464175
 30
0.0
 11
34.1154517665
 21
100.5590464175
 31
0.0
  0
LINE
  5
27C
330
1F
100
AcDbEntity
  8
0
  6
Continuous
 62
     7
370
    25
100
AcDbLine
 10
27.4487850998
 20
97.2257130842
 30
0.0
 11
27.4487850998
 21
98.4507130842
 31
0.0
  0
LINE
  5
27D
330
1F
100
AcDbEntity
  8
0
  6
Continuous
 62
     7
370
    25
100
AcDbLine
 10
27.4487850998
 20
98.4507130842
 30
0.0
 11
34.1154517665
 21
98.4507130842
 31
0.0
  0
LINE
  5
27E
330
1F
100
AcDbEntity
  8
0
  6
Continuous
 62
     7
370
    25
100
AcDbLine
 10
34.1154517665
 20
97.2257130842
 30
0.0
 11
34.1154517665
 21
98.4507130842
 31
0.0
  0
LINE
  5
27F
330
1F
100
AcDbEntity
  8
0
  6
Continuous
 62
     7
370
    25
100
AcDbLine
 10
27.4487850998
 20
97.2257130842
 30
0.0
 11
34.1154517665
 21
97.2257130842
 31
0.0
  0
LINE
  5
280
330
1F
100
AcDbEntity
  8
0
  6
Continuous
 62
     7
370
    25
100
AcDbLine
 10
27.4487850998
 20
98.4507130842
 30
0.0
 11
27.4487850998
 21
99.3340464175
 31
0.0
  0
LINE
  5
281
330
1F
100
AcDbEntity
  8
0
  6
Continuous
 62
     7
370
    25
100
AcDbLine
 10
79.1154517665
 20
88.8922139549
 30
0.0
 11
62.1154517665
 21
88.8922139549
 31
0.0
  0
LINE
  5
282
330
1F
100
AcDbEntity
  8
0
  6
Continuous
 62
     7
370
    25
100
AcDbLine
 10
62.1154517665
 20
90.1172139549
 30
0.0
 11
62.1154517665
 21
88.8922139549
 31
0.0
  0
LINE
  5
283
330
1F
100
AcDbEntity
  8
0
  6
Continuous
 62
     7
370
    25
100
AcDbLine
 10
62.1154517665
 20
90.1172139549
 30
0.0
 11
79.1154517665
 21
90.1172139549
 31
0.0
  0
LINE
  5
284
330
1F
100
AcDbEntity
  8
0
  6
Continuous
 62
     7
370
    25
100
AcDbLine
 10
62.1154517665
 20
91.0005472882
 30
0.0
 11
79.1154517665
 21
91.0005472882
 31
0.0
  0
LINE
  5
285
330
1F
100
AcDbEntity
  8
0
  6
Continuous
 62
     7
370
    25
100
AcDbLine
 10
62.1154517665
 20
92.2255472882
 30
0.0
 11
62.1154517665
 21
91.0005472882
 31
0.0
  0
LINE
  5
286
330
1F
100
AcDbEntity
  8
0
  6
Continuous
 62
     7
370
    25
100
AcDbLine
 10
79.1154517665
 20
92.2255472882
 30
0.0
 11
62.1154517665
 21
92.2255472882
 31
0.0
  0
LINE
  5
287
330
1F
100
AcDbEntity
  8
0
  6
Continuous
 62
     7
370
    25
100
AcDbLine
 10
79.1154517665
 20
90.1172139549
 30
0.0
 11
79.1154517665
 21
91.0005472882
 31
0.0
  0
LINE
  5
288
330
1F
100
AcDbEntity
  8
0
  6
Continuous
 62
     7
370
    25
100
AcDbLine
 10
62.1154517665
 20
90.1172139549
 30
0.0
 11
62.1154517665
 21
91.0005472882
 31
0.0
  0
LINE
  5
289
330
1F
100
AcDbEntity
  8
0
  6
Continuous
 62
     7
370
    25
100
AcDbLine
 10
54.4487850998
 20
88.8922139549
 30
0.0
 11
37.4487850998
 21
88.8922139549
 31
0.0
  0
LINE
  5
28A
330
1F
100
AcDbEntity
  8
0
  6
Continuous
 62
     7
370
    25
100
AcDbLine
 10
54.4487850998
 20
90.1172139549
 30
0.0
 11
54.4487850998
 21
88.8922139549
 31
0.0
  0
LINE
  5
28B
330
1F
100
AcDbEntity
  8
0
  6
Continuous
 62
     7
370
    25
100
AcDbLine
 10
37.4487850998
 20
90.1172139549
 30
0.0
 11
54.4487850998
 21
90.1172139549
 31
0.0
  0
LINE
  5
28C
330
1F
100
AcDbEntity
  8
0
  6
Continuous
 62
     7
370
    25
100
AcDbLine
 10
37.4487850998
 20
91.0005472882
 30
0.0
 11
54.4487850998
 21
91.0005472882
 31
0.0
  0
LINE
  5
28D
330
1F
100
AcDbEntity
  8
0
  6
Continuous
 62
     7
370
    25
100
AcDbLine
 10
54.4487850998
 20
92.2255472882
 30
0.0
 11
54.4487850998
 21
91.0005472882
 31
0.0
  0
LINE
  5
28E
330
1F
100
AcDbEntity
  8
0
  6
Continuous
 62
     7
370
    25
100
AcDbLine
 10
54.4487850998
 20
92.2255472882
 30
0.0
 11
37.4487850998
 21
92.2255472882
 31
0.0
  0
LINE
  5
28F
330
1F
100
AcDbEntity
  8
0
  6
Continuous
 62
     7
370
    25
100
AcDbLine
 10
37.4487850998
 20
90.1172139549
 30
0.0
 11
37.4487850998
 21
91.0005472882
 31
0.0
  0
LINE
  5
290
330
1F
100
AcDbEntity
  8
0
  6
Continuous
 62
     7
370
    25
100
AcDbLine
 10
54.4487850998
 20
90.1172139549
 30
0.0
 11
54.4487850998
 21
91.0005472882
 31
0.0
  0
LINE
  5
291
330
1F
100
AcDbEntity
  8
0
  6
Continuous
 62
     7
370
    25
100
AcDbLine
 10
81.5806290464
 20
135.1172139549
 30
0.0
 11
82.1987850998
 21
135.1172139549
 31
0.0
  0
LINE
  5
292
330
1F
100
AcDbEntity
  8
0
  6
Continuous
 62
     7
370
    25
100
AcDbLine
 10
34.3654517665
 20
135.1172139549
 30
0.0
 11
34.9836078198
 21
135.1172139549
 31
0.0
  0
LINE
  5
293
330
1F
100
AcDbEntity
  8
0
  6
Continuous
 62
     7
370
    25
100
AcDbLine
 10
36.5806290464
 20
135.1172139549
 30
0.0
 11
37.1987850998
 21
135.1172139549
 31
0.0
  0
LINE
  5
294
330
1F
100
AcDbEntity
  8
0
  6
Continuous
 62
     7
370
    25
100
AcDbLine
 10
79.3654517665
 20
135.1172139549
 30
0.0
 11
79.9836078198
 21
135.1172139549
 31
0.0
  0
LINE
  5
295
330
1F
100
AcDbEntity
  8
0
  6
Continuous
 62
     7
370
    25
100
AcDbLine
 10
34.3654517665
 20
136.0005472882
 30
0.0
 11
34.9836078198
 21
136.0005472882
 31
0.0
  0
LINE
  5
296
330
1F
100
AcDbEntity
  8
0
  6
Continuous
 62
     7
370
    25
100
AcDbLine
 10
36.2237850998
 20
137.2255472882
 30
0.0
 11
35.3404517665
 21
137.2255472882
 31
0.0
  0
LINE
  5
297
330
1F
100
AcDbEntity
  8
0
  6
Continuous
 62
     7
370
    25
100
AcDbLine
 10
81.5806290464
 20
136.0005472882
 30
0.0
 11
82.1987850998
 21
136.0005472882
 31
0.0
  0
LINE
  5
298
330
1F
100
AcDbEntity
  8
0
  6
Continuous
 62
     7
370
    25
100
AcDbLine
 10
36.5806290464
 20
136.0005472882
 30
0.0
 11
37.1987850998
 21
136.0005472882
 31
0.0
  0
LINE
  5
299
330
1F
100
AcDbEntity
  8
0
  6
Continuous
 62
     7
370
    25
100
AcDbLine
 10
79.3654517665
 20
136.0005472882
 30
0.0
 11
79.9836078198
 21
136.0005472882
 31
0.0
  0
LINE
  5
29A
330
1F
100
AcDbEntity
  8
0
  6
Continuous
 62
     7
370
    25
100
AcDbLine
 10
82.4487850998
 20
135.1172139549
 30
0.0
 11
82.4487850998
 21
136.0005472882
 31
0.0
  0
LINE
  5
29B
330
1F
100
AcDbEntity
  8
0
  6
Continuous
 62
     7
370
    25
100
AcDbLine
 10
34.1154517665
 20
135.1172139549
 30
0.0
 11
34.1154517665
 21
136.0005472882
 31
0.0
  0
LINE
  5
29C
330
1F
100
AcDbEntity
  8
0
  6
Continuous
 62
     7
370
    25
100
AcDbLine
 10
81.5806290464
 20
90.1172139549
 30
0.0
 11
82.1987850998
 21
90.1172139549
 31
0.0
  0
LINE
  5
29D
330
1F
100
AcDbEntity
  8
0
  6
Continuous
 62
     7
370
    25
100
AcDbLine
 10
36.2237850998
 20
88.8922139549
 30
0.0
 11
35.3404517665
 21
88.8922139549
 31
0.0
  0
LINE
  5
29E
330
1F
100
AcDbEntity
  8
0
  6
Continuous
 62
     7
370
    25
100
AcDbLine
 10
36.5806290464
 20
90.1172139549
 30
0.0
 11
37.1987850998
 21
90.1172139549
 31
0.0
  0
LINE
  5
29F
330
1F
100
AcDbEntity
  8
0
  6
Continuous
 62
     7
370
    25
100
AcDbLine
 10
79.3654517664
 20
90.1172139549
 30
0.0
 11
79.9836078198
 21
90.1172139549
 31
0.0
  0
LINE
  5
2A0
330
1F
100
AcDbEntity
  8
0
  6
Continuous
 62
     7
370
    25
100
AcDbLine
 10
34.3654517665
 20
90.1172139549
 30
0.0
 11
34.9836078198
 21
90.1172139549
 31
0.0
  0
LINE
  5
2A1
330
1F
100
AcDbEntity
  8
0
  6
Continuous
 62
     7
370
    25
100
AcDbLine
 10
81.5806290464
 20
91.0005472882
 30
0.0
 11
82.1987850998
 21
91.0005472882
 31
0.0
  0
LINE
  5
2A2
330
1F
100
AcDbEntity
  8
0
  6
Continuous
 62
     7
370
    25
100
AcDbLine
 10
36.5806290464
 20
91.0005472882
 30
0.0
 11
37.1987850998
 21
91.0005472882
 31
0.0
  0
LINE
  5
2A3
330
1F
100
AcDbEntity
  8
0
  6
Continuous
 62
     7
370
    25
100
AcDbLine
 10
79.3654517664
 20
91.0005472882
 30
0.0
 11
79.9836078198
 21
91.0005472882
 31
0.0
  0
LINE
  5
2A4
330
1F
100
AcDbEntity
  8
0
  6
Continuous
 62
     7
370
    25
100
AcDbLine
 10
34.3654517665
 20
91.0005472882
 30
0.0
 11
34.9836078198
 21
91.0005472882
 31
0.0
  0
LINE
  5
2A5
330
1F
100
AcDbEntity
  8
0
  6
Continuous
 62
     7
370
    25
100
AcDbLine
 10
82.4487850998
 20
90.1172139549
 30
0.0
 11
82.4487850998
 21
91.0005472882
 31
0.0
  0
LINE
  5
2A6
330
1F
100
AcDbEntity
  8
0
  6
Continuous
 62
     7
370
    25
100
AcDbLine
 10
34.1154517665
 20
90.1172139549
 30
0.0
 11
34.1154517665
 21
91.0005472882
 31
0.0
  0
LINE
  5
2A7
330
1F
100
AcDbEntity
  8
0
  6
Continuous
 62
     7
370
    25
100
AcDbLine
 10
37.4487850998
 20
137.2255472882
 30
0.0
 11
79.1154517665
 21
137.2255472882
 31
0.0
  0
LINE
  5
2A8
330
1F
100
AcDbEntity
  8
0
  6
Continuous
 62
     7
370
    25
100
AcDbLine
 10
79.1154517665
 20
136.0005472882
 30
0.0
 11
37.4487850998
 21
136.0005472882
 31
0.0
  0
LINE
  5
2A9
330
1F
100
AcDbEntity
  8
0
  6
Continuous
 62
     7
370
    25
100
AcDbLine
 10
79.1154517665
 20
135.1172139549
 30
0.0
 11
37.4487850998
 21
135.1172139549
 31
0.0
  0
LINE
  5
2AA
330
1F
100
AcDbEntity
  8
0
  6
Continuous
 62
     7
370
    25
100
AcDbLine
 10
37.4487850998
 20
133.8922139549
 30
0.0
 11
79.1154517665
 21
133.8922139549
 31
0.0
  0
LINE
  5
2AB
330
1F
100
AcDbEntity
  8
0
  6
Continuous
 62
     7
370
    25
100
AcDbLine
 10
79.1154517665
 20
136.0005472882
 30
0.0
 11
79.1154517665
 21
135.1172139549
 31
0.0
  0
LINE
  5
2AC
330
1F
100
AcDbEntity
  8
0
  6
Continuous
 62
     7
370
    25
100
AcDbLine
 10
37.4487850998
 20
136.0005472882
 30
0.0
 11
37.4487850998
 21
135.1172139549
 31
0.0
  0
LINE
  5
2AD
330
1F
100
AcDbEntity
  8
0
  6
Continuous
 62
     7
370
    25
100
AcDbLine
 10
80.3404517665
 20
133.8922139549
 30
0.0
 11
80.3404517665
 21
92.2255472882
 31
0.0
  0
LINE
  5
2AE
330
1F
100
AcDbEntity
  8
0
  6
Continuous
 62
     7
370
    25
100
AcDbLine
 10
79.1154517665
 20
92.2255472882
 30
0.0
 11
79.1154517665
 21
133.8922139549
 31
0.0
  0
LINE
  5
2AF
330
1F
100
AcDbEntity
  8
0
  6
Continuous
 62
     7
370
    25
100
AcDbLine
 10
81.2237850998
 20
133.8922139549
 30
0.0
 11
81.2237850998
 21
92.2255472882
 31
0.0
  0
LINE
  5
2B0
330
1F
100
AcDbEntity
  8
0
  6
Continuous
 62
     7
370
    25
100
AcDbLine
 10
82.4487850998
 20
92.2255472882
 30
0.0
 11
82.4487850998
 21
133.8922139549
 31
0.0
  0
LINE
  5
2B1
330
1F
100
AcDbEntity
  8
0
  6
Continuous
 62
     7
370
    25
100
AcDbLine
 10
80.3404517664
 20
92.2255472882
 30
0.0
 11
81.2237850998
 21
92.2255472882
 31
0.0
  0
LINE
  5
2B2
330
1F
100
AcDbEntity
  8
0
  6
Continuous
 62
     7
370
    25
100
AcDbLine
 10
80.3404517664
 20
133.8922139549
 30
0.0
 11
81.2237850998
 21
133.8922139549
 31
0.0
  0
LINE
  5
2B3
330
1F
100
AcDbEntity
  8
0
  6
Continuous
 62
     7
370
    25
100
AcDbLine
 10
62.1154517665
 20
91.0005472882
 30
0.0
 11
54.4487850998
 21
91.0005472882
 31
0.0
  0
LINE
  5
2B4
330
1F
100
AcDbEntity
  8
0
  6
Continuous
 62
     7
370
    25
100
AcDbLine
 10
54.4487850998
 20
92.2255472882
 30
0.0
 11
62.1154517665
 21
92.2255472882
 31
0.0
  0
LINE
  5
2B5
330
1F
100
AcDbEntity
  8
0
  6
Continuous
 62
     7
370
    25
100
AcDbLine
 10
62.1154517665
 20
90.1172139549
 30
0.0
 11
54.4487850998
 21
90.1172139549
 31
0.0
  0
LINE
  5
2B6
330
1F
100
AcDbEntity
  8
0
  6
Continuous
 62
     7
370
    25
100
AcDbLine
 10
54.4487850998
 20
88.8922139549
 30
0.0
 11
62.1154517665
 21
88.8922139549
 31
0.0
  0
LINE
  5
2B7
330
1F
100
AcDbEntity
  8
0
  6
Continuous
 62
     7
370
    25
100
AcDbLine
 10
36.2237850998
 20
133.8922139549
 30
0.0
 11
36.2237850998
 21
92.2255472882
 31
0.0
  0
LINE
  5
2B8
330
1F
100
AcDbEntity
  8
0
  6
Continuous
 62
     7
370
    25
100
AcDbLine
 10
37.4487850998
 20
92.2255472882
 30
0.0
 11
37.4487850998
 21
133.8922139549
 31
0.0
  0
LINE
  5
2B9
330
1F
100
AcDbEntity
  8
0
  6
Continuous
 62
     7
370
    25
100
AcDbLine
 10
35.3404517665
 20
133.8922139549
 30
0.0
 11
35.3404517665
 21
92.2255472882
 31
0.0
  0
LINE
  5
2BA
330
1F
100
AcDbEntity
  8
0
  6
Continuous
 62
     7
370
    25
100
AcDbLine
 10
34.1154517665
 20
92.2255472882
 30
0.0
 11
34.1154517665
 21
125.5588806216
 31
0.0
  0
LINE
  5
2BB
330
1F
100
AcDbEntity
  8
0
  6
Continuous
 62
     7
370
    25
100
AcDbLine
 10
34.1154517665
 20
126.7838806216
 30
0.0
 11
34.1154517665
 21
127.6672139549
 31
0.0
  0
LINE
  5
2BC
330
1F
100
AcDbEntity
  8
0
  6
Continuous
 62
     7
370
    25
100
AcDbLine
 10
34.1154517665
 20
128.8922139549
 30
0.0
 11
34.1154517665
 21
133.8922139549
 31
0.0
  0
LINE
  5
2BD
330
1F
100
AcDbEntity
  8
0
  6
Continuous
 62
     7
370
    25
100
AcDbLine
 10
35.3404517665
 20
133.8922139549
 30
0.0
 11
36.2237850998
 21
133.8922139549
 31
0.0
  0
LINE
  5
2BE
330
1F
100
AcDbEntity
  8
0
  6
Continuous
 62
     7
370
    25
100
AcDbLine
 10
35.3404517665
 20
92.2255472882
 30
0.0
 11
36.2237850998
 21
92.2255472882
 31
0.0
  0
DIMENSION
  5
2BF
330
1F
100
AcDbEntity
  8
0
  6
Continuous
 62
     7
370
    18
100
AcDbDimension
  2
_D
 10
79.1154517665
 20
140.7140300123
 30
0.0
 11
58.8013903896
 21
140.7140300123
 31
0.0
 70
   160
  1
<>
 71
     2
 42
-1.0
  3
SLDDIMSTYLE0
100
AcDbAlignedDimension
 13
37.4487850998
 23
135.1172139549
 33
0.0
 14
79.1154517665
 24
135.1172139549
 34
0.0
100
AcDbRotatedDimension
  0
DIMENSION
  5
2CA
330
1F
100
AcDbEntity
  8
0
  6
Continuous
 62
     7
370
    18
100
AcDbDimension
  2
_D_1
 10
16.9487850998
 20
133.8922139549
 30
0.0
 11
16.9487850998
 21
113.0588806216
 31
0.0
 70
   160
  1
<>
 71
     2
 42
-1.0
  3
SLDDIMSTYLE0
100
AcDbAlignedDimension
 13
36.2237850998
 23
92.2255472882
 33
0.0
 14
37.4487850998
 24
133.8922139549
 34
0.0
 50
90.0
100
AcDbRotatedDimension
  0
DIMENSION
  5
2D4
330
1F
100
AcDbEntity
  8
0
  6
Continuous
 62
     7
370
    18
100
AcDbDimension
  2
_D_2
 10
34.1154517665
 20
93.5497413677
 30
0.0
 11
31.3213709727
 21
93.5497413677
 31
0.0
 70
   160
  1
<>
 71
     2
 42
-1.0
  3
SLDDIMSTYLE1
100
AcDbAlignedDimension
 13
27.4487850998
 23
97.2257130842
 33
0.0
 14
34.1154517665
 24
97.2257130842
 34
0.0
100
AcDbRotatedDimension
  0
LINE
  5
2E1
330
1F
100
AcDbEntity
  8
0
  6
CENTERX2
 62
     7
100
AcDbLine
 10
49.0364927481
 20
245.8149040358
 30
0.0
 11
58.9335829108
 21
245.8149040358
 31
0.0
  0
LINE
  5
2E2
330
1F
100
AcDbEntity
  8
0
  6
CENTERX2
 62
     7
100
AcDbLine
 10
49.0364927481
 20
245.8149040358
 30
0.0
 11
58.9335829108
 21
245.8149040358
 31
0.0
  0
LWPOLYLINE
  5
2E3
330
1F
100
AcDbEntity
  8
0
  6
Continuous
 62
     7
100
AcDbPolyline
 90
      102
 70
   128
 43
0.0
 10
49.0888530456
 20
246.241186087
 10
49.1411936028
 20
246.241186087
 10
49.1411936028
 20
246.241186087
 10
49.1411936028
 20
246.0434697409
 10
49.1411936028
 20
246.0434697409
 10
49.1413104564
 20
246.0260585497
 10
49.1416610173
 20
246.0101664556
 10
49.1423621391
 20
245.9955597516
 10
49.1432969681
 20
245.9823552911
 10
49.1444655045
 20
245.9706699279
 10
49.1458677481
 20
245.9602699546
 10
49.1475036989
 20
245.9513890785
 10
49.1494902107
 20
245.9437935924
 10
49.1494902107
 20
245.9437935924
 10
49.1529958196
 20
245.9343284482
 10
49.1570856968
 20
245.9253307185
 10
49.1619935493
 20
245.9169172569
 10
49.1674856701
 20
245.9089712099
 10
49.1737957662
 20
245.9014925774
 10
49.1808069842
 20
245.8945982131
 10
49.1885193239
 20
245.8881712633
 10
49.1969327854
 20
245.8823285817
 10
49.2152788057
 20
245.8725128766
 10
49.2352607769
 20
245.865384805
 10
49.2569955525
 20
245.8611780742
 10
49.280366279
 20
245.8597758306
 10
49.280366279
 20
245.8597758306
 10
49.3037370055
 20
245.8611780742
 10
49.3251212203
 20
245.8652679514
 10
49.3448694842
 20
245.8721623157
 10
49.3626312363
 20
245.8817443135
 10
49.3781727694
 20
245.8935465304
 10
49.3911435226
 20
245.9072184054
 10
49.4015434959
 20
245.9225262313
 10
49.4092558357
 20
245.9395868616
 10
49.4092558357
 20
245.9395868616
 10
49.4112423474
 20
245.9465980796
 10
49.4129951519
 20
245.9552452484
 10
49.4145142491
 20
245.9656452217
 10
49.4156827854
 20
245.9777979994
 10
49.4167344681
 20
245.9917035817
 10
49.4173187363
 20
246.0072451148
 10
49.4177861508
 20
246.0245394524
 10
49.4179030045
 20
246.0434697409
 10
49.4179030045
 20
246.0434697409
 10
49.4179030045
 20
246.241186087
 10
49.4179030045
 20
246.241186087
 10
49.4702534318
 20
246.241186087
 10
49.4702534318
 20
246.241186087
 10
49.4702534318
 20
246.0336540358
 10
49.4702534318
 20
246.0336540358
 10
49.4699028709
 20
246.0125035283
 10
49.4689680419
 20
245.9926384108
 10
49.467332091
 20
245.9740586832
 10
49.4649950184
 20
245.9569980529
 10
49.4620736775
 20
245.9411059588
 10
49.4584512149
 20
245.926732962
 10
49.4541276305
 20
245.9136453552
 10
49.449219778
 20
245.9018431383
 10
49.4436108036
 20
245.8910926041
 10
49.4374175611
 20
245.8809263381
 10
49.4305231968
 20
245.8713443403
 10
49.4229277107
 20
245.8623466106
 10
49.4146311028
 20
245.853933149
 10
49.4057502267
 20
245.8462208093
 10
49.3961682288
 20
245.8389758841
 10
49.3860019628
 20
245.8324320806
 10
49.375134575
 20
245.826589399
 10
49.3634492117
 20
245.8214478392
 10
49.351296434
 20
245.8172411084
 10
49.3383256807
 20
245.8137354994
 10
49.3247706594
 20
245.8109310123
 10
49.3103976626
 20
245.8089445005
 10
49.2955572513
 20
245.8077759642
 10
49.2798988645
 20
245.8074254033
 10
49.2798988645
 20
245.8074254033
 10
49.2643573314
 20
245.8077759642
 10
49.2494000664
 20
245.8089445005
 10
49.2351439233
 20
245.8109310123
 10
49.2214720483
 20
245.8137354994
 10
49.2085012951
 20
245.8172411084
 10
49.1962316637
 20
245.8214478392
 10
49.1845463004
 20
245.826589399
 10
49.173562059
 20
245.8324320806
 10
49.1632789393
 20
245.8389758841
 10
49.1535800878
 20
245.8462208093
 10
49.1445823581
 20
245.8540500026
 10
49.1362857502
 20
245.8624634642
 10
49.1286902641
 20
245.8715780475
 10
49.1217958998
 20
245.881276899
 10
49.1154858036
 20
245.8915600187
 10
49.1098768293
 20
245.9024274065
 10
49.1049689767
 20
245.914346477
 10
49.1006453923
 20
245.9276677911
 10
49.0970229297
 20
245.9425082024
 10
49.0941015889
 20
245.9586340037
 10
49.0917645162
 20
245.9762789022
 10
49.0901285654
 20
245.9952091907
 10
49.0891937363
 20
246.0156585764
 10
49.0888431754
 20
246.0375102056
 10
49.0888431754
 20
246.0375102056
 10
49.0888431754
 20
246.241186087
  0
LWPOLYLINE
  5
2E4
330
1F
100
AcDbEntity
  8
0
  6
Continuous
 62
     7
100
AcDbPolyline
 90
       62
 70
   128
 43
0.0
 10
49.5899194919
 20
246.241186087
 10
49.6422619788
 20
246.241186087
 10
49.6422619788
 20
246.241186087
 10
49.6422619788
 20
246.1623098851
 10
49.6422619788
 20
246.1623098851
 10
49.6594394628
 20
246.183343539
 10
49.6777854831
 20
246.2012221447
 10
49.697533747
 20
246.2161794097
 10
49.7184505472
 20
246.2279816266
 10
49.7405358837
 20
246.2369793563
 10
49.7639066102
 20
246.2435231597
 10
49.7885627267
 20
246.2473793296
 10
49.8145042331
 20
246.2486647195
 10
49.8145042331
 20
246.2486647195
 10
49.8371738378
 20
246.2476130368
 10
49.8591423207
 20
246.244691696
 10
49.8801759745
 20
246.2396669898
 10
49.900391653
 20
246.2325389182
 10
49.919789356
 20
246.2235411885
 10
49.9382522299
 20
246.2124400935
 10
49.956013982
 20
246.1993524866
 10
49.9728409051
 20
246.184278368
 10
49.9882655846
 20
246.1678020059
 10
50.0015868987
 20
246.1503908146
 10
50.012921701
 20
246.1322785016
 10
50.022153138
 20
246.1133482131
 10
50.0293980632
 20
246.0934830956
 10
50.0345396231
 20
246.0729168563
 10
50.0375778175
 20
246.0514157879
 10
50.0386295002
 20
246.0292135977
 10
50.0386295002
 20
246.0292135977
 10
50.0375778175
 20
246.006543993
 10
50.0345396231
 20
245.9846923638
 10
50.0295149169
 20
245.9637755635
 10
50.0222699916
 20
245.9436767388
 10
50.0131554083
 20
245.9243958894
 10
50.0019374596
 20
245.9060498691
 10
49.9887329991
 20
245.8886386779
 10
49.9734251733
 20
245.872045462
 10
49.9567151038
 20
245.8568544898
 10
49.939187059
 20
245.843766883
 10
49.920724185
 20
245.8326657879
 10
49.9014433357
 20
245.8235512046
 10
49.8814613645
 20
245.8165399866
 10
49.8605445643
 20
245.8115152804
 10
49.838692935
 20
245.808477086
 10
49.816140184
 20
245.8074254033
 10
49.816140184
 20
245.8074254033
 10
49.7906660921
 20
245.8087107932
 10
49.7663605365
 20
245.8128006704
 10
49.74298981
 20
245.8193444738
 10
49.7207876198
 20
245.8286927644
 10
49.6995202587
 20
245.8406118349
 10
49.679421434
 20
245.855218539
 10
49.6602574382
 20
245.8723960229
 10
49.6422619788
 20
245.8921442868
 10
49.6422619788
 20
245.8921442868
 10
49.6422619788
 20
245.6578527537
 10
49.6422619788
 20
245.6578527537
 10
49.5899115515
 20
245.6578527537
 10
49.5899115515
 20
245.6578527537
 10
49.5899115515
 20
246.241186087
  0
LWPOLYLINE
  5
2E5
330
1F
100
AcDbEntity
  8
0
  6
Continuous
 62
     7
100
AcDbPolyline
 90
       56
 70
   128
 43
0.0
 10
49.8140428903
 20
246.1963142922
 10
49.7962750664
 20
246.1956131704
 10
49.7792144361
 20
246.1932760977
 10
49.7628549275
 20
246.1895367815
 10
49.7471965408
 20
246.1841615144
 10
49.7323561295
 20
246.1773840037
 10
49.7180999863
 20
246.1690873958
 10
49.7046618186
 20
246.159154837
 10
49.6919247726
 20
246.1478200347
 10
49.6802394094
 20
246.135316696
 10
49.670189997
 20
246.1221122356
 10
49.6616596818
 20
246.1080897997
 10
49.6546484639
 20
246.093366242
 10
49.6492731968
 20
246.0779415625
 10
49.6454170269
 20
246.0616989076
 10
49.6430799543
 20
246.0447551309
 10
49.6422619788
 20
246.0271102323
 10
49.6422619788
 20
246.0271102323
 10
49.6436642224
 20
246.0039732131
 10
49.6477540995
 20
245.9821215838
 10
49.6547653175
 20
245.9613216373
 10
49.664464169
 20
245.9418070806
 10
49.6767338004
 20
245.9239284749
 10
49.6913405045
 20
245.9079195272
 10
49.7084011348
 20
245.8938970913
 10
49.7277988378
 20
245.8818611672
 10
49.748715638
 20
245.8721623157
 10
49.7702167064
 20
245.8652679514
 10
49.7921851893
 20
245.8611780742
 10
49.814854794
 20
245.8597758306
 10
49.814854794
 20
245.8597758306
 10
49.8370569842
 20
245.8611780742
 10
49.8585580525
 20
245.865384805
 10
49.8794748528
 20
245.8722791693
 10
49.8995736775
 20
245.8820948744
 10
49.9183871124
 20
245.8943645059
 10
49.9352140354
 20
245.9088543563
 10
49.9499375931
 20
245.9255644257
 10
49.9627914927
 20
245.9444947142
 10
49.9730746124
 20
245.9648272462
 10
49.9804363912
 20
245.9856271928
 10
49.9847599756
 20
246.0068945539
 10
49.9862790728
 20
246.0286293296
 10
49.9862790728
 20
246.0286293296
 10
49.9848768293
 20
246.0504809588
 10
49.9804363912
 20
246.07174832
 10
49.973191466
 20
246.0925482665
 10
49.9630252
 20
246.1126470913
 10
49.950288154
 20
246.1314605262
 10
49.9355645963
 20
246.1479368883
 10
49.9188545269
 20
246.1623098851
 10
49.9001579457
 20
246.1743458093
 10
49.8799422673
 20
246.1839278071
 10
49.8589086134
 20
246.1908221715
 10
49.8369401305
 20
246.1949120486
 10
49.8140368186
 20
246.1963142922
  0
LWPOLYLINE
  5
2E6
330
1F
100
AcDbEntity
  8
0
  6
Continuous
 62
     7
100
AcDbPolyline
 90
      102
 70
   128
 43
0.0
 10
49.0888530456
 20
246.241186087
 10
49.1411936028
 20
246.241186087
 10
49.1411936028
 20
246.241186087
 10
49.1411936028
 20
246.0434697409
 10
49.1411936028
 20
246.0434697409
 10
49.1413104564
 20
246.0260585497
 10
49.1416610173
 20
246.0101664556
 10
49.1423621391
 20
245.9955597516
 10
49.1432969681
 20
245.9823552911
 10
49.1444655045
 20
245.9706699279
 10
49.1458677481
 20
245.9602699546
 10
49.1475036989
 20
245.9513890785
 10
49.1494902107
 20
245.9437935924
 10
49.1494902107
 20
245.9437935924
 10
49.1529958196
 20
245.9343284482
 10
49.1570856968
 20
245.9253307185
 10
49.1619935493
 20
245.9169172569
 10
49.1674856701
 20
245.9089712099
 10
49.1737957662
 20
245.9014925774
 10
49.1808069842
 20
245.8945982131
 10
49.1885193239
 20
245.8881712633
 10
49.1969327854
 20
245.8823285817
 10
49.2152788057
 20
245.8725128766
 10
49.2352607769
 20
245.865384805
 10
49.2569955525
 20
245.8611780742
 10
49.280366279
 20
245.8597758306
 10
49.280366279
 20
245.8597758306
 10
49.3037370055
 20
245.8611780742
 10
49.3251212203
 20
245.8652679514
 10
49.3448694842
 20
245.8721623157
 10
49.3626312363
 20
245.8817443135
 10
49.3781727694
 20
245.8935465304
 10
49.3911435226
 20
245.9072184054
 10
49.4015434959
 20
245.9225262313
 10
49.4092558357
 20
245.9395868616
 10
49.4092558357
 20
245.9395868616
 10
49.4112423474
 20
245.9465980796
 10
49.4129951519
 20
245.9552452484
 10
49.4145142491
 20
245.9656452217
 10
49.4156827854
 20
245.9777979994
 10
49.4167344681
 20
245.9917035817
 10
49.4173187363
 20
246.0072451148
 10
49.4177861508
 20
246.0245394524
 10
49.4179030045
 20
246.0434697409
 10
49.4179030045
 20
246.0434697409
 10
49.4179030045
 20
246.241186087
 10
49.4179030045
 20
246.241186087
 10
49.4702534318
 20
246.241186087
 10
49.4702534318
 20
246.241186087
 10
49.4702534318
 20
246.0336540358
 10
49.4702534318
 20
246.0336540358
 10
49.4699028709
 20
246.0125035283
 10
49.4689680419
 20
245.9926384108
 10
49.467332091
 20
245.9740586832
 10
49.4649950184
 20
245.9569980529
 10
49.4620736775
 20
245.9411059588
 10
49.4584512149
 20
245.926732962
 10
49.4541276305
 20
245.9136453552
 10
49.449219778
 20
245.9018431383
 10
49.4436108036
 20
245.8910926041
 10
49.4374175611
 20
245.8809263381
 10
49.4305231968
 20
245.8713443403
 10
49.4229277107
 20
245.8623466106
 10
49.4146311028
 20
245.853933149
 10
49.4057502267
 20
245.8462208093
 10
49.3961682288
 20
245.8389758841
 10
49.3860019628
 20
245.8324320806
 10
49.375134575
 20
245.826589399
 10
49.3634492117
 20
245.8214478392
 10
49.351296434
 20
245.8172411084
 10
49.3383256807
 20
245.8137354994
 10
49.3247706594
 20
245.8109310123
 10
49.3103976626
 20
245.8089445005
 10
49.2955572513
 20
245.8077759642
 10
49.2798988645
 20
245.8074254033
 10
49.2798988645
 20
245.8074254033
 10
49.2643573314
 20
245.8077759642
 10
49.2494000664
 20
245.8089445005
 10
49.2351439233
 20
245.8109310123
 10
49.2214720483
 20
245.8137354994
 10
49.2085012951
 20
245.8172411084
 10
49.1962316637
 20
245.8214478392
 10
49.1845463004
 20
245.826589399
 10
49.173562059
 20
245.8324320806
 10
49.1632789393
 20
245.8389758841
 10
49.1535800878
 20
245.8462208093
 10
49.1445823581
 20
245.8540500026
 10
49.1362857502
 20
245.8624634642
 10
49.1286902641
 20
245.8715780475
 10
49.1217958998
 20
245.881276899
 10
49.1154858036
 20
245.8915600187
 10
49.1098768293
 20
245.9024274065
 10
49.1049689767
 20
245.914346477
 10
49.1006453923
 20
245.9276677911
 10
49.0970229297
 20
245.9425082024
 10
49.0941015889
 20
245.9586340037
 10
49.0917645162
 20
245.9762789022
 10
49.0901285654
 20
245.9952091907
 10
49.0891937363
 20
246.0156585764
 10
49.0888431754
 20
246.0375102056
 10
49.0888431754
 20
246.0375102056
 10
49.0888431754
 20
246.241186087
  0
LWPOLYLINE
  5
2E7
330
1F
100
AcDbEntity
  8
0
  6
Continuous
 62
     7
100
AcDbPolyline
 90
       62
 70
   128
 43
0.0
 10
49.5899194919
 20
246.241186087
 10
49.6422619788
 20
246.241186087
 10
49.6422619788
 20
246.241186087
 10
49.6422619788
 20
246.1623098851
 10
49.6422619788
 20
246.1623098851
 10
49.6594394628
 20
246.183343539
 10
49.6777854831
 20
246.2012221447
 10
49.697533747
 20
246.2161794097
 10
49.7184505472
 20
246.2279816266
 10
49.7405358837
 20
246.2369793563
 10
49.7639066102
 20
246.2435231597
 10
49.7885627267
 20
246.2473793296
 10
49.8145042331
 20
246.2486647195
 10
49.8145042331
 20
246.2486647195
 10
49.8371738378
 20
246.2476130368
 10
49.8591423207
 20
246.244691696
 10
49.8801759745
 20
246.2396669898
 10
49.900391653
 20
246.2325389182
 10
49.919789356
 20
246.2235411885
 10
49.9382522299
 20
246.2124400935
 10
49.956013982
 20
246.1993524866
 10
49.9728409051
 20
246.184278368
 10
49.9882655846
 20
246.1678020059
 10
50.0015868987
 20
246.1503908146
 10
50.012921701
 20
246.1322785016
 10
50.022153138
 20
246.1133482131
 10
50.0293980632
 20
246.0934830956
 10
50.0345396231
 20
246.0729168563
 10
50.0375778175
 20
246.0514157879
 10
50.0386295002
 20
246.0292135977
 10
50.0386295002
 20
246.0292135977
 10
50.0375778175
 20
246.006543993
 10
50.0345396231
 20
245.9846923638
 10
50.0295149169
 20
245.9637755635
 10
50.0222699916
 20
245.9436767388
 10
50.0131554083
 20
245.9243958894
 10
50.0019374596
 20
245.9060498691
 10
49.9887329991
 20
245.8886386779
 10
49.9734251733
 20
245.872045462
 10
49.9567151038
 20
245.8568544898
 10
49.939187059
 20
245.843766883
 10
49.920724185
 20
245.8326657879
 10
49.9014433357
 20
245.8235512046
 10
49.8814613645
 20
245.8165399866
 10
49.8605445643
 20
245.8115152804
 10
49.838692935
 20
245.808477086
 10
49.816140184
 20
245.8074254033
 10
49.816140184
 20
245.8074254033
 10
49.7906660921
 20
245.8087107932
 10
49.7663605365
 20
245.8128006704
 10
49.74298981
 20
245.8193444738
 10
49.7207876198
 20
245.8286927644
 10
49.6995202587
 20
245.8406118349
 10
49.679421434
 20
245.855218539
 10
49.6602574382
 20
245.8723960229
 10
49.6422619788
 20
245.8921442868
 10
49.6422619788
 20
245.8921442868
 10
49.6422619788
 20
245.6578527537
 10
49.6422619788
 20
245.6578527537
 10
49.5899115515
 20
245.6578527537
 10
49.5899115515
 20
245.6578527537
 10
49.5899115515
 20
246.241186087
  0
LWPOLYLINE
  5
2E8
330
1F
100
AcDbEntity
  8
0
  6
Continuous
 62
     7
100
AcDbPolyline
 90
       56
 70
   128
 43
0.0
 10
49.8140428903
 20
246.1963142922
 10
49.7962750664
 20
246.1956131704
 10
49.7792144361
 20
246.1932760977
 10
49.7628549275
 20
246.1895367815
 10
49.7471965408
 20
246.1841615144
 10
49.7323561295
 20
246.1773840037
 10
49.7180999863
 20
246.1690873958
 10
49.7046618186
 20
246.159154837
 10
49.6919247726
 20
246.1478200347
 10
49.6802394094
 20
246.135316696
 10
49.670189997
 20
246.1221122356
 10
49.6616596818
 20
246.1080897997
 10
49.6546484639
 20
246.093366242
 10
49.6492731968
 20
246.0779415625
 10
49.6454170269
 20
246.0616989076
 10
49.6430799543
 20
246.0447551309
 10
49.6422619788
 20
246.0271102323
 10
49.6422619788
 20
246.0271102323
 10
49.6436642224
 20
246.0039732131
 10
49.6477540995
 20
245.9821215838
 10
49.6547653175
 20
245.9613216373
 10
49.664464169
 20
245.9418070806
 10
49.6767338004
 20
245.9239284749
 10
49.6913405045
 20
245.9079195272
 10
49.7084011348
 20
245.8938970913
 10
49.7277988378
 20
245.8818611672
 10
49.748715638
 20
245.8721623157
 10
49.7702167064
 20
245.8652679514
 10
49.7921851893
 20
245.8611780742
 10
49.814854794
 20
245.8597758306
 10
49.814854794
 20
245.8597758306
 10
49.8370569842
 20
245.8611780742
 10
49.8585580525
 20
245.865384805
 10
49.8794748528
 20
245.8722791693
 10
49.8995736775
 20
245.8820948744
 10
49.9183871124
 20
245.8943645059
 10
49.9352140354
 20
245.9088543563
 10
49.9499375931
 20
245.9255644257
 10
49.9627914927
 20
245.9444947142
 10
49.9730746124
 20
245.9648272462
 10
49.9804363912
 20
245.9856271928
 10
49.9847599756
 20
246.0068945539
 10
49.9862790728
 20
246.0286293296
 10
49.9862790728
 20
246.0286293296
 10
49.9848768293
 20
246.0504809588
 10
49.9804363912
 20
246.07174832
 10
49.973191466
 20
246.0925482665
 10
49.9630252
 20
246.1126470913
 10
49.950288154
 20
246.1314605262
 10
49.9355645963
 20
246.1479368883
 10
49.9188545269
 20
246.1623098851
 10
49.9001579457
 20
246.1743458093
 10
49.8799422673
 20
246.1839278071
 10
49.8589086134
 20
246.1908221715
 10
49.8369401305
 20
246.1949120486
 10
49.8140368186
 20
246.1963142922
  0
LINE
  5
2E9
330
1F
100
AcDbEntity
  8
0
  6
Continuous
 62
     7
370
    25
100
AcDbLine
 10
84.4487850998
 20
207.5114285714
 30
0.0
 11
84.4487850998
 21
206.8447619048
 31
0.0
  0
LINE
  5
2EA
330
1F
100
AcDbEntity
  8
0
  6
Continuous
 62
     7
370
    25
100
AcDbLine
 10
87.7821184332
 20
207.299678482
 30
0.0
 11
87.7821184332
 21
207.5114285714
 31
0.0
  0
LINE
  5
2EB
330
1F
100
AcDbEntity
  8
0
  6
Continuous
 62
     7
370
    25
100
AcDbLine
 10
87.7821184332
 20
206.8447619048
 30
0.0
 11
87.7821184332
 21
206.8898452381
 31
0.0
  0
LINE
  5
2EC
330
1F
100
AcDbEntity
  8
0
  6
Continuous
 62
     7
370
    25
100
AcDbLine
 10
32.1154517665
 20
206.8447619048
 30
0.0
 11
32.1154517665
 21
207.5114285714
 31
0.0
  0
LINE
  5
2ED
330
1F
100
AcDbEntity
  8
0
  6
Continuous
 62
     7
370
    25
100
AcDbLine
 10
28.7821184332
 20
206.8898452381
 30
0.0
 11
28.7821184332
 21
206.8447619048
 31
0.0
  0
LINE
  5
2EE
330
1F
100
AcDbEntity
  8
0
  6
Continuous
 62
     7
370
    25
100
AcDbLine
 10
28.7821184332
 20
207.5114285714
 30
0.0
 11
28.7821184332
 21
207.299678482
 31
0.0
  0
LINE
  5
2EF
330
1F
100
AcDbEntity
  8
0
  6
Continuous
 62
     7
370
    25
100
AcDbLine
 10
34.1154517665
 20
173.5114285714
 30
0.0
 11
34.1154517665
 21
245.1780952381
 31
0.0
  0
LINE
  5
2F0
330
1F
100
AcDbEntity
  8
0
  6
Continuous
 62
     7
370
    25
100
AcDbLine
 10
35.3404517665
 20
245.1780952381
 30
0.0
 11
34.1154517665
 21
245.1780952381
 31
0.0
  0
LINE
  5
2F1
330
1F
100
AcDbEntity
  8
0
  6
Continuous
 62
     7
370
    25
100
AcDbLine
 10
35.3404517665
 20
245.1780952381
 30
0.0
 11
35.3404517665
 21
173.5114285714
 31
0.0
  0
LINE
  5
2F2
330
1F
100
AcDbEntity
  8
0
  6
Continuous
 62
     7
370
    25
100
AcDbLine
 10
35.3404517665
 20
173.5114285714
 30
0.0
 11
34.1154517665
 21
173.5114285714
 31
0.0
  0
LINE
  5
2F3
330
1F
100
AcDbEntity
  8
0
  6
Continuous
 62
     7
370
    25
100
AcDbLine
 10
37.4487850998
 20
173.5114285714
 30
0.0
 11
36.2237850998
 21
173.5114285714
 31
0.0
  0
LINE
  5
2F4
330
1F
100
AcDbEntity
  8
0
  6
Continuous
 62
     7
370
    25
100
AcDbLine
 10
36.2237850998
 20
245.1780952381
 30
0.0
 11
36.2237850998
 21
173.5114285714
 31
0.0
  0
LINE
  5
2F5
330
1F
100
AcDbEntity
  8
0
  6
Continuous
 62
     7
370
    25
100
AcDbLine
 10
37.4487850998
 20
245.1780952381
 30
0.0
 11
36.2237850998
 21
245.1780952381
 31
0.0
  0
LINE
  5
2F6
330
1F
100
AcDbEntity
  8
0
  6
Continuous
 62
     7
370
    25
100
AcDbLine
 10
37.4487850998
 20
173.5114285714
 30
0.0
 11
37.4487850998
 21
245.1780952381
 31
0.0
  0
LINE
  5
2F7
330
1F
100
AcDbEntity
  8
0
  6
Continuous
 62
     7
370
    25
100
AcDbLine
 10
35.3404517665
 20
173.5114285714
 30
0.0
 11
36.2237850998
 21
173.5114285714
 31
0.0
  0
LINE
  5
2F8
330
1F
100
AcDbEntity
  8
0
  6
Continuous
 62
     7
370
    25
100
AcDbLine
 10
82.4487850998
 20
173.5114285714
 30
0.0
 11
82.4487850998
 21
231.8447619048
 31
0.0
  0
LINE
  5
2F9
330
1F
100
AcDbEntity
  8
0
  6
Continuous
 62
     7
370
    25
100
AcDbLine
 10
82.4487850998
 20
173.5114285714
 30
0.0
 11
81.2237850998
 21
173.5114285714
 31
0.0
  0
LINE
  5
2FA
330
1F
100
AcDbEntity
  8
0
  6
Continuous
 62
     7
370
    25
100
AcDbLine
 10
81.2237850998
 20
231.8447619048
 30
0.0
 11
81.2237850998
 21
173.5114285714
 31
0.0
  0
LINE
  5
2FB
330
1F
100
AcDbEntity
  8
0
  6
Continuous
 62
     7
370
    25
100
AcDbLine
 10
80.3404517665
 20
231.8447619048
 30
0.0
 11
80.3404517665
 21
173.5114285714
 31
0.0
  0
LINE
  5
2FC
330
1F
100
AcDbEntity
  8
0
  6
Continuous
 62
     7
370
    25
100
AcDbLine
 10
80.3404517665
 20
173.5114285714
 30
0.0
 11
79.1154517665
 21
173.5114285714
 31
0.0
  0
LINE
  5
2FD
330
1F
100
AcDbEntity
  8
0
  6
Continuous
 62
     7
370
    25
100
AcDbLine
 10
79.1154517665
 20
173.5114285714
 30
0.0
 11
79.1154517665
 21
231.8447619048
 31
0.0
  0
LINE
  5
2FE
330
1F
100
AcDbEntity
  8
0
  6
Continuous
 62
     7
370
    25
100
AcDbLine
 10
80.3404517665
 20
173.5114285714
 30
0.0
 11
81.2237850998
 21
173.5114285714
 31
0.0
  0
LINE
  5
2FF
330
1F
100
AcDbEntity
  8
0
  6
Continuous
 62
     7
370
    25
100
AcDbLine
 10
26.9487850998
 20
193.6280952381
 30
0.0
 11
33.9487850998
 21
193.6280952381
 31
0.0
  0
LINE
  5
300
330
1F
100
AcDbEntity
  8
0
  6
Continuous
 62
     7
370
    25
100
AcDbLine
 10
33.9487850998
 20
193.6280952381
 30
0.0
 11
33.9487850998
 21
193.0947619048
 31
0.0
  0
LINE
  5
301
330
1F
100
AcDbEntity
  8
0
  6
Continuous
 62
     7
370
    25
100
AcDbLine
 10
33.9487850998
 20
186.4280952381
 30
0.0
 11
33.9487850998
 21
185.9614285714
 31
0.0
  0
LINE
  5
302
330
1F
100
AcDbEntity
  8
0
  6
Continuous
 62
     7
370
    25
100
AcDbLine
 10
33.1154517665
 20
185.1280952381
 30
0.0
 11
33.9487850998
 21
185.9614285714
 31
0.0
  0
LINE
  5
303
330
1F
100
AcDbEntity
  8
0
  6
Continuous
 62
     7
370
    25
100
AcDbLine
 10
33.1154517665
 20
185.1280952381
 30
0.0
 11
27.7821184332
 21
185.1280952381
 31
0.0
  0
LINE
  5
304
330
1F
100
AcDbEntity
  8
0
  6
Continuous
 62
     7
370
    25
100
AcDbLine
 10
26.9487850998
 20
185.9614285714
 30
0.0
 11
27.7821184332
 21
185.1280952381
 31
0.0
  0
CIRCLE
  5
305
330
1F
100
AcDbEntity
  8
0
  6
Continuous
 62
     7
370
    25
100
AcDbCircle
 10
30.4487850998
 20
185.9614285714
 30
0.0
 40
0.3750000000000071
  0
LWPOLYLINE
  5
306
330
1F
100
AcDbEntity
  8
0
  6
Continuous
 62
     7
370
    25
100
AcDbPolyline
 90
        3
 70
   128
 43
0.0
 10
27.4487850998
 20
190.2896325037
 10
27.4356636085
 20
190.3179222843
 10
27.4071184332
 20
190.4614285714
  0
LWPOLYLINE
  5
307
330
1F
100
AcDbEntity
  8
0
  6
Continuous
 62
     7
370
    25
100
AcDbPolyline
 90
        3
 70
   128
 43
0.0
 10
27.4071184332
 20
192.1280952381
 10
27.4356636085
 20
192.2716015252
 10
27.4487850998
 20
192.2998913058
  0
LINE
  5
308
330
1F
100
AcDbEntity
  8
0
  6
Continuous
 62
     7
370
    25
100
AcDbLine
 10
27.4071184332
 20
190.4614285714
 30
0.0
 11
27.4071184332
 21
192.1280952381
 31
0.0
  0
ARC
  5
309
330
1F
100
AcDbEntity
  8
0
  6
Continuous
 62
     7
370
    25
100
AcDbCircle
 10
27.7821184332
 20
185.9614285714
 30
0.0
 40
0.3750000000000036
100
AcDbArc
 50
180.0
 51
0.0
  0
LINE
  5
30A
330
1F
100
AcDbEntity
  8
0
  6
Continuous
 62
     7
370
    25
100
AcDbLine
 10
28.1571184332
 20
186.4280952381
 30
0.0
 11
28.1571184332
 21
185.9614285714
 31
0.0
  0
LWPOLYLINE
  5
30B
330
1F
100
AcDbEntity
  8
0
  6
Continuous
 62
     7
370
    25
100
AcDbPolyline
 90
        3
 70
   128
 43
0.0
 10
27.4071184332
 20
187.6280952381
 10
27.4356636085
 20
187.7716015252
 10
27.4487850998
 20
187.7998913058
  0
LINE
  5
30C
330
1F
100
AcDbEntity
  8
0
  6
Continuous
 62
     7
370
    25
100
AcDbLine
 10
27.4071184332
 20
185.9614285714
 30
0.0
 11
27.4071184332
 21
187.6280952381
 31
0.0
  0
ARC
  5
30D
330
1F
100
AcDbEntity
  8
0
  6
Continuous
 62
     7
370
    25
100
AcDbCircle
 10
33.1154517665
 20
185.9614285714
 30
0.0
 40
0.375
100
AcDbArc
 50
180.0
 51
0.0
  0
LINE
  5
30E
330
1F
100
AcDbEntity
  8
0
  6
Continuous
 62
     7
370
    25
100
AcDbLine
 10
33.4904517665
 20
186.4280952381
 30
0.0
 11
33.4904517665
 21
185.9614285714
 31
0.0
  0
LINE
  5
30F
330
1F
100
AcDbEntity
  8
0
  6
Continuous
 62
     7
370
    25
100
AcDbLine
 10
32.7404517665
 20
185.9614285714
 30
0.0
 11
32.7404517665
 21
186.4280952381
 31
0.0
  0
LWPOLYLINE
  5
310
330
1F
100
AcDbEntity
  8
0
  6
Continuous
 62
     7
370
    25
100
AcDbPolyline
 90
        3
 70
   128
 43
0.0
 10
27.4071184332
 20
188.6280952381
 10
27.4356636085
 20
188.7716015252
 10
27.4487850998
 20
188.7998913058
  0
LWPOLYLINE
  5
311
330
1F
100
AcDbEntity
  8
0
  6
Continuous
 62
     7
370
    25
100
AcDbPolyline
 90
        3
 70
   128
 43
0.0
 10
27.4487850998
 20
188.4562991704
 10
27.4356636085
 20
188.484588951
 10
27.4071184332
 20
188.6280952381
  0
LINE
  5
312
330
1F
100
AcDbEntity
  8
0
  6
Continuous
 62
     7
370
    25
100
AcDbLine
 10
26.9487850998
 20
185.9614285714
 30
0.0
 11
26.9487850998
 21
193.6280952381
 31
0.0
  0
LINE
  5
313
330
1F
100
AcDbEntity
  8
0
  6
Continuous
 62
     7
370
    25
100
AcDbLine
 10
82.6154517664
 20
193.6280952381
 30
0.0
 11
89.6154517664
 21
193.6280952381
 31
0.0
  0
LINE
  5
314
330
1F
100
AcDbEntity
  8
0
  6
Continuous
 62
     7
370
    25
100
AcDbLine
 10
88.7821184331
 20
185.1280952381
 30
0.0
 11
89.6154517664
 21
185.9614285714
 31
0.0
  0
LINE
  5
315
330
1F
100
AcDbEntity
  8
0
  6
Continuous
 62
     7
370
    25
100
AcDbLine
 10
88.7821184331
 20
185.1280952381
 30
0.0
 11
83.4487850998
 21
185.1280952381
 31
0.0
  0
LINE
  5
316
330
1F
100
AcDbEntity
  8
0
  6
Continuous
 62
     7
370
    25
100
AcDbLine
 10
82.7987850998
 20
185.7780952381
 30
0.0
 11
83.4487850998
 21
185.1280952381
 31
0.0
  0
ARC
  5
317
330
1F
100
AcDbEntity
  8
0
  6
Continuous
 62
     7
370
    25
100
AcDbCircle
 10
86.1154517664
 20
185.9614285714
 30
0.0
 40
0.3750000000000047
100
AcDbArc
 50
209.2675775977
 51
330.7324224023
  0
ARC
  5
318
330
1F
100
AcDbEntity
  8
0
  6
Continuous
 62
     7
370
    25
100
AcDbCircle
 10
83.4487850998
 20
192.1280952381
 30
0.0
 40
0.375000000000015
100
AcDbArc
 50
57.6124614667
 51
122.3875385333
  0
ARC
  5
319
330
1F
100
AcDbEntity
  8
0
  6
Continuous
 62
     7
370
    25
100
AcDbCircle
 10
83.4487850998
 20
185.9614285714
 30
0.0
 40
0.3749999999999987
100
AcDbArc
 50
209.2675775976
 51
330.7324224024
  0
LWPOLYLINE
  5
31A
330
1F
100
AcDbEntity
  8
0
  6
Continuous
 62
     7
370
    25
100
AcDbPolyline
 90
        3
 70
   128
 43
0.0
 10
89.1571184331
 20
190.4614285714
 10
89.1285732578
 20
190.3179222843
 10
89.1154517665
 20
190.2896325038
  0
LINE
  5
31B
330
1F
100
AcDbEntity
  8
0
  6
Continuous
 62
     7
370
    25
100
AcDbLine
 10
89.1571184331
 20
192.1280952381
 30
0.0
 11
89.1571184331
 21
190.4614285714
 31
0.0
  0
ARC
  5
31C
330
1F
100
AcDbEntity
  8
0
  6
Continuous
 62
     7
370
    25
100
AcDbCircle
 10
88.7821184331
 20
192.1280952381
 30
0.0
 40
0.3750000000000192
100
AcDbArc
 50
57.6124614667
 51
122.3875385333
  0
LWPOLYLINE
  5
31D
330
1F
100
AcDbEntity
  8
0
  6
Continuous
 62
     7
370
    25
100
AcDbPolyline
 90
        3
 70
   128
 43
0.0
 10
89.1154517665
 20
192.2998913057
 10
89.1285732578
 20
192.2716015252
 10
89.1571184331
 20
192.1280952381
  0
LWPOLYLINE
  5
31E
330
1F
100
AcDbEntity
  8
0
  6
Continuous
 62
     7
370
    25
100
AcDbPolyline
 90
        3
 70
   128
 43
0.0
 10
89.1571184331
 20
185.9614285714
 10
89.1285732578
 20
185.8179222843
 10
89.1154517665
 20
185.7896325038
  0
ARC
  5
31F
330
1F
100
AcDbEntity
  8
0
  6
Continuous
 62
     7
370
    25
100
AcDbCircle
 10
88.7821184331
 20
185.9614285714
 30
0.0
 40
0.3750000000000032
100
AcDbArc
 50
209.2675775976
 51
330.7324224024
  0
LINE
  5
320
330
1F
100
AcDbEntity
  8
0
  6
Continuous
 62
     7
370
    25
100
AcDbLine
 10
89.1571184331
 20
187.6280952381
 30
0.0
 11
89.1571184331
 21
185.9614285714
 31
0.0
  0
LWPOLYLINE
  5
321
330
1F
100
AcDbEntity
  8
0
  6
Continuous
 62
     7
370
    25
100
AcDbPolyline
 90
        3
 70
   128
 43
0.0
 10
89.1154517665
 20
187.7998913057
 10
89.1285732578
 20
187.7716015252
 10
89.1571184331
 20
187.6280952381
  0
ARC
  5
322
330
1F
100
AcDbEntity
  8
0
  6
Continuous
 62
     7
370
    25
100
AcDbCircle
 10
88.7821184331
 20
188.6280952381
 30
0.0
 40
0.3750000000000185
100
AcDbArc
 50
332.7339555692
 51
27.2660444308
  0
LINE
  5
323
330
1F
100
AcDbEntity
  8
0
  6
Continuous
 62
     7
370
    25
100
AcDbLine
 10
89.6154517664
 20
193.6280952381
 30
0.0
 11
89.6154517664
 21
185.9614285714
 31
0.0
  0
LINE
  5
324
330
1F
100
AcDbEntity
  8
0
  6
Continuous
 62
     7
370
    25
100
AcDbLine
 10
82.6154517664
 20
192.4447619048
 30
0.0
 11
82.6154517664
 21
193.6280952381
 31
0.0
  0
LINE
  5
325
330
1F
100
AcDbEntity
  8
0
  6
Continuous
 62
     7
370
    25
100
AcDbLine
 10
85.8797495061
 20
206.8447619048
 30
0.0
 11
85.8797495061
 21
207.5114285714
 31
0.0
  0
LINE
  5
326
330
1F
100
AcDbEntity
  8
0
  6
Continuous
 62
     7
370
    25
100
AcDbLine
 10
86.3511540269
 20
207.5114285714
 30
0.0
 11
85.8797495061
 21
207.5114285714
 31
0.0
  0
LINE
  5
327
330
1F
100
AcDbEntity
  8
0
  6
Continuous
 62
     7
370
    25
100
AcDbLine
 10
86.3511540269
 20
207.5114285714
 30
0.0
 11
86.3511540269
 21
206.8447619048
 31
0.0
  0
LINE
  5
328
330
1F
100
AcDbEntity
  8
0
  6
Continuous
 62
     7
370
    25
100
AcDbLine
 10
84.4655359437
 20
207.5114285714
 30
0.0
 11
84.4655359437
 21
206.8447619048
 31
0.0
  0
LINE
  5
329
330
1F
100
AcDbEntity
  8
0
  6
Continuous
 62
     7
370
    25
100
AcDbLine
 10
84.4655359437
 20
207.5114285714
 30
0.0
 11
85.8797495061
 21
207.5114285714
 31
0.0
  0
LINE
  5
32A
330
1F
100
AcDbEntity
  8
0
  6
Continuous
 62
     7
370
    25
100
AcDbLine
 10
87.7653675893
 20
206.8447619048
 30
0.0
 11
87.7653675893
 21
207.5114285714
 31
0.0
  0
LINE
  5
32B
330
1F
100
AcDbEntity
  8
0
  6
Continuous
 62
     7
370
    25
100
AcDbLine
 10
86.3511540269
 20
207.5114285714
 30
0.0
 11
87.7653675893
 21
207.5114285714
 31
0.0
  0
LINE
  5
32C
330
1F
100
AcDbEntity
  8
0
  6
Continuous
 62
     7
370
    25
100
AcDbLine
 10
84.4655359437
 20
207.5114285714
 30
0.0
 11
84.4487850998
 21
207.5114285714
 31
0.0
  0
SPLINE
  5
32D
330
1F
100
AcDbEntity
  8
0
  6
Continuous
 62
     7
370
    25
100
AcDbSpline
210
0.0
220
0.0
230
1.0
 70
     8
 71
     3
 72
    10
 73
     6
 74
     0
 42
0.00000001
 43
0.00000001
 40
0.0
 40
0.0
 40
0.0
 40
0.0
 40
0.4247747125933808
 40
0.7004653770565674
 40
1.0
 40
1.0
 40
1.0
 40
1.0
 10
87.78211843315505
 20
206.889845238097
 30
0.0
 10
87.78173126190602
 20
206.8919978881013
 30
0.0
 10
87.78109280569169
 20
206.8955476681429
 30
0.0
 10
87.77856947101174
 20
206.9180600683213
 30
0.0
 10
87.77685538561374
 20
206.9378382621028
 30
0.0
 10
87.77596281719818
 20
206.9481372770219
 30
0.0
  0
ARC
  5
32E
330
1F
100
AcDbEntity
  8
0
  6
Continuous
 62
     7
370
    25
100
AcDbCircle
 10
89.4227184959
 20
207.0947619048
 30
0.0
 40
1.653347938626611
100
AcDbArc
 50
172.8804284965
 51
187.1195715035
  0
LINE
  5
32F
330
1F
100
AcDbEntity
  8
0
  6
Continuous
 62
     7
370
    25
100
AcDbLine
 10
87.7821184332
 20
207.5114285714
 30
0.0
 11
87.7653675893
 21
207.5114285714
 31
0.0
  0
LINE
  5
330
330
1F
100
AcDbEntity
  8
0
  6
Continuous
 62
     7
370
    25
100
AcDbLine
 10
30.6844873602
 20
207.5114285714
 30
0.0
 11
30.2130828394
 21
207.5114285714
 31
0.0
  0
LINE
  5
331
330
1F
100
AcDbEntity
  8
0
  6
Continuous
 62
     7
370
    25
100
AcDbLine
 10
30.6844873602
 20
207.5114285714
 30
0.0
 11
30.6844873602
 21
206.8447619048
 31
0.0
  0
LINE
  5
332
330
1F
100
AcDbEntity
  8
0
  6
Continuous
 62
     7
370
    25
100
AcDbLine
 10
30.2130828394
 20
206.8447619048
 30
0.0
 11
30.2130828394
 21
207.5114285714
 31
0.0
  0
LINE
  5
333
330
1F
100
AcDbEntity
  8
0
  6
Continuous
 62
     7
370
    25
100
AcDbLine
 10
32.0987009226
 20
206.8447619048
 30
0.0
 11
32.0987009226
 21
207.5114285714
 31
0.0
  0
LINE
  5
334
330
1F
100
AcDbEntity
  8
0
  6
Continuous
 62
     7
370
    25
100
AcDbLine
 10
30.6844873602
 20
207.5114285714
 30
0.0
 11
32.0987009226
 21
207.5114285714
 31
0.0
  0
LINE
  5
335
330
1F
100
AcDbEntity
  8
0
  6
Continuous
 62
     7
370
    25
100
AcDbLine
 10
28.7988692771
 20
207.5114285714
 30
0.0
 11
28.7988692771
 21
206.8447619048
 31
0.0
  0
LINE
  5
336
330
1F
100
AcDbEntity
  8
0
  6
Continuous
 62
     7
370
    25
100
AcDbLine
 10
28.7988692771
 20
207.5114285714
 30
0.0
 11
30.2130828394
 21
207.5114285714
 31
0.0
  0
LINE
  5
337
330
1F
100
AcDbEntity
  8
0
  6
Continuous
 62
     7
370
    25
100
AcDbLine
 10
32.1154517665
 20
207.5114285714
 30
0.0
 11
32.0987009226
 21
207.5114285714
 31
0.0
  0
SPLINE
  5
338
330
1F
100
AcDbEntity
  8
0
  6
Continuous
 62
     7
370
    25
100
AcDbSpline
210
0.0
220
0.0
230
1.0
 70
    11
 71
     3
 72
    31
 73
    27
 74
     0
 42
0.00000001
 43
0.00000001
 40
0.0
 40
0.0
 40
0.0
 40
0.0
 40
0.0521673018926682
 40
0.0860253393314655
 40
0.1250029892965265
 40
0.1640653427787558
 40
0.1979313474214746
 40
0.2498853507659206
 40
0.3019073172235973
 40
0.3358050529156296
 40
0.374897420685917
 40
0.4139321246940564
 40
0.4478259236759861
 40
0.5000003855348006
 40
0.5521632117469635
 40
0.5860222982327374
 40
0.625003195350693
 40
0.664065422894699
 40
0.6979313510805173
 40
0.7498853507781607
 40
0.8019073124662697
 40
0.8358049710238119
 40
0.8748972121056934
 40
0.9139351700101042
 40
0.9478300207305753
 40
0.9999999999999999
 40
0.9999999999999999
 40
0.9999999999999999
 40
0.9999999999999999
 10
28.78211843315596
 20
206.889845238097
 30
0.0
 10
28.78250501968666
 20
206.8919407605175
 30
0.0
 10
28.78314251168406
 20
206.8953963355761
 30
0.0
 10
28.78571639979173
 20
206.9188507299085
 30
0.0
 10
28.78842260360253
 20
206.9483896621925
 30
0.0
 10
28.79117934627322
 20
206.986554065573
 30
0.0
 10
28.79361253568751
 20
207.0353219309422
 30
0.0
 10
28.79545891661694
 20
207.0946407462639
 30
0.0
 10
28.79361799068661
 20
207.1539821889822
 30
0.0
 10
28.79118433834889
 20
207.2028366776193
 30
0.0
 10
28.78843839755911
 20
207.2410086924426
 30
0.0
 10
28.7856941080266
 20
207.2708007949509
 30
0.0
 10
28.78326166008962
 20
207.2935080880591
 30
0.0
 10
28.781427001287
 20
207.3034183674875
 30
0.0
 10
28.78325605372671
 20
207.2935124839281
 30
0.0
 10
28.78568710748052
 20
207.2708323327551
 30
0.0
 10
28.78843084755628
 20
207.2410901233608
 30
0.0
 10
28.79117749445125
 20
207.2029798143256
 30
0.0
 10
28.79361326174063
 20
207.1541975141484
 30
0.0
 10
28.79545891340387
 20
207.0948856868371
 30
0.0
 10
28.79361727517788
 20
207.0355373210024
 30
0.0
 10
28.79118621307961
 20
206.9866974416902
 30
0.0
 10
28.78843001143743
 20
206.9484691282395
 30
0.0
 10
28.78572311283925
 20
206.9188790876632
 30
0.0
 10
28.78314742028215
 20
206.8953986848512
 30
0.0
 10
28.78250677410517
 20
206.8919411154205
 30
0.0
 10
28.78211843315596
 20
206.889845238097
 30
0.0
  0
LINE
  5
339
330
1F
100
AcDbEntity
  8
0
  6
Continuous
 62
     7
370
    25
100
AcDbLine
 10
28.7988692771
 20
207.5114285714
 30
0.0
 11
28.7821184332
 21
207.5114285714
 31
0.0
  0
LINE
  5
33A
330
1F
100
AcDbEntity
  8
0
  6
Continuous
 62
     7
370
    25
100
AcDbLine
 10
87.8654517665
 20
206.0114285714
 30
0.0
 11
87.8654517665
 21
201.8447619048
 31
0.0
  0
LINE
  5
33B
330
1F
100
AcDbEntity
  8
0
  6
Continuous
 62
     7
370
    25
100
AcDbLine
 10
82.4487850998
 20
201.8447619048
 30
0.0
 11
87.8654517665
 21
201.8447619048
 31
0.0
  0
LINE
  5
33C
330
1F
100
AcDbEntity
  8
0
  6
Continuous
 62
     7
370
    25
100
AcDbLine
 10
82.4487850998
 20
206.0114285714
 30
0.0
 11
87.8654517665
 21
206.0114285714
 31
0.0
  0
LINE
  5
33D
330
1F
100
AcDbEntity
  8
0
  6
Continuous
 62
     7
370
    25
100
AcDbLine
 10
88.9487850998
 20
206.0114285714
 30
0.0
 11
88.9487850998
 21
201.8447619048
 31
0.0
  0
LINE
  5
33E
330
1F
100
AcDbEntity
  8
0
  6
Continuous
 62
     7
370
    25
100
AcDbLine
 10
87.8654517665
 20
201.8447619048
 30
0.0
 11
88.9487850998
 21
201.8447619048
 31
0.0
  0
LINE
  5
33F
330
1F
100
AcDbEntity
  8
0
  6
Continuous
 62
     7
370
    25
100
AcDbLine
 10
87.8654517665
 20
206.0114285714
 30
0.0
 11
88.9487850998
 21
206.0114285714
 31
0.0
  0
LINE
  5
340
330
1F
100
AcDbEntity
  8
0
  6
Continuous
 62
     7
370
    25
100
AcDbLine
 10
83.3654517665
 20
206.8447619048
 30
0.0
 11
83.3654517665
 21
206.0114285714
 31
0.0
  0
LINE
  5
341
330
1F
100
AcDbEntity
  8
0
  6
Continuous
 62
     7
370
    25
100
AcDbLine
 10
83.8181103078
 20
206.8447619048
 30
0.0
 11
83.3654517665
 21
206.8447619048
 31
0.0
  0
LINE
  5
342
330
1F
100
AcDbEntity
  8
0
  6
Continuous
 62
     7
370
    25
100
AcDbLine
 10
83.8181103078
 20
206.0114285714
 30
0.0
 11
83.8181103078
 21
206.8447619048
 31
0.0
  0
LINE
  5
343
330
1F
100
AcDbEntity
  8
0
  6
Continuous
 62
     7
370
    25
100
AcDbLine
 10
88.4127932252
 20
206.8447619048
 30
0.0
 11
88.4127932252
 21
206.0114285714
 31
0.0
  0
LINE
  5
344
330
1F
100
AcDbEntity
  8
0
  6
Continuous
 62
     7
370
    25
100
AcDbLine
 10
88.8654517665
 20
206.8447619048
 30
0.0
 11
88.4127932252
 21
206.8447619048
 31
0.0
  0
LINE
  5
345
330
1F
100
AcDbEntity
  8
0
  6
Continuous
 62
     7
370
    25
100
AcDbLine
 10
88.8654517665
 20
206.0114285714
 30
0.0
 11
88.8654517665
 21
206.8447619048
 31
0.0
  0
LINE
  5
346
330
1F
100
AcDbEntity
  8
0
  6
Continuous
 62
     7
370
    25
100
AcDbLine
 10
83.8181103078
 20
206.8447619048
 30
0.0
 11
88.4127932252
 21
206.8447619048
 31
0.0
  0
LINE
  5
347
330
1F
100
AcDbEntity
  8
0
  6
Continuous
 62
     7
370
    25
100
AcDbLine
 10
28.6987850998
 20
206.0114285714
 30
0.0
 11
28.6987850998
 21
201.8447619048
 31
0.0
  0
LINE
  5
348
330
1F
100
AcDbEntity
  8
0
  6
Continuous
 62
     7
370
    25
100
AcDbLine
 10
28.6987850998
 20
206.0114285714
 30
0.0
 11
34.1154517665
 21
206.0114285714
 31
0.0
  0
LINE
  5
349
330
1F
100
AcDbEntity
  8
0
  6
Continuous
 62
     7
370
    25
100
AcDbLine
 10
28.6987850998
 20
201.8447619048
 30
0.0
 11
34.1154517665
 21
201.8447619048
 31
0.0
  0
LINE
  5
34A
330
1F
100
AcDbEntity
  8
0
  6
Continuous
 62
     7
370
    25
100
AcDbLine
 10
27.6154517665
 20
206.0114285714
 30
0.0
 11
27.6154517665
 21
201.8447619048
 31
0.0
  0
LINE
  5
34B
330
1F
100
AcDbEntity
  8
0
  6
Continuous
 62
     7
370
    25
100
AcDbLine
 10
27.6154517665
 20
201.8447619048
 30
0.0
 11
28.6987850998
 21
201.8447619048
 31
0.0
  0
LINE
  5
34C
330
1F
100
AcDbEntity
  8
0
  6
Continuous
 62
     7
370
    25
100
AcDbLine
 10
27.6154517665
 20
206.0114285714
 30
0.0
 11
28.6987850998
 21
206.0114285714
 31
0.0
  0
LINE
  5
34D
330
1F
100
AcDbEntity
  8
0
  6
Continuous
 62
     7
370
    25
100
AcDbLine
 10
32.7461265585
 20
206.8447619048
 30
0.0
 11
32.7461265585
 21
206.0114285714
 31
0.0
  0
LINE
  5
34E
330
1F
100
AcDbEntity
  8
0
  6
Continuous
 62
     7
370
    25
100
AcDbLine
 10
33.1987850998
 20
206.8447619048
 30
0.0
 11
32.7461265585
 21
206.8447619048
 31
0.0
  0
LINE
  5
34F
330
1F
100
AcDbEntity
  8
0
  6
Continuous
 62
     7
370
    25
100
AcDbLine
 10
33.1987850998
 20
206.0114285714
 30
0.0
 11
33.1987850998
 21
206.8447619048
 31
0.0
  0
LINE
  5
350
330
1F
100
AcDbEntity
  8
0
  6
Continuous
 62
     7
370
    25
100
AcDbLine
 10
28.1514436411
 20
206.0114285714
 30
0.0
 11
28.1514436411
 21
206.8447619048
 31
0.0
  0
LINE
  5
351
330
1F
100
AcDbEntity
  8
0
  6
Continuous
 62
     7
370
    25
100
AcDbLine
 10
28.1514436411
 20
206.8447619048
 30
0.0
 11
32.7461265585
 21
206.8447619048
 31
0.0
  0
LINE
  5
352
330
1F
100
AcDbEntity
  8
0
  6
Continuous
 62
     7
370
    25
100
AcDbLine
 10
27.6987850998
 20
206.8447619048
 30
0.0
 11
27.6987850998
 21
206.0114285714
 31
0.0
  0
LINE
  5
353
330
1F
100
AcDbEntity
  8
0
  6
Continuous
 62
     7
370
    25
100
AcDbLine
 10
28.1514436411
 20
206.8447619048
 30
0.0
 11
27.6987850998
 21
206.8447619048
 31
0.0
  0
LINE
  5
354
330
1F
100
AcDbEntity
  8
0
  6
Continuous
 62
     7
370
    25
100
AcDbLine
 10
34.1154517665
 20
229.5447619048
 30
0.0
 11
28.6987850998
 21
229.5447619048
 31
0.0
  0
LINE
  5
355
330
1F
100
AcDbEntity
  8
0
  6
Continuous
 62
     7
370
    25
100
AcDbLine
 10
34.1154517665
 20
232.8780952381
 30
0.0
 11
28.6987850998
 21
232.8780952381
 31
0.0
  0
LINE
  5
356
330
1F
100
AcDbEntity
  8
0
  6
Continuous
 62
     7
370
    25
100
AcDbLine
 10
28.6987850998
 20
229.5447619048
 30
0.0
 11
28.6987850998
 21
232.8780952381
 31
0.0
  0
LINE
  5
357
330
1F
100
AcDbEntity
  8
0
  6
Continuous
 62
     7
370
    25
100
AcDbLine
 10
27.6154517665
 20
229.5447619048
 30
0.0
 11
27.6154517665
 21
232.8780952381
 31
0.0
  0
LINE
  5
358
330
1F
100
AcDbEntity
  8
0
  6
Continuous
 62
     7
370
    25
100
AcDbLine
 10
28.6987850998
 20
229.5447619048
 30
0.0
 11
27.6154517665
 21
229.5447619048
 31
0.0
  0
LINE
  5
359
330
1F
100
AcDbEntity
  8
0
  6
Continuous
 62
     7
370
    25
100
AcDbLine
 10
28.6987850998
 20
232.8780952381
 30
0.0
 11
27.6154517665
 21
232.8780952381
 31
0.0
  0
LINE
  5
35A
330
1F
100
AcDbEntity
  8
0
  6
Continuous
 62
     7
370
    25
100
AcDbLine
 10
87.8654517664
 20
229.5447619048
 30
0.0
 11
82.4487850998
 21
229.5447619048
 31
0.0
  0
LINE
  5
35B
330
1F
100
AcDbEntity
  8
0
  6
Continuous
 62
     7
370
    25
100
AcDbLine
 10
87.8654517664
 20
232.8780952381
 30
0.0
 11
82.4487850998
 21
232.8780952381
 31
0.0
  0
LINE
  5
35C
330
1F
100
AcDbEntity
  8
0
  6
Continuous
 62
     7
370
    25
100
AcDbLine
 10
87.8654517664
 20
229.5447619048
 30
0.0
 11
87.8654517664
 21
232.8780952381
 31
0.0
  0
LINE
  5
35D
330
1F
100
AcDbEntity
  8
0
  6
Continuous
 62
     7
370
    25
100
AcDbLine
 10
88.9487850998
 20
229.5447619048
 30
0.0
 11
88.9487850998
 21
232.8780952381
 31
0.0
  0
LINE
  5
35E
330
1F
100
AcDbEntity
  8
0
  6
Continuous
 62
     7
370
    25
100
AcDbLine
 10
88.9487850998
 20
229.5447619048
 30
0.0
 11
87.8654517664
 21
229.5447619048
 31
0.0
  0
LINE
  5
35F
330
1F
100
AcDbEntity
  8
0
  6
Continuous
 62
     7
370
    25
100
AcDbLine
 10
88.9487850998
 20
232.8780952381
 30
0.0
 11
87.8654517664
 21
232.8780952381
 31
0.0
  0
SPLINE
  5
360
330
1F
100
AcDbEntity
  8
0
  6
Continuous
 62
     7
370
    25
100
AcDbSpline
210
0.0
220
0.0
230
1.0
 70
     8
 71
     3
 72
    11
 73
     7
 74
     0
 42
0.00000001
 43
0.00000001
 40
0.0
 40
0.0
 40
0.0
 40
0.0
 40
0.2818483591011732
 40
0.5594618925107103
 40
0.7793051550732691
 40
1.0
 40
1.0
 40
1.0
 40
1.0
 10
74.0257081767463
 20
239.6836875190794
 30
0.0
 10
74.02570130931308
 20
239.6685508681058
 30
0.0
 10
74.02568767763111
 20
239.6385049972446
 30
0.0
 10
74.01030329960298
 20
239.5969163076706
 30
0.0
 10
73.97566327409083
 20
239.5751189461588
 30
0.0
 10
73.95186150171014
 20
239.5732581859189
 30
0.0
 10
73.93993761050699
 20
239.5723260073273
 30
0.0
  0
LINE
  5
361
330
1F
100
AcDbEntity
  8
0
  6
Continuous
 62
     7
370
    25
100
AcDbLine
 10
74.0257081767
 20
239.7518131868
 30
0.0
 11
74.0257081767
 21
239.6836875191
 31
0.0
  0
LINE
  5
362
330
1F
100
AcDbEntity
  8
0
  6
Continuous
 62
     7
370
    25
100
AcDbLine
 10
74.0855372366
 20
239.7518131868
 30
0.0
 11
74.0257081767
 21
239.7518131868
 31
0.0
  0
LINE
  5
363
330
1F
100
AcDbEntity
  8
0
  6
Continuous
 62
     7
370
    25
100
AcDbLine
 10
74.0855372366
 20
239.8041636142
 30
0.0
 11
74.0855372366
 21
239.7518131868
 31
0.0
  0
LINE
  5
364
330
1F
100
AcDbEntity
  8
0
  6
Continuous
 62
     7
370
    25
100
AcDbLine
 10
74.0257081767
 20
239.8041636142
 30
0.0
 11
74.0855372366
 21
239.8041636142
 31
0.0
  0
LINE
  5
365
330
1F
100
AcDbEntity
  8
0
  6
Continuous
 62
     7
370
    25
100
AcDbLine
 10
74.0257081767
 20
240.1780952381
 30
0.0
 11
74.0257081767
 21
239.8041636142
 31
0.0
  0
LINE
  5
366
330
1F
100
AcDbEntity
  8
0
  6
Continuous
 62
     7
370
    25
100
AcDbLine
 10
73.9733577494
 20
240.1780952381
 30
0.0
 11
74.0257081767
 21
240.1780952381
 31
0.0
  0
LINE
  5
367
330
1F
100
AcDbEntity
  8
0
  6
Continuous
 62
     7
370
    25
100
AcDbLine
 10
73.9731240421
 20
239.8041636142
 30
0.0
 11
73.9733577494
 21
240.1780952381
 31
0.0
  0
LINE
  5
368
330
1F
100
AcDbEntity
  8
0
  6
Continuous
 62
     7
370
    25
100
AcDbLine
 10
73.8836141597
 20
239.8041636142
 30
0.0
 11
73.9731240421
 21
239.8041636142
 31
0.0
  0
LINE
  5
369
330
1F
100
AcDbEntity
  8
0
  6
Continuous
 62
     7
370
    25
100
AcDbLine
 10
73.8836141597
 20
239.7518131868
 30
0.0
 11
73.8836141597
 21
239.8041636142
 31
0.0
  0
LINE
  5
36A
330
1F
100
AcDbEntity
  8
0
  6
Continuous
 62
     7
370
    25
100
AcDbLine
 10
73.9730071885
 20
239.7518131868
 30
0.0
 11
73.8836141597
 21
239.7518131868
 31
0.0
  0
LINE
  5
36B
330
1F
100
AcDbEntity
  8
0
  6
Continuous
 62
     7
370
    25
100
AcDbLine
 10
73.9730071885
 20
239.6926852488
 30
0.0
 11
73.9730071885
 21
239.7518131868
 31
0.0
  0
SPLINE
  5
36C
330
1F
100
AcDbEntity
  8
0
  6
Continuous
 62
     7
370
    25
100
AcDbSpline
210
0.0
220
0.0
230
1.0
 70
     8
 71
     3
 72
    11
 73
     7
 74
     0
 42
0.00000001
 43
0.00000001
 40
0.0
 40
0.0
 40
0.0
 40
0.0
 40
0.2494945815073741
 40
0.3748109098639671
 40
0.4992548459666636
 40
1.0
 40
1.0
 40
1.0
 40
1.0
 10
73.92918707631895
 20
239.6246764346777
 30
0.0
 10
73.93722431533567
 20
239.6253710742951
 30
0.0
 10
73.949298504885
 20
239.6264146180285
 30
0.0
 10
73.96297121071034
 20
239.6351412041426
 30
0.0
 10
73.97752041911646
 20
239.654843116374
 30
0.0
 10
73.97501439129266
 20
239.6758554343228
 30
0.0
 10
73.97300718849844
 20
239.6926852487803
 30
0.0
  0
SPLINE
  5
36D
330
1F
100
AcDbEntity
  8
0
  6
Continuous
 62
     7
370
    25
100
AcDbSpline
210
0.0
220
0.0
230
1.0
 70
     8
 71
     3
 72
     9
 73
     5
 74
     0
 42
0.00000001
 43
0.00000001
 40
0.0
 40
0.0
 40
0.0
 40
0.0
 40
0.5602412893438062
 40
1.0
 40
1.0
 40
1.0
 40
1.0
 10
73.87613552717364
 20
239.6377640415153
 30
0.0
 10
73.88571359788264
 20
239.6339143721063
 30
0.0
 10
73.90280992921552
 20
239.627042923175
 30
0.0
 10
73.92113046230776
 20
239.6253992529685
 30
0.0
 10
73.92918707631895
 20
239.6246764346777
 30
0.0
  0
LINE
  5
36E
330
1F
100
AcDbEntity
  8
0
  6
Continuous
 62
     7
370
    25
100
AcDbLine
 10
73.8761355272
 20
239.5833102488
 30
0.0
 11
73.8761355272
 21
239.6377640415
 31
0.0
  0
SPLINE
  5
36F
330
1F
100
AcDbEntity
  8
0
  6
Continuous
 62
     7
370
    25
100
AcDbSpline
210
0.0
220
0.0
230
1.0
 70
     8
 71
     3
 72
     9
 73
     5
 74
     0
 42
0.00000001
 43
0.00000001
 40
0.0
 40
0.0
 40
0.0
 40
0.0
 40
0.5597208339291481
 40
1.0
 40
1.0
 40
1.0
 40
1.0
 10
73.93993761050699
 20
239.5723260073273
 30
0.0
 10
73.92781939812745
 20
239.5731887168574
 30
0.0
 10
73.90616894017602
 20
239.574730037955
 30
0.0
 10
73.88531644594444
 20
239.580687362776
 30
0.0
 10
73.87613552717366
 20
239.5833102487803
 30
0.0
  0
SPLINE
  5
370
330
1F
100
AcDbEntity
  8
0
  6
Continuous
 62
     7
370
    25
100
AcDbSpline
210
0.0
220
0.0
230
1.0
 70
     8
 71
     3
 72
     9
 73
     5
 74
     0
 42
0.00000001
 43
0.00000001
 40
0.0
 40
0.0
 40
0.0
 40
0.0
 40
0.5592850765151508
 40
1.0
 40
1.0
 40
1.0
 40
1.0
 10
73.57699022802835
 20
239.9661227487803
 30
0.0
 10
73.57390306464008
 20
239.9347090273423
 30
0.0
 10
73.56838322597835
 20
239.8785413898404
 30
0.0
 10
73.53380330084728
 20
239.8343777316105
 30
0.0
 10
73.51856341178903
 20
239.8149141483529
 30
0.0
  0
SPLINE
  5
371
330
1F
100
AcDbEntity
  8
0
  6
Continuous
 62
     7
370
    25
100
AcDbSpline
210
0.0
220
0.0
230
1.0
 70
     8
 71
     3
 72
    11
 73
     7
 74
     0
 42
0.00000001
 43
0.00000001
 40
0.0
 40
0.0
 40
0.0
 40
0.0
 40
0.279775638137971
 40
0.5591787501349693
 40
0.779591646520472
 40
1.0
 40
1.0
 40
1.0
 40
1.0
 10
73.35613686264374
 20
240.1855738705752
 30
0.0
 10
73.38881145288163
 20
240.1822759883488
 30
0.0
 10
73.45411712657071
 20
240.1756846150838
 30
0.0
 10
73.5259472647771
 20
240.115140601294
 30
0.0
 10
73.56994745984686
 20
240.0427903834963
 30
0.0
 10
73.57464265476338
 20
239.9916784514401
 30
0.0
 10
73.57699022802835
 20
239.9661227487803
 30
0.0
  0
SPLINE
  5
372
330
1F
100
AcDbEntity
  8
0
  6
Continuous
 62
     7
370
    25
100
AcDbSpline
210
0.0
220
0.0
230
1.0
 70
     8
 71
     3
 72
    11
 73
     7
 74
     0
 42
0.00000001
 43
0.00000001
 40
0.0
 40
0.0
 40
0.0
 40
0.0
 40
0.2795212190096245
 40
0.5593812344206202
 40
0.7795068288935377
 40
1.0
 40
1.0
 40
1.0
 40
1.0
 10
73.13575091178903
 20
239.9661227487803
 30
0.0
 10
73.13975394784902
 20
239.9985330555526
 30
0.0
 10
73.1477648718876
 20
240.0633929523236
 30
0.0
 10
73.20654561237872
 20
240.1362053817855
 30
0.0
 10
73.27947158139827
 20
240.1797236193815
 30
0.0
 10
73.33056756032511
 20
240.1836227026021
 30
0.0
 10
73.35613686264374
 20
240.1855738705752
 30
0.0
  0
SPLINE
  5
373
330
1F
100
AcDbEntity
  8
0
  6
Continuous
 62
     7
370
    25
100
AcDbSpline
210
0.0
220
0.0
230
1.0
 70
     8
 71
     3
 72
     9
 73
     5
 74
     0
 42
0.00000001
 43
0.00000001
 40
0.0
 40
0.0
 40
0.0
 40
0.0
 40
0.5592164975841688
 40
1.0
 40
1.0
 40
1.0
 40
1.0
 10
73.19417772802836
 20
239.8145635874555
 30
0.0
 10
73.17533709361952
 20
239.8399580777179
 30
0.0
 10
73.14164596596105
 20
239.8853689165829
 30
0.0
 10
73.13755440455566
 20
239.9414174707633
 30
0.0
 10
73.13575091178903
 20
239.9661227487803
 30
0.0
  0
SPLINE
  5
374
330
1F
100
AcDbEntity
  8
0
  6
Continuous
 62
     7
370
    25
100
AcDbSpline
210
0.0
220
0.0
230
1.0
 70
     8
 71
     3
 72
     9
 73
     5
 74
     0
 42
0.00000001
 43
0.00000001
 40
0.0
 40
0.0
 40
0.0
 40
0.0
 40
0.5591815471097275
 40
1.0
 40
1.0
 40
1.0
 40
1.0
 10
73.35613686264375
 20
239.7443345543358
 30
0.0
 10
73.32154082975329
 20
239.7479454775551
 30
0.0
 10
73.25967177654636
 20
239.7544029925392
 30
0.0
 10
73.21421563431926
 20
239.7961574514688
 30
0.0
 10
73.19417772802836
 20
239.8145635874555
 30
0.0
  0
SPLINE
  5
375
330
1F
100
AcDbEntity
  8
0
  6
Continuous
 62
     7
370
    25
100
AcDbSpline
210
0.0
220
0.0
230
1.0
 70
     8
 71
     3
 72
     9
 73
     5
 74
     0
 42
0.00000001
 43
0.00000001
 40
0.0
 40
0.0
 40
0.0
 40
0.0
 40
0.5588802587660593
 40
1.0
 40
1.0
 40
1.0
 40
1.0
 10
73.51856341178903
 20
239.8149141483529
 30
0.0
 10
73.49222270326737
 20
239.7920685753224
 30
0.0
 10
73.44509148310257
 20
239.7511911732813
 30
0.0
 10
73.38336543917048
 20
239.7464333320352
 30
0.0
 10
73.35613686264375
 20
239.7443345543358
 30
0.0
  0
LINE
  5
376
330
1F
100
AcDbEntity
  8
0
  6
Continuous
 62
     7
370
    25
100
AcDbLine
 10
72.5598962109
 20
239.7518131868
 30
0.0
 11
72.4851098861
 21
239.7518131868
 31
0.0
  0
LINE
  5
377
330
1F
100
AcDbEntity
  8
0
  6
Continuous
 62
     7
370
    25
100
AcDbLine
 10
72.5598962109
 20
239.8041636142
 30
0.0
 11
72.5598962109
 21
239.7518131868
 31
0.0
  0
LINE
  5
378
330
1F
100
AcDbEntity
  8
0
  6
Continuous
 62
     7
370
    25
100
AcDbLine
 10
72.4851098861
 20
239.8041636142
 30
0.0
 11
72.5598962109
 21
239.8041636142
 31
0.0
  0
LINE
  5
379
330
1F
100
AcDbEntity
  8
0
  6
Continuous
 62
     7
370
    25
100
AcDbLine
 10
72.4851098861
 20
240.1780952381
 30
0.0
 11
72.4851098861
 21
239.8041636142
 31
0.0
  0
LINE
  5
37A
330
1F
100
AcDbEntity
  8
0
  6
Continuous
 62
     7
370
    25
100
AcDbLine
 10
72.4327594588
 20
240.1780952381
 30
0.0
 11
72.4851098861
 21
240.1780952381
 31
0.0
  0
LINE
  5
37B
330
1F
100
AcDbEntity
  8
0
  6
Continuous
 62
     7
370
    25
100
AcDbLine
 10
72.4327594588
 20
239.8041636142
 30
0.0
 11
72.4327594588
 21
240.1780952381
 31
0.0
  0
LINE
  5
37C
330
1F
100
AcDbEntity
  8
0
  6
Continuous
 62
     7
370
    25
100
AcDbLine
 10
72.357973134
 20
239.8041636142
 30
0.0
 11
72.4327594588
 21
239.8041636142
 31
0.0
  0
LINE
  5
37D
330
1F
100
AcDbEntity
  8
0
  6
Continuous
 62
     7
370
    25
100
AcDbLine
 10
72.357973134
 20
239.7518131868
 30
0.0
 11
72.357973134
 21
239.8041636142
 31
0.0
  0
LINE
  5
37E
330
1F
100
AcDbEntity
  8
0
  6
Continuous
 62
     7
370
    25
100
AcDbLine
 10
72.4327594588
 20
239.7518131868
 30
0.0
 11
72.357973134
 21
239.7518131868
 31
0.0
  0
LINE
  5
37F
330
1F
100
AcDbEntity
  8
0
  6
Continuous
 62
     7
370
    25
100
AcDbLine
 10
72.4327594588
 20
239.5798046398
 30
0.0
 11
72.4327594588
 21
239.7518131868
 31
0.0
  0
LINE
  5
380
330
1F
100
AcDbEntity
  8
0
  6
Continuous
 62
     7
370
    25
100
AcDbLine
 10
72.4851098861
 20
239.5798046398
 30
0.0
 11
72.4327594588
 21
239.5798046398
 31
0.0
  0
LINE
  5
381
330
1F
100
AcDbEntity
  8
0
  6
Continuous
 62
     7
370
    25
100
AcDbLine
 10
72.4851098861
 20
239.7518131868
 30
0.0
 11
72.4851098861
 21
239.5798046398
 31
0.0
  0
LINE
  5
382
330
1F
100
AcDbEntity
  8
0
  6
Continuous
 62
     7
370
    25
100
AcDbLine
 10
82.4487850998
 20
231.8447619048
 30
0.0
 11
65.7821184332
 21
231.8447619048
 31
0.0
  0
LINE
  5
383
330
1F
100
AcDbEntity
  8
0
  6
Continuous
 62
     7
370
    25
100
AcDbLine
 10
65.7821184332
 20
248.5114285714
 30
0.0
 11
82.4487850998
 21
248.5114285714
 31
0.0
  0
LINE
  5
384
330
1F
100
AcDbEntity
  8
0
  6
Continuous
 62
     7
370
    25
100
AcDbLine
 10
72.9786996297
 20
240.1780952381
 30
0.0
 11
73.0310500571
 21
240.1780952381
 31
0.0
  0
LINE
  5
385
330
1F
100
AcDbEntity
  8
0
  6
Continuous
 62
     7
370
    25
100
AcDbLine
 10
72.9786996297
 20
240.0239652969
 30
0.0
 11
72.9786996297
 21
240.1780952381
 31
0.0
  0
SPLINE
  5
386
330
1F
100
AcDbEntity
  8
0
  6
Continuous
 62
     7
370
    25
100
AcDbSpline
210
0.0
220
0.0
230
1.0
 70
     8
 71
     3
 72
     9
 73
     5
 74
     0
 42
0.00000001
 43
0.00000001
 40
0.0
 40
0.0
 40
0.0
 40
0.0
 40
0.5596575716580792
 40
0.9999999999999999
 40
0.9999999999999999
 40
0.9999999999999999
 40
0.9999999999999999
 10
72.97063672909674
 20
239.9095655906606
 30
0.0
 10
72.97355386092646
 20
239.9308153400461
 30
0.0
 10
72.97876621215235
 20
239.968784538466
 30
0.0
 10
72.97871998535705
 20
240.0070953993456
 30
0.0
 10
72.97869962973776
 20
240.0239652968572
 30
0.0
  0
SPLINE
  5
387
330
1F
100
AcDbEntity
  8
0
  6
Continuous
 62
     7
370
    25
100
AcDbSpline
210
0.0
220
0.0
230
1.0
 70
     8
 71
     3
 72
    11
 73
     7
 74
     0
 42
0.00000001
 43
0.00000001
 40
0.0
 40
0.0
 40
0.0
 40
0.0
 40
0.2795525166743227
 40
0.559372985134389
 40
0.7797025609570686
 40
1.0
 40
1.0
 40
1.0
 40
1.0
 10
72.82562137119075
 20
239.7966849816863
 30
0.0
 10
72.84410100659355
 20
239.7986114046684
 30
0.0
 10
72.88107799017587
 20
239.802466097114
 30
0.0
 10
72.92443766252867
 20
239.8324212161834
 30
0.0
 10
72.95597955485411
 20
239.868421230019
 30
0.0
 10
72.9657512419126
 20
239.8958514706476
 30
0.0
 10
72.97063672909675
 20
239.9095655906606
 30
0.0
  0
SPLINE
  5
388
330
1F
100
AcDbEntity
  8
0
  6
Continuous
 62
     7
370
    25
100
AcDbSpline
210
0.0
220
0.0
230
1.0
 70
     8
 71
     3
 72
    10
 73
     6
 74
     0
 42
0.00000001
 43
0.00000001
 40
0.0
 40
0.0
 40
0.0
 40
0.0
 40
0.2811922632050926
 40
0.5613306654452397
 40
1.0
 40
1.0
 40
1.0
 40
1.0
 10
72.71566210302835
 20
239.8805858898059
 30
0.0
 10
72.71984462027656
 20
239.8670189269841
 30
0.0
 10
72.72819397940691
 20
239.8399358480188
 30
0.0
 10
72.7660992977251
 20
239.8026207580641
 30
0.0
 10
72.80306324973436
 20
239.7989345667003
 30
0.0
 10
72.82562137119075
 20
239.7966849816863
 30
0.0
  0
SPLINE
  5
389
330
1F
100
AcDbEntity
  8
0
  6
Continuous
 62
     7
370
    25
100
AcDbSpline
210
0.0
220
0.0
230
1.0
 70
     8
 71
     3
 72
     9
 73
     5
 74
     0
 42
0.00000001
 43
0.00000001
 40
0.0
 40
0.0
 40
0.0
 40
0.0
 40
0.5602545479400364
 40
0.9999999999999999
 40
0.9999999999999999
 40
0.9999999999999999
 40
0.9999999999999999
 10
72.70946886050699
 20
239.9775744047632
 30
0.0
 10
72.70935599615851
 20
239.9593731071841
 30
0.0
 10
72.70915454424903
 20
239.9268855572911
 30
0.0
 10
72.7136744812768
 20
239.894727325835
 30
0.0
 10
72.71566210302835
 20
239.8805858898059
 30
0.0
  0
LINE
  5
38A
330
1F
100
AcDbEntity
  8
0
  6
Continuous
 62
     7
370
    25
100
AcDbLine
 10
72.7094688605
 20
240.1780952381
 30
0.0
 11
72.7094688605
 21
239.9775744048
 31
0.0
  0
LINE
  5
38B
330
1F
100
AcDbEntity
  8
0
  6
Continuous
 62
     7
370
    25
100
AcDbLine
 10
72.6571184332
 20
240.1780952381
 30
0.0
 11
72.7094688605
 21
240.1780952381
 31
0.0
  0
LINE
  5
38C
330
1F
100
AcDbEntity
  8
0
  6
Continuous
 62
     7
370
    25
100
AcDbLine
 10
72.6571184332
 20
239.9603969208
 30
0.0
 11
72.6571184332
 21
240.1780952381
 31
0.0
  0
SPLINE
  5
38D
330
1F
100
AcDbEntity
  8
0
  6
Continuous
 62
     7
370
    25
100
AcDbSpline
210
0.0
220
0.0
230
1.0
 70
     8
 71
     3
 72
    11
 73
     7
 74
     0
 42
0.00000001
 43
0.00000001
 40
0.0
 40
0.0
 40
0.0
 40
0.0
 40
0.1870208022165948
 40
0.3738904523117974
 40
0.5606099218830614
 40
1.0
 40
1.0
 40
1.0
 40
1.0
 10
72.81650678785742
 20
239.7443345543358
 30
0.0
 10
72.79739092995355
 20
239.7460048156292
 30
0.0
 10
72.7591746637773
 20
239.7493439882938
 30
0.0
 10
72.70900940714785
 20
239.7800579201859
 30
0.0
 10
72.65810543330397
 20
239.8481770406574
 30
0.0
 10
72.65752545166823
 20
239.9141197558767
 30
0.0
 10
72.65711843315657
 20
239.9603969207888
 30
0.0
  0
SPLINE
  5
38E
330
1F
100
AcDbEntity
  8
0
  6
Continuous
 62
     7
370
    25
100
AcDbSpline
210
0.0
220
0.0
230
1.0
 70
     8
 71
     3
 72
     9
 73
     5
 74
     0
 42
0.00000001
 43
0.00000001
 40
0.0
 40
0.0
 40
0.0
 40
0.0
 40
0.559140597920005
 40
1.0
 40
1.0
 40
1.0
 40
1.0
 10
72.97869962973776
 20
239.8287028769854
 30
0.0
 10
72.95382446012665
 20
239.8018937609035
 30
0.0
 10
72.90933624069913
 20
239.7539467576244
 30
0.0
 10
72.84490979304734
 20
239.7472755978466
 30
0.0
 10
72.81650678785742
 20
239.7443345543358
 30
0.0
  0
LINE
  5
38F
330
1F
100
AcDbEntity
  8
0
  6
Continuous
 62
     7
370
    25
100
AcDbLine
 10
72.9786996297
 20
239.7518131868
 30
0.0
 11
72.9786996297
 21
239.828702877
 31
0.0
  0
LINE
  5
390
330
1F
100
AcDbEntity
  8
0
  6
Continuous
 62
     7
370
    25
100
AcDbLine
 10
73.0310500571
 20
239.7518131868
 30
0.0
 11
72.9786996297
 21
239.7518131868
 31
0.0
  0
LINE
  5
391
330
1F
100
AcDbEntity
  8
0
  6
Continuous
 62
     7
370
    25
100
AcDbLine
 10
73.0310500571
 20
240.1780952381
 30
0.0
 11
73.0310500571
 21
239.7518131868
 31
0.0
  0
LINE
  5
392
330
1F
100
AcDbEntity
  8
0
  6
Continuous
 62
     7
370
    25
100
AcDbLine
 10
73.76395604
 20
240.1780952381
 30
0.0
 11
73.8163064673
 21
240.1780952381
 31
0.0
  0
LINE
  5
393
330
1F
100
AcDbEntity
  8
0
  6
Continuous
 62
     7
370
    25
100
AcDbLine
 10
73.76395604
 20
240.0348326847
 30
0.0
 11
73.76395604
 21
240.1780952381
 31
0.0
  0
SPLINE
  5
394
330
1F
100
AcDbEntity
  8
0
  6
Continuous
 62
     7
370
    25
100
AcDbSpline
210
0.0
220
0.0
230
1.0
 70
     8
 71
     3
 72
     9
 73
     5
 74
     0
 42
0.00000001
 43
0.00000001
 40
0.0
 40
0.0
 40
0.0
 40
0.0
 40
0.5596360420325427
 40
1.0
 40
1.0
 40
1.0
 40
1.0
 10
73.75460774939587
 20
239.8885319368145
 30
0.0
 10
73.75805471833581
 20
239.915723667969
 30
0.0
 10
73.76421402310007
 20
239.9643119094548
 30
0.0
 10
73.76403491343513
 20
240.0132722953578
 30
0.0
 10
73.76395603999417
 20
240.0348326846777
 30
0.0
  0
SPLINE
  5
395
330
1F
100
AcDbEntity
  8
0
  6
Continuous
 62
     7
370
    25
100
AcDbSpline
210
0.0
220
0.0
230
1.0
 70
     8
 71
     3
 72
    10
 73
     6
 74
     0
 42
0.00000001
 43
0.00000001
 40
0.0
 40
0.0
 40
0.0
 40
0.0
 40
0.2783358042949878
 40
0.5587680788558439
 40
0.9999999999999999
 40
0.9999999999999999
 40
0.9999999999999999
 40
0.9999999999999999
 10
73.66988886584886
 20
239.7966849816863
 30
0.0
 10
73.68221562999399
 20
239.7993667535938
 30
0.0
 10
73.7069620054642
 20
239.8047504969485
 30
0.0
 10
73.73871234433159
 20
239.8390862124564
 30
0.0
 10
73.74857663448176
 20
239.8697709902133
 30
0.0
 10
73.75460774939587
 20
239.8885319368145
 30
0.0
  0
SPLINE
  5
396
330
1F
100
AcDbEntity
  8
0
  6
Continuous
 62
     7
370
    25
100
AcDbSpline
210
0.0
220
0.0
230
1.0
 70
     8
 71
     3
 72
     9
 73
     5
 74
     0
 42
0.00000001
 43
0.00000001
 40
0.0
 40
0.0
 40
0.0
 40
0.0
 40
0.5603956879101161
 40
1.0
 40
1.0
 40
1.0
 40
1.0
 10
73.64312938401126
 20
239.8042804677973
 30
0.0
 10
73.64791221472265
 20
239.802060659614
 30
0.0
 10
73.65644695332713
 20
239.7980995153168
 30
0.0
 10
73.6657841805144
 20
239.7971169302976
 30
0.0
 10
73.66988886584886
 20
239.7966849816863
 30
0.0
  0
LINE
  5
397
330
1F
100
AcDbEntity
  8
0
  6
Continuous
 62
     7
370
    25
100
AcDbLine
 10
73.6143833904
 20
239.7589412584
 30
0.0
 11
73.643129384
 21
239.8042804678
 31
0.0
  0
SPLINE
  5
398
330
1F
100
AcDbEntity
  8
0
  6
Continuous
 62
     7
370
    25
100
AcDbSpline
210
0.0
220
0.0
230
1.0
 70
     8
 71
     3
 72
     9
 73
     5
 74
     0
 42
0.00000001
 43
0.00000001
 40
0.0
 40
0.0
 40
0.0
 40
0.0
 40
0.5592431007362946
 40
1.0
 40
1.0
 40
1.0
 40
1.0
 10
73.65995630708818
 20
239.7443345543358
 30
0.0
 10
73.65090509750337
 20
239.7454143430809
 30
0.0
 10
73.6347203478428
 20
239.7473451469543
 30
0.0
 10
73.62060488018015
 20
239.7553937715677
 30
0.0
 10
73.61438339042154
 20
239.7589412583957
 30
0.0
  0
SPLINE
  5
399
330
1F
100
AcDbEntity
  8
0
  6
Continuous
 62
     7
370
    25
100
AcDbSpline
210
0.0
220
0.0
230
1.0
 70
     8
 71
     3
 72
    10
 73
     6
 74
     0
 42
0.00000001
 43
0.00000001
 40
0.0
 40
0.0
 40
0.0
 40
0.0
 40
0.5587877107919313
 40
0.7794811133762299
 40
1.0
 40
1.0
 40
1.0
 40
1.0
 10
73.76395603999417
 20
239.8145635874555
 30
0.0
 10
73.74931100337922
 20
239.7945424684214
 30
0.0
 10
73.7288819044109
 20
239.7666140013947
 30
0.0
 10
73.6888158826052
 20
239.7469258945173
 30
0.0
 10
73.6695736285835
 20
239.7451981065947
 30
0.0
 10
73.65995630708818
 20
239.7443345543358
 30
0.0
  0
LINE
  5
39A
330
1F
100
AcDbEntity
  8
0
  6
Continuous
 62
     7
370
    25
100
AcDbLine
 10
73.76395604
 20
239.7518131868
 30
0.0
 11
73.76395604
 21
239.8145635875
 31
0.0
  0
LINE
  5
39B
330
1F
100
AcDbEntity
  8
0
  6
Continuous
 62
     7
370
    25
100
AcDbLine
 10
73.8163064673
 20
239.7518131868
 30
0.0
 11
73.76395604
 21
239.7518131868
 31
0.0
  0
LINE
  5
39C
330
1F
100
AcDbEntity
  8
0
  6
Continuous
 62
     7
370
    25
100
AcDbLine
 10
73.8163064673
 20
240.1780952381
 30
0.0
 11
73.8163064673
 21
239.7518131868
 31
0.0
  0
CIRCLE
  5
39D
330
1F
100
AcDbEntity
  8
0
  6
Continuous
 62
     7
370
    25
100
AcDbCircle
 10
71.6154517665
 20
241.1780952381
 30
0.0
 40
0.3499999999999943
  0
CIRCLE
  5
39E
330
1F
100
AcDbEntity
  8
0
  6
Continuous
 62
     7
370
    25
100
AcDbCircle
 10
76.6154517665
 20
241.1780952381
 30
0.0
 40
0.3499999999999943
  0
CIRCLE
  5
39F
330
1F
100
AcDbEntity
  8
0
  6
Continuous
 62
     7
370
    25
100
AcDbCircle
 10
71.6154517665
 20
244.5114285714
 30
0.0
 40
0.3499999999999943
  0
CIRCLE
  5
3A0
330
1F
100
AcDbEntity
  8
0
  6
Continuous
 62
     7
370
    25
100
AcDbCircle
 10
76.6154517665
 20
244.5114285714
 30
0.0
 40
0.3499999999999943
  0
LINE
  5
3A1
330
1F
100
AcDbEntity
  8
0
  6
Continuous
 62
     7
370
    25
100
AcDbLine
 10
65.7821184332
 20
231.8447619048
 30
0.0
 11
65.7821184332
 21
248.5114285714
 31
0.0
  0
LINE
  5
3A2
330
1F
100
AcDbEntity
  8
0
  6
Continuous
 62
     7
370
    25
100
AcDbLine
 10
82.4487850998
 20
248.5114285714
 30
0.0
 11
82.4487850998
 21
231.8447619048
 31
0.0
  0
SPLINE
  5
3A3
330
1F
100
AcDbEntity
  8
0
  6
Continuous
 62
     7
370
    25
100
AcDbSpline
210
0.0
220
0.0
230
1.0
 70
     8
 71
     3
 72
    11
 73
     7
 74
     0
 42
0.00000001
 43
0.00000001
 40
0.0
 40
0.0
 40
0.0
 40
0.0
 40
0.2797454251698295
 40
0.5591127150244045
 40
0.7796058487770651
 40
1.0
 40
1.0
 40
1.0
 40
1.0
 10
73.3563705699087
 20
240.1332234432247
 30
0.0
 10
73.33165437251756
 20
240.1304082815474
 30
0.0
 10
73.28225538692182
 20
240.1247817634813
 30
0.0
 10
73.22637833530308
 20
240.0803120505402
 30
0.0
 10
73.19377650314662
 20
240.0246355044546
 30
0.0
 10
73.18999277731683
 20
239.9858578059745
 30
0.0
 10
73.18810133913948
 20
239.9664733096777
 30
0.0
  0
SPLINE
  5
3A4
330
1F
100
AcDbEntity
  8
0
  6
Continuous
 62
     7
370
    25
100
AcDbSpline
210
0.0
220
0.0
230
1.0
 70
     8
 71
     3
 72
    11
 73
     7
 74
     0
 42
0.00000001
 43
0.00000001
 40
0.0
 40
0.0
 40
0.0
 40
0.0
 40
0.2796181048413448
 40
0.5591671821896997
 40
0.7795122911402558
 40
1.0
 40
1.0
 40
1.0
 40
1.0
 10
73.52463980067793
 20
239.9664733096777
 30
0.0
 10
73.52152564523598
 20
239.9911168365358
 30
0.0
 10
73.51529810312329
 20
240.0403978066657
 30
0.0
 10
73.47077955131341
 20
240.0962629286919
 30
0.0
 10
73.41454826093599
 20
240.1280121636691
 30
0.0
 10
73.37576731518433
 20
240.1314859754718
 30
0.0
 10
73.3563705699087
 20
240.1332234432247
 30
0.0
  0
SPLINE
  5
3A5
330
1F
100
AcDbEntity
  8
0
  6
Continuous
 62
     7
370
    25
100
AcDbSpline
210
0.0
220
0.0
230
1.0
 70
     8
 71
     3
 72
    11
 73
     7
 74
     0
 42
0.00000001
 43
0.00000001
 40
0.0
 40
0.0
 40
0.0
 40
0.0
 40
0.2794841610042991
 40
0.5592560945586723
 40
0.7795472410484148
 40
0.9999999999999999
 40
0.9999999999999999
 40
0.9999999999999999
 40
0.9999999999999999
 10
73.35637056990869
 20
239.7966849816863
 30
0.0
 10
73.38127892010591
 20
239.799725996053
 30
0.0
 10
73.43112126753317
 20
239.8058111559854
 30
0.0
 10
73.48568591019873
 20
239.8523642520647
 30
0.0
 10
73.51957426373247
 20
239.9077153284977
 30
0.0
 10
73.52295087564951
 20
239.9468825286603
 30
0.0
 10
73.52463980067793
 20
239.9664733096777
 30
0.0
  0
SPLINE
  5
3A6
330
1F
100
AcDbEntity
  8
0
  6
Continuous
 62
     7
370
    25
100
AcDbSpline
210
0.0
220
0.0
230
1.0
 70
     8
 71
     3
 72
    11
 73
     7
 74
     0
 42
0.00000001
 43
0.00000001
 40
0.0
 40
0.0
 40
0.0
 40
0.0
 40
0.2795862054458392
 40
0.5593981391285061
 40
0.7796525900078323
 40
1.0
 40
1.0
 40
1.0
 40
1.0
 10
73.18810133913948
 20
239.9664733096777
 30
0.0
 10
73.19096875787749
 20
239.9415378906261
 30
0.0
 10
73.19670591040828
 20
239.8916469205276
 30
0.0
 10
73.24278075951835
 20
239.8367705101567
 30
0.0
 10
73.29763697118145
 20
239.8020642889549
 30
0.0
 10
73.33678995014017
 20
239.7984783362998
 30
0.0
 10
73.35637056990869
 20
239.7966849816863
 30
0.0
  0
LINE
  5
3A7
330
1F
100
AcDbEntity
  8
0
  6
Continuous
 62
     7
370
    25
100
AcDbLine
 10
45.7821184332
 20
248.5114285714
 30
0.0
 11
44.5571184332
 21
248.5114285714
 31
0.0
  0
LINE
  5
3A8
330
1F
100
AcDbEntity
  8
0
  6
Continuous
 62
     7
370
    25
100
AcDbLine
 10
45.7821184332
 20
231.8447619048
 30
0.0
 11
45.7821184332
 21
248.5114285714
 31
0.0
  0
LINE
  5
3A9
330
1F
100
AcDbEntity
  8
0
  6
Continuous
 62
     7
370
    25
100
AcDbLine
 10
45.7821184332
 20
231.8447619048
 30
0.0
 11
44.5571184332
 21
231.8447619048
 31
0.0
  0
LINE
  5
3AA
330
1F
100
AcDbEntity
  8
0
  6
Continuous
 62
     7
370
    25
100
AcDbLine
 10
44.5571184332
 20
233.3889540843
 30
0.0
 11
44.5571184332
 21
231.8447619048
 31
0.0
  0
ARC
  5
3AB
330
1F
100
AcDbEntity
  8
0
  6
Continuous
 62
     7
370
    25
100
AcDbCircle
 10
44.1154517665
 20
233.5114285714
 30
0.0
 40
0.4583333333333339
100
AcDbArc
 50
344.5012672434
 51
15.4987327566
  0
LINE
  5
3AC
330
1F
100
AcDbEntity
  8
0
  6
Continuous
 62
     7
370
    25
100
AcDbLine
 10
44.5571184332
 20
239.3889540843
 30
0.0
 11
44.5571184332
 21
233.6339030586
 31
0.0
  0
ARC
  5
3AD
330
1F
100
AcDbEntity
  8
0
  6
Continuous
 62
     7
370
    25
100
AcDbCircle
 10
44.1154517665
 20
239.5114285714
 30
0.0
 40
0.4583333333333339
100
AcDbArc
 50
344.5012672434
 51
15.4987327566
  0
LINE
  5
3AE
330
1F
100
AcDbEntity
  8
0
  6
Continuous
 62
     7
370
    25
100
AcDbLine
 10
44.5571184332
 20
246.7222874176
 30
0.0
 11
44.5571184332
 21
239.6339030586
 31
0.0
  0
ARC
  5
3AF
330
1F
100
AcDbEntity
  8
0
  6
Continuous
 62
     7
370
    25
100
AcDbCircle
 10
44.1154517665
 20
246.8447619048
 30
0.0
 40
0.4583333333333339
100
AcDbArc
 50
344.5012672434
 51
15.4987327566
  0
LINE
  5
3B0
330
1F
100
AcDbEntity
  8
0
  6
Continuous
 62
     7
370
    25
100
AcDbLine
 10
44.5571184332
 20
248.5114285714
 30
0.0
 11
44.5571184332
 21
246.9672363919
 31
0.0
  0
ARC
  5
3B1
330
1F
100
AcDbEntity
  8
0
  6
Continuous
 62
     7
370
    25
100
AcDbCircle
 10
44.1154517665
 20
239.5114285714
 30
0.0
 40
0.4583333333333394
100
AcDbArc
 50
164.5012672434
 51
195.4987327566
  0
LINE
  5
3B2
330
1F
100
AcDbEntity
  8
0
  6
Continuous
 62
     7
370
    25
100
AcDbLine
 10
43.6737850998
 20
239.3889540843
 30
0.0
 11
43.6737850998
 21
233.6339030586
 31
0.0
  0
ARC
  5
3B3
330
1F
100
AcDbEntity
  8
0
  6
Continuous
 62
     7
370
    25
100
AcDbCircle
 10
44.1154517665
 20
233.5114285714
 30
0.0
 40
0.4583333333333318
100
AcDbArc
 50
164.5012672434
 51
195.4987327566
  0
LINE
  5
3B4
330
1F
100
AcDbEntity
  8
0
  6
Continuous
 62
     7
370
    25
100
AcDbLine
 10
43.6737850998
 20
233.3889540843
 30
0.0
 11
43.6737850998
 21
231.8447619048
 31
0.0
  0
LINE
  5
3B5
330
1F
100
AcDbEntity
  8
0
  6
Continuous
 62
     7
370
    25
100
AcDbLine
 10
43.6737850998
 20
231.8447619048
 30
0.0
 11
42.4487850998
 21
231.8447619048
 31
0.0
  0
LINE
  5
3B6
330
1F
100
AcDbEntity
  8
0
  6
Continuous
 62
     7
370
    25
100
AcDbLine
 10
42.4487850998
 20
231.8447619048
 30
0.0
 11
42.4487850998
 21
248.5114285714
 31
0.0
  0
LINE
  5
3B7
330
1F
100
AcDbEntity
  8
0
  6
Continuous
 62
     7
370
    25
100
AcDbLine
 10
43.6737850998
 20
248.5114285714
 30
0.0
 11
42.4487850998
 21
248.5114285714
 31
0.0
  0
LINE
  5
3B8
330
1F
100
AcDbEntity
  8
0
  6
Continuous
 62
     7
370
    25
100
AcDbLine
 10
43.6737850998
 20
248.5114285714
 30
0.0
 11
43.6737850998
 21
246.9672363919
 31
0.0
  0
ARC
  5
3B9
330
1F
100
AcDbEntity
  8
0
  6
Continuous
 62
     7
370
    25
100
AcDbCircle
 10
44.1154517665
 20
246.8447619048
 30
0.0
 40
0.4583333333333394
100
AcDbArc
 50
164.5012672434
 51
195.4987327566
  0
LINE
  5
3BA
330
1F
100
AcDbEntity
  8
0
  6
Continuous
 62
     7
370
    25
100
AcDbLine
 10
43.6737850998
 20
246.7222874176
 30
0.0
 11
43.6737850998
 21
239.6339030586
 31
0.0
  0
SPLINE
  5
3BB
330
1F
100
AcDbEntity
  8
0
  6
Continuous
 62
     7
370
    25
100
AcDbSpline
210
0.0
220
0.0
230
1.0
 70
     8
 71
     3
 72
    11
 73
     7
 74
     0
 42
0.00000001
 43
0.00000001
 40
0.0
 40
0.0
 40
0.0
 40
0.0
 40
0.2442719337938685
 40
0.4882362718847885
 40
0.7402910501357525
 40
1.0
 40
1.0
 40
1.0
 40
1.0
 10
44.11545176648971
 20
239.0530952380965
 30
0.0
 10
44.06548976907328
 20
239.0578566879367
 30
0.0
 10
43.96562868812283
 20
239.067373591834
 30
0.0
 10
43.83260546502921
 20
239.1416374642432
 30
0.0
 10
43.72419474088964
 20
239.2519518929699
 30
0.0
 10
43.6887916364707
 20
239.3502788254475
 30
0.0
 10
43.67082533177685
 20
239.4001776028994
 30
0.0
  0
SPLINE
  5
3BC
330
1F
100
AcDbEntity
  8
0
  6
Continuous
 62
     7
370
    25
100
AcDbSpline
210
0.0
220
0.0
230
1.0
 70
     8
 71
     3
 72
    16
 73
    12
 74
     0
 42
0.00000001
 43
0.00000001
 40
0.0
 40
0.0
 40
0.0
 40
0.0
 40
0.0385919635538849
 40
0.1654638952601573
 40
0.2993957187880709
 40
0.4347412723997973
 40
0.5638745375365488
 40
0.6890335949756083
 40
0.8176409129541224
 40
0.9524588126607739
 40
1.0
 40
1.0
 40
1.0
 40
1.0
 10
43.68352214027753
 20
239.6493599248409
 30
0.0
 10
43.68673821861421
 20
239.6640172381349
 30
0.0
 10
43.70052722544477
 20
239.7268607922932
 30
0.0
 10
43.770727675995
 20
239.8228225400912
 30
0.0
 10
43.88828596863955
 20
239.9202649591155
 30
0.0
 10
44.03736836235095
 20
239.9719444349631
 30
0.0
 10
44.1915044289606
 20
239.9715916629865
 30
0.0
 10
44.33474863140201
 20
239.923320798769
 30
0.0
 10
44.45274027032507
 20
239.8312776457994
 30
0.0
 10
44.5284374785728
 20
239.7331543101713
 30
0.0
 10
44.54338009449037
 20
239.6637480422405
 30
0.0
 10
44.54727564866418
 20
239.645653762215
 30
0.0
  0
SPLINE
  5
3BD
330
1F
100
AcDbEntity
  8
0
  6
Continuous
 62
     7
370
    25
100
AcDbSpline
210
0.0
220
0.0
230
1.0
 70
     8
 71
     3
 72
    11
 73
     7
 74
     0
 42
0.00000001
 43
0.00000001
 40
0.0
 40
0.0
 40
0.0
 40
0.0
 40
0.2381008803754412
 40
0.4871835665831036
 40
0.7467299225727853
 40
1.0
 40
1.0
 40
1.0
 40
1.0
 10
44.56002170646786
 20
239.3999520586019
 30
0.0
 10
44.5439250313929
 20
239.3541594991604
 30
0.0
 10
44.51098926248358
 20
239.2604623133435
 30
0.0
 10
44.40752502410836
 20
239.1483757412766
 30
0.0
 10
44.27211656089915
 20
239.0686093965995
 30
0.0
 10
44.1672455313564
 20
239.0582242569079
 30
0.0
 10
44.11545176648972
 20
239.0530952380965
 30
0.0
  0
SPLINE
  5
3BE
330
1F
100
AcDbEntity
  8
0
  6
Continuous
 62
     7
370
    25
100
AcDbSpline
210
0.0
220
0.0
230
1.0
 70
     8
 71
     3
 72
    11
 73
     7
 74
     0
 42
0.00000001
 43
0.00000001
 40
0.0
 40
0.0
 40
0.0
 40
0.0
 40
0.244271933793868
 40
0.4882362718847808
 40
0.7402910501357494
 40
0.9999999999999999
 40
0.9999999999999999
 40
0.9999999999999999
 40
0.9999999999999999
 10
44.11545176648972
 20
233.0530952380965
 30
0.0
 10
44.06548976907329
 20
233.0578566879367
 30
0.0
 10
43.96562868812282
 20
233.067373591834
 30
0.0
 10
43.83260546502921
 20
233.1416374642432
 30
0.0
 10
43.72419474088964
 20
233.2519518929699
 30
0.0
 10
43.68879163647071
 20
233.3502788254475
 30
0.0
 10
43.67082533177685
 20
233.4001776028994
 30
0.0
  0
SPLINE
  5
3BF
330
1F
100
AcDbEntity
  8
0
  6
Continuous
 62
     7
370
    25
100
AcDbSpline
210
0.0
220
0.0
230
1.0
 70
     8
 71
     3
 72
    16
 73
    12
 74
     0
 42
0.00000001
 43
0.00000001
 40
0.0
 40
0.0
 40
0.0
 40
0.0
 40
0.0385919635538848
 40
0.1654638952601567
 40
0.2993957187880669
 40
0.4347412723997965
 40
0.5638745375365476
 40
0.6890335949756075
 40
0.817640912954121
 40
0.9524588126607721
 40
1.0
 40
1.0
 40
1.0
 40
1.0
 10
43.68352214027754
 20
233.6493599248409
 30
0.0
 10
43.68673821861421
 20
233.6640172381349
 30
0.0
 10
43.70052722544477
 20
233.7268607922932
 30
0.0
 10
43.770727675995
 20
233.8228225400912
 30
0.0
 10
43.88828596863955
 20
233.9202649591155
 30
0.0
 10
44.03736836235095
 20
233.9719444349631
 30
0.0
 10
44.1915044289606
 20
233.9715916629865
 30
0.0
 10
44.33474863140199
 20
233.9233207987691
 30
0.0
 10
44.45274027032507
 20
233.8312776457994
 30
0.0
 10
44.5284374785728
 20
233.7331543101713
 30
0.0
 10
44.54338009449037
 20
233.6637480422405
 30
0.0
 10
44.54727564866418
 20
233.645653762215
 30
0.0
  0
SPLINE
  5
3C0
330
1F
100
AcDbEntity
  8
0
  6
Continuous
 62
     7
370
    25
100
AcDbSpline
210
0.0
220
0.0
230
1.0
 70
     8
 71
     3
 72
    11
 73
     7
 74
     0
 42
0.00000001
 43
0.00000001
 40
0.0
 40
0.0
 40
0.0
 40
0.0
 40
0.2381008803754315
 40
0.4871835665831045
 40
0.7467299225727844
 40
1.0
 40
1.0
 40
1.0
 40
1.0
 10
44.56002170646786
 20
233.3999520586019
 30
0.0
 10
44.5439250313929
 20
233.3541594991603
 30
0.0
 10
44.51098926248359
 20
233.2604623133435
 30
0.0
 10
44.40752502410835
 20
233.1483757412766
 30
0.0
 10
44.27211656089915
 20
233.0686093965995
 30
0.0
 10
44.1672455313564
 20
233.0582242569079
 30
0.0
 10
44.11545176648972
 20
233.0530952380965
 30
0.0
  0
SPLINE
  5
3C1
330
1F
100
AcDbEntity
  8
0
  6
Continuous
 62
     7
370
    25
100
AcDbSpline
210
0.0
220
0.0
230
1.0
 70
     8
 71
     3
 72
    11
 73
     7
 74
     0
 42
0.00000001
 43
0.00000001
 40
0.0
 40
0.0
 40
0.0
 40
0.0
 40
0.2442719337938674
 40
0.4882362718847809
 40
0.7402910501357557
 40
1.0
 40
1.0
 40
1.0
 40
1.0
 10
44.11545176648971
 20
246.3864285714299
 30
0.0
 10
44.06548976907328
 20
246.39119002127
 30
0.0
 10
43.96562868812281
 20
246.4007069251674
 30
0.0
 10
43.83260546502922
 20
246.4749707975766
 30
0.0
 10
43.72419474088964
 20
246.5852852263032
 30
0.0
 10
43.6887916364707
 20
246.6836121587808
 30
0.0
 10
43.67082533177685
 20
246.7335109362327
 30
0.0
  0
SPLINE
  5
3C2
330
1F
100
AcDbEntity
  8
0
  6
Continuous
 62
     7
370
    25
100
AcDbSpline
210
0.0
220
0.0
230
1.0
 70
     8
 71
     3
 72
    16
 73
    12
 74
     0
 42
0.00000001
 43
0.00000001
 40
0.0
 40
0.0
 40
0.0
 40
0.0
 40
0.0385919635538868
 40
0.1654638952601591
 40
0.2993957187880728
 40
0.4347412723997991
 40
0.5638745375365506
 40
0.6890335949756095
 40
0.8176409129541259
 40
0.9524588126607739
 40
1.0
 40
1.0
 40
1.0
 40
1.0
 10
43.68352214027754
 20
246.9826932581742
 30
0.0
 10
43.68673821861422
 20
246.9973505714682
 30
0.0
 10
43.70052722544476
 20
247.0601941256266
 30
0.0
 10
43.77072767599501
 20
247.1561558734246
 30
0.0
 10
43.88828596863955
 20
247.2535982924489
 30
0.0
 10
44.03736836235095
 20
247.3052777682964
 30
0.0
 10
44.19150442896059
 20
247.3049249963198
 30
0.0
 10
44.33474863140201
 20
247.2566541321023
 30
0.0
 10
44.45274027032506
 20
247.1646109791327
 30
0.0
 10
44.5284374785728
 20
247.0664876435046
 30
0.0
 10
44.54338009449037
 20
246.9970813755739
 30
0.0
 10
44.54727564866418
 20
246.9789870955483
 30
0.0
  0
SPLINE
  5
3C3
330
1F
100
AcDbEntity
  8
0
  6
Continuous
 62
     7
370
    25
100
AcDbSpline
210
0.0
220
0.0
230
1.0
 70
     8
 71
     3
 72
    11
 73
     7
 74
     0
 42
0.00000001
 43
0.00000001
 40
0.0
 40
0.0
 40
0.0
 40
0.0
 40
0.2381008803754409
 40
0.487183566583103
 40
0.7467299225727861
 40
1.0
 40
1.0
 40
1.0
 40
1.0
 10
44.56002170646786
 20
246.7332853919352
 30
0.0
 10
44.5439250313929
 20
246.6874928324937
 30
0.0
 10
44.51098926248358
 20
246.5937956466768
 30
0.0
 10
44.40752502410836
 20
246.4817090746099
 30
0.0
 10
44.27211656089914
 20
246.4019427299328
 30
0.0
 10
44.1672455313564
 20
246.3915575902412
 30
0.0
 10
44.11545176648972
 20
246.3864285714298
 30
0.0
  0
LINE
  5
3C4
330
1F
100
AcDbEntity
  8
0
  6
Continuous
 62
     7
370
    25
100
AcDbLine
 10
43.6737850998
 20
231.8447619048
 30
0.0
 11
44.5571184332
 21
231.8447619048
 31
0.0
  0
LINE
  5
3C5
330
1F
100
AcDbEntity
  8
0
  6
Continuous
 62
     7
370
    25
100
AcDbLine
 10
43.6737850998
 20
248.5114285714
 30
0.0
 11
44.5571184332
 21
248.5114285714
 31
0.0
  0
LINE
  5
3C6
330
1F
100
AcDbEntity
  8
0
  6
Continuous
 62
     7
370
    25
100
AcDbLine
 10
27.4487850998
 20
186.4280952381
 30
0.0
 11
34.1154517665
 21
186.4280952381
 31
0.0
  0
LINE
  5
3C7
330
1F
100
AcDbEntity
  8
0
  6
Continuous
 62
     7
370
    25
100
AcDbLine
 10
27.4487850998
 20
187.6530952381
 30
0.0
 11
34.1154517665
 21
187.6530952381
 31
0.0
  0
LINE
  5
3C8
330
1F
100
AcDbEntity
  8
0
  6
Continuous
 62
     7
370
    25
100
AcDbLine
 10
27.4487850998
 20
186.4280952381
 30
0.0
 11
27.4487850998
 21
187.6530952381
 31
0.0
  0
LINE
  5
3C9
330
1F
100
AcDbEntity
  8
0
  6
Continuous
 62
     7
370
    25
100
AcDbLine
 10
27.4487850998
 20
193.0947619048
 30
0.0
 11
34.1154517665
 21
193.0947619048
 31
0.0
  0
LINE
  5
3CA
330
1F
100
AcDbEntity
  8
0
  6
Continuous
 62
     7
370
    25
100
AcDbLine
 10
27.4487850998
 20
191.8697619048
 30
0.0
 11
34.1154517665
 21
191.8697619048
 31
0.0
  0
LINE
  5
3CB
330
1F
100
AcDbEntity
  8
0
  6
Continuous
 62
     7
370
    25
100
AcDbLine
 10
27.4487850998
 20
191.8697619048
 30
0.0
 11
27.4487850998
 21
193.0947619048
 31
0.0
  0
LINE
  5
3CC
330
1F
100
AcDbEntity
  8
0
  6
Continuous
 62
     7
370
    25
100
AcDbLine
 10
27.4487850998
 20
188.5364285714
 30
0.0
 11
34.1154517665
 21
188.5364285714
 31
0.0
  0
LINE
  5
3CD
330
1F
100
AcDbEntity
  8
0
  6
Continuous
 62
     7
370
    25
100
AcDbLine
 10
27.4487850998
 20
190.9864285714
 30
0.0
 11
34.1154517665
 21
190.9864285714
 31
0.0
  0
LINE
  5
3CE
330
1F
100
AcDbEntity
  8
0
  6
Continuous
 62
     7
370
    25
100
AcDbLine
 10
27.4487850998
 20
188.5364285714
 30
0.0
 11
27.4487850998
 21
190.9864285714
 31
0.0
  0
LINE
  5
3CF
330
1F
100
AcDbEntity
  8
0
  6
Continuous
 62
     7
370
    25
100
AcDbLine
 10
27.4487850998
 20
187.6530952381
 30
0.0
 11
27.4487850998
 21
188.5364285714
 31
0.0
  0
LINE
  5
3D0
330
1F
100
AcDbEntity
  8
0
  6
Continuous
 62
     7
370
    25
100
AcDbLine
 10
27.4487850998
 20
190.9864285714
 30
0.0
 11
27.4487850998
 21
191.8697619048
 31
0.0
  0
LINE
  5
3D1
330
1F
100
AcDbEntity
  8
0
  6
Continuous
 62
     7
370
    25
100
AcDbLine
 10
89.1154517665
 20
192.4447619048
 30
0.0
 11
82.4487850998
 21
192.4447619048
 31
0.0
  0
LINE
  5
3D2
330
1F
100
AcDbEntity
  8
0
  6
Continuous
 62
     7
370
    25
100
AcDbLine
 10
89.1154517665
 20
191.2197619048
 30
0.0
 11
82.4487850998
 21
191.2197619048
 31
0.0
  0
LINE
  5
3D3
330
1F
100
AcDbEntity
  8
0
  6
Continuous
 62
     7
370
    25
100
AcDbLine
 10
89.1154517665
 20
192.4447619048
 30
0.0
 11
89.1154517665
 21
191.2197619048
 31
0.0
  0
LINE
  5
3D4
330
1F
100
AcDbEntity
  8
0
  6
Continuous
 62
     7
370
    25
100
AcDbLine
 10
89.1154517665
 20
187.8864285714
 30
0.0
 11
82.4487850998
 21
187.8864285714
 31
0.0
  0
LINE
  5
3D5
330
1F
100
AcDbEntity
  8
0
  6
Continuous
 62
     7
370
    25
100
AcDbLine
 10
89.1154517665
 20
190.3364285714
 30
0.0
 11
82.4487850998
 21
190.3364285714
 31
0.0
  0
LINE
  5
3D6
330
1F
100
AcDbEntity
  8
0
  6
Continuous
 62
     7
370
    25
100
AcDbLine
 10
89.1154517665
 20
190.3364285714
 30
0.0
 11
89.1154517665
 21
187.8864285714
 31
0.0
  0
LINE
  5
3D7
330
1F
100
AcDbEntity
  8
0
  6
Continuous
 62
     7
370
    25
100
AcDbLine
 10
89.1154517665
 20
185.7780952381
 30
0.0
 11
82.4487850998
 21
185.7780952381
 31
0.0
  0
LINE
  5
3D8
330
1F
100
AcDbEntity
  8
0
  6
Continuous
 62
     7
370
    25
100
AcDbLine
 10
89.1154517665
 20
187.0030952381
 30
0.0
 11
82.4487850998
 21
187.0030952381
 31
0.0
  0
LINE
  5
3D9
330
1F
100
AcDbEntity
  8
0
  6
Continuous
 62
     7
370
    25
100
AcDbLine
 10
89.1154517665
 20
187.0030952381
 30
0.0
 11
89.1154517665
 21
185.7780952381
 31
0.0
  0
LINE
  5
3DA
330
1F
100
AcDbEntity
  8
0
  6
Continuous
 62
     7
370
    25
100
AcDbLine
 10
89.1154517665
 20
191.2197619048
 30
0.0
 11
89.1154517665
 21
190.3364285714
 31
0.0
  0
LINE
  5
3DB
330
1F
100
AcDbEntity
  8
0
  6
Continuous
 62
     7
370
    25
100
AcDbLine
 10
89.1154517665
 20
187.8864285714
 30
0.0
 11
89.1154517665
 21
187.0030952381
 31
0.0
  0
LINE
  5
3DC
330
1F
100
AcDbEntity
  8
0
  6
Continuous
 62
     7
370
    25
100
AcDbLine
 10
33.9487850998
 20
193.1280952381
 30
0.0
 11
34.1154517665
 21
193.1280952381
 31
0.0
  0
LINE
  5
3DD
330
1F
100
AcDbEntity
  8
0
  6
Continuous
 62
     7
370
    25
100
AcDbLine
 10
34.1154517665
 20
247.2864285714
 30
0.0
 11
42.4487850998
 21
247.2864285714
 31
0.0
  0
LINE
  5
3DE
330
1F
100
AcDbEntity
  8
0
  6
Continuous
 62
     7
370
    25
100
AcDbLine
 10
45.7821184332
 20
247.2864285714
 30
0.0
 11
65.7821184332
 21
247.2864285714
 31
0.0
  0
LINE
  5
3DF
330
1F
100
AcDbEntity
  8
0
  6
Continuous
 62
     7
370
    25
100
AcDbLine
 10
34.1154517665
 20
248.5114285714
 30
0.0
 11
34.1154517665
 21
247.2864285714
 31
0.0
  0
LINE
  5
3E0
330
1F
100
AcDbEntity
  8
0
  6
Continuous
 62
     7
370
    25
100
AcDbLine
 10
65.7821184332
 20
248.5114285714
 30
0.0
 11
45.7821184332
 21
248.5114285714
 31
0.0
  0
LINE
  5
3E1
330
1F
100
AcDbEntity
  8
0
  6
Continuous
 62
     7
370
    25
100
AcDbLine
 10
42.4487850998
 20
248.5114285714
 30
0.0
 11
34.1154517665
 21
248.5114285714
 31
0.0
  0
LINE
  5
3E2
330
1F
100
AcDbEntity
  8
0
  6
Continuous
 62
     7
370
    25
100
AcDbLine
 10
65.7821184332
 20
245.1780952381
 30
0.0
 11
45.7821184332
 21
245.1780952381
 31
0.0
  0
LINE
  5
3E3
330
1F
100
AcDbEntity
  8
0
  6
Continuous
 62
     7
370
    25
100
AcDbLine
 10
42.4487850998
 20
245.1780952381
 30
0.0
 11
34.1154517665
 21
245.1780952381
 31
0.0
  0
LINE
  5
3E4
330
1F
100
AcDbEntity
  8
0
  6
Continuous
 62
     7
370
    25
100
AcDbLine
 10
34.1154517665
 20
246.4030952381
 30
0.0
 11
42.4487850998
 21
246.4030952381
 31
0.0
  0
LINE
  5
3E5
330
1F
100
AcDbEntity
  8
0
  6
Continuous
 62
     7
370
    25
100
AcDbLine
 10
45.7821184332
 20
246.4030952381
 30
0.0
 11
65.7821184332
 21
246.4030952381
 31
0.0
  0
LINE
  5
3E6
330
1F
100
AcDbEntity
  8
0
  6
Continuous
 62
     7
370
    25
100
AcDbLine
 10
34.1154517665
 20
246.4030952381
 30
0.0
 11
34.1154517665
 21
245.1780952381
 31
0.0
  0
LINE
  5
3E7
330
1F
100
AcDbEntity
  8
0
  6
Continuous
 62
     7
370
    25
100
AcDbLine
 10
34.1154517665
 20
246.4030952381
 30
0.0
 11
34.1154517665
 21
247.2864285714
 31
0.0
  0
LINE
  5
3E8
330
1F
100
AcDbEntity
  8
0
  6
Continuous
 62
     7
370
    25
100
AcDbLine
 10
59.9487850998
 20
176.8447619048
 30
0.0
 11
59.9487850998
 21
198.5114285715
 31
0.0
  0
LINE
  5
3E9
330
1F
100
AcDbEntity
  8
0
  6
Continuous
 62
     7
370
    25
100
AcDbLine
 10
61.1737850998
 20
198.5114285715
 30
0.0
 11
59.9487850998
 21
198.5114285715
 31
0.0
  0
LINE
  5
3EA
330
1F
100
AcDbEntity
  8
0
  6
Continuous
 62
     7
370
    25
100
AcDbLine
 10
61.1737850998
 20
176.8447619048
 30
0.0
 11
59.9487850998
 21
176.8447619048
 31
0.0
  0
LINE
  5
3EB
330
1F
100
AcDbEntity
  8
0
  6
Continuous
 62
     7
370
    25
100
AcDbLine
 10
61.1737850998
 20
198.5114285715
 30
0.0
 11
61.1737850998
 21
176.8447619048
 31
0.0
  0
LINE
  5
3EC
330
1F
100
AcDbEntity
  8
0
  6
Continuous
 62
     7
370
    25
100
AcDbLine
 10
63.2821184331
 20
176.8447619048
 30
0.0
 11
62.0571184331
 21
176.8447619048
 31
0.0
  0
LINE
  5
3ED
330
1F
100
AcDbEntity
  8
0
  6
Continuous
 62
     7
370
    25
100
AcDbLine
 10
62.0571184331
 20
198.5114285715
 30
0.0
 11
62.0571184331
 21
176.8447619048
 31
0.0
  0
LINE
  5
3EE
330
1F
100
AcDbEntity
  8
0
  6
Continuous
 62
     7
370
    25
100
AcDbLine
 10
63.2821184331
 20
198.5114285715
 30
0.0
 11
62.0571184331
 21
198.5114285715
 31
0.0
  0
LINE
  5
3EF
330
1F
100
AcDbEntity
  8
0
  6
Continuous
 62
     7
370
    25
100
AcDbLine
 10
63.2821184331
 20
176.8447619048
 30
0.0
 11
63.2821184331
 21
198.5114285715
 31
0.0
  0
LINE
  5
3F0
330
1F
100
AcDbEntity
  8
0
  6
Continuous
 62
     7
370
    25
100
AcDbLine
 10
64.2237850998
 20
198.5114285714
 30
0.0
 11
64.2237850998
 21
176.8447619048
 31
0.0
  0
LINE
  5
3F1
330
1F
100
AcDbEntity
  8
0
  6
Continuous
 62
     7
370
    25
100
AcDbLine
 10
65.4487850998
 20
176.8447619048
 30
0.0
 11
65.4487850998
 21
198.5114285714
 31
0.0
  0
LINE
  5
3F2
330
1F
100
AcDbEntity
  8
0
  6
Continuous
 62
     7
370
    25
100
AcDbLine
 10
63.3404517665
 20
198.5114285714
 30
0.0
 11
63.3404517665
 21
176.8447619048
 31
0.0
  0
LINE
  5
3F3
330
1F
100
AcDbEntity
  8
0
  6
Continuous
 62
     7
370
    25
100
AcDbLine
 10
51.1154517665
 20
176.8447619048
 30
0.0
 11
51.1154517665
 21
198.5114285714
 31
0.0
  0
LINE
  5
3F4
330
1F
100
AcDbEntity
  8
0
  6
Continuous
 62
     7
370
    25
100
AcDbLine
 10
52.3404517665
 20
198.5114285714
 30
0.0
 11
52.3404517665
 21
176.8447619048
 31
0.0
  0
LINE
  5
3F5
330
1F
100
AcDbEntity
  8
0
  6
Continuous
 62
     7
370
    25
100
AcDbLine
 10
53.2237850998
 20
198.5114285714
 30
0.0
 11
53.2237850998
 21
176.8447619048
 31
0.0
  0
LINE
  5
3F6
330
1F
100
AcDbEntity
  8
0
  6
Continuous
 62
     7
370
    25
100
AcDbLine
 10
56.6154517665
 20
176.8447619048
 30
0.0
 11
56.6154517665
 21
198.5114285715
 31
0.0
  0
LINE
  5
3F7
330
1F
100
AcDbEntity
  8
0
  6
Continuous
 62
     7
370
    25
100
AcDbLine
 10
56.6154517665
 20
176.8447619048
 30
0.0
 11
55.3904517665
 21
176.8447619048
 31
0.0
  0
LINE
  5
3F8
330
1F
100
AcDbEntity
  8
0
  6
Continuous
 62
     7
370
    25
100
AcDbLine
 10
55.3904517665
 20
198.5114285715
 30
0.0
 11
55.3904517665
 21
176.8447619048
 31
0.0
  0
LINE
  5
3F9
330
1F
100
AcDbEntity
  8
0
  6
Continuous
 62
     7
370
    25
100
AcDbLine
 10
56.6154517665
 20
198.5114285715
 30
0.0
 11
55.3904517665
 21
198.5114285715
 31
0.0
  0
LINE
  5
3FA
330
1F
100
AcDbEntity
  8
0
  6
Continuous
 62
     7
370
    25
100
AcDbLine
 10
54.5071184332
 20
176.8447619048
 30
0.0
 11
53.2821184332
 21
176.8447619048
 31
0.0
  0
LINE
  5
3FB
330
1F
100
AcDbEntity
  8
0
  6
Continuous
 62
     7
370
    25
100
AcDbLine
 10
54.5071184332
 20
198.5114285715
 30
0.0
 11
53.2821184332
 21
198.5114285715
 31
0.0
  0
LINE
  5
3FC
330
1F
100
AcDbEntity
  8
0
  6
Continuous
 62
     7
370
    25
100
AcDbLine
 10
54.5071184332
 20
198.5114285715
 30
0.0
 11
54.5071184332
 21
176.8447619048
 31
0.0
  0
LINE
  5
3FD
330
1F
100
AcDbEntity
  8
0
  6
Continuous
 62
     7
370
    25
100
AcDbLine
 10
53.2821184332
 20
176.8447619048
 30
0.0
 11
53.2821184332
 21
198.5114285715
 31
0.0
  0
LINE
  5
3FE
330
1F
100
AcDbEntity
  8
0
  6
Continuous
 62
     7
370
    25
100
AcDbLine
 10
37.4487850998
 20
198.5114285714
 30
0.0
 11
79.1154517665
 21
198.5114285714
 31
0.0
  0
LINE
  5
3FF
330
1F
100
AcDbEntity
  8
0
  6
Continuous
 62
     7
370
    25
100
AcDbLine
 10
37.4487850998
 20
198.5114285714
 30
0.0
 11
37.4487850998
 21
199.7364285714
 31
0.0
  0
LINE
  5
400
330
1F
100
AcDbEntity
  8
0
  6
Continuous
 62
     7
370
    25
100
AcDbLine
 10
79.1154517665
 20
199.7364285714
 30
0.0
 11
37.4487850998
 21
199.7364285714
 31
0.0
  0
LINE
  5
401
330
1F
100
AcDbEntity
  8
0
  6
Continuous
 62
     7
370
    25
100
AcDbLine
 10
79.1154517665
 20
198.5114285714
 30
0.0
 11
79.1154517665
 21
199.7364285714
 31
0.0
  0
LINE
  5
402
330
1F
100
AcDbEntity
  8
0
  6
Continuous
 62
     7
370
    25
100
AcDbLine
 10
37.4487850998
 20
201.8447619048
 30
0.0
 11
79.1154517665
 21
201.8447619048
 31
0.0
  0
LINE
  5
403
330
1F
100
AcDbEntity
  8
0
  6
Continuous
 62
     7
370
    25
100
AcDbLine
 10
79.1154517665
 20
200.6197619048
 30
0.0
 11
37.4487850998
 21
200.6197619048
 31
0.0
  0
LINE
  5
404
330
1F
100
AcDbEntity
  8
0
  6
Continuous
 62
     7
370
    25
100
AcDbLine
 10
37.4487850998
 20
200.6197619048
 30
0.0
 11
37.4487850998
 21
201.8447619048
 31
0.0
  0
LINE
  5
405
330
1F
100
AcDbEntity
  8
0
  6
Continuous
 62
     7
370
    25
100
AcDbLine
 10
79.1154517665
 20
200.6197619048
 30
0.0
 11
79.1154517665
 21
201.8447619048
 31
0.0
  0
LINE
  5
406
330
1F
100
AcDbEntity
  8
0
  6
Continuous
 62
     7
370
    25
100
AcDbLine
 10
37.4487850998
 20
173.5114285714
 30
0.0
 11
79.1154517665
 21
173.5114285714
 31
0.0
  0
LINE
  5
407
330
1F
100
AcDbEntity
  8
0
  6
Continuous
 62
     7
370
    25
100
AcDbLine
 10
37.4487850998
 20
173.5114285714
 30
0.0
 11
37.4487850998
 21
174.7364285714
 31
0.0
  0
LINE
  5
408
330
1F
100
AcDbEntity
  8
0
  6
Continuous
 62
     7
370
    25
100
AcDbLine
 10
79.1154517665
 20
174.7364285714
 30
0.0
 11
37.4487850998
 21
174.7364285714
 31
0.0
  0
LINE
  5
409
330
1F
100
AcDbEntity
  8
0
  6
Continuous
 62
     7
370
    25
100
AcDbLine
 10
79.1154517665
 20
173.5114285714
 30
0.0
 11
79.1154517665
 21
174.7364285714
 31
0.0
  0
LINE
  5
40A
330
1F
100
AcDbEntity
  8
0
  6
Continuous
 62
     7
370
    25
100
AcDbLine
 10
79.1154517665
 20
175.6197619048
 30
0.0
 11
37.4487850998
 21
175.6197619048
 31
0.0
  0
LINE
  5
40B
330
1F
100
AcDbEntity
  8
0
  6
Continuous
 62
     7
370
    25
100
AcDbLine
 10
37.4487850998
 20
175.6197619048
 30
0.0
 11
37.4487850998
 21
176.8447619048
 31
0.0
  0
LINE
  5
40C
330
1F
100
AcDbEntity
  8
0
  6
Continuous
 62
     7
370
    25
100
AcDbLine
 10
37.4487850998
 20
176.8447619048
 30
0.0
 11
79.1154517665
 21
176.8447619048
 31
0.0
  0
LINE
  5
40D
330
1F
100
AcDbEntity
  8
0
  6
Continuous
 62
     7
370
    25
100
AcDbLine
 10
79.1154517665
 20
175.6197619048
 30
0.0
 11
79.1154517665
 21
176.8447619048
 31
0.0
  0
LINE
  5
40E
330
1F
100
AcDbEntity
  8
0
  6
Continuous
 62
     7
370
    25
100
AcDbLine
 10
37.4487850998
 20
235.1780952381
 30
0.0
 11
42.4487850998
 21
235.1780952381
 31
0.0
  0
LINE
  5
40F
330
1F
100
AcDbEntity
  8
0
  6
Continuous
 62
     7
370
    25
100
AcDbLine
 10
45.7821184332
 20
235.1780952381
 30
0.0
 11
65.7821184332
 21
235.1780952381
 31
0.0
  0
LINE
  5
410
330
1F
100
AcDbEntity
  8
0
  6
Continuous
 62
     7
370
    25
100
AcDbLine
 10
65.7821184332
 20
233.9530952381
 30
0.0
 11
45.7821184332
 21
233.9530952381
 31
0.0
  0
LINE
  5
411
330
1F
100
AcDbEntity
  8
0
  6
Continuous
 62
     7
370
    25
100
AcDbLine
 10
42.4487850998
 20
233.9530952381
 30
0.0
 11
37.4487850998
 21
233.9530952381
 31
0.0
  0
LINE
  5
412
330
1F
100
AcDbEntity
  8
0
  6
Continuous
 62
     7
370
    25
100
AcDbLine
 10
37.4487850998
 20
233.9530952381
 30
0.0
 11
37.4487850998
 21
235.1780952381
 31
0.0
  0
LINE
  5
413
330
1F
100
AcDbEntity
  8
0
  6
Continuous
 62
     7
370
    25
100
AcDbLine
 10
37.4487850998
 20
231.8447619048
 30
0.0
 11
42.4487850998
 21
231.8447619048
 31
0.0
  0
LINE
  5
414
330
1F
100
AcDbEntity
  8
0
  6
Continuous
 62
     7
370
    25
100
AcDbLine
 10
45.7821184332
 20
231.8447619048
 30
0.0
 11
65.7821184332
 21
231.8447619048
 31
0.0
  0
LINE
  5
415
330
1F
100
AcDbEntity
  8
0
  6
Continuous
 62
     7
370
    25
100
AcDbLine
 10
65.7821184332
 20
233.0697619048
 30
0.0
 11
45.7821184332
 21
233.0697619048
 31
0.0
  0
LINE
  5
416
330
1F
100
AcDbEntity
  8
0
  6
Continuous
 62
     7
370
    25
100
AcDbLine
 10
42.4487850998
 20
233.0697619048
 30
0.0
 11
37.4487850998
 21
233.0697619048
 31
0.0
  0
LINE
  5
417
330
1F
100
AcDbEntity
  8
0
  6
Continuous
 62
     7
370
    25
100
AcDbLine
 10
37.4487850998
 20
231.8447619048
 30
0.0
 11
37.4487850998
 21
233.0697619048
 31
0.0
  0
DIMENSION
  5
418
330
1F
100
AcDbEntity
  8
0
  6
Continuous
 62
     7
370
    18
100
AcDbDimension
  2
_D_3
 10
26.4490271045
 20
245.1780952381
 30
0.0
 11
26.4490271045
 21
211.2655692243
 31
0.0
 70
   160
  1
<>
 71
     2
 42
-1.0
  3
SLDDIMSTYLE0
100
AcDbAlignedDimension
 13
34.1154517665
 23
173.5114285714
 33
0.0
 14
34.1154517665
 24
245.1780952381
 34
0.0
 50
90.0
100
AcDbRotatedDimension
  0
DIMENSION
  5
422
330
1F
100
AcDbEntity
  8
0
  6
Continuous
 62
     7
370
    18
100
AcDbDimension
  2
_D_4
 10
72.6388469754
 20
198.5114285714
 30
0.0
 11
72.6388469754
 21
182.8110810338
 31
0.0
 70
   160
  1
<>
 71
     2
 42
-1.0
  3
SLDDIMSTYLE1
100
AcDbAlignedDimension
 13
65.4487850998
 23
176.8447619048
 33
0.0
 14
65.4487850998
 24
198.5114285714
 34
0.0
 50
90.0
100
AcDbRotatedDimension
  0
LINE
  5
42E
330
1F
100
AcDbEntity
  8
0
  6
CENTERX2
 62
     7
100
AcDbLine
 10
183.8589625735
 20
137.7014748433
 30
0.0
 11
180.2177168844
 21
137.7014748433
 31
0.0
  0
LINE
  5
42F
330
1F
100
AcDbEntity
  8
0
  6
CENTERX2
 62
     7
100
AcDbLine
 10
183.8589625735
 20
88.4162863998
 30
0.0
 11
180.2177168844
 21
88.4162863998
 31
0.0
  0
LINE
  5
430
330
1F
100
AcDbEntity
  8
0
  6
Continuous
 62
     7
370
    25
100
AcDbLine
 10
149.242244898
 20
122.2255472882
 30
0.0
 11
148.5755782313
 21
122.2255472882
 31
0.0
  0
LINE
  5
431
330
1F
100
AcDbEntity
  8
0
  6
Continuous
 62
     7
370
    25
100
AcDbLine
 10
148.5755782313
 20
118.8922139549
 30
0.0
 11
149.242244898
 21
118.8922139549
 31
0.0
  0
LINE
  5
432
330
1F
100
AcDbEntity
  8
0
  6
Continuous
 62
     7
370
    25
100
AcDbLine
 10
149.242244898
 20
107.2257130842
 30
0.0
 11
148.5755782313
 21
107.2257130842
 31
0.0
  0
LINE
  5
433
330
1F
100
AcDbEntity
  8
0
  6
Continuous
 62
     7
370
    25
100
AcDbLine
 10
149.242244898
 20
107.2255472882
 30
0.0
 11
148.5755782313
 21
107.2255472882
 31
0.0
  0
LINE
  5
434
330
1F
100
AcDbEntity
  8
0
  6
Continuous
 62
     7
370
    25
100
AcDbLine
 10
148.5755782313
 20
103.8922139549
 30
0.0
 11
149.242244898
 21
103.8922139549
 31
0.0
  0
LINE
  5
435
330
1F
100
AcDbEntity
  8
0
  6
Continuous
 62
     7
370
    25
100
AcDbLine
 10
115.242244898
 20
137.2255472882
 30
0.0
 11
186.9089115646
 21
137.2255472882
 31
0.0
  0
LINE
  5
436
330
1F
100
AcDbEntity
  8
0
  6
Continuous
 62
     7
370
    25
100
AcDbLine
 10
186.9089115646
 20
136.0005472882
 30
0.0
 11
186.9089115646
 21
137.2255472882
 31
0.0
  0
LINE
  5
437
330
1F
100
AcDbEntity
  8
0
  6
Continuous
 62
     7
370
    25
100
AcDbLine
 10
186.9089115646
 20
136.0005472882
 30
0.0
 11
115.242244898
 21
136.0005472882
 31
0.0
  0
LINE
  5
438
330
1F
100
AcDbEntity
  8
0
  6
Continuous
 62
     7
370
    25
100
AcDbLine
 10
115.242244898
 20
136.0005472882
 30
0.0
 11
115.242244898
 21
137.2255472882
 31
0.0
  0
LINE
  5
439
330
1F
100
AcDbEntity
  8
0
  6
Continuous
 62
     7
370
    25
100
AcDbLine
 10
115.242244898
 20
133.8922139549
 30
0.0
 11
186.9089115646
 21
133.8922139549
 31
0.0
  0
LINE
  5
43A
330
1F
100
AcDbEntity
  8
0
  6
Continuous
 62
     7
370
    25
100
AcDbLine
 10
115.242244898
 20
133.8922139549
 30
0.0
 11
115.242244898
 21
135.1172139549
 31
0.0
  0
LINE
  5
43B
330
1F
100
AcDbEntity
  8
0
  6
Continuous
 62
     7
370
    25
100
AcDbLine
 10
186.9089115646
 20
133.8922139549
 30
0.0
 11
186.9089115646
 21
135.1172139549
 31
0.0
  0
LINE
  5
43C
330
1F
100
AcDbEntity
  8
0
  6
Continuous
 62
     7
370
    25
100
AcDbLine
 10
186.9089115646
 20
135.1172139549
 30
0.0
 11
115.242244898
 21
135.1172139549
 31
0.0
  0
LINE
  5
43D
330
1F
100
AcDbEntity
  8
0
  6
Continuous
 62
     7
370
    25
100
AcDbLine
 10
115.242244898
 20
136.0005472882
 30
0.0
 11
115.242244898
 21
135.1172139549
 31
0.0
  0
LINE
  5
43E
330
1F
100
AcDbEntity
  8
0
  6
Continuous
 62
     7
370
    25
100
AcDbLine
 10
186.9089115646
 20
136.0005472882
 30
0.0
 11
186.9089115646
 21
135.1172139549
 31
0.0
  0
LINE
  5
43F
330
1F
100
AcDbEntity
  8
0
  6
Continuous
 62
     7
370
    25
100
AcDbLine
 10
115.242244898
 20
88.8922139549
 30
0.0
 11
186.9089115646
 21
88.8922139549
 31
0.0
  0
LINE
  5
440
330
1F
100
AcDbEntity
  8
0
  6
Continuous
 62
     7
370
    25
100
AcDbLine
 10
115.242244898
 20
88.8922139549
 30
0.0
 11
115.242244898
 21
90.1172139549
 31
0.0
  0
LINE
  5
441
330
1F
100
AcDbEntity
  8
0
  6
Continuous
 62
     7
370
    25
100
AcDbLine
 10
186.9089115646
 20
90.1172139549
 30
0.0
 11
115.242244898
 21
90.1172139549
 31
0.0
  0
LINE
  5
442
330
1F
100
AcDbEntity
  8
0
  6
Continuous
 62
     7
370
    25
100
AcDbLine
 10
186.9089115646
 20
88.8922139549
 30
0.0
 11
186.9089115646
 21
90.1172139549
 31
0.0
  0
LINE
  5
443
330
1F
100
AcDbEntity
  8
0
  6
Continuous
 62
     7
370
    25
100
AcDbLine
 10
186.9089115646
 20
91.0005472882
 30
0.0
 11
186.9089115646
 21
92.2255472882
 31
0.0
  0
LINE
  5
444
330
1F
100
AcDbEntity
  8
0
  6
Continuous
 62
     7
370
    25
100
AcDbLine
 10
115.242244898
 20
91.0005472882
 30
0.0
 11
115.242244898
 21
92.2255472882
 31
0.0
  0
LINE
  5
445
330
1F
100
AcDbEntity
  8
0
  6
Continuous
 62
     7
370
    25
100
AcDbLine
 10
115.242244898
 20
92.2255472882
 30
0.0
 11
186.9089115646
 21
92.2255472882
 31
0.0
  0
LINE
  5
446
330
1F
100
AcDbEntity
  8
0
  6
Continuous
 62
     7
370
    25
100
AcDbLine
 10
186.9089115646
 20
91.0005472882
 30
0.0
 11
115.242244898
 21
91.0005472882
 31
0.0
  0
LINE
  5
447
330
1F
100
AcDbEntity
  8
0
  6
Continuous
 62
     7
370
    25
100
AcDbLine
 10
115.242244898
 20
91.0005472882
 30
0.0
 11
115.242244898
 21
90.1172139549
 31
0.0
  0
LINE
  5
448
330
1F
100
AcDbEntity
  8
0
  6
Continuous
 62
     7
370
    25
100
AcDbLine
 10
186.9089115646
 20
91.0005472882
 30
0.0
 11
186.9089115646
 21
90.1172139549
 31
0.0
  0
LINE
  5
449
330
1F
100
AcDbEntity
  8
0
  6
Continuous
 62
     7
370
    25
100
AcDbLine
 10
134.8589115646
 20
109.0590464175
 30
0.0
 11
135.3589115646
 21
109.0590464175
 31
0.0
  0
LINE
  5
44A
330
1F
100
AcDbEntity
  8
0
  6
Continuous
 62
     7
370
    25
100
AcDbLine
 10
135.3589115646
 20
109.0590464175
 30
0.0
 11
135.3589115646
 21
109.0588806216
 31
0.0
  0
LINE
  5
44B
330
1F
100
AcDbEntity
  8
0
  6
Continuous
 62
     7
370
    25
100
AcDbLine
 10
126.8589115646
 20
101.0588806216
 30
0.0
 11
126.8589115646
 21
101.0590464175
 31
0.0
  0
LINE
  5
44C
330
1F
100
AcDbEntity
  8
0
  6
Continuous
 62
     7
370
    25
100
AcDbLine
 10
126.8589115646
 20
101.0590464175
 30
0.0
 11
127.5089115646
 21
101.0590464175
 31
0.0
  0
LINE
  5
44D
330
1F
100
AcDbEntity
  8
0
  6
Continuous
 62
     7
370
    25
100
AcDbLine
 10
134.8589115646
 20
108.2255472882
 30
0.0
 11
134.8589115646
 21
101.0588806216
 31
0.0
  0
LINE
  5
44E
330
1F
100
AcDbEntity
  8
0
  6
Continuous
 62
     7
370
    25
100
AcDbLine
 10
135.3589115646
 20
108.2255472882
 30
0.0
 11
134.8589115646
 21
108.2255472882
 31
0.0
  0
LINE
  5
44F
330
1F
100
AcDbEntity
  8
0
  6
Continuous
 62
     7
370
    25
100
AcDbLine
 10
135.3589115646
 20
108.2255472882
 30
0.0
 11
135.3589115646
 21
100.5588806216
 31
0.0
  0
LINE
  5
450
330
1F
100
AcDbEntity
  8
0
  6
Continuous
 62
     7
370
    25
100
AcDbLine
 10
127.692244898
 20
100.5588806216
 30
0.0
 11
135.3589115646
 21
100.5588806216
 31
0.0
  0
LINE
  5
451
330
1F
100
AcDbEntity
  8
0
  6
Continuous
 62
     7
370
    25
100
AcDbLine
 10
127.692244898
 20
101.0588806216
 30
0.0
 11
127.692244898
 21
100.5588806216
 31
0.0
  0
LINE
  5
452
330
1F
100
AcDbEntity
  8
0
  6
Continuous
 62
     7
370
    25
100
AcDbLine
 10
127.692244898
 20
101.0588806216
 30
0.0
 11
134.8589115646
 21
101.0588806216
 31
0.0
  0
LINE
  5
453
330
1F
100
AcDbEntity
  8
0
  6
Continuous
 62
     7
370
    25
100
AcDbLine
 10
134.8589115646
 20
109.0588806216
 30
0.0
 11
135.3589115646
 21
109.0588806216
 31
0.0
  0
LINE
  5
454
330
1F
100
AcDbEntity
  8
0
  6
Continuous
 62
     7
370
    25
100
AcDbLine
 10
135.3589115646
 20
109.0588806216
 30
0.0
 11
135.3589115646
 21
108.2255472882
 31
0.0
  0
LINE
  5
455
330
1F
100
AcDbEntity
  8
0
  6
Continuous
 62
     7
370
    25
100
AcDbLine
 10
134.8589115646
 20
108.2255472882
 30
0.0
 11
134.8589115646
 21
109.0588806216
 31
0.0
  0
LINE
  5
456
330
1F
100
AcDbEntity
  8
0
  6
Continuous
 62
     7
370
    25
100
AcDbLine
 10
126.8589115646
 20
100.5588806216
 30
0.0
 11
126.8589115646
 21
101.0588806216
 31
0.0
  0
LINE
  5
457
330
1F
100
AcDbEntity
  8
0
  6
Continuous
 62
     7
370
    25
100
AcDbLine
 10
126.8589115646
 20
101.0588806216
 30
0.0
 11
127.692244898
 21
101.0588806216
 31
0.0
  0
LINE
  5
458
330
1F
100
AcDbEntity
  8
0
  6
Continuous
 62
     7
370
    25
100
AcDbLine
 10
127.692244898
 20
100.5588806216
 30
0.0
 11
126.8589115646
 21
100.5588806216
 31
0.0
  0
LINE
  5
459
330
1F
100
AcDbEntity
  8
0
  6
Continuous
 62
     7
370
    25
100
AcDbLine
 10
135.3589115646
 20
117.8922139549
 30
0.0
 11
135.3589115646
 21
125.5588806216
 31
0.0
  0
LINE
  5
45A
330
1F
100
AcDbEntity
  8
0
  6
Continuous
 62
     7
370
    25
100
AcDbLine
 10
134.8589115646
 20
117.8922139549
 30
0.0
 11
135.3589115646
 21
117.8922139549
 31
0.0
  0
LINE
  5
45B
330
1F
100
AcDbEntity
  8
0
  6
Continuous
 62
     7
370
    25
100
AcDbLine
 10
134.8589115646
 20
117.8922139549
 30
0.0
 11
134.8589115646
 21
125.0588806216
 31
0.0
  0
LINE
  5
45C
330
1F
100
AcDbEntity
  8
0
  6
Continuous
 62
     7
370
    25
100
AcDbLine
 10
134.8589115646
 20
125.0588806216
 30
0.0
 11
127.692244898
 21
125.0588806216
 31
0.0
  0
LINE
  5
45D
330
1F
100
AcDbEntity
  8
0
  6
Continuous
 62
     7
370
    25
100
AcDbLine
 10
127.692244898
 20
125.5588806216
 30
0.0
 11
127.692244898
 21
125.0588806216
 31
0.0
  0
LINE
  5
45E
330
1F
100
AcDbEntity
  8
0
  6
Continuous
 62
     7
370
    25
100
AcDbLine
 10
135.3589115646
 20
125.5588806216
 30
0.0
 11
127.692244898
 21
125.5588806216
 31
0.0
  0
LINE
  5
45F
330
1F
100
AcDbEntity
  8
0
  6
Continuous
 62
     7
370
    25
100
AcDbLine
 10
135.3589115646
 20
117.0588806216
 30
0.0
 11
134.8589115646
 21
117.0588806216
 31
0.0
  0
LINE
  5
460
330
1F
100
AcDbEntity
  8
0
  6
Continuous
 62
     7
370
    25
100
AcDbLine
 10
134.8589115646
 20
117.0588806216
 30
0.0
 11
134.8589115646
 21
117.8922139549
 31
0.0
  0
LINE
  5
461
330
1F
100
AcDbEntity
  8
0
  6
Continuous
 62
     7
370
    25
100
AcDbLine
 10
135.3589115646
 20
117.8922139549
 30
0.0
 11
135.3589115646
 21
117.0588806216
 31
0.0
  0
LINE
  5
462
330
1F
100
AcDbEntity
  8
0
  6
Continuous
 62
     7
370
    25
100
AcDbLine
 10
126.8589115646
 20
125.0588806216
 30
0.0
 11
126.8589115646
 21
125.5588806216
 31
0.0
  0
LINE
  5
463
330
1F
100
AcDbEntity
  8
0
  6
Continuous
 62
     7
370
    25
100
AcDbLine
 10
127.692244898
 20
125.0588806216
 30
0.0
 11
126.8589115646
 21
125.0588806216
 31
0.0
  0
LINE
  5
464
330
1F
100
AcDbEntity
  8
0
  6
Continuous
 62
     7
370
    25
100
AcDbLine
 10
126.8589115646
 20
125.5588806216
 30
0.0
 11
127.692244898
 21
125.5588806216
 31
0.0
  0
LINE
  5
465
330
1F
100
AcDbEntity
  8
0
  6
Continuous
 62
     7
370
    25
100
AcDbLine
 10
148.5755782313
 20
120.794582882
 30
0.0
 11
149.242244898
 21
120.794582882
 31
0.0
  0
LINE
  5
466
330
1F
100
AcDbEntity
  8
0
  6
Continuous
 62
     7
370
    25
100
AcDbLine
 10
149.242244898
 20
120.3231783612
 30
0.0
 11
149.242244898
 21
120.794582882
 31
0.0
  0
LINE
  5
467
330
1F
100
AcDbEntity
  8
0
  6
Continuous
 62
     7
370
    25
100
AcDbLine
 10
149.242244898
 20
120.3231783612
 30
0.0
 11
148.5755782313
 21
120.3231783612
 31
0.0
  0
SPLINE
  5
468
330
1F
100
AcDbEntity
  8
0
  6
Continuous
 62
     7
370
    25
100
AcDbSpline
210
0.0
220
0.0
230
1.0
 70
    11
 71
     3
 72
    31
 73
    27
 74
     0
 42
0.00000001
 43
0.00000001
 40
0.0
 40
0.0
 40
0.0
 40
0.0
 40
0.0521673018926682
 40
0.0860253393314662
 40
0.1250029892965261
 40
0.1640653427787555
 40
0.1979313474214745
 40
0.2498853507659204
 40
0.3019073172235972
 40
0.3358050529156295
 40
0.3748974206859169
 40
0.4139321246940562
 40
0.4478259236759861
 40
0.5000003855348006
 40
0.5521632117469637
 40
0.5860222982327375
 40
0.6250031953506932
 40
0.6640654228946992
 40
0.6979313510805174
 40
0.7498853507781608
 40
0.8019073124662699
 40
0.835804971023812
 40
0.8748972121056936
 40
0.9139351700101033
 40
0.9478300207305754
 40
1.0
 40
1.0
 40
1.0
 40
1.0
 10
148.6206615646277
 20
120.5588806215588
 30
0.0
 10
148.6227570870481
 20
120.5364290530637
 30
0.0
 10
148.6262126621068
 20
120.499405788907
 30
0.0
 10
148.6496670564392
 20
120.45059046338
 30
0.0
 10
148.6792059887232
 20
120.4124950817234
 30
0.0
 10
148.7173703921037
 20
120.3827620079271
 30
0.0
 10
148.7661382574728
 20
120.3601326031069
 30
0.0
 10
148.8254570727946
 20
120.3502507154355
 30
0.0
 10
148.8847985155129
 20
120.3600619817733
 30
0.0
 10
148.93365300415
 20
120.382670512638
 30
0.0
 10
148.9718250189732
 20
120.4124080530015
 30
0.0
 10
149.0016171214815
 20
120.4505332507504
 30
0.0
 10
149.0243244145898
 20
120.4993848529728
 30
0.0
 10
149.0342346940182
 20
120.5588761511388
 30
0.0
 10
149.0243288104587
 20
120.6183525252448
 30
0.0
 10
149.0016486592858
 20
120.6671683140238
 30
0.0
 10
148.9719064498915
 20
120.7052654519276
 30
0.0
 10
148.9337961408562
 20
120.7349992907139
 30
0.0
 10
148.8850138406791
 20
120.7576286467182
 30
0.0
 10
148.8257020133677
 20
120.7675105267548
 30
0.0
 10
148.7663536475331
 20
120.7576992682766
 30
0.0
 10
148.7175137682209
 20
120.7350907870857
 30
0.0
 10
148.6792854547701
 20
120.705352481687
 30
0.0
 10
148.6496954141939
 20
120.6672255242496
 30
0.0
 10
148.6262150113819
 20
120.6183734562727
 30
0.0
 10
148.6227574419511
 20
120.5813332872103
 30
0.0
 10
148.6206615646277
 20
120.5588806215588
 30
0.0
  0
LINE
  5
469
330
1F
100
AcDbEntity
  8
0
  6
Continuous
 62
     7
370
    25
100
AcDbLine
 10
149.242244898
 20
122.2087964443
 30
0.0
 11
148.5755782313
 21
122.2087964443
 31
0.0
  0
LINE
  5
46A
330
1F
100
AcDbEntity
  8
0
  6
Continuous
 62
     7
370
    25
100
AcDbLine
 10
149.242244898
 20
122.2087964443
 30
0.0
 11
149.242244898
 21
120.794582882
 31
0.0
  0
LINE
  5
46B
330
1F
100
AcDbEntity
  8
0
  6
Continuous
 62
     7
370
    25
100
AcDbLine
 10
148.5755782313
 20
118.9089647988
 30
0.0
 11
149.242244898
 21
118.9089647988
 31
0.0
  0
LINE
  5
46C
330
1F
100
AcDbEntity
  8
0
  6
Continuous
 62
     7
370
    25
100
AcDbLine
 10
149.242244898
 20
120.3231783612
 30
0.0
 11
149.242244898
 21
118.9089647988
 31
0.0
  0
LINE
  5
46D
330
1F
100
AcDbEntity
  8
0
  6
Continuous
 62
     7
370
    25
100
AcDbLine
 10
149.242244898
 20
122.2087964443
 30
0.0
 11
149.242244898
 21
122.2255472882
 31
0.0
  0
LINE
  5
46E
330
1F
100
AcDbEntity
  8
0
  6
Continuous
 62
     7
370
    25
100
AcDbLine
 10
149.242244898
 20
118.8922139549
 30
0.0
 11
149.242244898
 21
118.9089647988
 31
0.0
  0
LINE
  5
46F
330
1F
100
AcDbEntity
  8
0
  6
Continuous
 62
     7
370
    25
100
AcDbLine
 10
148.5755782313
 20
105.794582882
 30
0.0
 11
149.242244898
 21
105.794582882
 31
0.0
  0
LINE
  5
470
330
1F
100
AcDbEntity
  8
0
  6
Continuous
 62
     7
370
    25
100
AcDbLine
 10
149.242244898
 20
105.3231783612
 30
0.0
 11
149.242244898
 21
105.794582882
 31
0.0
  0
LINE
  5
471
330
1F
100
AcDbEntity
  8
0
  6
Continuous
 62
     7
370
    25
100
AcDbLine
 10
149.242244898
 20
105.3231783612
 30
0.0
 11
148.5755782313
 21
105.3231783612
 31
0.0
  0
SPLINE
  5
472
330
1F
100
AcDbEntity
  8
0
  6
Continuous
 62
     7
370
    25
100
AcDbSpline
210
0.0
220
0.0
230
1.0
 70
    11
 71
     3
 72
    31
 73
    27
 74
     0
 42
0.00000001
 43
0.00000001
 40
0.0
 40
0.0
 40
0.0
 40
0.0
 40
0.0521673018926681
 40
0.0860253393314644
 40
0.1250029892965243
 40
0.1640653427787548
 40
0.1979313474214722
 40
0.2498853507659183
 40
0.3019073172235948
 40
0.3358050529156284
 40
0.3748974206859147
 40
0.4139321246940539
 40
0.4478259236759837
 40
0.5000003855347982
 40
0.5521632117469611
 40
0.5860222982327349
 40
0.6250031953506918
 40
0.6640654228946977
 40
0.697931351080516
 40
0.749885350778159
 40
0.801907312466268
 40
0.8358049710238094
 40
0.8748972121056908
 40
0.9139351700101033
 40
0.9478300207305721
 40
1.0
 40
1.0
 40
1.0
 40
1.0
 10
148.6206615646267
 20
105.5588806215589
 30
0.0
 10
148.6227570870471
 20
105.5364290530638
 30
0.0
 10
148.6262126621058
 20
105.4994057889071
 30
0.0
 10
148.6496670564382
 20
105.4505904633801
 30
0.0
 10
148.6792059887222
 20
105.4124950817236
 30
0.0
 10
148.7173703921027
 20
105.3827620079273
 30
0.0
 10
148.7661382574718
 20
105.3601326031071
 30
0.0
 10
148.8254570727936
 20
105.3502507154356
 30
0.0
 10
148.8847985155119
 20
105.3600619817734
 30
0.0
 10
148.933653004149
 20
105.3826705126381
 30
0.0
 10
148.9718250189723
 20
105.4124080530016
 30
0.0
 10
149.0016171214805
 20
105.4505332507505
 30
0.0
 10
149.0243244145888
 20
105.4993848529729
 30
0.0
 10
149.0342346940172
 20
105.5588761511389
 30
0.0
 10
149.0243288104577
 20
105.6183525252449
 30
0.0
 10
149.0016486592848
 20
105.6671683140239
 30
0.0
 10
148.9719064498905
 20
105.7052654519277
 30
0.0
 10
148.9337961408552
 20
105.7349992907141
 30
0.0
 10
148.8850138406781
 20
105.7576286467183
 30
0.0
 10
148.8257020133667
 20
105.767510526755
 30
0.0
 10
148.7663536475321
 20
105.7576992682767
 30
0.0
 10
148.7175137682198
 20
105.7350907870858
 30
0.0
 10
148.6792854547691
 20
105.7053524816872
 30
0.0
 10
148.6496954141929
 20
105.6672255242498
 30
0.0
 10
148.6262150113809
 20
105.6183734562728
 30
0.0
 10
148.6227574419501
 20
105.5813332872105
 30
0.0
 10
148.6206615646267
 20
105.5588806215589
 30
0.0
  0
LINE
  5
473
330
1F
100
AcDbEntity
  8
0
  6
Continuous
 62
     7
370
    25
100
AcDbLine
 10
148.5755782313
 20
103.9089647988
 30
0.0
 11
149.242244898
 21
103.9089647988
 31
0.0
  0
LINE
  5
474
330
1F
100
AcDbEntity
  8
0
  6
Continuous
 62
     7
370
    25
100
AcDbLine
 10
149.242244898
 20
105.3231783612
 30
0.0
 11
149.242244898
 21
103.9089647988
 31
0.0
  0
LINE
  5
475
330
1F
100
AcDbEntity
  8
0
  6
Continuous
 62
     7
370
    25
100
AcDbLine
 10
149.242244898
 20
107.2087964443
 30
0.0
 11
148.5755782313
 21
107.2087964443
 31
0.0
  0
LINE
  5
476
330
1F
100
AcDbEntity
  8
0
  6
Continuous
 62
     7
370
    25
100
AcDbLine
 10
149.242244898
 20
107.2087964443
 30
0.0
 11
149.242244898
 21
105.794582882
 31
0.0
  0
LINE
  5
477
330
1F
100
AcDbEntity
  8
0
  6
Continuous
 62
     7
370
    25
100
AcDbLine
 10
149.242244898
 20
107.2087964443
 30
0.0
 11
149.242244898
 21
107.2255472882
 31
0.0
  0
LINE
  5
478
330
1F
100
AcDbEntity
  8
0
  6
Continuous
 62
     7
370
    25
100
AcDbLine
 10
149.242244898
 20
103.8922139549
 30
0.0
 11
149.242244898
 21
103.9089647988
 31
0.0
  0
LINE
  5
479
330
1F
100
AcDbEntity
  8
0
  6
Continuous
 62
     7
370
    25
100
AcDbLine
 10
147.742244898
 20
108.3922139549
 30
0.0
 11
143.5755782313
 21
108.3922139549
 31
0.0
  0
LINE
  5
47A
330
1F
100
AcDbEntity
  8
0
  6
Continuous
 62
     7
370
    25
100
AcDbLine
 10
147.742244898
 20
108.3922139549
 30
0.0
 11
147.742244898
 21
102.7255472882
 31
0.0
  0
LINE
  5
47B
330
1F
100
AcDbEntity
  8
0
  6
Continuous
 62
     7
370
    25
100
AcDbLine
 10
143.5755782313
 20
108.3922139549
 30
0.0
 11
143.5755782313
 21
102.7255472882
 31
0.0
  0
LINE
  5
47C
330
1F
100
AcDbEntity
  8
0
  6
Continuous
 62
     7
370
    25
100
AcDbLine
 10
147.742244898
 20
102.7255472882
 30
0.0
 11
143.5755782313
 21
102.7255472882
 31
0.0
  0
LINE
  5
47D
330
1F
100
AcDbEntity
  8
0
  6
Continuous
 62
     7
370
    25
100
AcDbLine
 10
147.742244898
 20
102.8088806216
 30
0.0
 11
148.5755782313
 21
102.8088806216
 31
0.0
  0
LINE
  5
47E
330
1F
100
AcDbEntity
  8
0
  6
Continuous
 62
     7
370
    25
100
AcDbLine
 10
148.5755782313
 20
103.2615391629
 30
0.0
 11
147.742244898
 21
103.2615391629
 31
0.0
  0
LINE
  5
47F
330
1F
100
AcDbEntity
  8
0
  6
Continuous
 62
     7
370
    25
100
AcDbLine
 10
148.5755782313
 20
102.8088806216
 30
0.0
 11
148.5755782313
 21
103.2615391629
 31
0.0
  0
LINE
  5
480
330
1F
100
AcDbEntity
  8
0
  6
Continuous
 62
     7
370
    25
100
AcDbLine
 10
147.742244898
 20
107.8562220802
 30
0.0
 11
148.5755782313
 21
107.8562220802
 31
0.0
  0
LINE
  5
481
330
1F
100
AcDbEntity
  8
0
  6
Continuous
 62
     7
370
    25
100
AcDbLine
 10
148.5755782313
 20
107.8562220802
 30
0.0
 11
148.5755782313
 21
103.2615391629
 31
0.0
  0
LINE
  5
482
330
1F
100
AcDbEntity
  8
0
  6
Continuous
 62
     7
370
    25
100
AcDbLine
 10
148.5755782313
 20
108.3088806216
 30
0.0
 11
147.742244898
 21
108.3088806216
 31
0.0
  0
LINE
  5
483
330
1F
100
AcDbEntity
  8
0
  6
Continuous
 62
     7
370
    25
100
AcDbLine
 10
148.5755782313
 20
107.8562220802
 30
0.0
 11
148.5755782313
 21
108.3088806216
 31
0.0
  0
CIRCLE
  5
484
330
1F
100
AcDbEntity
  8
0
  6
Continuous
 62
     7
370
    25
100
AcDbCircle
 10
146.742244898
 20
101.7255472882
 30
0.0
 40
0.9166666666666714
  0
CIRCLE
  5
485
330
1F
100
AcDbEntity
  8
0
  6
Continuous
 62
     7
370
    25
100
AcDbCircle
 10
144.5755782313
 20
101.7255472882
 30
0.0
 40
0.9166666666666714
  0
LINE
  5
486
330
1F
100
AcDbEntity
  8
0
  6
Continuous
 62
     7
370
    25
100
AcDbLine
 10
147.742244898
 20
100.5588806216
 30
0.0
 11
143.5755782313
 21
100.5588806216
 31
0.0
  0
LINE
  5
487
330
1F
100
AcDbEntity
  8
0
  6
Continuous
 62
     7
370
    25
100
AcDbLine
 10
143.5755782313
 20
102.7255472882
 30
0.0
 11
143.5755782313
 21
100.5588806216
 31
0.0
  0
LINE
  5
488
330
1F
100
AcDbEntity
  8
0
  6
Continuous
 62
     7
370
    25
100
AcDbLine
 10
147.742244898
 20
102.7255472882
 30
0.0
 11
147.742244898
 21
100.5588806216
 31
0.0
  0
CIRCLE
  5
489
330
1F
100
AcDbEntity
  8
0
  6
Continuous
 62
     7
370
    25
100
AcDbCircle
 10
144.5755782313
 20
109.3922139549
 30
0.0
 40
0.9166666666666714
  0
CIRCLE
  5
48A
330
1F
100
AcDbEntity
  8
0
  6
Continuous
 62
     7
370
    25
100
AcDbCircle
 10
146.742244898
 20
109.3922139549
 30
0.0
 40
0.9166666666666714
  0
LINE
  5
48B
330
1F
100
AcDbEntity
  8
0
  6
Continuous
 62
     7
370
    25
100
AcDbLine
 10
147.742244898
 20
110.5588806216
 30
0.0
 11
143.5755782313
 21
110.5588806216
 31
0.0
  0
LINE
  5
48C
330
1F
100
AcDbEntity
  8
0
  6
Continuous
 62
     7
370
    25
100
AcDbLine
 10
143.5755782313
 20
110.5588806216
 30
0.0
 11
143.5755782313
 21
108.3922139549
 31
0.0
  0
LINE
  5
48D
330
1F
100
AcDbEntity
  8
0
  6
Continuous
 62
     7
370
    25
100
AcDbLine
 10
147.742244898
 20
110.5588806216
 30
0.0
 11
147.742244898
 21
108.3922139549
 31
0.0
  0
CIRCLE
  5
48E
330
1F
100
AcDbEntity
  8
0
  6
Continuous
 62
     7
370
    25
100
AcDbCircle
 10
146.742244898
 20
101.7255472882
 30
0.0
 40
0.5500000000000114
  0
CIRCLE
  5
48F
330
1F
100
AcDbEntity
  8
0
  6
Continuous
 62
     7
370
    25
100
AcDbCircle
 10
144.5755782313
 20
101.7255472882
 30
0.0
 40
0.5499999999999545
  0
CIRCLE
  5
490
330
1F
100
AcDbEntity
  8
0
  6
Continuous
 62
     7
370
    25
100
AcDbCircle
 10
146.742244898
 20
109.3922139549
 30
0.0
 40
0.5499999999999972
  0
CIRCLE
  5
491
330
1F
100
AcDbEntity
  8
0
  6
Continuous
 62
     7
370
    25
100
AcDbCircle
 10
144.5755782313
 20
109.3922139549
 30
0.0
 40
0.5499999999999972
  0
LINE
  5
492
330
1F
100
AcDbEntity
  8
0
  6
Continuous
 62
     7
370
    25
100
AcDbLine
 10
147.742244898
 20
123.3922139549
 30
0.0
 11
143.5755782313
 21
123.3922139549
 31
0.0
  0
LINE
  5
493
330
1F
100
AcDbEntity
  8
0
  6
Continuous
 62
     7
370
    25
100
AcDbLine
 10
147.742244898
 20
123.3922139549
 30
0.0
 11
147.742244898
 21
117.7255472882
 31
0.0
  0
LINE
  5
494
330
1F
100
AcDbEntity
  8
0
  6
Continuous
 62
     7
370
    25
100
AcDbLine
 10
147.742244898
 20
117.7255472882
 30
0.0
 11
143.5755782313
 21
117.7255472882
 31
0.0
  0
LINE
  5
495
330
1F
100
AcDbEntity
  8
0
  6
Continuous
 62
     7
370
    25
100
AcDbLine
 10
143.5755782313
 20
123.3922139549
 30
0.0
 11
143.5755782313
 21
117.7255472882
 31
0.0
  0
LINE
  5
496
330
1F
100
AcDbEntity
  8
0
  6
Continuous
 62
     7
370
    25
100
AcDbLine
 10
147.742244898
 20
117.8088806216
 30
0.0
 11
148.5755782313
 21
117.8088806216
 31
0.0
  0
LINE
  5
497
330
1F
100
AcDbEntity
  8
0
  6
Continuous
 62
     7
370
    25
100
AcDbLine
 10
148.5755782313
 20
118.2615391629
 30
0.0
 11
147.742244898
 21
118.2615391629
 31
0.0
  0
LINE
  5
498
330
1F
100
AcDbEntity
  8
0
  6
Continuous
 62
     7
370
    25
100
AcDbLine
 10
148.5755782313
 20
117.8088806216
 30
0.0
 11
148.5755782313
 21
118.2615391629
 31
0.0
  0
LINE
  5
499
330
1F
100
AcDbEntity
  8
0
  6
Continuous
 62
     7
370
    25
100
AcDbLine
 10
147.742244898
 20
122.8562220802
 30
0.0
 11
148.5755782313
 21
122.8562220802
 31
0.0
  0
LINE
  5
49A
330
1F
100
AcDbEntity
  8
0
  6
Continuous
 62
     7
370
    25
100
AcDbLine
 10
148.5755782313
 20
122.8562220802
 30
0.0
 11
148.5755782313
 21
118.2615391629
 31
0.0
  0
LINE
  5
49B
330
1F
100
AcDbEntity
  8
0
  6
Continuous
 62
     7
370
    25
100
AcDbLine
 10
148.5755782313
 20
123.3088806216
 30
0.0
 11
147.742244898
 21
123.3088806216
 31
0.0
  0
LINE
  5
49C
330
1F
100
AcDbEntity
  8
0
  6
Continuous
 62
     7
370
    25
100
AcDbLine
 10
148.5755782313
 20
122.8562220802
 30
0.0
 11
148.5755782313
 21
123.3088806216
 31
0.0
  0
CIRCLE
  5
49D
330
1F
100
AcDbEntity
  8
0
  6
Continuous
 62
     7
370
    25
100
AcDbCircle
 10
144.5755782313
 20
124.3922139549
 30
0.0
 40
0.9166666666666714
  0
CIRCLE
  5
49E
330
1F
100
AcDbEntity
  8
0
  6
Continuous
 62
     7
370
    25
100
AcDbCircle
 10
146.742244898
 20
124.3922139549
 30
0.0
 40
0.9166666666666714
  0
LINE
  5
49F
330
1F
100
AcDbEntity
  8
0
  6
Continuous
 62
     7
370
    25
100
AcDbLine
 10
147.742244898
 20
125.5588806216
 30
0.0
 11
143.5755782313
 21
125.5588806216
 31
0.0
  0
LINE
  5
4A0
330
1F
100
AcDbEntity
  8
0
  6
Continuous
 62
     7
370
    25
100
AcDbLine
 10
143.5755782313
 20
125.5588806216
 30
0.0
 11
143.5755782313
 21
123.3922139549
 31
0.0
  0
LINE
  5
4A1
330
1F
100
AcDbEntity
  8
0
  6
Continuous
 62
     7
370
    25
100
AcDbLine
 10
147.742244898
 20
125.5588806216
 30
0.0
 11
147.742244898
 21
123.3922139549
 31
0.0
  0
CIRCLE
  5
4A2
330
1F
100
AcDbEntity
  8
0
  6
Continuous
 62
     7
370
    25
100
AcDbCircle
 10
144.5755782313
 20
116.7255472882
 30
0.0
 40
0.9166666666666572
  0
CIRCLE
  5
4A3
330
1F
100
AcDbEntity
  8
0
  6
Continuous
 62
     7
370
    25
100
AcDbCircle
 10
146.742244898
 20
116.7255472882
 30
0.0
 40
0.9166666666666572
  0
LINE
  5
4A4
330
1F
100
AcDbEntity
  8
0
  6
Continuous
 62
     7
370
    25
100
AcDbLine
 10
147.742244898
 20
115.5588806216
 30
0.0
 11
143.5755782313
 21
115.5588806216
 31
0.0
  0
LINE
  5
4A5
330
1F
100
AcDbEntity
  8
0
  6
Continuous
 62
     7
370
    25
100
AcDbLine
 10
143.5755782313
 20
117.7255472882
 30
0.0
 11
143.5755782313
 21
115.5588806216
 31
0.0
  0
LINE
  5
4A6
330
1F
100
AcDbEntity
  8
0
  6
Continuous
 62
     7
370
    25
100
AcDbLine
 10
147.742244898
 20
117.7255472882
 30
0.0
 11
147.742244898
 21
115.5588806216
 31
0.0
  0
CIRCLE
  5
4A7
330
1F
100
AcDbEntity
  8
0
  6
Continuous
 62
     7
370
    25
100
AcDbCircle
 10
146.742244898
 20
116.7255472882
 30
0.0
 40
0.5499999999999972
  0
CIRCLE
  5
4A8
330
1F
100
AcDbEntity
  8
0
  6
Continuous
 62
     7
370
    25
100
AcDbCircle
 10
144.5755782313
 20
116.7255472882
 30
0.0
 40
0.5499999999999545
  0
CIRCLE
  5
4A9
330
1F
100
AcDbEntity
  8
0
  6
Continuous
 62
     7
370
    25
100
AcDbCircle
 10
146.742244898
 20
124.3922139549
 30
0.0
 40
0.5499999999999972
  0
CIRCLE
  5
4AA
330
1F
100
AcDbEntity
  8
0
  6
Continuous
 62
     7
370
    25
100
AcDbCircle
 10
144.5755782313
 20
124.3922139549
 30
0.0
 40
0.549999999999983
  0
LINE
  5
4AB
330
1F
100
AcDbEntity
  8
0
  6
Continuous
 62
     7
370
    25
100
AcDbLine
 10
148.5755782313
 20
108.3090464175
 30
0.0
 11
147.742244898
 21
108.3090464175
 31
0.0
  0
LINE
  5
4AC
330
1F
100
AcDbEntity
  8
0
  6
Continuous
 62
     7
370
    25
100
AcDbLine
 10
171.2755782313
 20
102.7255472882
 30
0.0
 11
171.2755782313
 21
108.3922139549
 31
0.0
  0
LINE
  5
4AD
330
1F
100
AcDbEntity
  8
0
  6
Continuous
 62
     7
370
    25
100
AcDbLine
 10
174.6089115646
 20
102.7255472882
 30
0.0
 11
174.6089115646
 21
108.3922139549
 31
0.0
  0
LINE
  5
4AE
330
1F
100
AcDbEntity
  8
0
  6
Continuous
 62
     7
370
    25
100
AcDbLine
 10
171.2755782313
 20
102.7255472882
 30
0.0
 11
174.6089115646
 21
102.7255472882
 31
0.0
  0
LINE
  5
4AF
330
1F
100
AcDbEntity
  8
0
  6
Continuous
 62
     7
370
    25
100
AcDbLine
 10
171.2755782313
 20
108.3922139549
 30
0.0
 11
174.6089115646
 21
108.3922139549
 31
0.0
  0
CIRCLE
  5
4B0
330
1F
100
AcDbEntity
  8
0
  6
Continuous
 62
     7
370
    25
100
AcDbCircle
 10
172.942244898
 20
109.3922139549
 30
0.0
 40
0.9166666666666714
  0
LINE
  5
4B1
330
1F
100
AcDbEntity
  8
0
  6
Continuous
 62
     7
370
    25
100
AcDbLine
 10
171.2755782313
 20
110.5588806216
 30
0.0
 11
174.6089115646
 21
110.5588806216
 31
0.0
  0
LINE
  5
4B2
330
1F
100
AcDbEntity
  8
0
  6
Continuous
 62
     7
370
    25
100
AcDbLine
 10
174.6089115646
 20
108.3922139549
 30
0.0
 11
174.6089115646
 21
110.5588806216
 31
0.0
  0
LINE
  5
4B3
330
1F
100
AcDbEntity
  8
0
  6
Continuous
 62
     7
370
    25
100
AcDbLine
 10
171.2755782313
 20
108.3922139549
 30
0.0
 11
171.2755782313
 21
110.5588806216
 31
0.0
  0
CIRCLE
  5
4B4
330
1F
100
AcDbEntity
  8
0
  6
Continuous
 62
     7
370
    25
100
AcDbCircle
 10
172.942244898
 20
101.7255472882
 30
0.0
 40
0.9166666666666714
  0
LINE
  5
4B5
330
1F
100
AcDbEntity
  8
0
  6
Continuous
 62
     7
370
    25
100
AcDbLine
 10
171.2755782313
 20
100.5588806216
 30
0.0
 11
174.6089115646
 21
100.5588806216
 31
0.0
  0
LINE
  5
4B6
330
1F
100
AcDbEntity
  8
0
  6
Continuous
 62
     7
370
    25
100
AcDbLine
 10
174.6089115646
 20
100.5588806216
 30
0.0
 11
174.6089115646
 21
102.7255472882
 31
0.0
  0
LINE
  5
4B7
330
1F
100
AcDbEntity
  8
0
  6
Continuous
 62
     7
370
    25
100
AcDbLine
 10
171.2755782313
 20
100.5588806216
 30
0.0
 11
171.2755782313
 21
102.7255472882
 31
0.0
  0
CIRCLE
  5
4B8
330
1F
100
AcDbEntity
  8
0
  6
Continuous
 62
     7
370
    25
100
AcDbCircle
 10
172.942244898
 20
101.7255472882
 30
0.0
 40
0.5499999999999972
  0
CIRCLE
  5
4B9
330
1F
100
AcDbEntity
  8
0
  6
Continuous
 62
     7
370
    25
100
AcDbCircle
 10
172.942244898
 20
109.3922139549
 30
0.0
 40
0.5499999999999972
  0
LINE
  5
4BA
330
1F
100
AcDbEntity
  8
0
  6
Continuous
 62
     7
370
    25
100
AcDbLine
 10
171.2755782313
 20
117.7255472882
 30
0.0
 11
174.6089115646
 21
117.7255472882
 31
0.0
  0
LINE
  5
4BB
330
1F
100
AcDbEntity
  8
0
  6
Continuous
 62
     7
370
    25
100
AcDbLine
 10
171.2755782313
 20
117.7255472882
 30
0.0
 11
171.2755782313
 21
123.3922139549
 31
0.0
  0
LINE
  5
4BC
330
1F
100
AcDbEntity
  8
0
  6
Continuous
 62
     7
370
    25
100
AcDbLine
 10
171.2755782313
 20
123.3922139549
 30
0.0
 11
174.6089115646
 21
123.3922139549
 31
0.0
  0
LINE
  5
4BD
330
1F
100
AcDbEntity
  8
0
  6
Continuous
 62
     7
370
    25
100
AcDbLine
 10
174.6089115646
 20
117.7255472882
 30
0.0
 11
174.6089115646
 21
123.3922139549
 31
0.0
  0
CIRCLE
  5
4BE
330
1F
100
AcDbEntity
  8
0
  6
Continuous
 62
     7
370
    25
100
AcDbCircle
 10
172.942244898
 20
124.3922139549
 30
0.0
 40
0.9166666666666572
  0
LINE
  5
4BF
330
1F
100
AcDbEntity
  8
0
  6
Continuous
 62
     7
370
    25
100
AcDbLine
 10
171.2755782313
 20
125.5588806216
 30
0.0
 11
174.6089115646
 21
125.5588806216
 31
0.0
  0
LINE
  5
4C0
330
1F
100
AcDbEntity
  8
0
  6
Continuous
 62
     7
370
    25
100
AcDbLine
 10
174.6089115646
 20
123.3922139549
 30
0.0
 11
174.6089115646
 21
125.5588806216
 31
0.0
  0
LINE
  5
4C1
330
1F
100
AcDbEntity
  8
0
  6
Continuous
 62
     7
370
    25
100
AcDbLine
 10
171.2755782313
 20
123.3922139549
 30
0.0
 11
171.2755782313
 21
125.5588806216
 31
0.0
  0
CIRCLE
  5
4C2
330
1F
100
AcDbEntity
  8
0
  6
Continuous
 62
     7
370
    25
100
AcDbCircle
 10
172.942244898
 20
116.7255472882
 30
0.0
 40
0.9166666666666714
  0
LINE
  5
4C3
330
1F
100
AcDbEntity
  8
0
  6
Continuous
 62
     7
370
    25
100
AcDbLine
 10
171.2755782313
 20
115.5588806216
 30
0.0
 11
174.6089115646
 21
115.5588806216
 31
0.0
  0
LINE
  5
4C4
330
1F
100
AcDbEntity
  8
0
  6
Continuous
 62
     7
370
    25
100
AcDbLine
 10
174.6089115646
 20
115.5588806216
 30
0.0
 11
174.6089115646
 21
117.7255472882
 31
0.0
  0
LINE
  5
4C5
330
1F
100
AcDbEntity
  8
0
  6
Continuous
 62
     7
370
    25
100
AcDbLine
 10
171.2755782313
 20
115.5588806216
 30
0.0
 11
171.2755782313
 21
117.7255472882
 31
0.0
  0
CIRCLE
  5
4C6
330
1F
100
AcDbEntity
  8
0
  6
Continuous
 62
     7
370
    25
100
AcDbCircle
 10
172.942244898
 20
124.3922139549
 30
0.0
 40
0.5499999999999972
  0
CIRCLE
  5
4C7
330
1F
100
AcDbEntity
  8
0
  6
Continuous
 62
     7
370
    25
100
AcDbCircle
 10
172.942244898
 20
116.7255472882
 30
0.0
 40
0.5499999999999972
  0
LINE
  5
4C8
330
1F
100
AcDbEntity
  8
0
  6
Continuous
 62
     7
370
    25
100
AcDbLine
 10
190.242244898
 20
137.2255472882
 30
0.0
 11
190.242244898
 21
138.0588806216
 31
0.0
  0
LINE
  5
4C9
330
1F
100
AcDbEntity
  8
0
  6
Continuous
 62
     7
370
    25
100
AcDbLine
 10
190.242244898
 20
137.2255472882
 30
0.0
 11
173.5755782313
 21
137.2255472882
 31
0.0
  0
LINE
  5
4CA
330
1F
100
AcDbEntity
  8
0
  6
Continuous
 62
     7
370
    25
100
AcDbLine
 10
173.5755782313
 20
137.2255472882
 30
0.0
 11
173.5755782313
 21
138.0588806216
 31
0.0
  0
LINE
  5
4CB
330
1F
100
AcDbEntity
  8
0
  6
Continuous
 62
     7
370
    25
100
AcDbLine
 10
190.242244898
 20
138.0588806216
 30
0.0
 11
173.5755782313
 21
138.0588806216
 31
0.0
  0
LINE
  5
4CC
330
1F
100
AcDbEntity
  8
0
  6
Continuous
 62
     7
370
    25
100
AcDbLine
 10
173.5755782313
 20
88.8922139549
 30
0.0
 11
190.242244898
 21
88.8922139549
 31
0.0
  0
LINE
  5
4CD
330
1F
100
AcDbEntity
  8
0
  6
Continuous
 62
     7
370
    25
100
AcDbLine
 10
190.242244898
 20
88.8922139549
 30
0.0
 11
190.242244898
 21
88.0588806216
 31
0.0
  0
LINE
  5
4CE
330
1F
100
AcDbEntity
  8
0
  6
Continuous
 62
     7
370
    25
100
AcDbLine
 10
173.5755782313
 20
88.0588806216
 30
0.0
 11
190.242244898
 21
88.0588806216
 31
0.0
  0
LINE
  5
4CF
330
1F
100
AcDbEntity
  8
0
  6
Continuous
 62
     7
370
    25
100
AcDbLine
 10
173.5755782313
 20
88.8922139549
 30
0.0
 11
173.5755782313
 21
88.0588806216
 31
0.0
  0
LINE
  5
4D0
330
1F
100
AcDbEntity
  8
0
  6
Continuous
 62
     7
370
    25
100
AcDbLine
 10
173.5755782313
 20
140.5588806216
 30
0.0
 11
190.242244898
 21
140.5588806216
 31
0.0
  0
LINE
  5
4D1
330
1F
100
AcDbEntity
  8
0
  6
Continuous
 62
     7
370
    25
100
AcDbLine
 10
190.242244898
 20
139.3338806216
 30
0.0
 11
190.242244898
 21
140.5588806216
 31
0.0
  0
LINE
  5
4D2
330
1F
100
AcDbEntity
  8
0
  6
Continuous
 62
     7
370
    25
100
AcDbLine
 10
173.5755782313
 20
139.3338806216
 30
0.0
 11
173.5755782313
 21
140.5588806216
 31
0.0
  0
LINE
  5
4D3
330
1F
100
AcDbEntity
  8
0
  6
Continuous
 62
     7
370
    25
100
AcDbLine
 10
190.242244898
 20
139.3338806216
 30
0.0
 11
173.5755782313
 21
139.3338806216
 31
0.0
  0
LINE
  5
4D4
330
1F
100
AcDbEntity
  8
0
  6
Continuous
 62
     7
370
    25
100
AcDbLine
 10
173.5755782313
 20
138.0588806216
 30
0.0
 11
173.5755782313
 21
138.4505472882
 31
0.0
  0
LINE
  5
4D5
330
1F
100
AcDbEntity
  8
0
  6
Continuous
 62
     7
370
    25
100
AcDbLine
 10
190.242244898
 20
138.4505472882
 30
0.0
 11
173.5755782313
 21
138.4505472882
 31
0.0
  0
LINE
  5
4D6
330
1F
100
AcDbEntity
  8
0
  6
Continuous
 62
     7
370
    25
100
AcDbLine
 10
190.242244898
 20
138.0588806216
 30
0.0
 11
190.242244898
 21
138.4505472882
 31
0.0
  0
LINE
  5
4D7
330
1F
100
AcDbEntity
  8
0
  6
Continuous
 62
     7
370
    25
100
AcDbLine
 10
173.5755782313
 20
139.3338806216
 30
0.0
 11
173.5755782313
 21
138.4505472882
 31
0.0
  0
LINE
  5
4D8
330
1F
100
AcDbEntity
  8
0
  6
Continuous
 62
     7
370
    25
100
AcDbLine
 10
190.242244898
 20
139.3338806216
 30
0.0
 11
190.242244898
 21
138.4505472882
 31
0.0
  0
LINE
  5
4D9
330
1F
100
AcDbEntity
  8
0
  6
Continuous
 62
     7
370
    25
100
AcDbLine
 10
173.5755782313
 20
85.5588806216
 30
0.0
 11
173.5755782313
 21
86.7838806216
 31
0.0
  0
LINE
  5
4DA
330
1F
100
AcDbEntity
  8
0
  6
Continuous
 62
     7
370
    25
100
AcDbLine
 10
190.242244898
 20
86.7838806216
 30
0.0
 11
173.5755782313
 21
86.7838806216
 31
0.0
  0
LINE
  5
4DB
330
1F
100
AcDbEntity
  8
0
  6
Continuous
 62
     7
370
    25
100
AcDbLine
 10
173.5755782313
 20
85.5588806216
 30
0.0
 11
190.242244898
 21
85.5588806216
 31
0.0
  0
LINE
  5
4DC
330
1F
100
AcDbEntity
  8
0
  6
Continuous
 62
     7
370
    25
100
AcDbLine
 10
190.242244898
 20
85.5588806216
 30
0.0
 11
190.242244898
 21
86.7838806216
 31
0.0
  0
LINE
  5
4DD
330
1F
100
AcDbEntity
  8
0
  6
Continuous
 62
     7
370
    25
100
AcDbLine
 10
173.5755782313
 20
87.6672139549
 30
0.0
 11
173.5755782313
 21
88.0588806216
 31
0.0
  0
LINE
  5
4DE
330
1F
100
AcDbEntity
  8
0
  6
Continuous
 62
     7
370
    25
100
AcDbLine
 10
190.242244898
 20
87.6672139549
 30
0.0
 11
173.5755782313
 21
87.6672139549
 31
0.0
  0
LINE
  5
4DF
330
1F
100
AcDbEntity
  8
0
  6
Continuous
 62
     7
370
    25
100
AcDbLine
 10
190.242244898
 20
87.6672139549
 30
0.0
 11
190.242244898
 21
88.0588806216
 31
0.0
  0
LINE
  5
4E0
330
1F
100
AcDbEntity
  8
0
  6
Continuous
 62
     7
370
    25
100
AcDbLine
 10
173.5755782313
 20
87.6672139549
 30
0.0
 11
173.5755782313
 21
86.7838806216
 31
0.0
  0
LINE
  5
4E1
330
1F
100
AcDbEntity
  8
0
  6
Continuous
 62
     7
370
    25
100
AcDbLine
 10
190.242244898
 20
87.6672139549
 30
0.0
 11
190.242244898
 21
86.7838806216
 31
0.0
  0
LINE
  5
4E2
330
1F
100
AcDbEntity
  8
0
  6
Continuous
 62
     7
370
    25
100
AcDbLine
 10
147.058472664
 20
102.1755472882
 30
0.0
 11
146.4260171319
 21
102.1755472882
 31
0.0
  0
LINE
  5
4E3
330
1F
100
AcDbEntity
  8
0
  6
Continuous
 62
     7
370
    25
100
AcDbLine
 10
144.8918059973
 20
102.1755472882
 30
0.0
 11
144.2593504653
 21
102.1755472882
 31
0.0
  0
LINE
  5
4E4
330
1F
100
AcDbEntity
  8
0
  6
Continuous
 62
     7
370
    25
100
AcDbLine
 10
143.5755782313
 20
100.0672139549
 30
0.0
 11
143.5755782313
 21
100.5588806216
 31
0.0
  0
LINE
  5
4E5
330
1F
100
AcDbEntity
  8
0
  6
Continuous
 62
     7
370
    25
100
AcDbLine
 10
147.0809515885
 20
101.2922139549
 30
0.0
 11
146.4035382074
 21
101.2922139549
 31
0.0
  0
LINE
  5
4E6
330
1F
100
AcDbEntity
  8
0
  6
Continuous
 62
     7
370
    25
100
AcDbLine
 10
144.9142849218
 20
101.2922139549
 30
0.0
 11
144.2368715407
 21
101.2922139549
 31
0.0
  0
LINE
  5
4E7
330
1F
100
AcDbEntity
  8
0
  6
Continuous
 62
     7
370
    25
100
AcDbLine
 10
143.5755782313
 20
100.0672139549
 30
0.0
 11
147.742244898
 21
100.0672139549
 31
0.0
  0
LINE
  5
4E8
330
1F
100
AcDbEntity
  8
0
  6
Continuous
 62
     7
370
    25
100
AcDbLine
 10
147.742244898
 20
100.0672139549
 30
0.0
 11
147.742244898
 21
100.5588806216
 31
0.0
  0
LINE
  5
4E9
330
1F
100
AcDbEntity
  8
0
  6
Continuous
 62
     7
370
    25
100
AcDbLine
 10
143.5755782313
 20
115.0672139549
 30
0.0
 11
147.742244898
 21
115.0672139549
 31
0.0
  0
LINE
  5
4EA
330
1F
100
AcDbEntity
  8
0
  6
Continuous
 62
     7
370
    25
100
AcDbLine
 10
143.5755782313
 20
115.0672139549
 30
0.0
 11
143.5755782313
 21
115.5588806216
 31
0.0
  0
LINE
  5
4EB
330
1F
100
AcDbEntity
  8
0
  6
Continuous
 62
     7
370
    25
100
AcDbLine
 10
147.0809515885
 20
116.2922139549
 30
0.0
 11
146.4035382074
 21
116.2922139549
 31
0.0
  0
LINE
  5
4EC
330
1F
100
AcDbEntity
  8
0
  6
Continuous
 62
     7
370
    25
100
AcDbLine
 10
144.9142849218
 20
116.2922139549
 30
0.0
 11
144.2368715407
 21
116.2922139549
 31
0.0
  0
LINE
  5
4ED
330
1F
100
AcDbEntity
  8
0
  6
Continuous
 62
     7
370
    25
100
AcDbLine
 10
147.742244898
 20
115.0672139549
 30
0.0
 11
147.742244898
 21
115.5588806216
 31
0.0
  0
LINE
  5
4EE
330
1F
100
AcDbEntity
  8
0
  6
Continuous
 62
     7
370
    25
100
AcDbLine
 10
147.058472664
 20
117.1755472882
 30
0.0
 11
146.4260171319
 21
117.1755472882
 31
0.0
  0
LINE
  5
4EF
330
1F
100
AcDbEntity
  8
0
  6
Continuous
 62
     7
370
    25
100
AcDbLine
 10
144.8918059973
 20
117.1755472882
 30
0.0
 11
144.2593504653
 21
117.1755472882
 31
0.0
  0
LINE
  5
4F0
330
1F
100
AcDbEntity
  8
0
  6
Continuous
 62
     7
370
    25
100
AcDbLine
 10
143.5755782313
 20
126.0672139549
 30
0.0
 11
147.742244898
 21
126.0672139549
 31
0.0
  0
LINE
  5
4F1
330
1F
100
AcDbEntity
  8
0
  6
Continuous
 62
     7
370
    25
100
AcDbLine
 10
147.742244898
 20
126.0505472882
 30
0.0
 11
147.742244898
 21
126.0672139549
 31
0.0
  0
LINE
  5
4F2
330
1F
100
AcDbEntity
  8
0
  6
Continuous
 62
     7
370
    25
100
AcDbLine
 10
147.742244898
 20
115.0505472882
 30
0.0
 11
147.742244898
 21
115.0672139549
 31
0.0
  0
LINE
  5
4F3
330
1F
100
AcDbEntity
  8
0
  6
Continuous
 62
     7
370
    25
100
AcDbLine
 10
143.5755782313
 20
115.0505472882
 30
0.0
 11
147.742244898
 21
115.0505472882
 31
0.0
  0
LINE
  5
4F4
330
1F
100
AcDbEntity
  8
0
  6
Continuous
 62
     7
370
    25
100
AcDbLine
 10
147.0809515885
 20
108.9588806216
 30
0.0
 11
146.4035382074
 21
108.9588806216
 31
0.0
  0
LINE
  5
4F5
330
1F
100
AcDbEntity
  8
0
  6
Continuous
 62
     7
370
    25
100
AcDbLine
 10
144.9142849218
 20
108.9588806216
 30
0.0
 11
144.2368715407
 21
108.9588806216
 31
0.0
  0
LINE
  5
4F6
330
1F
100
AcDbEntity
  8
0
  6
Continuous
 62
     7
370
    25
100
AcDbLine
 10
143.5755782313
 20
111.0672139549
 30
0.0
 11
147.742244898
 21
111.0672139549
 31
0.0
  0
LINE
  5
4F7
330
1F
100
AcDbEntity
  8
0
  6
Continuous
 62
     7
370
    25
100
AcDbLine
 10
147.742244898
 20
110.5588806216
 30
0.0
 11
147.742244898
 21
111.0672139549
 31
0.0
  0
LINE
  5
4F8
330
1F
100
AcDbEntity
  8
0
  6
Continuous
 62
     7
370
    25
100
AcDbLine
 10
147.058472664
 20
109.8422139549
 30
0.0
 11
146.4260171319
 21
109.8422139549
 31
0.0
  0
LINE
  5
4F9
330
1F
100
AcDbEntity
  8
0
  6
Continuous
 62
     7
370
    25
100
AcDbLine
 10
144.8918059973
 20
109.8422139549
 30
0.0
 11
144.2593504653
 21
109.8422139549
 31
0.0
  0
LINE
  5
4FA
330
1F
100
AcDbEntity
  8
0
  6
Continuous
 62
     7
370
    25
100
AcDbLine
 10
143.5755782313
 20
110.5588806216
 30
0.0
 11
143.5755782313
 21
111.0672139549
 31
0.0
  0
LINE
  5
4FB
330
1F
100
AcDbEntity
  8
0
  6
Continuous
 62
     7
370
    25
100
AcDbLine
 10
147.058472664
 20
123.9422139549
 30
0.0
 11
146.4260171319
 21
123.9422139549
 31
0.0
  0
LINE
  5
4FC
330
1F
100
AcDbEntity
  8
0
  6
Continuous
 62
     7
370
    25
100
AcDbLine
 10
144.8918059973
 20
123.9422139549
 30
0.0
 11
144.2593504653
 21
123.9422139549
 31
0.0
  0
LINE
  5
4FD
330
1F
100
AcDbEntity
  8
0
  6
Continuous
 62
     7
370
    25
100
AcDbLine
 10
143.5755782313
 20
126.0505472882
 30
0.0
 11
147.742244898
 21
126.0505472882
 31
0.0
  0
LINE
  5
4FE
330
1F
100
AcDbEntity
  8
0
  6
Continuous
 62
     7
370
    25
100
AcDbLine
 10
147.742244898
 20
125.5588806216
 30
0.0
 11
147.742244898
 21
126.0505472882
 31
0.0
  0
LINE
  5
4FF
330
1F
100
AcDbEntity
  8
0
  6
Continuous
 62
     7
370
    25
100
AcDbLine
 10
143.5755782313
 20
125.5588806216
 30
0.0
 11
143.5755782313
 21
126.0505472882
 31
0.0
  0
LINE
  5
500
330
1F
100
AcDbEntity
  8
0
  6
Continuous
 62
     7
370
    25
100
AcDbLine
 10
147.0809515885
 20
124.8255472882
 30
0.0
 11
146.4035382074
 21
124.8255472882
 31
0.0
  0
LINE
  5
501
330
1F
100
AcDbEntity
  8
0
  6
Continuous
 62
     7
370
    25
100
AcDbLine
 10
144.9142849218
 20
124.8255472882
 30
0.0
 11
144.2368715407
 21
124.8255472882
 31
0.0
  0
CIRCLE
  5
502
330
1F
100
AcDbEntity
  8
0
  6
Continuous
 62
     7
370
    25
100
AcDbCircle
 10
128.0089115646
 20
100.0588806216
 30
0.0
 40
0.3333333333333144
  0
CIRCLE
  5
503
330
1F
100
AcDbEntity
  8
0
  6
Continuous
 62
     7
370
    25
100
AcDbCircle
 10
132.5089115646
 20
98.8922139549
 30
0.0
 40
0.3500000000000227
  0
CIRCLE
  5
504
330
1F
100
AcDbEntity
  8
0
  6
Continuous
 62
     7
370
    25
100
AcDbCircle
 10
129.1755782313
 20
98.8922139549
 30
0.0
 40
0.3499999999999943
  0
CIRCLE
  5
505
330
1F
100
AcDbEntity
  8
0
  6
Continuous
 62
     7
370
    25
100
AcDbCircle
 10
133.6755782313
 20
100.0588806216
 30
0.0
 40
0.3333333333333428
  0
CIRCLE
  5
506
330
1F
100
AcDbEntity
  8
0
  6
Continuous
 62
     7
370
    25
100
AcDbCircle
 10
133.6755782313
 20
97.7255472882
 30
0.0
 40
0.3333333333333428
  0
CIRCLE
  5
507
330
1F
100
AcDbEntity
  8
0
  6
Continuous
 62
     7
370
    25
100
AcDbCircle
 10
128.0089115646
 20
97.7255472882
 30
0.0
 40
0.3333333333333144
  0
LINE
  5
508
330
1F
100
AcDbEntity
  8
0
  6
Continuous
 62
     7
370
    25
100
AcDbLine
 10
133.9255782313
 20
99.3338806216
 30
0.0
 11
134.1755782313
 21
99.3338806216
 31
0.0
  0
LINE
  5
509
330
1F
100
AcDbEntity
  8
0
  6
Continuous
 62
     7
370
    25
100
AcDbLine
 10
133.9255782313
 20
99.5838806216
 30
0.0
 11
133.9255782313
 21
99.3338806216
 31
0.0
  0
LINE
  5
50A
330
1F
100
AcDbEntity
  8
0
  6
Continuous
 62
     7
370
    25
100
AcDbLine
 10
133.453361351
 20
99.5838806216
 30
0.0
 11
133.9255782313
 21
99.5838806216
 31
0.0
  0
ARC
  5
50B
330
1F
100
AcDbEntity
  8
0
  6
Continuous
 62
     7
370
    25
100
AcDbCircle
 10
134.1755782313
 20
98.8922139549
 30
0.0
 40
1.000000000000005
100
AcDbArc
 50
136.2378147971
 51
223.7621852029
  0
LINE
  5
50C
330
1F
100
AcDbEntity
  8
0
  6
Continuous
 62
     7
370
    25
100
AcDbLine
 10
133.9255782313
 20
98.2005472882
 30
0.0
 11
133.453361351
 21
98.2005472882
 31
0.0
  0
LINE
  5
50D
330
1F
100
AcDbEntity
  8
0
  6
Continuous
 62
     7
370
    25
100
AcDbLine
 10
133.9255782313
 20
98.4505472882
 30
0.0
 11
133.9255782313
 21
98.2005472882
 31
0.0
  0
LINE
  5
50E
330
1F
100
AcDbEntity
  8
0
  6
Continuous
 62
     7
370
    25
100
AcDbLine
 10
134.1755782313
 20
98.4505472882
 30
0.0
 11
133.9255782313
 21
98.4505472882
 31
0.0
  0
LINE
  5
50F
330
1F
100
AcDbEntity
  8
0
  6
Continuous
 62
     7
370
    25
100
AcDbLine
 10
134.1755782313
 20
97.2255472882
 30
0.0
 11
134.1755782313
 21
98.4505472882
 31
0.0
  0
LINE
  5
510
330
1F
100
AcDbEntity
  8
0
  6
Continuous
 62
     7
370
    25
100
AcDbLine
 10
132.9505782313
 20
97.4755472882
 30
0.0
 11
132.9505782313
 21
97.2255472882
 31
0.0
  0
LINE
  5
511
330
1F
100
AcDbEntity
  8
0
  6
Continuous
 62
     7
370
    25
100
AcDbLine
 10
133.2005782313
 20
97.4755472882
 30
0.0
 11
132.9505782313
 21
97.4755472882
 31
0.0
  0
LINE
  5
512
330
1F
100
AcDbEntity
  8
0
  6
Continuous
 62
     7
370
    25
100
AcDbLine
 10
133.2005782313
 20
97.9477641685
 30
0.0
 11
133.2005782313
 21
97.4755472882
 31
0.0
  0
ARC
  5
513
330
1F
100
AcDbEntity
  8
0
  6
Continuous
 62
     7
370
    25
100
AcDbCircle
 10
132.5089115646
 20
97.2255472882
 30
0.0
 40
0.9999999999999956
100
AcDbArc
 50
46.2378147971
 51
133.7621852029
  0
LINE
  5
514
330
1F
100
AcDbEntity
  8
0
  6
Continuous
 62
     7
370
    25
100
AcDbLine
 10
131.817244898
 20
97.4755472882
 30
0.0
 11
131.817244898
 21
97.9477641685
 31
0.0
  0
LINE
  5
515
330
1F
100
AcDbEntity
  8
0
  6
Continuous
 62
     7
370
    25
100
AcDbLine
 10
132.067244898
 20
97.4755472882
 30
0.0
 11
131.817244898
 21
97.4755472882
 31
0.0
  0
LINE
  5
516
330
1F
100
AcDbEntity
  8
0
  6
Continuous
 62
     7
370
    25
100
AcDbLine
 10
132.067244898
 20
97.2255472882
 30
0.0
 11
132.067244898
 21
97.4755472882
 31
0.0
  0
LINE
  5
517
330
1F
100
AcDbEntity
  8
0
  6
Continuous
 62
     7
370
    25
100
AcDbLine
 10
129.617244898
 20
97.2255472882
 30
0.0
 11
132.067244898
 21
97.2255472882
 31
0.0
  0
LINE
  5
518
330
1F
100
AcDbEntity
  8
0
  6
Continuous
 62
     7
370
    25
100
AcDbLine
 10
129.617244898
 20
97.4755472882
 30
0.0
 11
129.617244898
 21
97.2255472882
 31
0.0
  0
LINE
  5
519
330
1F
100
AcDbEntity
  8
0
  6
Continuous
 62
     7
370
    25
100
AcDbLine
 10
129.867244898
 20
97.4755472882
 30
0.0
 11
129.617244898
 21
97.4755472882
 31
0.0
  0
LINE
  5
51A
330
1F
100
AcDbEntity
  8
0
  6
Continuous
 62
     7
370
    25
100
AcDbLine
 10
129.867244898
 20
97.9477641685
 30
0.0
 11
129.867244898
 21
97.4755472882
 31
0.0
  0
ARC
  5
51B
330
1F
100
AcDbEntity
  8
0
  6
Continuous
 62
     7
370
    25
100
AcDbCircle
 10
129.1755782313
 20
97.2255472882
 30
0.0
 40
0.9999999999999956
100
AcDbArc
 50
46.2378147971
 51
133.7621852029
  0
LINE
  5
51C
330
1F
100
AcDbEntity
  8
0
  6
Continuous
 62
     7
370
    25
100
AcDbLine
 10
128.4839115646
 20
97.4755472882
 30
0.0
 11
128.4839115646
 21
97.9477641685
 31
0.0
  0
LINE
  5
51D
330
1F
100
AcDbEntity
  8
0
  6
Continuous
 62
     7
370
    25
100
AcDbLine
 10
128.7339115646
 20
97.4755472882
 30
0.0
 11
128.4839115646
 21
97.4755472882
 31
0.0
  0
LINE
  5
51E
330
1F
100
AcDbEntity
  8
0
  6
Continuous
 62
     7
370
    25
100
AcDbLine
 10
128.7339115646
 20
97.2255472882
 30
0.0
 11
128.7339115646
 21
97.4755472882
 31
0.0
  0
LINE
  5
51F
330
1F
100
AcDbEntity
  8
0
  6
Continuous
 62
     7
370
    25
100
AcDbLine
 10
127.5089115646
 20
97.2255472882
 30
0.0
 11
128.7339115646
 21
97.2255472882
 31
0.0
  0
LINE
  5
520
330
1F
100
AcDbEntity
  8
0
  6
Continuous
 62
     7
370
    25
100
AcDbLine
 10
127.5089115646
 20
98.4505472882
 30
0.0
 11
127.5089115646
 21
97.2255472882
 31
0.0
  0
LINE
  5
521
330
1F
100
AcDbEntity
  8
0
  6
Continuous
 62
     7
370
    25
100
AcDbLine
 10
127.7589115646
 20
98.4505472882
 30
0.0
 11
127.5089115646
 21
98.4505472882
 31
0.0
  0
LINE
  5
522
330
1F
100
AcDbEntity
  8
0
  6
Continuous
 62
     7
370
    25
100
AcDbLine
 10
127.7589115646
 20
98.2005472882
 30
0.0
 11
127.7589115646
 21
98.4505472882
 31
0.0
  0
LINE
  5
523
330
1F
100
AcDbEntity
  8
0
  6
Continuous
 62
     7
370
    25
100
AcDbLine
 10
128.2311284449
 20
98.2005472882
 30
0.0
 11
127.7589115646
 21
98.2005472882
 31
0.0
  0
ARC
  5
524
330
1F
100
AcDbEntity
  8
0
  6
Continuous
 62
     7
370
    25
100
AcDbCircle
 10
127.5089115646
 20
98.8922139549
 30
0.0
 40
1.000000000000005
100
AcDbArc
 50
316.2378147971
 51
43.7621852029
  0
LINE
  5
525
330
1F
100
AcDbEntity
  8
0
  6
Continuous
 62
     7
370
    25
100
AcDbLine
 10
127.7589115646
 20
99.5838806216
 30
0.0
 11
128.2311284449
 21
99.5838806216
 31
0.0
  0
LINE
  5
526
330
1F
100
AcDbEntity
  8
0
  6
Continuous
 62
     7
370
    25
100
AcDbLine
 10
127.7589115646
 20
99.3338806216
 30
0.0
 11
127.7589115646
 21
99.5838806216
 31
0.0
  0
LINE
  5
527
330
1F
100
AcDbEntity
  8
0
  6
Continuous
 62
     7
370
    25
100
AcDbLine
 10
127.5089115646
 20
99.3338806216
 30
0.0
 11
127.7589115646
 21
99.3338806216
 31
0.0
  0
LINE
  5
528
330
1F
100
AcDbEntity
  8
0
  6
Continuous
 62
     7
370
    25
100
AcDbLine
 10
127.5089115646
 20
100.5588806216
 30
0.0
 11
127.5089115646
 21
99.3338806216
 31
0.0
  0
LINE
  5
529
330
1F
100
AcDbEntity
  8
0
  6
Continuous
 62
     7
370
    25
100
AcDbLine
 10
128.7339115646
 20
100.3088806216
 30
0.0
 11
128.7339115646
 21
100.5588806216
 31
0.0
  0
LINE
  5
52A
330
1F
100
AcDbEntity
  8
0
  6
Continuous
 62
     7
370
    25
100
AcDbLine
 10
128.4839115646
 20
100.3088806216
 30
0.0
 11
128.7339115646
 21
100.3088806216
 31
0.0
  0
LINE
  5
52B
330
1F
100
AcDbEntity
  8
0
  6
Continuous
 62
     7
370
    25
100
AcDbLine
 10
128.4839115646
 20
99.8366637412
 30
0.0
 11
128.4839115646
 21
100.3088806216
 31
0.0
  0
ARC
  5
52C
330
1F
100
AcDbEntity
  8
0
  6
Continuous
 62
     7
370
    25
100
AcDbCircle
 10
129.1755782313
 20
100.5588806216
 30
0.0
 40
1.000000000000015
100
AcDbArc
 50
226.2378147971
 51
313.7621852029
  0
LINE
  5
52D
330
1F
100
AcDbEntity
  8
0
  6
Continuous
 62
     7
370
    25
100
AcDbLine
 10
129.867244898
 20
100.3088806216
 30
0.0
 11
129.867244898
 21
99.8366637412
 31
0.0
  0
LINE
  5
52E
330
1F
100
AcDbEntity
  8
0
  6
Continuous
 62
     7
370
    25
100
AcDbLine
 10
129.617244898
 20
100.3088806216
 30
0.0
 11
129.867244898
 21
100.3088806216
 31
0.0
  0
LINE
  5
52F
330
1F
100
AcDbEntity
  8
0
  6
Continuous
 62
     7
370
    25
100
AcDbLine
 10
129.617244898
 20
100.5588806216
 30
0.0
 11
129.617244898
 21
100.3088806216
 31
0.0
  0
LINE
  5
530
330
1F
100
AcDbEntity
  8
0
  6
Continuous
 62
     7
370
    25
100
AcDbLine
 10
132.067244898
 20
100.3088806216
 30
0.0
 11
132.067244898
 21
100.5588806216
 31
0.0
  0
LINE
  5
531
330
1F
100
AcDbEntity
  8
0
  6
Continuous
 62
     7
370
    25
100
AcDbLine
 10
131.817244898
 20
100.3088806216
 30
0.0
 11
132.067244898
 21
100.3088806216
 31
0.0
  0
LINE
  5
532
330
1F
100
AcDbEntity
  8
0
  6
Continuous
 62
     7
370
    25
100
AcDbLine
 10
131.817244898
 20
99.8366637412
 30
0.0
 11
131.817244898
 21
100.3088806216
 31
0.0
  0
ARC
  5
533
330
1F
100
AcDbEntity
  8
0
  6
Continuous
 62
     7
370
    25
100
AcDbCircle
 10
132.5089115646
 20
100.5588806216
 30
0.0
 40
0.9999999999999742
100
AcDbArc
 50
226.2378147971
 51
313.7621852029
  0
LINE
  5
534
330
1F
100
AcDbEntity
  8
0
  6
Continuous
 62
     7
370
    25
100
AcDbLine
 10
133.2005782313
 20
100.3088806216
 30
0.0
 11
133.2005782313
 21
99.8366637412
 31
0.0
  0
LINE
  5
535
330
1F
100
AcDbEntity
  8
0
  6
Continuous
 62
     7
370
    25
100
AcDbLine
 10
132.9505782313
 20
100.3088806216
 30
0.0
 11
133.2005782313
 21
100.3088806216
 31
0.0
  0
LINE
  5
536
330
1F
100
AcDbEntity
  8
0
  6
Continuous
 62
     7
370
    25
100
AcDbLine
 10
132.9505782313
 20
100.5588806216
 30
0.0
 11
132.9505782313
 21
100.3088806216
 31
0.0
  0
ARC
  5
537
330
1F
100
AcDbEntity
  8
0
  6
Continuous
 62
     7
370
    25
100
AcDbCircle
 10
131.4005782313
 20
100.1422139549
 30
0.0
 40
0.1666666666666856
100
AcDbArc
 50
0.0
 51
90.0
  0
LINE
  5
538
330
1F
100
AcDbEntity
  8
0
  6
Continuous
 62
     7
370
    25
100
AcDbLine
 10
130.2839115646
 20
100.3088806216
 30
0.0
 11
131.4005782313
 21
100.3088806216
 31
0.0
  0
ARC
  5
539
330
1F
100
AcDbEntity
  8
0
  6
Continuous
 62
     7
370
    25
100
AcDbCircle
 10
130.2839115646
 20
100.1422139549
 30
0.0
 40
0.1666666666666856
100
AcDbArc
 50
90.0
 51
180.0
  0
LINE
  5
53A
330
1F
100
AcDbEntity
  8
0
  6
Continuous
 62
     7
370
    25
100
AcDbLine
 10
130.117244898
 20
99.5809628206
 30
0.0
 11
130.117244898
 21
100.1422139549
 31
0.0
  0
ARC
  5
53B
330
1F
100
AcDbEntity
  8
0
  6
Continuous
 62
     7
370
    25
100
AcDbCircle
 10
130.842244898
 20
98.8922139549
 30
0.0
 40
0.9999999999999917
100
AcDbArc
 50
136.4688478326
 51
223.5311521674
  0
LINE
  5
53C
330
1F
100
AcDbEntity
  8
0
  6
Continuous
 62
     7
370
    25
100
AcDbLine
 10
130.117244898
 20
97.6422139549
 30
0.0
 11
130.117244898
 21
98.2034650892
 31
0.0
  0
ARC
  5
53D
330
1F
100
AcDbEntity
  8
0
  6
Continuous
 62
     7
370
    25
100
AcDbCircle
 10
130.2839115646
 20
97.6422139549
 30
0.0
 40
0.1666666666666856
100
AcDbArc
 50
180.0
 51
270.0
  0
LINE
  5
53E
330
1F
100
AcDbEntity
  8
0
  6
Continuous
 62
     7
370
    25
100
AcDbLine
 10
131.4005782313
 20
97.4755472882
 30
0.0
 11
130.2839115646
 21
97.4755472882
 31
0.0
  0
ARC
  5
53F
330
1F
100
AcDbEntity
  8
0
  6
Continuous
 62
     7
370
    25
100
AcDbCircle
 10
131.4005782313
 20
97.6422139549
 30
0.0
 40
0.1666666666666856
100
AcDbArc
 50
270.0
 51
0.0
  0
LINE
  5
540
330
1F
100
AcDbEntity
  8
0
  6
Continuous
 62
     7
370
    25
100
AcDbLine
 10
131.567244898
 20
98.2034650892
 30
0.0
 11
131.567244898
 21
97.6422139549
 31
0.0
  0
ARC
  5
541
330
1F
100
AcDbEntity
  8
0
  6
Continuous
 62
     7
370
    25
100
AcDbCircle
 10
130.842244898
 20
98.8922139549
 30
0.0
 40
1.000000000000012
100
AcDbArc
 50
316.4688478326
 51
43.5311521674
  0
LINE
  5
542
330
1F
100
AcDbEntity
  8
0
  6
Continuous
 62
     7
370
    25
100
AcDbLine
 10
131.567244898
 20
100.1422139549
 30
0.0
 11
131.567244898
 21
99.5809628206
 31
0.0
  0
LINE
  5
543
330
1F
100
AcDbEntity
  8
0
  6
Continuous
 62
     7
370
    25
100
AcDbLine
 10
134.1755782313
 20
99.3338806216
 30
0.0
 11
134.1755782313
 21
100.5588806216
 31
0.0
  0
LINE
  5
544
330
1F
100
AcDbEntity
  8
0
  6
Continuous
 62
     7
370
    25
100
AcDbLine
 10
132.9505782313
 20
97.2255472882
 30
0.0
 11
134.1755782313
 21
97.2255472882
 31
0.0
  0
CIRCLE
  5
545
330
1F
100
AcDbEntity
  8
0
  6
Continuous
 62
     7
370
    25
100
AcDbCircle
 10
133.6755782313
 20
126.0588806216
 30
0.0
 40
0.3333333333333428
  0
CIRCLE
  5
546
330
1F
100
AcDbEntity
  8
0
  6
Continuous
 62
     7
370
    25
100
AcDbCircle
 10
129.1755782313
 20
127.2255472882
 30
0.0
 40
0.3499999999999943
  0
CIRCLE
  5
547
330
1F
100
AcDbEntity
  8
0
  6
Continuous
 62
     7
370
    25
100
AcDbCircle
 10
132.5089115646
 20
127.2255472882
 30
0.0
 40
0.3500000000000227
  0
CIRCLE
  5
548
330
1F
100
AcDbEntity
  8
0
  6
Continuous
 62
     7
370
    25
100
AcDbCircle
 10
128.0089115646
 20
126.0588806216
 30
0.0
 40
0.3333333333333428
  0
CIRCLE
  5
549
330
1F
100
AcDbEntity
  8
0
  6
Continuous
 62
     7
370
    25
100
AcDbCircle
 10
128.0089115646
 20
128.3922139549
 30
0.0
 40
0.3333333333333428
  0
CIRCLE
  5
54A
330
1F
100
AcDbEntity
  8
0
  6
Continuous
 62
     7
370
    25
100
AcDbCircle
 10
133.6755782313
 20
128.3922139549
 30
0.0
 40
0.3333333333333428
  0
LINE
  5
54B
330
1F
100
AcDbEntity
  8
0
  6
Continuous
 62
     7
370
    25
100
AcDbLine
 10
127.5089115646
 20
126.7838806216
 30
0.0
 11
127.5089115646
 21
125.5588806216
 31
0.0
  0
LINE
  5
54C
330
1F
100
AcDbEntity
  8
0
  6
Continuous
 62
     7
370
    25
100
AcDbLine
 10
127.7589115646
 20
126.7838806216
 30
0.0
 11
127.5089115646
 21
126.7838806216
 31
0.0
  0
LINE
  5
54D
330
1F
100
AcDbEntity
  8
0
  6
Continuous
 62
     7
370
    25
100
AcDbLine
 10
127.7589115646
 20
126.5338806216
 30
0.0
 11
127.7589115646
 21
126.7838806216
 31
0.0
  0
LINE
  5
54E
330
1F
100
AcDbEntity
  8
0
  6
Continuous
 62
     7
370
    25
100
AcDbLine
 10
128.2311284449
 20
126.5338806216
 30
0.0
 11
127.7589115646
 21
126.5338806216
 31
0.0
  0
ARC
  5
54F
330
1F
100
AcDbEntity
  8
0
  6
Continuous
 62
     7
370
    25
100
AcDbCircle
 10
127.5089115646
 20
127.2255472882
 30
0.0
 40
1.000000000000005
100
AcDbArc
 50
316.2378147971
 51
43.7621852029
  0
LINE
  5
550
330
1F
100
AcDbEntity
  8
0
  6
Continuous
 62
     7
370
    25
100
AcDbLine
 10
127.7589115646
 20
127.9172139549
 30
0.0
 11
128.2311284449
 21
127.9172139549
 31
0.0
  0
LINE
  5
551
330
1F
100
AcDbEntity
  8
0
  6
Continuous
 62
     7
370
    25
100
AcDbLine
 10
127.7589115646
 20
127.6672139549
 30
0.0
 11
127.7589115646
 21
127.9172139549
 31
0.0
  0
LINE
  5
552
330
1F
100
AcDbEntity
  8
0
  6
Continuous
 62
     7
370
    25
100
AcDbLine
 10
127.5089115646
 20
127.6672139549
 30
0.0
 11
127.7589115646
 21
127.6672139549
 31
0.0
  0
LINE
  5
553
330
1F
100
AcDbEntity
  8
0
  6
Continuous
 62
     7
370
    25
100
AcDbLine
 10
127.5089115646
 20
128.8922139549
 30
0.0
 11
127.5089115646
 21
127.6672139549
 31
0.0
  0
LINE
  5
554
330
1F
100
AcDbEntity
  8
0
  6
Continuous
 62
     7
370
    25
100
AcDbLine
 10
128.7339115646
 20
128.8922139549
 30
0.0
 11
127.5089115646
 21
128.8922139549
 31
0.0
  0
LINE
  5
555
330
1F
100
AcDbEntity
  8
0
  6
Continuous
 62
     7
370
    25
100
AcDbLine
 10
128.7339115646
 20
128.6422139549
 30
0.0
 11
128.7339115646
 21
128.8922139549
 31
0.0
  0
LINE
  5
556
330
1F
100
AcDbEntity
  8
0
  6
Continuous
 62
     7
370
    25
100
AcDbLine
 10
128.4839115646
 20
128.6422139549
 30
0.0
 11
128.7339115646
 21
128.6422139549
 31
0.0
  0
LINE
  5
557
330
1F
100
AcDbEntity
  8
0
  6
Continuous
 62
     7
370
    25
100
AcDbLine
 10
128.4839115646
 20
128.1699970746
 30
0.0
 11
128.4839115646
 21
128.6422139549
 31
0.0
  0
ARC
  5
558
330
1F
100
AcDbEntity
  8
0
  6
Continuous
 62
     7
370
    25
100
AcDbCircle
 10
129.1755782313
 20
128.8922139549
 30
0.0
 40
0.9999999999999948
100
AcDbArc
 50
226.2378147971
 51
313.7621852029
  0
LINE
  5
559
330
1F
100
AcDbEntity
  8
0
  6
Continuous
 62
     7
370
    25
100
AcDbLine
 10
129.867244898
 20
128.6422139549
 30
0.0
 11
129.867244898
 21
128.1699970746
 31
0.0
  0
LINE
  5
55A
330
1F
100
AcDbEntity
  8
0
  6
Continuous
 62
     7
370
    25
100
AcDbLine
 10
129.617244898
 20
128.6422139549
 30
0.0
 11
129.867244898
 21
128.6422139549
 31
0.0
  0
LINE
  5
55B
330
1F
100
AcDbEntity
  8
0
  6
Continuous
 62
     7
370
    25
100
AcDbLine
 10
129.617244898
 20
128.8922139549
 30
0.0
 11
129.617244898
 21
128.6422139549
 31
0.0
  0
LINE
  5
55C
330
1F
100
AcDbEntity
  8
0
  6
Continuous
 62
     7
370
    25
100
AcDbLine
 10
132.067244898
 20
128.8922139549
 30
0.0
 11
129.617244898
 21
128.8922139549
 31
0.0
  0
LINE
  5
55D
330
1F
100
AcDbEntity
  8
0
  6
Continuous
 62
     7
370
    25
100
AcDbLine
 10
132.067244898
 20
128.6422139549
 30
0.0
 11
132.067244898
 21
128.8922139549
 31
0.0
  0
LINE
  5
55E
330
1F
100
AcDbEntity
  8
0
  6
Continuous
 62
     7
370
    25
100
AcDbLine
 10
131.817244898
 20
128.6422139549
 30
0.0
 11
132.067244898
 21
128.6422139549
 31
0.0
  0
LINE
  5
55F
330
1F
100
AcDbEntity
  8
0
  6
Continuous
 62
     7
370
    25
100
AcDbLine
 10
131.817244898
 20
128.1699970746
 30
0.0
 11
131.817244898
 21
128.6422139549
 31
0.0
  0
ARC
  5
560
330
1F
100
AcDbEntity
  8
0
  6
Continuous
 62
     7
370
    25
100
AcDbCircle
 10
132.5089115646
 20
128.8922139549
 30
0.0
 40
0.999999999999975
100
AcDbArc
 50
226.2378147971
 51
313.7621852029
  0
LINE
  5
561
330
1F
100
AcDbEntity
  8
0
  6
Continuous
 62
     7
370
    25
100
AcDbLine
 10
133.2005782313
 20
128.6422139549
 30
0.0
 11
133.2005782313
 21
128.1699970746
 31
0.0
  0
LINE
  5
562
330
1F
100
AcDbEntity
  8
0
  6
Continuous
 62
     7
370
    25
100
AcDbLine
 10
132.9505782313
 20
128.6422139549
 30
0.0
 11
133.2005782313
 21
128.6422139549
 31
0.0
  0
LINE
  5
563
330
1F
100
AcDbEntity
  8
0
  6
Continuous
 62
     7
370
    25
100
AcDbLine
 10
132.9505782313
 20
128.8922139549
 30
0.0
 11
132.9505782313
 21
128.6422139549
 31
0.0
  0
LINE
  5
564
330
1F
100
AcDbEntity
  8
0
  6
Continuous
 62
     7
370
    25
100
AcDbLine
 10
134.1755782313
 20
128.8922139549
 30
0.0
 11
132.9505782313
 21
128.8922139549
 31
0.0
  0
LINE
  5
565
330
1F
100
AcDbEntity
  8
0
  6
Continuous
 62
     7
370
    25
100
AcDbLine
 10
134.1755782313
 20
127.6672139549
 30
0.0
 11
134.1755782313
 21
128.8922139549
 31
0.0
  0
LINE
  5
566
330
1F
100
AcDbEntity
  8
0
  6
Continuous
 62
     7
370
    25
100
AcDbLine
 10
133.9255782313
 20
127.6672139549
 30
0.0
 11
134.1755782313
 21
127.6672139549
 31
0.0
  0
LINE
  5
567
330
1F
100
AcDbEntity
  8
0
  6
Continuous
 62
     7
370
    25
100
AcDbLine
 10
133.9255782313
 20
127.9172139549
 30
0.0
 11
133.9255782313
 21
127.6672139549
 31
0.0
  0
LINE
  5
568
330
1F
100
AcDbEntity
  8
0
  6
Continuous
 62
     7
370
    25
100
AcDbLine
 10
133.453361351
 20
127.9172139549
 30
0.0
 11
133.9255782313
 21
127.9172139549
 31
0.0
  0
ARC
  5
569
330
1F
100
AcDbEntity
  8
0
  6
Continuous
 62
     7
370
    25
100
AcDbCircle
 10
134.1755782313
 20
127.2255472882
 30
0.0
 40
1.000000000000026
100
AcDbArc
 50
136.2378147971
 51
223.7621852029
  0
LINE
  5
56A
330
1F
100
AcDbEntity
  8
0
  6
Continuous
 62
     7
370
    25
100
AcDbLine
 10
133.9255782313
 20
126.5338806216
 30
0.0
 11
133.453361351
 21
126.5338806216
 31
0.0
  0
LINE
  5
56B
330
1F
100
AcDbEntity
  8
0
  6
Continuous
 62
     7
370
    25
100
AcDbLine
 10
133.9255782313
 20
126.7838806216
 30
0.0
 11
133.9255782313
 21
126.5338806216
 31
0.0
  0
LINE
  5
56C
330
1F
100
AcDbEntity
  8
0
  6
Continuous
 62
     7
370
    25
100
AcDbLine
 10
134.1755782313
 20
126.7838806216
 30
0.0
 11
133.9255782313
 21
126.7838806216
 31
0.0
  0
LINE
  5
56D
330
1F
100
AcDbEntity
  8
0
  6
Continuous
 62
     7
370
    25
100
AcDbLine
 10
134.1755782313
 20
125.5588806216
 30
0.0
 11
134.1755782313
 21
126.7838806216
 31
0.0
  0
LINE
  5
56E
330
1F
100
AcDbEntity
  8
0
  6
Continuous
 62
     7
370
    25
100
AcDbLine
 10
132.9505782313
 20
125.8088806216
 30
0.0
 11
132.9505782313
 21
125.5588806216
 31
0.0
  0
LINE
  5
56F
330
1F
100
AcDbEntity
  8
0
  6
Continuous
 62
     7
370
    25
100
AcDbLine
 10
133.2005782313
 20
125.8088806216
 30
0.0
 11
132.9505782313
 21
125.8088806216
 31
0.0
  0
LINE
  5
570
330
1F
100
AcDbEntity
  8
0
  6
Continuous
 62
     7
370
    25
100
AcDbLine
 10
133.2005782313
 20
126.2810975019
 30
0.0
 11
133.2005782313
 21
125.8088806216
 31
0.0
  0
ARC
  5
571
330
1F
100
AcDbEntity
  8
0
  6
Continuous
 62
     7
370
    25
100
AcDbCircle
 10
132.5089115646
 20
125.5588806216
 30
0.0
 40
1.000000000000035
100
AcDbArc
 50
46.2378147971
 51
133.7621852029
  0
LINE
  5
572
330
1F
100
AcDbEntity
  8
0
  6
Continuous
 62
     7
370
    25
100
AcDbLine
 10
131.817244898
 20
125.8088806216
 30
0.0
 11
131.817244898
 21
126.2810975019
 31
0.0
  0
LINE
  5
573
330
1F
100
AcDbEntity
  8
0
  6
Continuous
 62
     7
370
    25
100
AcDbLine
 10
132.067244898
 20
125.8088806216
 30
0.0
 11
131.817244898
 21
125.8088806216
 31
0.0
  0
LINE
  5
574
330
1F
100
AcDbEntity
  8
0
  6
Continuous
 62
     7
370
    25
100
AcDbLine
 10
132.067244898
 20
125.5588806216
 30
0.0
 11
132.067244898
 21
125.8088806216
 31
0.0
  0
LINE
  5
575
330
1F
100
AcDbEntity
  8
0
  6
Continuous
 62
     7
370
    25
100
AcDbLine
 10
129.617244898
 20
125.8088806216
 30
0.0
 11
129.617244898
 21
125.5588806216
 31
0.0
  0
LINE
  5
576
330
1F
100
AcDbEntity
  8
0
  6
Continuous
 62
     7
370
    25
100
AcDbLine
 10
129.867244898
 20
125.8088806216
 30
0.0
 11
129.617244898
 21
125.8088806216
 31
0.0
  0
LINE
  5
577
330
1F
100
AcDbEntity
  8
0
  6
Continuous
 62
     7
370
    25
100
AcDbLine
 10
129.867244898
 20
126.2810975019
 30
0.0
 11
129.867244898
 21
125.8088806216
 31
0.0
  0
ARC
  5
578
330
1F
100
AcDbEntity
  8
0
  6
Continuous
 62
     7
370
    25
100
AcDbCircle
 10
129.1755782313
 20
125.5588806216
 30
0.0
 40
0.9999999999999939
100
AcDbArc
 50
46.2378147971
 51
133.7621852029
  0
LINE
  5
579
330
1F
100
AcDbEntity
  8
0
  6
Continuous
 62
     7
370
    25
100
AcDbLine
 10
128.4839115646
 20
125.8088806216
 30
0.0
 11
128.4839115646
 21
126.2810975019
 31
0.0
  0
LINE
  5
57A
330
1F
100
AcDbEntity
  8
0
  6
Continuous
 62
     7
370
    25
100
AcDbLine
 10
128.7339115646
 20
125.8088806216
 30
0.0
 11
128.4839115646
 21
125.8088806216
 31
0.0
  0
LINE
  5
57B
330
1F
100
AcDbEntity
  8
0
  6
Continuous
 62
     7
370
    25
100
AcDbLine
 10
128.7339115646
 20
125.5588806216
 30
0.0
 11
128.7339115646
 21
125.8088806216
 31
0.0
  0
ARC
  5
57C
330
1F
100
AcDbEntity
  8
0
  6
Continuous
 62
     7
370
    25
100
AcDbCircle
 10
130.2839115646
 20
125.9755472882
 30
0.0
 40
0.1666666666666856
100
AcDbArc
 50
180.0
 51
270.0
  0
LINE
  5
57D
330
1F
100
AcDbEntity
  8
0
  6
Continuous
 62
     7
370
    25
100
AcDbLine
 10
131.4005782313
 20
125.8088806216
 30
0.0
 11
130.2839115646
 21
125.8088806216
 31
0.0
  0
ARC
  5
57E
330
1F
100
AcDbEntity
  8
0
  6
Continuous
 62
     7
370
    25
100
AcDbCircle
 10
131.4005782313
 20
125.9755472882
 30
0.0
 40
0.1666666666666856
100
AcDbArc
 50
270.0
 51
0.0
  0
LINE
  5
57F
330
1F
100
AcDbEntity
  8
0
  6
Continuous
 62
     7
370
    25
100
AcDbLine
 10
131.567244898
 20
126.5367984225
 30
0.0
 11
131.567244898
 21
125.9755472882
 31
0.0
  0
ARC
  5
580
330
1F
100
AcDbEntity
  8
0
  6
Continuous
 62
     7
370
    25
100
AcDbCircle
 10
130.842244898
 20
127.2255472882
 30
0.0
 40
1.000000000000011
100
AcDbArc
 50
316.4688478326
 51
43.5311521674
  0
LINE
  5
581
330
1F
100
AcDbEntity
  8
0
  6
Continuous
 62
     7
370
    25
100
AcDbLine
 10
131.567244898
 20
128.4755472882
 30
0.0
 11
131.567244898
 21
127.9142961539
 31
0.0
  0
ARC
  5
582
330
1F
100
AcDbEntity
  8
0
  6
Continuous
 62
     7
370
    25
100
AcDbCircle
 10
131.4005782313
 20
128.4755472882
 30
0.0
 40
0.1666666666666572
100
AcDbArc
 50
0.0
 51
90.0
  0
LINE
  5
583
330
1F
100
AcDbEntity
  8
0
  6
Continuous
 62
     7
370
    25
100
AcDbLine
 10
130.2839115646
 20
128.6422139549
 30
0.0
 11
131.4005782313
 21
128.6422139549
 31
0.0
  0
ARC
  5
584
330
1F
100
AcDbEntity
  8
0
  6
Continuous
 62
     7
370
    25
100
AcDbCircle
 10
130.2839115646
 20
128.4755472882
 30
0.0
 40
0.1666666666666856
100
AcDbArc
 50
90.0
 51
180.0
  0
LINE
  5
585
330
1F
100
AcDbEntity
  8
0
  6
Continuous
 62
     7
370
    25
100
AcDbLine
 10
130.117244898
 20
127.9142961539
 30
0.0
 11
130.117244898
 21
128.4755472882
 31
0.0
  0
ARC
  5
586
330
1F
100
AcDbEntity
  8
0
  6
Continuous
 62
     7
370
    25
100
AcDbCircle
 10
130.842244898
 20
127.2255472882
 30
0.0
 40
1.000000000000032
100
AcDbArc
 50
136.4688478326
 51
223.5311521674
  0
LINE
  5
587
330
1F
100
AcDbEntity
  8
0
  6
Continuous
 62
     7
370
    25
100
AcDbLine
 10
130.117244898
 20
125.9755472882
 30
0.0
 11
130.117244898
 21
126.5367984225
 31
0.0
  0
CIRCLE
  5
588
330
1F
100
AcDbEntity
  8
0
  6
Continuous
 62
     7
370
    25
100
AcDbCircle
 10
187.4089115646
 20
134.3922139549
 30
0.0
 40
0.3333333333333428
  0
CIRCLE
  5
589
330
1F
100
AcDbEntity
  8
0
  6
Continuous
 62
     7
370
    25
100
AcDbCircle
 10
187.4089115646
 20
136.7255472882
 30
0.0
 40
0.3333333333333428
  0
CIRCLE
  5
58A
330
1F
100
AcDbEntity
  8
0
  6
Continuous
 62
     7
370
    25
100
AcDbCircle
 10
188.5755782313
 20
135.5588806216
 30
0.0
 40
0.3583333333333485
  0
ARC
  5
58B
330
1F
100
AcDbEntity
  8
0
  6
Continuous
 62
     7
370
    25
100
AcDbCircle
 10
186.8271060091
 20
135.5588806216
 30
0.0
 40
1.081805555555565
100
AcDbArc
 50
320.2556483615
 51
39.7443516385
  0
LINE
  5
58C
330
1F
100
AcDbEntity
  8
0
  6
Continuous
 62
     7
370
    25
100
AcDbLine
 10
188.1339115646
 20
137.2255472882
 30
0.0
 11
186.9089115646
 21
137.2255472882
 31
0.0
  0
LINE
  5
58D
330
1F
100
AcDbEntity
  8
0
  6
Continuous
 62
     7
370
    25
100
AcDbLine
 10
188.1339115646
 20
137.2255472882
 30
0.0
 11
188.1339115646
 21
136.9755472882
 31
0.0
  0
LINE
  5
58E
330
1F
100
AcDbEntity
  8
0
  6
Continuous
 62
     7
370
    25
100
AcDbLine
 10
188.1339115646
 20
136.9755472882
 30
0.0
 11
187.8839115646
 21
136.9755472882
 31
0.0
  0
LINE
  5
58F
330
1F
100
AcDbEntity
  8
0
  6
Continuous
 62
     7
370
    25
100
AcDbLine
 10
187.8839115646
 20
136.9755472882
 30
0.0
 11
187.8839115646
 21
136.4755472882
 31
0.0
  0
ARC
  5
590
330
1F
100
AcDbEntity
  8
0
  6
Continuous
 62
     7
370
    25
100
AcDbCircle
 10
188.5755782313
 20
137.3073528438
 30
0.0
 40
1.081805555555587
100
AcDbArc
 50
230.2556483615
 51
309.7443516385
  0
LINE
  5
591
330
1F
100
AcDbEntity
  8
0
  6
Continuous
 62
     7
370
    25
100
AcDbLine
 10
189.267244898
 20
136.4755472882
 30
0.0
 11
189.267244898
 21
136.9755472882
 31
0.0
  0
LINE
  5
592
330
1F
100
AcDbEntity
  8
0
  6
Continuous
 62
     7
370
    25
100
AcDbLine
 10
189.267244898
 20
136.9755472882
 30
0.0
 11
189.017244898
 21
136.9755472882
 31
0.0
  0
LINE
  5
593
330
1F
100
AcDbEntity
  8
0
  6
Continuous
 62
     7
370
    25
100
AcDbLine
 10
189.017244898
 20
136.9755472882
 30
0.0
 11
189.017244898
 21
137.2255472882
 31
0.0
  0
LINE
  5
594
330
1F
100
AcDbEntity
  8
0
  6
Continuous
 62
     7
370
    25
100
AcDbLine
 10
190.242244898
 20
137.2255472882
 30
0.0
 11
189.017244898
 21
137.2255472882
 31
0.0
  0
LINE
  5
595
330
1F
100
AcDbEntity
  8
0
  6
Continuous
 62
     7
370
    25
100
AcDbLine
 10
190.242244898
 20
136.0005472882
 30
0.0
 11
190.242244898
 21
137.2255472882
 31
0.0
  0
LINE
  5
596
330
1F
100
AcDbEntity
  8
0
  6
Continuous
 62
     7
370
    25
100
AcDbLine
 10
190.242244898
 20
136.0005472882
 30
0.0
 11
189.992244898
 21
136.0005472882
 31
0.0
  0
LINE
  5
597
330
1F
100
AcDbEntity
  8
0
  6
Continuous
 62
     7
370
    25
100
AcDbLine
 10
189.992244898
 20
136.0005472882
 30
0.0
 11
189.992244898
 21
136.2505472882
 31
0.0
  0
LINE
  5
598
330
1F
100
AcDbEntity
  8
0
  6
Continuous
 62
     7
370
    25
100
AcDbLine
 10
189.992244898
 20
134.8672139549
 30
0.0
 11
189.992244898
 21
135.1172139549
 31
0.0
  0
LINE
  5
599
330
1F
100
AcDbEntity
  8
0
  6
Continuous
 62
     7
370
    25
100
AcDbLine
 10
189.992244898
 20
135.1172139549
 30
0.0
 11
190.242244898
 21
135.1172139549
 31
0.0
  0
LINE
  5
59A
330
1F
100
AcDbEntity
  8
0
  6
Continuous
 62
     7
370
    25
100
AcDbLine
 10
190.242244898
 20
133.8922139549
 30
0.0
 11
190.242244898
 21
135.1172139549
 31
0.0
  0
LINE
  5
59B
330
1F
100
AcDbEntity
  8
0
  6
Continuous
 62
     7
370
    25
100
AcDbLine
 10
189.017244898
 20
133.8922139549
 30
0.0
 11
190.242244898
 21
133.8922139549
 31
0.0
  0
LINE
  5
59C
330
1F
100
AcDbEntity
  8
0
  6
Continuous
 62
     7
370
    25
100
AcDbLine
 10
189.017244898
 20
133.8922139549
 30
0.0
 11
189.017244898
 21
134.1422139549
 31
0.0
  0
LINE
  5
59D
330
1F
100
AcDbEntity
  8
0
  6
Continuous
 62
     7
370
    25
100
AcDbLine
 10
189.017244898
 20
134.1422139549
 30
0.0
 11
189.267244898
 21
134.1422139549
 31
0.0
  0
LINE
  5
59E
330
1F
100
AcDbEntity
  8
0
  6
Continuous
 62
     7
370
    25
100
AcDbLine
 10
189.267244898
 20
134.1422139549
 30
0.0
 11
189.267244898
 21
134.6422139549
 31
0.0
  0
ARC
  5
59F
330
1F
100
AcDbEntity
  8
0
  6
Continuous
 62
     7
370
    25
100
AcDbCircle
 10
188.5755782313
 20
133.8104083993
 30
0.0
 40
1.081805555555525
100
AcDbArc
 50
50.2556483615
 51
129.7443516385
  0
LINE
  5
5A0
330
1F
100
AcDbEntity
  8
0
  6
Continuous
 62
     7
370
    25
100
AcDbLine
 10
187.8839115646
 20
134.6422139549
 30
0.0
 11
187.8839115646
 21
134.1422139549
 31
0.0
  0
LINE
  5
5A1
330
1F
100
AcDbEntity
  8
0
  6
Continuous
 62
     7
370
    25
100
AcDbLine
 10
187.8839115646
 20
134.1422139549
 30
0.0
 11
188.1339115646
 21
134.1422139549
 31
0.0
  0
LINE
  5
5A2
330
1F
100
AcDbEntity
  8
0
  6
Continuous
 62
     7
370
    25
100
AcDbLine
 10
188.1339115646
 20
134.1422139549
 30
0.0
 11
188.1339115646
 21
133.8922139549
 31
0.0
  0
CIRCLE
  5
5A3
330
1F
100
AcDbEntity
  8
0
  6
Continuous
 62
     7
370
    25
100
AcDbCircle
 10
189.742244898
 20
134.3922139549
 30
0.0
 40
0.3333333333333144
  0
LINE
  5
5A4
330
1F
100
AcDbEntity
  8
0
  6
Continuous
 62
     7
370
    25
100
AcDbLine
 10
186.9089115646
 20
133.8922139549
 30
0.0
 11
188.1339115646
 21
133.8922139549
 31
0.0
  0
CIRCLE
  5
5A5
330
1F
100
AcDbEntity
  8
0
  6
Continuous
 62
     7
370
    25
100
AcDbCircle
 10
189.742244898
 20
136.7255472882
 30
0.0
 40
0.3333333333333144
  0
LINE
  5
5A6
330
1F
100
AcDbEntity
  8
0
  6
Continuous
 62
     7
370
    25
100
AcDbLine
 10
189.492244898
 20
134.8672139549
 30
0.0
 11
189.992244898
 21
134.8672139549
 31
0.0
  0
LINE
  5
5A7
330
1F
100
AcDbEntity
  8
0
  6
Continuous
 62
     7
370
    25
100
AcDbLine
 10
189.992244898
 20
136.2505472882
 30
0.0
 11
189.492244898
 21
136.2505472882
 31
0.0
  0
ARC
  5
5A8
330
1F
100
AcDbEntity
  8
0
  6
Continuous
 62
     7
370
    25
100
AcDbCircle
 10
190.3240504535
 20
135.5588806216
 30
0.0
 40
1.081805555555565
100
AcDbArc
 50
140.2556483615
 51
219.7443516385
  0
LINE
  5
5A9
330
1F
100
AcDbEntity
  8
0
  6
Continuous
 62
     7
370
    25
100
AcDbLine
 10
187.1589115646
 20
135.1172139549
 30
0.0
 11
187.1589115646
 21
134.8672139549
 31
0.0
  0
LINE
  5
5AA
330
1F
100
AcDbEntity
  8
0
  6
Continuous
 62
     7
370
    25
100
AcDbLine
 10
187.1589115646
 20
136.0005472882
 30
0.0
 11
186.9089115646
 21
136.0005472882
 31
0.0
  0
LINE
  5
5AB
330
1F
100
AcDbEntity
  8
0
  6
Continuous
 62
     7
370
    25
100
AcDbLine
 10
186.9089115646
 20
135.1172139549
 30
0.0
 11
187.1589115646
 21
135.1172139549
 31
0.0
  0
LINE
  5
5AC
330
1F
100
AcDbEntity
  8
0
  6
Continuous
 62
     7
370
    25
100
AcDbLine
 10
187.6589115646
 20
136.2505472882
 30
0.0
 11
187.1589115646
 21
136.2505472882
 31
0.0
  0
LINE
  5
5AD
330
1F
100
AcDbEntity
  8
0
  6
Continuous
 62
     7
370
    25
100
AcDbLine
 10
187.1589115646
 20
134.8672139549
 30
0.0
 11
187.6589115646
 21
134.8672139549
 31
0.0
  0
LINE
  5
5AE
330
1F
100
AcDbEntity
  8
0
  6
Continuous
 62
     7
370
    25
100
AcDbLine
 10
187.1589115646
 20
136.2505472882
 30
0.0
 11
187.1589115646
 21
136.0005472882
 31
0.0
  0
CIRCLE
  5
5AF
330
1F
100
AcDbEntity
  8
0
  6
Continuous
 62
     7
370
    25
100
AcDbCircle
 10
187.4089115646
 20
89.3922139549
 30
0.0
 40
0.3333333333333428
  0
CIRCLE
  5
5B0
330
1F
100
AcDbEntity
  8
0
  6
Continuous
 62
     7
370
    25
100
AcDbCircle
 10
189.742244898
 20
91.7255472882
 30
0.0
 40
0.3333333333333144
  0
CIRCLE
  5
5B1
330
1F
100
AcDbEntity
  8
0
  6
Continuous
 62
     7
370
    25
100
AcDbCircle
 10
187.4089115646
 20
91.7255472882
 30
0.0
 40
0.3333333333333428
  0
CIRCLE
  5
5B2
330
1F
100
AcDbEntity
  8
0
  6
Continuous
 62
     7
370
    25
100
AcDbCircle
 10
188.5755782313
 20
90.5588806216
 30
0.0
 40
0.3583333333333485
  0
LINE
  5
5B3
330
1F
100
AcDbEntity
  8
0
  6
Continuous
 62
     7
370
    25
100
AcDbLine
 10
186.9089115646
 20
88.8922139549
 30
0.0
 11
188.1339115646
 21
88.8922139549
 31
0.0
  0
ARC
  5
5B4
330
1F
100
AcDbEntity
  8
0
  6
Continuous
 62
     7
370
    25
100
AcDbCircle
 10
186.8271060091
 20
90.5588806216
 30
0.0
 40
1.081805555555556
100
AcDbArc
 50
320.2556483615
 51
39.7443516385
  0
LINE
  5
5B5
330
1F
100
AcDbEntity
  8
0
  6
Continuous
 62
     7
370
    25
100
AcDbLine
 10
188.1339115646
 20
92.2255472882
 30
0.0
 11
186.9089115646
 21
92.2255472882
 31
0.0
  0
LINE
  5
5B6
330
1F
100
AcDbEntity
  8
0
  6
Continuous
 62
     7
370
    25
100
AcDbLine
 10
188.1339115646
 20
92.2255472882
 30
0.0
 11
188.1339115646
 21
91.9755472882
 31
0.0
  0
LINE
  5
5B7
330
1F
100
AcDbEntity
  8
0
  6
Continuous
 62
     7
370
    25
100
AcDbLine
 10
188.1339115646
 20
91.9755472882
 30
0.0
 11
187.8839115646
 21
91.9755472882
 31
0.0
  0
LINE
  5
5B8
330
1F
100
AcDbEntity
  8
0
  6
Continuous
 62
     7
370
    25
100
AcDbLine
 10
187.8839115646
 20
91.9755472882
 30
0.0
 11
187.8839115646
 21
91.4755472882
 31
0.0
  0
ARC
  5
5B9
330
1F
100
AcDbEntity
  8
0
  6
Continuous
 62
     7
370
    25
100
AcDbCircle
 10
188.5755782313
 20
92.3073528438
 30
0.0
 40
1.081805555555565
100
AcDbArc
 50
230.2556483615
 51
309.7443516385
  0
LINE
  5
5BA
330
1F
100
AcDbEntity
  8
0
  6
Continuous
 62
     7
370
    25
100
AcDbLine
 10
189.267244898
 20
91.4755472882
 30
0.0
 11
189.267244898
 21
91.9755472882
 31
0.0
  0
LINE
  5
5BB
330
1F
100
AcDbEntity
  8
0
  6
Continuous
 62
     7
370
    25
100
AcDbLine
 10
189.267244898
 20
91.9755472882
 30
0.0
 11
189.017244898
 21
91.9755472882
 31
0.0
  0
LINE
  5
5BC
330
1F
100
AcDbEntity
  8
0
  6
Continuous
 62
     7
370
    25
100
AcDbLine
 10
189.017244898
 20
91.9755472882
 30
0.0
 11
189.017244898
 21
92.2255472882
 31
0.0
  0
LINE
  5
5BD
330
1F
100
AcDbEntity
  8
0
  6
Continuous
 62
     7
370
    25
100
AcDbLine
 10
190.242244898
 20
92.2255472882
 30
0.0
 11
189.017244898
 21
92.2255472882
 31
0.0
  0
LINE
  5
5BE
330
1F
100
AcDbEntity
  8
0
  6
Continuous
 62
     7
370
    25
100
AcDbLine
 10
190.242244898
 20
91.0005472882
 30
0.0
 11
190.242244898
 21
92.2255472882
 31
0.0
  0
LINE
  5
5BF
330
1F
100
AcDbEntity
  8
0
  6
Continuous
 62
     7
370
    25
100
AcDbLine
 10
190.242244898
 20
91.0005472882
 30
0.0
 11
189.992244898
 21
91.0005472882
 31
0.0
  0
LINE
  5
5C0
330
1F
100
AcDbEntity
  8
0
  6
Continuous
 62
     7
370
    25
100
AcDbLine
 10
189.992244898
 20
91.0005472882
 30
0.0
 11
189.992244898
 21
91.2505472882
 31
0.0
  0
LINE
  5
5C1
330
1F
100
AcDbEntity
  8
0
  6
Continuous
 62
     7
370
    25
100
AcDbLine
 10
189.992244898
 20
91.2505472882
 30
0.0
 11
189.492244898
 21
91.2505472882
 31
0.0
  0
ARC
  5
5C2
330
1F
100
AcDbEntity
  8
0
  6
Continuous
 62
     7
370
    25
100
AcDbCircle
 10
190.3240504535
 20
90.5588806216
 30
0.0
 40
1.081805555555556
100
AcDbArc
 50
140.2556483615
 51
219.7443516385
  0
LINE
  5
5C3
330
1F
100
AcDbEntity
  8
0
  6
Continuous
 62
     7
370
    25
100
AcDbLine
 10
189.492244898
 20
89.8672139549
 30
0.0
 11
189.992244898
 21
89.8672139549
 31
0.0
  0
LINE
  5
5C4
330
1F
100
AcDbEntity
  8
0
  6
Continuous
 62
     7
370
    25
100
AcDbLine
 10
189.992244898
 20
89.8672139549
 30
0.0
 11
189.992244898
 21
90.1172139549
 31
0.0
  0
LINE
  5
5C5
330
1F
100
AcDbEntity
  8
0
  6
Continuous
 62
     7
370
    25
100
AcDbLine
 10
189.992244898
 20
90.1172139549
 30
0.0
 11
190.242244898
 21
90.1172139549
 31
0.0
  0
LINE
  5
5C6
330
1F
100
AcDbEntity
  8
0
  6
Continuous
 62
     7
370
    25
100
AcDbLine
 10
190.242244898
 20
88.8922139549
 30
0.0
 11
190.242244898
 21
90.1172139549
 31
0.0
  0
LINE
  5
5C7
330
1F
100
AcDbEntity
  8
0
  6
Continuous
 62
     7
370
    25
100
AcDbLine
 10
189.017244898
 20
88.8922139549
 30
0.0
 11
190.242244898
 21
88.8922139549
 31
0.0
  0
LINE
  5
5C8
330
1F
100
AcDbEntity
  8
0
  6
Continuous
 62
     7
370
    25
100
AcDbLine
 10
189.017244898
 20
88.8922139549
 30
0.0
 11
189.017244898
 21
89.1422139549
 31
0.0
  0
LINE
  5
5C9
330
1F
100
AcDbEntity
  8
0
  6
Continuous
 62
     7
370
    25
100
AcDbLine
 10
189.017244898
 20
89.1422139549
 30
0.0
 11
189.267244898
 21
89.1422139549
 31
0.0
  0
LINE
  5
5CA
330
1F
100
AcDbEntity
  8
0
  6
Continuous
 62
     7
370
    25
100
AcDbLine
 10
189.267244898
 20
89.1422139549
 30
0.0
 11
189.267244898
 21
89.6422139549
 31
0.0
  0
ARC
  5
5CB
330
1F
100
AcDbEntity
  8
0
  6
Continuous
 62
     7
370
    25
100
AcDbCircle
 10
188.5755782313
 20
88.8104083993
 30
0.0
 40
1.081805555555565
100
AcDbArc
 50
50.2556483615
 51
129.7443516385
  0
LINE
  5
5CC
330
1F
100
AcDbEntity
  8
0
  6
Continuous
 62
     7
370
    25
100
AcDbLine
 10
187.8839115646
 20
89.6422139549
 30
0.0
 11
187.8839115646
 21
89.1422139549
 31
0.0
  0
LINE
  5
5CD
330
1F
100
AcDbEntity
  8
0
  6
Continuous
 62
     7
370
    25
100
AcDbLine
 10
187.8839115646
 20
89.1422139549
 30
0.0
 11
188.1339115646
 21
89.1422139549
 31
0.0
  0
LINE
  5
5CE
330
1F
100
AcDbEntity
  8
0
  6
Continuous
 62
     7
370
    25
100
AcDbLine
 10
188.1339115646
 20
89.1422139549
 30
0.0
 11
188.1339115646
 21
88.8922139549
 31
0.0
  0
CIRCLE
  5
5CF
330
1F
100
AcDbEntity
  8
0
  6
Continuous
 62
     7
370
    25
100
AcDbCircle
 10
189.742244898
 20
89.3922139549
 30
0.0
 40
0.3333333333333144
  0
LINE
  5
5D0
330
1F
100
AcDbEntity
  8
0
  6
Continuous
 62
     7
370
    25
100
AcDbLine
 10
187.6589115646
 20
91.2505472882
 30
0.0
 11
187.1589115646
 21
91.2505472882
 31
0.0
  0
LINE
  5
5D1
330
1F
100
AcDbEntity
  8
0
  6
Continuous
 62
     7
370
    25
100
AcDbLine
 10
187.1589115646
 20
91.0005472882
 30
0.0
 11
186.9089115646
 21
91.0005472882
 31
0.0
  0
LINE
  5
5D2
330
1F
100
AcDbEntity
  8
0
  6
Continuous
 62
     7
370
    25
100
AcDbLine
 10
187.1589115646
 20
91.2505472882
 30
0.0
 11
187.1589115646
 21
91.0005472882
 31
0.0
  0
LINE
  5
5D3
330
1F
100
AcDbEntity
  8
0
  6
Continuous
 62
     7
370
    25
100
AcDbLine
 10
187.1589115646
 20
89.8672139549
 30
0.0
 11
187.6589115646
 21
89.8672139549
 31
0.0
  0
LINE
  5
5D4
330
1F
100
AcDbEntity
  8
0
  6
Continuous
 62
     7
370
    25
100
AcDbLine
 10
187.1589115646
 20
90.1172139549
 30
0.0
 11
187.1589115646
 21
89.8672139549
 31
0.0
  0
LINE
  5
5D5
330
1F
100
AcDbEntity
  8
0
  6
Continuous
 62
     7
370
    25
100
AcDbLine
 10
186.9089115646
 20
90.1172139549
 30
0.0
 11
187.1589115646
 21
90.1172139549
 31
0.0
  0
LINE
  5
5D6
330
1F
100
AcDbEntity
  8
0
  6
Continuous
 62
     7
370
    25
100
AcDbLine
 10
171.2755782313
 20
133.8922139549
 30
0.0
 11
171.2755782313
 21
125.5588806216
 31
0.0
  0
LINE
  5
5D7
330
1F
100
AcDbEntity
  8
0
  6
Continuous
 62
     7
370
    25
100
AcDbLine
 10
171.2755782313
 20
115.5588806216
 30
0.0
 11
171.2755782313
 21
110.5588806216
 31
0.0
  0
LINE
  5
5D8
330
1F
100
AcDbEntity
  8
0
  6
Continuous
 62
     7
370
    25
100
AcDbLine
 10
171.2755782313
 20
100.5588806216
 30
0.0
 11
171.2755782313
 21
92.2255472882
 31
0.0
  0
LINE
  5
5D9
330
1F
100
AcDbEntity
  8
0
  6
Continuous
 62
     7
370
    25
100
AcDbLine
 10
171.2755782313
 20
133.8922139549
 30
0.0
 11
172.5005782313
 21
133.8922139549
 31
0.0
  0
LINE
  5
5DA
330
1F
100
AcDbEntity
  8
0
  6
Continuous
 62
     7
370
    25
100
AcDbLine
 10
172.5005782313
 20
92.2255472882
 30
0.0
 11
172.5005782313
 21
100.5588806216
 31
0.0
  0
LINE
  5
5DB
330
1F
100
AcDbEntity
  8
0
  6
Continuous
 62
     7
370
    25
100
AcDbLine
 10
172.5005782313
 20
101.3977812809
 30
0.0
 11
172.5005782313
 21
102.0533132955
 31
0.0
  0
LINE
  5
5DC
330
1F
100
AcDbEntity
  8
0
  6
Continuous
 62
     7
370
    25
100
AcDbLine
 10
172.5005782313
 20
109.0644479476
 30
0.0
 11
172.5005782313
 21
109.7199799622
 31
0.0
  0
LINE
  5
5DD
330
1F
100
AcDbEntity
  8
0
  6
Continuous
 62
     7
370
    25
100
AcDbLine
 10
172.5005782313
 20
110.5588806216
 30
0.0
 11
172.5005782313
 21
115.5588806216
 31
0.0
  0
LINE
  5
5DE
330
1F
100
AcDbEntity
  8
0
  6
Continuous
 62
     7
370
    25
100
AcDbLine
 10
172.5005782313
 20
116.3977812809
 30
0.0
 11
172.5005782313
 21
117.0533132955
 31
0.0
  0
LINE
  5
5DF
330
1F
100
AcDbEntity
  8
0
  6
Continuous
 62
     7
370
    25
100
AcDbLine
 10
172.5005782313
 20
124.0644479476
 30
0.0
 11
172.5005782313
 21
124.7199799622
 31
0.0
  0
LINE
  5
5E0
330
1F
100
AcDbEntity
  8
0
  6
Continuous
 62
     7
370
    25
100
AcDbLine
 10
172.5005782313
 20
125.5588806216
 30
0.0
 11
172.5005782313
 21
133.8922139549
 31
0.0
  0
LINE
  5
5E1
330
1F
100
AcDbEntity
  8
0
  6
Continuous
 62
     7
370
    25
100
AcDbLine
 10
171.2755782313
 20
92.2255472882
 30
0.0
 11
172.5005782313
 21
92.2255472882
 31
0.0
  0
LINE
  5
5E2
330
1F
100
AcDbEntity
  8
0
  6
Continuous
 62
     7
370
    25
100
AcDbLine
 10
173.3839115646
 20
92.2255472882
 30
0.0
 11
173.3839115646
 21
100.5588806216
 31
0.0
  0
LINE
  5
5E3
330
1F
100
AcDbEntity
  8
0
  6
Continuous
 62
     7
370
    25
100
AcDbLine
 10
173.3839115646
 20
101.3977812809
 30
0.0
 11
173.3839115646
 21
102.0533132955
 31
0.0
  0
LINE
  5
5E4
330
1F
100
AcDbEntity
  8
0
  6
Continuous
 62
     7
370
    25
100
AcDbLine
 10
173.3839115646
 20
109.0644479476
 30
0.0
 11
173.3839115646
 21
109.7199799622
 31
0.0
  0
LINE
  5
5E5
330
1F
100
AcDbEntity
  8
0
  6
Continuous
 62
     7
370
    25
100
AcDbLine
 10
173.3839115646
 20
110.5588806216
 30
0.0
 11
173.3839115646
 21
115.5588806216
 31
0.0
  0
LINE
  5
5E6
330
1F
100
AcDbEntity
  8
0
  6
Continuous
 62
     7
370
    25
100
AcDbLine
 10
173.3839115646
 20
116.3977812809
 30
0.0
 11
173.3839115646
 21
117.0533132955
 31
0.0
  0
LINE
  5
5E7
330
1F
100
AcDbEntity
  8
0
  6
Continuous
 62
     7
370
    25
100
AcDbLine
 10
173.3839115646
 20
124.0644479476
 30
0.0
 11
173.3839115646
 21
124.7199799622
 31
0.0
  0
LINE
  5
5E8
330
1F
100
AcDbEntity
  8
0
  6
Continuous
 62
     7
370
    25
100
AcDbLine
 10
173.3839115646
 20
125.5588806216
 30
0.0
 11
173.3839115646
 21
133.8922139549
 31
0.0
  0
LINE
  5
5E9
330
1F
100
AcDbEntity
  8
0
  6
Continuous
 62
     7
370
    25
100
AcDbLine
 10
174.6089115646
 20
133.8922139549
 30
0.0
 11
174.6089115646
 21
125.5588806216
 31
0.0
  0
LINE
  5
5EA
330
1F
100
AcDbEntity
  8
0
  6
Continuous
 62
     7
370
    25
100
AcDbLine
 10
174.6089115646
 20
115.5588806216
 30
0.0
 11
174.6089115646
 21
110.5588806216
 31
0.0
  0
LINE
  5
5EB
330
1F
100
AcDbEntity
  8
0
  6
Continuous
 62
     7
370
    25
100
AcDbLine
 10
174.6089115646
 20
100.5588806216
 30
0.0
 11
174.6089115646
 21
92.2255472882
 31
0.0
  0
LINE
  5
5EC
330
1F
100
AcDbEntity
  8
0
  6
Continuous
 62
     7
370
    25
100
AcDbLine
 10
173.3839115646
 20
133.8922139549
 30
0.0
 11
174.6089115646
 21
133.8922139549
 31
0.0
  0
LINE
  5
5ED
330
1F
100
AcDbEntity
  8
0
  6
Continuous
 62
     7
370
    25
100
AcDbLine
 10
173.3839115646
 20
92.2255472882
 30
0.0
 11
174.6089115646
 21
92.2255472882
 31
0.0
  0
LINE
  5
5EE
330
1F
100
AcDbEntity
  8
0
  6
Continuous
 62
     7
370
    25
100
AcDbLine
 10
130.842244898
 20
92.2255472882
 30
0.0
 11
130.842244898
 21
97.2255472882
 31
0.0
  0
LINE
  5
5EF
330
1F
100
AcDbEntity
  8
0
  6
Continuous
 62
     7
370
    25
100
AcDbLine
 10
130.842244898
 20
97.4755472882
 30
0.0
 11
130.842244898
 21
100.3088806216
 31
0.0
  0
LINE
  5
5F0
330
1F
100
AcDbEntity
  8
0
  6
Continuous
 62
     7
370
    25
100
AcDbLine
 10
130.842244898
 20
101.0588806216
 30
0.0
 11
130.842244898
 21
125.0588806216
 31
0.0
  0
LINE
  5
5F1
330
1F
100
AcDbEntity
  8
0
  6
Continuous
 62
     7
370
    25
100
AcDbLine
 10
130.842244898
 20
125.8088806216
 30
0.0
 11
130.842244898
 21
128.6422139549
 31
0.0
  0
LINE
  5
5F2
330
1F
100
AcDbEntity
  8
0
  6
Continuous
 62
     7
370
    25
100
AcDbLine
 10
130.842244898
 20
128.8922139549
 30
0.0
 11
130.842244898
 21
133.8922139549
 31
0.0
  0
LINE
  5
5F3
330
1F
100
AcDbEntity
  8
0
  6
Continuous
 62
     7
370
    25
100
AcDbLine
 10
130.842244898
 20
92.2255472882
 30
0.0
 11
129.617244898
 21
92.2255472882
 31
0.0
  0
LINE
  5
5F4
330
1F
100
AcDbEntity
  8
0
  6
Continuous
 62
     7
370
    25
100
AcDbLine
 10
129.617244898
 20
133.8922139549
 30
0.0
 11
129.617244898
 21
128.8922139549
 31
0.0
  0
LINE
  5
5F5
330
1F
100
AcDbEntity
  8
0
  6
Continuous
 62
     7
370
    25
100
AcDbLine
 10
129.617244898
 20
128.6422139549
 30
0.0
 11
129.617244898
 21
127.9950347334
 31
0.0
  0
LINE
  5
5F6
330
1F
100
AcDbEntity
  8
0
  6
Continuous
 62
     7
370
    25
100
AcDbLine
 10
129.617244898
 20
126.4560598431
 30
0.0
 11
129.617244898
 21
125.8088806216
 31
0.0
  0
LINE
  5
5F7
330
1F
100
AcDbEntity
  8
0
  6
Continuous
 62
     7
370
    25
100
AcDbLine
 10
129.617244898
 20
125.0588806216
 30
0.0
 11
129.617244898
 21
101.0588806216
 31
0.0
  0
LINE
  5
5F8
330
1F
100
AcDbEntity
  8
0
  6
Continuous
 62
     7
370
    25
100
AcDbLine
 10
129.617244898
 20
100.3088806216
 30
0.0
 11
129.617244898
 21
99.6617014
 31
0.0
  0
LINE
  5
5F9
330
1F
100
AcDbEntity
  8
0
  6
Continuous
 62
     7
370
    25
100
AcDbLine
 10
129.617244898
 20
98.1227265098
 30
0.0
 11
129.617244898
 21
97.4755472882
 31
0.0
  0
LINE
  5
5FA
330
1F
100
AcDbEntity
  8
0
  6
Continuous
 62
     7
370
    25
100
AcDbLine
 10
129.617244898
 20
97.2255472882
 30
0.0
 11
129.617244898
 21
92.2255472882
 31
0.0
  0
LINE
  5
5FB
330
1F
100
AcDbEntity
  8
0
  6
Continuous
 62
     7
370
    25
100
AcDbLine
 10
130.842244898
 20
133.8922139549
 30
0.0
 11
129.617244898
 21
133.8922139549
 31
0.0
  0
LINE
  5
5FC
330
1F
100
AcDbEntity
  8
0
  6
Continuous
 62
     7
370
    25
100
AcDbLine
 10
127.5089115646
 20
92.2255472882
 30
0.0
 11
127.5089115646
 21
97.2255472882
 31
0.0
  0
LINE
  5
5FD
330
1F
100
AcDbEntity
  8
0
  6
Continuous
 62
     7
370
    25
100
AcDbLine
 10
127.5089115646
 20
98.4505472882
 30
0.0
 11
127.5089115646
 21
99.3338806216
 31
0.0
  0
LINE
  5
5FE
330
1F
100
AcDbEntity
  8
0
  6
Continuous
 62
     7
370
    25
100
AcDbLine
 10
127.5089115646
 20
101.0588806216
 30
0.0
 11
127.5089115646
 21
125.0588806216
 31
0.0
  0
LINE
  5
5FF
330
1F
100
AcDbEntity
  8
0
  6
Continuous
 62
     7
370
    25
100
AcDbLine
 10
127.5089115646
 20
126.7838806216
 30
0.0
 11
127.5089115646
 21
127.6672139549
 31
0.0
  0
LINE
  5
600
330
1F
100
AcDbEntity
  8
0
  6
Continuous
 62
     7
370
    25
100
AcDbLine
 10
127.5089115646
 20
128.8922139549
 30
0.0
 11
127.5089115646
 21
133.8922139549
 31
0.0
  0
LINE
  5
601
330
1F
100
AcDbEntity
  8
0
  6
Continuous
 62
     7
370
    25
100
AcDbLine
 10
128.7339115646
 20
133.8922139549
 30
0.0
 11
128.7339115646
 21
128.8922139549
 31
0.0
  0
LINE
  5
602
330
1F
100
AcDbEntity
  8
0
  6
Continuous
 62
     7
370
    25
100
AcDbLine
 10
128.7339115646
 20
128.6422139549
 30
0.0
 11
128.7339115646
 21
127.9950347334
 31
0.0
  0
LINE
  5
603
330
1F
100
AcDbEntity
  8
0
  6
Continuous
 62
     7
370
    25
100
AcDbLine
 10
128.7339115646
 20
126.4560598431
 30
0.0
 11
128.7339115646
 21
125.8088806216
 31
0.0
  0
LINE
  5
604
330
1F
100
AcDbEntity
  8
0
  6
Continuous
 62
     7
370
    25
100
AcDbLine
 10
128.7339115646
 20
125.0588806216
 30
0.0
 11
128.7339115646
 21
101.0588806216
 31
0.0
  0
LINE
  5
605
330
1F
100
AcDbEntity
  8
0
  6
Continuous
 62
     7
370
    25
100
AcDbLine
 10
128.7339115646
 20
100.3088806216
 30
0.0
 11
128.7339115646
 21
99.6617014
 31
0.0
  0
LINE
  5
606
330
1F
100
AcDbEntity
  8
0
  6
Continuous
 62
     7
370
    25
100
AcDbLine
 10
128.7339115646
 20
98.1227265098
 30
0.0
 11
128.7339115646
 21
97.4755472882
 31
0.0
  0
LINE
  5
607
330
1F
100
AcDbEntity
  8
0
  6
Continuous
 62
     7
370
    25
100
AcDbLine
 10
128.7339115646
 20
97.2255472882
 30
0.0
 11
128.7339115646
 21
92.2255472882
 31
0.0
  0
LINE
  5
608
330
1F
100
AcDbEntity
  8
0
  6
Continuous
 62
     7
370
    25
100
AcDbLine
 10
128.7339115646
 20
92.2255472882
 30
0.0
 11
127.5089115646
 21
92.2255472882
 31
0.0
  0
LINE
  5
609
330
1F
100
AcDbEntity
  8
0
  6
Continuous
 62
     7
370
    25
100
AcDbLine
 10
128.7339115646
 20
133.8922139549
 30
0.0
 11
127.5089115646
 21
133.8922139549
 31
0.0
  0
LINE
  5
60A
330
1F
100
AcDbEntity
  8
0
  6
Continuous
 62
     7
370
    25
100
AcDbLine
 10
140.242244898
 20
133.8922139549
 30
0.0
 11
140.242244898
 21
92.2255472882
 31
0.0
  0
LINE
  5
60B
330
1F
100
AcDbEntity
  8
0
  6
Continuous
 62
     7
370
    25
100
AcDbLine
 10
140.242244898
 20
133.8922139549
 30
0.0
 11
141.467244898
 21
133.8922139549
 31
0.0
  0
LINE
  5
60C
330
1F
100
AcDbEntity
  8
0
  6
Continuous
 62
     7
370
    25
100
AcDbLine
 10
141.467244898
 20
92.2255472882
 30
0.0
 11
141.467244898
 21
133.8922139549
 31
0.0
  0
LINE
  5
60D
330
1F
100
AcDbEntity
  8
0
  6
Continuous
 62
     7
370
    25
100
AcDbLine
 10
140.242244898
 20
92.2255472882
 30
0.0
 11
141.467244898
 21
92.2255472882
 31
0.0
  0
LINE
  5
60E
330
1F
100
AcDbEntity
  8
0
  6
Continuous
 62
     7
370
    25
100
AcDbLine
 10
143.5755782313
 20
133.8922139549
 30
0.0
 11
143.5755782313
 21
125.5588806216
 31
0.0
  0
LINE
  5
60F
330
1F
100
AcDbEntity
  8
0
  6
Continuous
 62
     7
370
    25
100
AcDbLine
 10
143.5755782313
 20
115.5588806216
 30
0.0
 11
143.5755782313
 21
110.5588806216
 31
0.0
  0
LINE
  5
610
330
1F
100
AcDbEntity
  8
0
  6
Continuous
 62
     7
370
    25
100
AcDbLine
 10
143.5755782313
 20
100.5588806216
 30
0.0
 11
143.5755782313
 21
92.2255472882
 31
0.0
  0
LINE
  5
611
330
1F
100
AcDbEntity
  8
0
  6
Continuous
 62
     7
370
    25
100
AcDbLine
 10
142.3505782313
 20
92.2255472882
 30
0.0
 11
142.3505782313
 21
133.8922139549
 31
0.0
  0
LINE
  5
612
330
1F
100
AcDbEntity
  8
0
  6
Continuous
 62
     7
370
    25
100
AcDbLine
 10
142.3505782313
 20
133.8922139549
 30
0.0
 11
143.5755782313
 21
133.8922139549
 31
0.0
  0
LINE
  5
613
330
1F
100
AcDbEntity
  8
0
  6
Continuous
 62
     7
370
    25
100
AcDbLine
 10
142.3505782313
 20
92.2255472882
 30
0.0
 11
143.5755782313
 21
92.2255472882
 31
0.0
  0
LINE
  5
614
330
1F
100
AcDbEntity
  8
0
  6
Continuous
 62
     7
370
    25
100
AcDbLine
 10
130.842244898
 20
133.8922139549
 30
0.0
 11
132.067244898
 21
133.8922139549
 31
0.0
  0
LINE
  5
615
330
1F
100
AcDbEntity
  8
0
  6
Continuous
 62
     7
370
    25
100
AcDbLine
 10
132.067244898
 20
92.2255472882
 30
0.0
 11
132.067244898
 21
97.2255472882
 31
0.0
  0
LINE
  5
616
330
1F
100
AcDbEntity
  8
0
  6
Continuous
 62
     7
370
    25
100
AcDbLine
 10
132.067244898
 20
97.4755472882
 30
0.0
 11
132.067244898
 21
98.1227265098
 31
0.0
  0
LINE
  5
617
330
1F
100
AcDbEntity
  8
0
  6
Continuous
 62
     7
370
    25
100
AcDbLine
 10
132.067244898
 20
99.6617014
 30
0.0
 11
132.067244898
 21
100.3088806216
 31
0.0
  0
LINE
  5
618
330
1F
100
AcDbEntity
  8
0
  6
Continuous
 62
     7
370
    25
100
AcDbLine
 10
132.067244898
 20
101.0588806216
 30
0.0
 11
132.067244898
 21
125.0588806216
 31
0.0
  0
LINE
  5
619
330
1F
100
AcDbEntity
  8
0
  6
Continuous
 62
     7
370
    25
100
AcDbLine
 10
132.067244898
 20
125.8088806216
 30
0.0
 11
132.067244898
 21
126.4560598431
 31
0.0
  0
LINE
  5
61A
330
1F
100
AcDbEntity
  8
0
  6
Continuous
 62
     7
370
    25
100
AcDbLine
 10
132.067244898
 20
127.9950347334
 30
0.0
 11
132.067244898
 21
128.6422139549
 31
0.0
  0
LINE
  5
61B
330
1F
100
AcDbEntity
  8
0
  6
Continuous
 62
     7
370
    25
100
AcDbLine
 10
132.067244898
 20
128.8922139549
 30
0.0
 11
132.067244898
 21
133.8922139549
 31
0.0
  0
LINE
  5
61C
330
1F
100
AcDbEntity
  8
0
  6
Continuous
 62
     7
370
    25
100
AcDbLine
 10
130.842244898
 20
92.2255472882
 30
0.0
 11
132.067244898
 21
92.2255472882
 31
0.0
  0
LINE
  5
61D
330
1F
100
AcDbEntity
  8
0
  6
Continuous
 62
     7
370
    25
100
AcDbLine
 10
132.9505782313
 20
92.2255472882
 30
0.0
 11
132.9505782313
 21
97.2255472882
 31
0.0
  0
LINE
  5
61E
330
1F
100
AcDbEntity
  8
0
  6
Continuous
 62
     7
370
    25
100
AcDbLine
 10
132.9505782313
 20
97.4755472882
 30
0.0
 11
132.9505782313
 21
98.1227265098
 31
0.0
  0
LINE
  5
61F
330
1F
100
AcDbEntity
  8
0
  6
Continuous
 62
     7
370
    25
100
AcDbLine
 10
132.9505782313
 20
99.6617014
 30
0.0
 11
132.9505782313
 21
100.3088806216
 31
0.0
  0
LINE
  5
620
330
1F
100
AcDbEntity
  8
0
  6
Continuous
 62
     7
370
    25
100
AcDbLine
 10
132.9505782313
 20
101.0588806216
 30
0.0
 11
132.9505782313
 21
125.0588806216
 31
0.0
  0
LINE
  5
621
330
1F
100
AcDbEntity
  8
0
  6
Continuous
 62
     7
370
    25
100
AcDbLine
 10
132.9505782313
 20
125.8088806216
 30
0.0
 11
132.9505782313
 21
126.4560598431
 31
0.0
  0
LINE
  5
622
330
1F
100
AcDbEntity
  8
0
  6
Continuous
 62
     7
370
    25
100
AcDbLine
 10
132.9505782313
 20
127.9950347334
 30
0.0
 11
132.9505782313
 21
128.6422139549
 31
0.0
  0
LINE
  5
623
330
1F
100
AcDbEntity
  8
0
  6
Continuous
 62
     7
370
    25
100
AcDbLine
 10
132.9505782313
 20
128.8922139549
 30
0.0
 11
132.9505782313
 21
133.8922139549
 31
0.0
  0
LINE
  5
624
330
1F
100
AcDbEntity
  8
0
  6
Continuous
 62
     7
370
    25
100
AcDbLine
 10
134.1755782313
 20
133.8922139549
 30
0.0
 11
134.1755782313
 21
128.8922139549
 31
0.0
  0
LINE
  5
625
330
1F
100
AcDbEntity
  8
0
  6
Continuous
 62
     7
370
    25
100
AcDbLine
 10
134.1755782313
 20
127.6672139549
 30
0.0
 11
134.1755782313
 21
126.7838806216
 31
0.0
  0
LINE
  5
626
330
1F
100
AcDbEntity
  8
0
  6
Continuous
 62
     7
370
    25
100
AcDbLine
 10
134.1755782313
 20
125.0588806216
 30
0.0
 11
134.1755782313
 21
101.0588806216
 31
0.0
  0
LINE
  5
627
330
1F
100
AcDbEntity
  8
0
  6
Continuous
 62
     7
370
    25
100
AcDbLine
 10
134.1755782313
 20
99.3338806216
 30
0.0
 11
134.1755782313
 21
98.4505472882
 31
0.0
  0
LINE
  5
628
330
1F
100
AcDbEntity
  8
0
  6
Continuous
 62
     7
370
    25
100
AcDbLine
 10
134.1755782313
 20
97.2255472882
 30
0.0
 11
134.1755782313
 21
92.2255472882
 31
0.0
  0
LINE
  5
629
330
1F
100
AcDbEntity
  8
0
  6
Continuous
 62
     7
370
    25
100
AcDbLine
 10
132.9505782313
 20
133.8922139549
 30
0.0
 11
134.1755782313
 21
133.8922139549
 31
0.0
  0
LINE
  5
62A
330
1F
100
AcDbEntity
  8
0
  6
Continuous
 62
     7
370
    25
100
AcDbLine
 10
132.9505782313
 20
92.2255472882
 30
0.0
 11
134.1755782313
 21
92.2255472882
 31
0.0
  0
LINE
  5
62B
330
1F
100
AcDbEntity
  8
0
  6
Continuous
 62
     7
370
    25
100
AcDbLine
 10
134.8589115646
 20
133.8922139549
 30
0.0
 11
134.8589115646
 21
125.5588806216
 31
0.0
  0
LINE
  5
62C
330
1F
100
AcDbEntity
  8
0
  6
Continuous
 62
     7
370
    25
100
AcDbLine
 10
134.8589115646
 20
117.0588806216
 30
0.0
 11
134.8589115646
 21
109.0588806216
 31
0.0
  0
LINE
  5
62D
330
1F
100
AcDbEntity
  8
0
  6
Continuous
 62
     7
370
    25
100
AcDbLine
 10
134.8589115646
 20
100.5588806216
 30
0.0
 11
134.8589115646
 21
92.2255472882
 31
0.0
  0
DIMENSION
  5
62E
330
1F
100
AcDbEntity
  8
0
  6
Continuous
 62
     7
370
    18
100
AcDbDimension
  2
_D_5
 10
143.5755782313
 20
113.3391612751
 30
0.0
 11
149.3816823303
 21
113.3391612751
 31
0.0
 70
   160
  1
<>
 71
     2
 42
-1.0
  3
SLDDIMSTYLE1
100
AcDbAlignedDimension
 13
147.742244898
 23
110.0922139549
 33
0.0
 14
143.5755782313
 24
110.0922139549
 34
0.0
100
AcDbRotatedDimension
  0
LINE
  5
63A
330
1F
100
AcDbEntity
  8
0
  6
CENTERX2
 62
     7
100
AcDbLine
 10
165.6623329731
 20
195.1511834056
 30
0.0
 11
172.6606325412
 21
191.1111510594
 31
0.0
  0
LINE
  5
63B
330
1F
100
AcDbEntity
  8
0
  6
CENTERX2
 62
     7
100
AcDbLine
 10
165.6623329731
 20
231.8955199404
 30
0.0
 11
172.6606325412
 21
227.8554875943
 31
0.0
  0
LINE
  5
63C
330
1F
100
AcDbEntity
  8
0
  6
CENTERX2
 62
     7
100
AcDbLine
 10
160.7542113934
 20
232.1076335249
 30
0.0
 11
158.1794618747
 21
230.621262266
 31
0.0
  0
LINE
  5
63D
330
1F
100
AcDbEntity
  8
0
  6
CENTERX2
 62
     7
100
AcDbLine
 10
158.3971887895
 20
193.2249459257
 30
0.0
 11
155.8224392708
 21
191.7385746668
 31
0.0
  0
LWPOLYLINE
  5
63E
330
1F
100
AcDbEntity
  8
0
  6
Continuous
 62
     7
100
AcDbPolyline
 90
      102
 70
   128
 43
0.0
 10
166.0007842237
 20
195.3038197821
 10
166.0377945866
 20
195.2824541543
 10
166.0377945866
 20
195.2824541543
 10
165.8979880175
 20
195.2017455399
 10
165.8979880175
 20
195.2017455399
 10
165.8857590741
 20
195.1945905209
 10
165.8747695506
 20
195.1879602033
 10
165.8649368191
 20
195.1817114867
 10
165.8562608796
 20
195.1759397714
 10
165.8488243599
 20
195.1706927574
 10
165.8424620042
 20
195.1658750446
 10
165.8373390685
 20
195.1615820332
 10
165.8333729247
 20
195.1576706228
 10
165.8333729247
 20
195.1576706228
 10
165.8291588969
 20
195.1523759087
 10
165.8256885211
 20
195.1470334946
 10
165.8232096812
 20
195.1415956801
 10
165.8214744933
 20
195.1361101655
 10
165.8206482133
 20
195.1304815506
 10
165.8207308413
 20
195.1248052355
 10
165.8216397493
 20
195.1190335202
 10
165.8234575652
 20
195.1132141047
 10
165.8294894089
 20
195.1017183742
 10
165.8385784884
 20
195.0906519448
 10
165.8509726878
 20
195.0800625166
 10
165.866506751
 20
195.0699500898
 10
165.866506751
 20
195.0699500898
 10
165.8840238862
 20
195.0609824659
 10
165.9020367893
 20
195.0539228472
 10
165.9208759724
 20
195.0486758332
 10
165.9402109234
 20
195.0453368244
 10
165.9595458745
 20
195.0438104203
 10
165.9783850575
 20
195.0440966211
 10
165.9965632166
 20
195.0461000264
 10
166.0140803518
 20
195.0499160365
 10
166.0140803518
 20
195.0499160365
 10
166.0204427075
 20
195.051967142
 10
166.0277965991
 20
195.0547814495
 10
166.0362246547
 20
195.0584066591
 10
166.0456442462
 20
195.062890471
 10
166.0562206297
 20
195.068137485
 10
166.0676232931
 20
195.0742431012
 10
166.0801827485
 20
195.0811119194
 10
166.0936511119
 20
195.0887916398
 10
166.0936511119
 20
195.0887916398
 10
166.233457681
 20
195.1695002542
 10
166.233457681
 20
195.1695002542
 10
166.2704750232
 20
195.1481305975
 10
166.2704750232
 20
195.1481305975
 10
166.1237277024
 20
195.0634151724
 10
166.1237277024
 20
195.0634151724
 10
166.1085241511
 20
195.0549245498
 10
166.0938163679
 20
195.0471971293
 10
166.0795217246
 20
195.0402806109
 10
166.0658054772
 20
195.034270395
 10
166.0525023699
 20
195.0289756809
 10
166.0397776585
 20
195.0245872693
 10
166.0274660871
 20
195.0210097597
 10
166.0156502837
 20
195.0181954523
 10
166.0040823643
 20
195.0160966467
 10
165.9925144448
 20
195.0144748424
 10
165.9808638974
 20
195.0133777395
 10
165.969130722
 20
195.0128053379
 10
165.9573149186
 20
195.0127576378
 10
165.9455817432
 20
195.0132346391
 10
165.9336833117
 20
195.0141886416
 10
165.9218675083
 20
195.0156673456
 10
165.9100517049
 20
195.017718451
 10
165.8981532735
 20
195.0203896581
 10
165.8865853541
 20
195.0236332667
 10
165.8749348066
 20
195.027496977
 10
165.8633668872
 20
195.0318853886
 10
165.8517989678
 20
195.0369416021
 10
165.8404789323
 20
195.0425225169
 10
165.8291588969
 20
195.0487712335
 10
165.8291588969
 20
195.0487712335
 10
165.8184172574
 20
195.0552584507
 10
165.8086671539
 20
195.0618410682
 10
165.7999912143
 20
195.0684713858
 10
165.7923068107
 20
195.0751971037
 10
165.785613943
 20
195.0819228216
 10
165.7799126113
 20
195.0886485394
 10
165.7752854435
 20
195.0955173577
 10
165.7716498117
 20
195.1023861759
 10
165.7690057158
 20
195.1092549942
 10
165.7672705279
 20
195.1161715126
 10
165.766444248
 20
195.1230403308
 10
165.766526876
 20
195.1298614489
 10
165.7676010399
 20
195.1366825671
 10
165.7695841118
 20
195.1434559851
 10
165.7723934637
 20
195.150229403
 10
165.7761117235
 20
195.1569551209
 10
165.7810694033
 20
195.1638239392
 10
165.7874317589
 20
195.1710266583
 10
165.7953640465
 20
195.1785632783
 10
165.8047010101
 20
195.186338399
 10
165.8155252776
 20
195.1944951206
 10
165.827754221
 20
195.202890343
 10
165.8415530963
 20
195.2116194661
 10
165.8567566475
 20
195.2206824902
 10
165.8567566475
 20
195.2206824902
 10
166.0007772444
 20
195.3038238111
  0
LWPOLYLINE
  5
63F
330
1F
100
AcDbEntity
  8
0
  6
Continuous
 62
     7
100
AcDbPolyline
 90
       62
 70
   128
 43
0.0
 10
166.3550917057
 20
195.0992824264
 10
166.3921034332
 20
195.0779160109
 10
166.3921034332
 20
195.0779160109
 10
166.3363295359
 20
195.0457184254
 10
166.3363295359
 20
195.0457184254
 10
166.3633488906
 20
195.0472925296
 10
166.3889635693
 20
195.0471017291
 10
166.4135040841
 20
195.0451460239
 10
166.436639923
 20
195.041425414
 10
166.4586189699
 20
195.0360829998
 10
166.4797717369
 20
195.0292141815
 10
166.4999329679
 20
195.020723559
 10
166.5191852909
 20
195.0106588322
 10
166.5191852909
 20
195.0106588322
 10
166.5344714702
 20
195.0009757065
 10
166.5479398335
 20
194.9908155795
 10
166.5592598689
 20
194.9801784513
 10
166.5685142045
 20
194.9690166216
 10
166.5758680961
 20
194.9574254908
 10
166.5810736599
 20
194.9453573588
 10
166.5843787797
 20
194.9327645253
 10
166.5856181996
 20
194.9197423907
 10
166.5848745477
 20
194.9067202561
 10
166.5819825678
 20
194.8941751228
 10
166.5771901441
 20
194.8821546908
 10
166.5703320204
 20
194.8706589603
 10
166.5614081968
 20
194.8595925309
 10
166.5505013014
 20
194.849098503
 10
166.537446078
 20
194.8390814764
 10
166.5224904108
 20
194.8295891512
 10
166.5224904108
 20
194.8295891512
 10
166.5057169276
 20
194.8207646278
 10
166.4881171644
 20
194.8130849073
 10
166.4697737493
 20
194.8065976901
 10
166.4504387983
 20
194.8013506762
 10
166.4303601953
 20
194.7972007651
 10
166.4094553123
 20
194.7942910574
 10
166.3878067774
 20
194.7925738529
 10
166.3652493345
 20
194.7920491515
 10
166.3426918916
 20
194.7926692531
 10
166.3210433567
 20
194.7944818579
 10
166.3001384737
 20
194.7974869659
 10
166.2800598707
 20
194.8016368769
 10
166.2609728036
 20
194.806931591
 10
166.2426293885
 20
194.8134188082
 10
166.2250296254
 20
194.8210985286
 10
166.2083387702
 20
194.829875352
 10
166.2083387702
 20
194.829875352
 10
166.1912347751
 20
194.840798681
 10
166.1769401318
 20
194.8523898118
 10
166.1650417003
 20
194.8646010442
 10
166.1559526208
 20
194.8774800784
 10
166.1493423811
 20
194.8910269144
 10
166.1454588653
 20
194.9051938521
 10
166.1440541894
 20
194.9200285915
 10
166.1452936093
 20
194.9354357324
 10
166.1452936093
 20
194.9354357324
 10
165.9796244775
 20
194.8397969783
 10
165.9796244775
 20
194.8397969783
 10
165.9426071353
 20
194.8611666351
 10
165.9426071353
 20
194.8611666351
 10
166.355086091
 20
195.0992856677
  0
LWPOLYLINE
  5
640
330
1F
100
AcDbEntity
  8
0
  6
Continuous
 62
     7
100
AcDbPolyline
 90
       56
 70
   128
 43
0.0
 10
166.4818417301
 20
194.9894774975
 10
166.4687822134
 20
194.9964441945
 10
166.4550659661
 20
195.0024544104
 10
166.4408539508
 20
195.0076060241
 10
166.4259809115
 20
195.0118036353
 10
166.4106947323
 20
195.015094944
 10
166.394747529
 20
195.0175276505
 10
166.3782219299
 20
195.0189586543
 10
166.3612005627
 20
195.0195310558
 10
166.3440965675
 20
195.0191971549
 10
166.3276535963
 20
195.0179092515
 10
166.3117063931
 20
195.0156673456
 10
166.2963375859
 20
195.0125191372
 10
166.2816298026
 20
195.0084169263
 10
166.2674177873
 20
195.0033607129
 10
166.253784168
 20
194.997398197
 10
166.2407289446
 20
194.9905293788
 10
166.2407289446
 20
194.9905293788
 10
166.2253601374
 20
194.9805123522
 10
166.212800682
 20
194.969922924
 10
166.2030505785
 20
194.9585702939
 10
166.1961098268
 20
194.9466452622
 10
166.192143683
 20
194.9343386295
 10
166.1911521471
 20
194.9218411963
 10
166.193300475
 20
194.9091529626
 10
166.1985060387
 20
194.8963216285
 10
166.2064383263
 20
194.8838241953
 10
166.2167668258
 20
194.8722330645
 10
166.2294089092
 20
194.8615959362
 10
166.2444472044
 20
194.8517697101
 10
166.2444472044
 20
194.8517697101
 10
166.2611380596
 20
194.8432790876
 10
166.2793162187
 20
194.8362194688
 10
166.2989816818
 20
194.8304954536
 10
166.3201344487
 20
194.8262978425
 10
166.3421134956
 20
194.8236266354
 10
166.3642577985
 20
194.8226726328
 10
166.3864847294
 20
194.823483535
 10
166.4089595443
 20
194.8259639416
 10
166.4306080793
 20
194.8300661525
 10
166.4505214263
 20
194.835551667
 10
166.4686169574
 20
194.8424681854
 10
166.4850599286
 20
194.8507203073
 10
166.4850599286
 20
194.8507203073
 10
166.4995198279
 20
194.8602126326
 10
166.5114182593
 20
194.8707066604
 10
166.5210031068
 20
194.8821546908
 10
166.5280264865
 20
194.8945090237
 10
166.5323231423
 20
194.9073880579
 10
166.5335625622
 20
194.9201239917
 10
166.5319100023
 20
194.9328122254
 10
166.5272002065
 20
194.9453573588
 10
166.5196810589
 20
194.9575208911
 10
166.5096830714
 20
194.9689212214
 10
166.497040988
 20
194.9795583496
 10
166.4818374368
 20
194.989479976
  0
LWPOLYLINE
  5
641
330
1F
100
AcDbEntity
  8
0
  6
Continuous
 62
     7
100
AcDbPolyline
 90
      102
 70
   128
 43
0.0
 10
166.0007842237
 20
232.0481563169
 10
166.0377945866
 20
232.0267906892
 10
166.0377945866
 20
232.0267906892
 10
165.8979880175
 20
231.9460820748
 10
165.8979880175
 20
231.9460820748
 10
165.8857590741
 20
231.9389270558
 10
165.8747695506
 20
231.9322967381
 10
165.8649368191
 20
231.9260480215
 10
165.8562608796
 20
231.9202763062
 10
165.8488243599
 20
231.9150292923
 10
165.8424620042
 20
231.9102115795
 10
165.8373390685
 20
231.9059185681
 10
165.8333729247
 20
231.9020071577
 10
165.8333729247
 20
231.9020071577
 10
165.8291588969
 20
231.8967124436
 10
165.8256885211
 20
231.8913700294
 10
165.8232096812
 20
231.885932215
 10
165.8214744933
 20
231.8804467004
 10
165.8206482133
 20
231.8748180854
 10
165.8207308413
 20
231.8691417704
 10
165.8216397493
 20
231.863370055
 10
165.8234575652
 20
231.8575506396
 10
165.8294894089
 20
231.846054909
 10
165.8385784884
 20
231.8349884796
 10
165.8509726878
 20
231.8243990515
 10
165.866506751
 20
231.8142866246
 10
165.866506751
 20
231.8142866246
 10
165.8840238862
 20
231.8053190008
 10
165.9020367893
 20
231.798259382
 10
165.9208759724
 20
231.7930123681
 10
165.9402109234
 20
231.7896733592
 10
165.9595458745
 20
231.7881469552
 10
165.9783850575
 20
231.7884331559
 10
165.9965632166
 20
231.7904365613
 10
166.0140803518
 20
231.7942525714
 10
166.0140803518
 20
231.7942525714
 10
166.0204427075
 20
231.7963036768
 10
166.0277965991
 20
231.7991179843
 10
166.0362246547
 20
231.802743194
 10
166.0456442462
 20
231.8072270059
 10
166.0562206297
 20
231.8124740198
 10
166.0676232931
 20
231.818579636
 10
166.0801827485
 20
231.8254484543
 10
166.0936511119
 20
231.8331281747
 10
166.0936511119
 20
231.8331281747
 10
166.233457681
 20
231.9138367891
 10
166.233457681
 20
231.9138367891
 10
166.2704750232
 20
231.8924671323
 10
166.2704750232
 20
231.8924671323
 10
166.1237277024
 20
231.8077517073
 10
166.1237277024
 20
231.8077517073
 10
166.1085241511
 20
231.7992610847
 10
166.0938163679
 20
231.7915336642
 10
166.0795217246
 20
231.7846171458
 10
166.0658054772
 20
231.7786069298
 10
166.0525023699
 20
231.7733122158
 10
166.0397776585
 20
231.7689238041
 10
166.0274660871
 20
231.7653462946
 10
166.0156502837
 20
231.7625319871
 10
166.0040823643
 20
231.7604331816
 10
165.9925144448
 20
231.7588113772
 10
165.9808638974
 20
231.7577142743
 10
165.969130722
 20
231.7571418728
 10
165.9573149186
 20
231.7570941727
 10
165.9455817432
 20
231.7575711739
 10
165.9336833117
 20
231.7585251765
 10
165.9218675083
 20
231.7600038804
 10
165.9100517049
 20
231.7620549859
 10
165.8981532735
 20
231.764726193
 10
165.8865853541
 20
231.7679698016
 10
165.8749348066
 20
231.7718335118
 10
165.8633668872
 20
231.7762219235
 10
165.8517989678
 20
231.7812781369
 10
165.8404789323
 20
231.7868590518
 10
165.8291588969
 20
231.7931077684
 10
165.8291588969
 20
231.7931077684
 10
165.8184172574
 20
231.7995949856
 10
165.8086671539
 20
231.8061776031
 10
165.7999912143
 20
231.8128079207
 10
165.7923068107
 20
231.8195336386
 10
165.785613943
 20
231.8262593564
 10
165.7799126113
 20
231.8329850743
 10
165.7752854435
 20
231.8398538926
 10
165.7716498117
 20
231.8467227108
 10
165.7690057158
 20
231.853591529
 10
165.7672705279
 20
231.8605080474
 10
165.766444248
 20
231.8673768657
 10
165.766526876
 20
231.8741979838
 10
165.7676010399
 20
231.8810191019
 10
165.7695841118
 20
231.8877925199
 10
165.7723934637
 20
231.8945659379
 10
165.7761117235
 20
231.9012916558
 10
165.7810694033
 20
231.908160474
 10
165.7874317589
 20
231.9153631932
 10
165.7953640465
 20
231.9228998132
 10
165.8047010101
 20
231.9306749338
 10
165.8155252776
 20
231.9388316555
 10
165.827754221
 20
231.9472268778
 10
165.8415530963
 20
231.955956001
 10
165.8567566475
 20
231.9650190251
 10
165.8567566475
 20
231.9650190251
 10
166.0007772444
 20
232.048160346
  0
LWPOLYLINE
  5
642
330
1F
100
AcDbEntity
  8
0
  6
Continuous
 62
     7
100
AcDbPolyline
 90
       62
 70
   128
 43
0.0
 10
166.3550917057
 20
231.8436189613
 10
166.3921034332
 20
231.8222525458
 10
166.3921034332
 20
231.8222525458
 10
166.3363295359
 20
231.7900549602
 10
166.3363295359
 20
231.7900549602
 10
166.3633488906
 20
231.7916290644
 10
166.3889635693
 20
231.7914382639
 10
166.4135040841
 20
231.7894825587
 10
166.436639923
 20
231.7857619488
 10
166.4586189699
 20
231.7804195347
 10
166.4797717369
 20
231.7735507164
 10
166.4999329679
 20
231.7650600938
 10
166.5191852909
 20
231.7549953671
 10
166.5191852909
 20
231.7549953671
 10
166.5344714702
 20
231.7453122414
 10
166.5479398335
 20
231.7351521144
 10
166.5592598689
 20
231.7245149861
 10
166.5685142045
 20
231.7133531565
 10
166.5758680961
 20
231.7017620257
 10
166.5810736599
 20
231.6896938936
 10
166.5843787797
 20
231.6771010602
 10
166.5856181996
 20
231.6640789256
 10
166.5848745477
 20
231.651056791
 10
166.5819825678
 20
231.6385116576
 10
166.5771901441
 20
231.6264912257
 10
166.5703320204
 20
231.6149954952
 10
166.5614081968
 20
231.6039290658
 10
166.5505013014
 20
231.5934350379
 10
166.537446078
 20
231.5834180113
 10
166.5224904108
 20
231.5739256861
 10
166.5224904108
 20
231.5739256861
 10
166.5057169276
 20
231.5651011626
 10
166.4881171644
 20
231.5574214422
 10
166.4697737493
 20
231.550934225
 10
166.4504387983
 20
231.545687211
 10
166.4303601953
 20
231.5415373
 10
166.4094553123
 20
231.5386275923
 10
166.3878067774
 20
231.5369103877
 10
166.3652493345
 20
231.5363856863
 10
166.3426918916
 20
231.537005788
 10
166.3210433567
 20
231.5388183928
 10
166.3001384737
 20
231.5418235008
 10
166.2800598707
 20
231.5459734118
 10
166.2609728036
 20
231.5512681259
 10
166.2426293885
 20
231.5577553431
 10
166.2250296254
 20
231.5654350635
 10
166.2083387702
 20
231.5742118868
 10
166.2083387702
 20
231.5742118868
 10
166.1912347751
 20
231.5851352158
 10
166.1769401318
 20
231.5967263466
 10
166.1650417003
 20
231.6089375791
 10
166.1559526208
 20
231.6218166133
 10
166.1493423811
 20
231.6353634493
 10
166.1454588653
 20
231.6495303869
 10
166.1440541894
 20
231.6643651263
 10
166.1452936093
 20
231.6797722673
 10
166.1452936093
 20
231.6797722673
 10
165.9796244775
 20
231.5841335132
 10
165.9796244775
 20
231.5841335132
 10
165.9426071353
 20
231.6055031699
 10
165.9426071353
 20
231.6055031699
 10
166.355086091
 20
231.8436222026
  0
LWPOLYLINE
  5
643
330
1F
100
AcDbEntity
  8
0
  6
Continuous
 62
     7
100
AcDbPolyline
 90
       56
 70
   128
 43
0.0
 10
166.4818417301
 20
231.7338140323
 10
166.4687822134
 20
231.7407807293
 10
166.4550659661
 20
231.7467909453
 10
166.4408539508
 20
231.751942559
 10
166.4259809115
 20
231.7561401701
 10
166.4106947323
 20
231.7594314789
 10
166.394747529
 20
231.7618641854
 10
166.3782219299
 20
231.7632951892
 10
166.3612005627
 20
231.7638675907
 10
166.3440965675
 20
231.7635336898
 10
166.3276535963
 20
231.7622457864
 10
166.3117063931
 20
231.7600038804
 10
166.2963375859
 20
231.756855672
 10
166.2816298026
 20
231.7527534611
 10
166.2674177873
 20
231.7476972477
 10
166.253784168
 20
231.7417347319
 10
166.2407289446
 20
231.7348659136
 10
166.2407289446
 20
231.7348659136
 10
166.2253601374
 20
231.724848887
 10
166.212800682
 20
231.7142594589
 10
166.2030505785
 20
231.7029068287
 10
166.1961098268
 20
231.690981797
 10
166.192143683
 20
231.6786751643
 10
166.1911521471
 20
231.6661777311
 10
166.193300475
 20
231.6534894974
 10
166.1985060387
 20
231.6406581633
 10
166.2064383263
 20
231.6281607301
 10
166.2167668258
 20
231.6165695993
 10
166.2294089092
 20
231.6059324711
 10
166.2444472044
 20
231.596106245
 10
166.2444472044
 20
231.596106245
 10
166.2611380596
 20
231.5876156224
 10
166.2793162187
 20
231.5805560037
 10
166.2989816818
 20
231.5748319885
 10
166.3201344487
 20
231.5706343773
 10
166.3421134956
 20
231.5679631702
 10
166.3642577985
 20
231.5670091677
 10
166.3864847294
 20
231.5678200698
 10
166.4089595443
 20
231.5703004764
 10
166.4306080793
 20
231.5744026873
 10
166.4505214263
 20
231.5798882019
 10
166.4686169574
 20
231.5868047203
 10
166.4850599286
 20
231.5950568422
 10
166.4850599286
 20
231.5950568422
 10
166.4995198279
 20
231.6045491674
 10
166.5114182593
 20
231.6150431953
 10
166.5210031068
 20
231.6264912257
 10
166.5280264865
 20
231.6388455585
 10
166.5323231423
 20
231.6517245927
 10
166.5335625622
 20
231.6644605266
 10
166.5319100023
 20
231.6771487603
 10
166.5272002065
 20
231.6896938936
 10
166.5196810589
 20
231.7018574259
 10
166.5096830714
 20
231.7132577562
 10
166.497040988
 20
231.7238948845
 10
166.4818374368
 20
231.7338165108
  0
LINE
  5
644
330
1F
100
AcDbEntity
  8
0
  6
Continuous
 62
     7
370
    25
100
AcDbLine
 10
121.0588378705
 20
209.1078374316
 30
0.0
 11
120.8231356101
 21
208.9717694129
 31
0.0
  0
LINE
  5
645
330
1F
100
AcDbEntity
  8
0
  6
Continuous
 62
     7
370
    25
100
AcDbLine
 10
160.4211153566
 20
186.3844783192
 30
0.0
 11
160.1854130962
 21
186.2484103005
 31
0.0
  0
LINE
  5
646
330
1F
100
AcDbEntity
  8
0
  6
Continuous
 62
     7
370
    25
100
AcDbLine
 10
161.3936482314
 20
184.1554588831
 30
0.0
 11
161.6293504918
 21
184.2915269018
 31
0.0
  0
LINE
  5
647
330
1F
100
AcDbEntity
  8
0
  6
Continuous
 62
     7
370
    25
100
AcDbLine
 10
160.4211153565
 20
174.1363661409
 30
0.0
 11
160.1854130961
 21
174.0002981223
 31
0.0
  0
LINE
  5
648
330
1F
100
AcDbEntity
  8
0
  6
Continuous
 62
     7
370
    25
100
AcDbLine
 10
161.3936482314
 20
171.9073467049
 30
0.0
 11
161.6293504918
 21
172.0434147235
 31
0.0
  0
LINE
  5
649
330
1F
100
AcDbEntity
  8
0
  6
Continuous
 62
     7
370
    25
100
AcDbLine
 10
165.7392781321
 20
171.6736859527
 30
0.0
 11
166.1165856323
 21
171.8915009363
 31
0.0
  0
LINE
  5
64A
330
1F
100
AcDbEntity
  8
0
  6
Continuous
 62
     7
370
    25
100
AcDbLine
 10
165.7392781321
 20
183.921798131
 30
0.0
 11
166.1165856324
 21
184.1396131145
 31
0.0
  0
LINE
  5
64B
330
1F
100
AcDbEntity
  8
0
  6
Continuous
 62
     7
370
    25
100
AcDbLine
 10
106.3423085124
 20
207.1110972601
 30
0.0
 11
157.0182944975
 21
236.3657212671
 31
0.0
  0
LINE
  5
64C
330
1F
100
AcDbEntity
  8
0
  6
Continuous
 62
     7
370
    25
100
AcDbLine
 10
157.0182944975
 20
235.3654587726
 30
0.0
 11
157.0182944975
 21
236.3657212671
 31
0.0
  0
LINE
  5
64D
330
1F
100
AcDbEntity
  8
0
  6
Continuous
 62
     7
370
    25
100
AcDbLine
 10
157.0182944975
 20
235.3654587726
 30
0.0
 11
150.8135732868
 21
231.7835494607
 31
0.0
  0
LINE
  5
64E
330
1F
100
AcDbEntity
  8
0
  6
Continuous
 62
     7
370
    25
100
AcDbLine
 10
147.5902040817
 20
229.9227380271
 30
0.0
 11
127.2433472473
 21
218.176747597
 31
0.0
  0
LINE
  5
64F
330
1F
100
AcDbEntity
  8
0
  6
Continuous
 62
     7
370
    25
100
AcDbLine
 10
124.0199780421
 20
216.3159361634
 30
0.0
 11
109.5656777176
 21
207.9716461992
 31
0.0
  0
LINE
  5
650
330
1F
100
AcDbEntity
  8
0
  6
Continuous
 62
     7
370
    25
100
AcDbLine
 10
106.3423085124
 20
206.1108347656
 30
0.0
 11
106.3423085124
 21
207.1110972601
 31
0.0
  0
LINE
  5
651
330
1F
100
AcDbEntity
  8
0
  6
Continuous
 62
     7
370
    25
100
AcDbLine
 10
106.3423085124
 20
207.1110972601
 30
0.0
 11
105.4761027055
 21
207.6111472286
 31
0.0
  0
LINE
  5
652
330
1F
100
AcDbEntity
  8
0
  6
Continuous
 62
     7
370
    25
100
AcDbLine
 10
156.1520886905
 20
236.8657712356
 30
0.0
 11
105.4761027055
 21
207.6111472286
 31
0.0
  0
LINE
  5
653
330
1F
100
AcDbEntity
  8
0
  6
Continuous
 62
     7
370
    25
100
AcDbLine
 10
157.0182944975
 20
236.3657212671
 30
0.0
 11
156.1520886905
 21
236.8657712356
 31
0.0
  0
LWPOLYLINE
  5
654
330
1F
100
AcDbEntity
  8
0
  6
Continuous
 62
     7
370
    25
100
AcDbPolyline
 90
       17
 70
   128
 43
0.0
 10
104.5745415595
 20
205.8180750996
 10
104.5565997932
 20
205.932591541
 10
104.5055059657
 20
206.0503890146
 10
104.4290386491
 20
206.153533923
 10
104.3388392991
 20
206.2263233888
 10
104.2486399491
 20
206.2576758758
 10
104.1721726324
 20
206.242818252
 10
104.1210788049
 20
206.1840124558
 10
104.1031370387
 20
206.0902111369
 10
104.1210788049
 20
205.9756946955
 10
104.1721726324
 20
205.8578972218
 10
104.2486399491
 20
205.7547523134
 10
104.3388392991
 20
205.6819628476
 10
104.4290386491
 20
205.6506103606
 10
104.5055059657
 20
205.6654679845
 10
104.5565997932
 20
205.7242737806
 10
104.5745415595
 20
205.8180750996
  0
LWPOLYLINE
  5
655
330
1F
100
AcDbEntity
  8
0
  6
Continuous
 62
     7
370
    25
100
AcDbPolyline
 90
       17
 70
   128
 43
0.0
 10
106.2244573822
 20
204.8655989691
 10
106.206515616
 20
204.9801154105
 10
106.1554217885
 20
205.0979128841
 10
106.0789544719
 20
205.2010577925
 10
105.9887551218
 20
205.2738472584
 10
105.8985557718
 20
205.3051997453
 10
105.8220884552
 20
205.2903421215
 10
105.7709946277
 20
205.2315363254
 10
105.7530528614
 20
205.1377350064
 10
105.7709946277
 20
205.023218565
 10
105.8220884552
 20
204.9054210914
 10
105.8985557718
 20
204.802276183
 10
105.9887551218
 20
204.7294867171
 10
106.0789544719
 20
204.6981342302
 10
106.1554217885
 20
204.712991854
 10
106.206515616
 20
204.7717976501
 10
106.2244573822
 20
204.8655989691
  0
LWPOLYLINE
  5
656
330
1F
100
AcDbEntity
  8
0
  6
Continuous
 62
     7
370
    25
100
AcDbPolyline
 90
       17
 70
   128
 43
0.0
 10
106.2244573822
 20
206.7708608635
 10
106.206515616
 20
206.8853773049
 10
106.1554217885
 20
207.0031747785
 10
106.0789544719
 20
207.1063196869
 10
105.9887551218
 20
207.1791091528
 10
105.8985557718
 20
207.2104616397
 10
105.8220884552
 20
207.1956040159
 10
105.7709946277
 20
207.1367982198
 10
105.7530528614
 20
207.0429969008
 10
105.7709946277
 20
206.9284804594
 10
105.8220884552
 20
206.8106829858
 10
105.8985557718
 20
206.7075380774
 10
105.9887551218
 20
206.6347486115
 10
106.0789544719
 20
206.6033961246
 10
106.1554217885
 20
206.6182537484
 10
106.206515616
 20
206.6770595445
 10
106.2244573822
 20
206.7708608635
  0
LWPOLYLINE
  5
657
330
1F
100
AcDbEntity
  8
0
  6
Continuous
 62
     7
370
    25
100
AcDbPolyline
 90
       17
 70
   128
 43
0.0
 10
104.5745415595
 20
207.723336994
 10
104.5565997932
 20
207.8378534354
 10
104.5055059657
 20
207.955650909
 10
104.4290386491
 20
208.0587958174
 10
104.3388392991
 20
208.1315852832
 10
104.2486399491
 20
208.1629377702
 10
104.1721726324
 20
208.1480801464
 10
104.1210788049
 20
208.0892743502
 10
104.1031370387
 20
207.9954730313
 10
104.1210788049
 20
207.8809565899
 10
104.1721726324
 20
207.7631591162
 10
104.2486399491
 20
207.6600142078
 10
104.3388392991
 20
207.587224742
 10
104.4290386491
 20
207.555872255
 10
104.5055059657
 20
207.5707298789
 10
104.5565997932
 20
207.629535675
 10
104.5745415595
 20
207.723336994
  0
LWPOLYLINE
  5
658
330
1F
100
AcDbEntity
  8
0
  6
Continuous
 62
     7
370
    25
100
AcDbPolyline
 90
       17
 70
   128
 43
0.0
 10
105.4171771404
 20
206.2842628801
 10
105.3978897417
 20
206.4073680546
 10
105.3429638771
 20
206.5340003388
 10
105.2607615117
 20
206.6448811153
 10
105.1637972105
 20
206.7231297911
 10
105.0668329092
 20
206.7568337146
 10
104.9846305438
 20
206.740861769
 10
104.9297046793
 20
206.6776455381
 10
104.9104172805
 20
206.5768091202
 10
104.9297046793
 20
206.4537039457
 10
104.9846305438
 20
206.3270716616
 10
105.0668329092
 20
206.216190885
 10
105.1637972105
 20
206.1379422093
 10
105.2607615117
 20
206.1042382858
 10
105.3429638771
 20
206.1202102314
 10
105.3978897417
 20
206.1834264622
 10
105.4171771404
 20
206.2842628801
  0
LINE
  5
659
330
1F
100
AcDbEntity
  8
0
  6
Continuous
 62
     7
370
    25
100
AcDbLine
 10
103.9852859085
 20
208.4717774465
 30
0.0
 11
103.9852859085
 21
207.471514952
 31
0.0
  0
LINE
  5
65A
330
1F
100
AcDbEntity
  8
0
  6
Continuous
 62
     7
370
    25
100
AcDbLine
 10
104.8514917154
 20
207.971727478
 30
0.0
 11
103.9852859085
 21
208.4717774465
 31
0.0
  0
LINE
  5
65B
330
1F
100
AcDbEntity
  8
0
  6
Continuous
 62
     7
370
    25
100
AcDbLine
 10
104.8514917154
 20
207.971727478
 30
0.0
 11
104.8514917154
 21
207.767592275
 31
0.0
  0
LINE
  5
65C
330
1F
100
AcDbEntity
  8
0
  6
Continuous
 62
     7
370
    25
100
AcDbLine
 10
104.8514917154
 20
207.767592275
 30
0.0
 11
104.6747150201
 21
207.869643289
 31
0.0
  0
LINE
  5
65D
330
1F
100
AcDbEntity
  8
0
  6
Continuous
 62
     7
370
    25
100
AcDbLine
 10
104.6747150201
 20
207.869643289
 30
0.0
 11
104.6747150201
 21
207.4613728831
 31
0.0
  0
ARC
  5
65E
330
1F
100
AcDbEntity
  8
0
  6
Continuous
 62
     7
370
    25
100
AcDbCircle
 10
105.7010292579
 20
208.10964578
 30
0.0
 40
1.213910484190431
100
AcDbArc
 50
212.2786145967
 51
267.726761936
  0
LINE
  5
65F
330
1F
100
AcDbEntity
  8
0
  6
Continuous
 62
     7
370
    25
100
AcDbLine
 10
105.6528794008
 20
206.8966906057
 30
0.0
 11
105.6528794008
 21
207.3049610117
 31
0.0
  0
LINE
  5
660
330
1F
100
AcDbEntity
  8
0
  6
Continuous
 62
     7
370
    25
100
AcDbLine
 10
105.6528794008
 20
207.3049610117
 30
0.0
 11
105.4761027055
 21
207.4070120257
 31
0.0
  0
LINE
  5
661
330
1F
100
AcDbEntity
  8
0
  6
Continuous
 62
     7
370
    25
100
AcDbLine
 10
105.4761027055
 20
207.4070120257
 30
0.0
 11
105.4761027055
 21
207.6111472286
 31
0.0
  0
LINE
  5
662
330
1F
100
AcDbEntity
  8
0
  6
Continuous
 62
     7
370
    25
100
AcDbLine
 10
106.3423085124
 20
206.1108347656
 30
0.0
 11
106.1655318171
 21
206.2128857796
 31
0.0
  0
LINE
  5
663
330
1F
100
AcDbEntity
  8
0
  6
Continuous
 62
     7
370
    25
100
AcDbLine
 10
106.1655318171
 20
206.2128857796
 30
0.0
 11
106.1655318171
 21
206.4170209825
 31
0.0
  0
LINE
  5
664
330
1F
100
AcDbEntity
  8
0
  6
Continuous
 62
     7
370
    25
100
AcDbLine
 10
106.1655318171
 20
206.4170209825
 30
0.0
 11
105.8119784265
 21
206.6211230105
 31
0.0
  0
ARC
  5
665
330
1F
100
AcDbEntity
  8
0
  6
Continuous
 62
     7
370
    25
100
AcDbCircle
 10
106.8868164331
 20
206.0563489489
 30
0.0
 40
1.214185521668674
100
AcDbArc
 50
152.2803007999
 51
207.7196992001
  0
LINE
  5
666
330
1F
100
AcDbEntity
  8
0
  6
Continuous
 62
     7
370
    25
100
AcDbLine
 10
105.8119784265
 20
205.4915748874
 30
0.0
 11
106.1655318171
 21
205.2874728594
 31
0.0
  0
LINE
  5
667
330
1F
100
AcDbEntity
  8
0
  6
Continuous
 62
     7
370
    25
100
AcDbLine
 10
106.1655318171
 20
205.2874728594
 30
0.0
 11
106.1655318171
 21
205.4916080624
 31
0.0
  0
LINE
  5
668
330
1F
100
AcDbEntity
  8
0
  6
Continuous
 62
     7
370
    25
100
AcDbLine
 10
106.1655318171
 20
205.4916080624
 30
0.0
 11
106.3423085124
 21
205.3895570484
 31
0.0
  0
LINE
  5
669
330
1F
100
AcDbEntity
  8
0
  6
Continuous
 62
     7
370
    25
100
AcDbLine
 10
106.3423085124
 20
204.3892945539
 30
0.0
 11
106.3423085124
 21
205.3895570484
 31
0.0
  0
LINE
  5
66A
330
1F
100
AcDbEntity
  8
0
  6
Continuous
 62
     7
370
    25
100
AcDbLine
 10
105.4761027055
 20
204.8893445223
 30
0.0
 11
106.3423085124
 21
204.3892945539
 31
0.0
  0
LINE
  5
66B
330
1F
100
AcDbEntity
  8
0
  6
Continuous
 62
     7
370
    25
100
AcDbLine
 10
105.4761027055
 20
204.8893445223
 30
0.0
 11
105.4761027055
 21
205.0934797253
 31
0.0
  0
LINE
  5
66C
330
1F
100
AcDbEntity
  8
0
  6
Continuous
 62
     7
370
    25
100
AcDbLine
 10
105.4761027055
 20
205.0934797253
 30
0.0
 11
105.6528794008
 21
204.9914287113
 31
0.0
  0
LINE
  5
66D
330
1F
100
AcDbEntity
  8
0
  6
Continuous
 62
     7
370
    25
100
AcDbLine
 10
105.6528794008
 20
204.9914287113
 30
0.0
 11
105.6528794008
 21
205.3996991173
 31
0.0
  0
ARC
  5
66E
330
1F
100
AcDbEntity
  8
0
  6
Continuous
 62
     7
370
    25
100
AcDbCircle
 10
104.626565163
 20
204.7514262203
 30
0.0
 40
1.213910484190464
100
AcDbArc
 50
32.2786145967
 51
87.726761936
  0
LINE
  5
66F
330
1F
100
AcDbEntity
  8
0
  6
Continuous
 62
     7
370
    25
100
AcDbLine
 10
104.6747150201
 20
205.9643813946
 30
0.0
 11
104.6747150201
 21
205.5561109887
 31
0.0
  0
LINE
  5
670
330
1F
100
AcDbEntity
  8
0
  6
Continuous
 62
     7
370
    25
100
AcDbLine
 10
104.6747150201
 20
205.5561109887
 30
0.0
 11
104.8514917154
 21
205.4540599747
 31
0.0
  0
LINE
  5
671
330
1F
100
AcDbEntity
  8
0
  6
Continuous
 62
     7
370
    25
100
AcDbLine
 10
104.8514917154
 20
205.4540599747
 30
0.0
 11
104.8514917154
 21
205.2499247717
 31
0.0
  0
LINE
  5
672
330
1F
100
AcDbEntity
  8
0
  6
Continuous
 62
     7
370
    25
100
AcDbLine
 10
103.9852859085
 20
205.7499747402
 30
0.0
 11
104.8514917154
 21
205.2499247717
 31
0.0
  0
LINE
  5
673
330
1F
100
AcDbEntity
  8
0
  6
Continuous
 62
     7
370
    25
100
AcDbLine
 10
103.9852859085
 20
206.7502372348
 30
0.0
 11
103.9852859085
 21
205.7499747402
 31
0.0
  0
LINE
  5
674
330
1F
100
AcDbEntity
  8
0
  6
Continuous
 62
     7
370
    25
100
AcDbLine
 10
103.9852859085
 20
206.7502372348
 30
0.0
 11
104.1620626038
 21
206.6481862208
 31
0.0
  0
LINE
  5
675
330
1F
100
AcDbEntity
  8
0
  6
Continuous
 62
     7
370
    25
100
AcDbLine
 10
104.1620626038
 20
206.6481862208
 30
0.0
 11
104.1620626038
 21
206.4440510178
 31
0.0
  0
LINE
  5
676
330
1F
100
AcDbEntity
  8
0
  6
Continuous
 62
     7
370
    25
100
AcDbLine
 10
104.1620626038
 20
206.4440510178
 30
0.0
 11
104.5156159944
 21
206.2399489899
 31
0.0
  0
ARC
  5
677
330
1F
100
AcDbEntity
  8
0
  6
Continuous
 62
     7
370
    25
100
AcDbCircle
 10
103.4407779878
 20
206.8047230514
 30
0.0
 40
1.214185521668826
100
AcDbArc
 50
332.2803007999
 51
27.7196992001
  0
LINE
  5
678
330
1F
100
AcDbEntity
  8
0
  6
Continuous
 62
     7
370
    25
100
AcDbLine
 10
104.5156159944
 20
207.369497113
 30
0.0
 11
104.1620626038
 21
207.5735991409
 31
0.0
  0
LINE
  5
679
330
1F
100
AcDbEntity
  8
0
  6
Continuous
 62
     7
370
    25
100
AcDbLine
 10
104.1620626038
 20
207.5735991409
 30
0.0
 11
104.1620626038
 21
207.369463938
 31
0.0
  0
LINE
  5
67A
330
1F
100
AcDbEntity
  8
0
  6
Continuous
 62
     7
370
    25
100
AcDbLine
 10
104.1620626038
 20
207.369463938
 30
0.0
 11
103.9852859085
 21
207.471514952
 31
0.0
  0
LWPOLYLINE
  5
67B
330
1F
100
AcDbEntity
  8
0
  6
Continuous
 62
     7
370
    25
100
AcDbPolyline
 90
        3
 70
   128
 43
0.0
 10
156.404415465
 20
234.9985658775
 10
156.4289666007
 20
234.9120148988
 10
156.4879644116
 20
234.7461988944
  0
LINE
  5
67C
330
1F
100
AcDbEntity
  8
0
  6
Continuous
 62
     7
370
    25
100
AcDbLine
 10
156.4879644116
 20
234.7461988944
 30
0.0
 11
151.0847611449
 21
231.6269960426
 31
0.0
  0
LINE
  5
67D
330
1F
100
AcDbEntity
  8
0
  6
Continuous
 62
     7
370
    25
100
AcDbLine
 10
147.8613919397
 20
229.7661846089
 30
0.0
 11
127.5145351053
 21
218.0201941789
 31
0.0
  0
LINE
  5
67E
330
1F
100
AcDbEntity
  8
0
  6
Continuous
 62
     7
370
    25
100
AcDbLine
 10
124.2911659002
 20
216.1593827452
 30
0.0
 11
109.8368655757
 21
207.8150927811
 31
0.0
  0
LINE
  5
67F
330
1F
100
AcDbEntity
  8
0
  6
Continuous
 62
     7
370
    25
100
AcDbLine
 10
106.6134963705
 20
205.9542813474
 30
0.0
 11
105.8119784265
 21
205.4915748874
 31
0.0
  0
LINE
  5
680
330
1F
100
AcDbEntity
  8
0
  6
Continuous
 62
     7
370
    25
100
AcDbLine
 10
155.3507010052
 20
236.7159968901
 30
0.0
 11
104.6747150201
 21
207.4613728831
 31
0.0
  0
LWPOLYLINE
  5
681
330
1F
100
AcDbEntity
  8
0
  6
Continuous
 62
     7
370
    25
100
AcDbPolyline
 90
        3
 70
   128
 43
0.0
 10
155.3507010052
 20
236.7159968901
 10
155.4647999873
 20
236.5820004553
 10
155.5353758787
 20
236.5097505075
  0
LINE
  5
682
330
1F
100
AcDbEntity
  8
0
  6
Continuous
 62
     7
370
    25
100
AcDbLine
 10
148.0381399015
 20
229.6641501825
 30
0.0
 11
127.6912830671
 21
217.9181597524
 31
0.0
  0
LINE
  5
683
330
1F
100
AcDbEntity
  8
0
  6
Continuous
 62
     7
370
    25
100
AcDbLine
 10
124.467913862
 20
216.0573483188
 30
0.0
 11
110.0136135374
 21
207.7130583546
 31
0.0
  0
LINE
  5
684
330
1F
100
AcDbEntity
  8
0
  6
Continuous
 62
     7
370
    25
100
AcDbLine
 10
106.7902443323
 20
205.852246921
 30
0.0
 11
106.1655318171
 21
205.4916080624
 31
0.0
  0
LINE
  5
685
330
1F
100
AcDbEntity
  8
0
  6
Continuous
 62
     7
370
    25
100
AcDbLine
 10
148.2040831141
 20
229.5558451321
 30
0.0
 11
127.8680597624
 21
217.8161087384
 31
0.0
  0
LINE
  5
686
330
1F
100
AcDbEntity
  8
0
  6
Continuous
 62
     7
370
    25
100
AcDbLine
 10
124.6338570746
 20
215.9490432683
 30
0.0
 11
110.1903902327
 21
207.6110073406
 31
0.0
  0
LINE
  5
687
330
1F
100
AcDbEntity
  8
0
  6
Continuous
 62
     7
370
    25
100
AcDbLine
 10
106.9561875449
 20
205.7439418706
 30
0.0
 11
106.3423085124
 21
205.3895570484
 31
0.0
  0
LINE
  5
688
330
1F
100
AcDbEntity
  8
0
  6
Continuous
 62
     7
370
    25
100
AcDbLine
 10
111.0567368339
 20
207.1108760934
 30
0.0
 11
124.0199780421
 21
214.5943959516
 31
0.0
  0
LINE
  5
689
330
1F
100
AcDbEntity
  8
0
  6
Continuous
 62
     7
370
    25
100
AcDbLine
 10
128.7344063636
 20
217.3159774912
 30
0.0
 11
147.5902040817
 21
228.2011978154
 31
0.0
  0
LINE
  5
68A
330
1F
100
AcDbEntity
  8
0
  6
Continuous
 62
     7
370
    25
100
AcDbLine
 10
103.9852859085
 20
208.4717774465
 30
0.0
 11
154.6612718935
 21
237.7264014535
 31
0.0
  0
LINE
  5
68B
330
1F
100
AcDbEntity
  8
0
  6
Continuous
 62
     7
370
    25
100
AcDbLine
 10
155.5274777005
 20
237.226351485
 30
0.0
 11
154.6612718935
 21
237.7264014535
 31
0.0
  0
LINE
  5
68C
330
1F
100
AcDbEntity
  8
0
  6
Continuous
 62
     7
370
    25
100
AcDbLine
 10
155.5274777005
 20
237.226351485
 30
0.0
 11
104.8514917154
 21
207.971727478
 31
0.0
  0
LINE
  5
68D
330
1F
100
AcDbEntity
  8
0
  6
Continuous
 62
     7
370
    25
100
AcDbLine
 10
155.5274777005
 20
237.226351485
 30
0.0
 11
155.5274777005
 21
237.022216282
 31
0.0
  0
LINE
  5
68E
330
1F
100
AcDbEntity
  8
0
  6
Continuous
 62
     7
370
    25
100
AcDbLine
 10
155.5274777005
 20
237.022216282
 30
0.0
 11
104.8514917154
 21
207.767592275
 31
0.0
  0
LINE
  5
68F
330
1F
100
AcDbEntity
  8
0
  6
Continuous
 62
     7
370
    25
100
AcDbLine
 10
156.4879644116
 20
234.7461988944
 30
0.0
 11
156.5285581407
 21
234.7227646334
 31
0.0
  0
LINE
  5
690
330
1F
100
AcDbEntity
  8
0
  6
Continuous
 62
     7
370
    25
100
AcDbLine
 10
155.3507010052
 20
236.9201652681
 30
0.0
 11
155.3507010052
 21
236.7159968901
 31
0.0
  0
LINE
  5
691
330
1F
100
AcDbEntity
  8
0
  6
Continuous
 62
     7
370
    25
100
AcDbLine
 10
105.6528794008
 20
205.1955307393
 30
0.0
 11
105.4761027055
 21
205.0934797253
 31
0.0
  0
LINE
  5
692
330
1F
100
AcDbEntity
  8
0
  6
Continuous
 62
     7
370
    25
100
AcDbLine
 10
104.3388680326
 20
207.4715315395
 30
0.0
 11
104.1620626038
 21
207.369463938
 31
0.0
  0
LINE
  5
693
330
1F
100
AcDbEntity
  8
0
  6
Continuous
 62
     7
370
    25
100
AcDbLine
 10
105.1651242699
 20
205.8392182225
 30
0.0
 11
104.6747150201
 21
205.5561109887
 31
0.0
  0
LINE
  5
694
330
1F
100
AcDbEntity
  8
0
  6
Continuous
 62
     7
370
    25
100
AcDbLine
 10
104.6523923653
 20
206.7271123641
 30
0.0
 11
104.1620626038
 21
206.4440510178
 31
0.0
  0
LINE
  5
695
330
1F
100
AcDbEntity
  8
0
  6
Continuous
 62
     7
370
    25
100
AcDbLine
 10
105.3275669021
 20
205.72889233
 30
0.0
 11
104.8514917154
 21
205.4540599747
 31
0.0
  0
LINE
  5
696
330
1F
100
AcDbEntity
  8
0
  6
Continuous
 62
     7
370
    25
100
AcDbLine
 10
105.4682045272
 20
205.6059454999
 30
0.0
 11
104.8514917154
 21
205.2499247717
 31
0.0
  0
LINE
  5
697
330
1F
100
AcDbEntity
  8
0
  6
Continuous
 62
     7
370
    25
100
AcDbLine
 10
104.6019494708
 20
207.1062295318
 30
0.0
 11
103.9852859085
 21
206.7502372348
 31
0.0
  0
LINE
  5
698
330
1F
100
AcDbEntity
  8
0
  6
Continuous
 62
     7
370
    25
100
AcDbLine
 10
104.6380836129
 20
206.9229873
 30
0.0
 11
104.1620626038
 21
206.6481862208
 31
0.0
  0
LINE
  5
699
330
1F
100
AcDbEntity
  8
0
  6
Continuous
 62
     7
370
    25
100
AcDbLine
 10
138.1621136658
 20
188.7419147441
 30
0.0
 11
188.8380996509
 21
217.9965387511
 31
0.0
  0
LINE
  5
69A
330
1F
100
AcDbEntity
  8
0
  6
Continuous
 62
     7
370
    25
100
AcDbLine
 10
138.1621136658
 20
188.7419147441
 30
0.0
 11
137.2959078589
 21
189.2419647126
 31
0.0
  0
LINE
  5
69B
330
1F
100
AcDbEntity
  8
0
  6
Continuous
 62
     7
370
    25
100
AcDbLine
 10
178.5438034281
 20
213.0538679741
 30
0.0
 11
137.2959078589
 21
189.2419647126
 31
0.0
  0
LINE
  5
69C
330
1F
100
AcDbEntity
  8
0
  6
Continuous
 62
     7
370
    25
100
AcDbLine
 10
188.8380996509
 20
216.9962762565
 30
0.0
 11
188.8380996509
 21
217.9965387511
 31
0.0
  0
LINE
  5
69D
330
1F
100
AcDbEntity
  8
0
  6
Continuous
 62
     7
370
    25
100
AcDbLine
 10
188.8380996509
 20
216.9962762565
 30
0.0
 11
138.1621136658
 21
187.7416522496
 31
0.0
  0
LINE
  5
69E
330
1F
100
AcDbEntity
  8
0
  6
Continuous
 62
     7
370
    25
100
AcDbLine
 10
138.1621136658
 20
187.7416522496
 30
0.0
 11
138.1621136658
 21
188.7419147441
 31
0.0
  0
LWPOLYLINE
  5
69F
330
1F
100
AcDbEntity
  8
0
  6
Continuous
 62
     7
370
    25
100
AcDbPolyline
 90
       17
 70
   128
 43
0.0
 10
136.3943467129
 20
187.4488925836
 10
136.3764049466
 20
187.5634090249
 10
136.3253111191
 20
187.6812064986
 10
136.2488438025
 20
187.784351407
 10
136.1586444525
 20
187.8571408728
 10
136.0684451024
 20
187.8884933598
 10
135.9919777858
 20
187.8736357359
 10
135.9408839583
 20
187.8148299398
 10
135.9229421921
 20
187.7210286208
 10
135.9408839583
 20
187.6065121795
 10
135.9919777858
 20
187.4887147058
 10
136.0684451024
 20
187.3855697974
 10
136.1586444525
 20
187.3127803316
 10
136.2488438025
 20
187.2814278446
 10
136.3253111191
 20
187.2962854685
 10
136.3764049466
 20
187.3550912646
 10
136.3943467129
 20
187.4488925836
  0
LWPOLYLINE
  5
6A0
330
1F
100
AcDbEntity
  8
0
  6
Continuous
 62
     7
370
    25
100
AcDbPolyline
 90
       17
 70
   128
 43
0.0
 10
138.0442625356
 20
186.4964164531
 10
138.0263207694
 20
186.6109328945
 10
137.9752269419
 20
186.7287303681
 10
137.8987596253
 20
186.8318752765
 10
137.8085602752
 20
186.9046647424
 10
137.7183609252
 20
186.9360172293
 10
137.6418936086
 20
186.9211596055
 10
137.5907997811
 20
186.8623538094
 10
137.5728580148
 20
186.7685524904
 10
137.5907997811
 20
186.654036049
 10
137.6418936086
 20
186.5362385754
 10
137.7183609252
 20
186.433093667
 10
137.8085602752
 20
186.3603042011
 10
137.8987596253
 20
186.3289517141
 10
137.9752269419
 20
186.343809338
 10
138.0263207694
 20
186.4026151341
 10
138.0442625356
 20
186.4964164531
  0
LWPOLYLINE
  5
6A1
330
1F
100
AcDbEntity
  8
0
  6
Continuous
 62
     7
370
    25
100
AcDbPolyline
 90
       17
 70
   128
 43
0.0
 10
138.0442625356
 20
188.4016783475
 10
138.0263207694
 20
188.5161947889
 10
137.9752269419
 20
188.6339922625
 10
137.8987596253
 20
188.7371371709
 10
137.8085602752
 20
188.8099266368
 10
137.7183609252
 20
188.8412791237
 10
137.6418936086
 20
188.8264214999
 10
137.5907997811
 20
188.7676157038
 10
137.5728580148
 20
188.6738143848
 10
137.5907997811
 20
188.5592979434
 10
137.6418936086
 20
188.4415004698
 10
137.7183609252
 20
188.3383555614
 10
137.8085602752
 20
188.2655660955
 10
137.8987596253
 20
188.2342136085
 10
137.9752269419
 20
188.2490712324
 10
138.0263207694
 20
188.3078770285
 10
138.0442625356
 20
188.4016783475
  0
LWPOLYLINE
  5
6A2
330
1F
100
AcDbEntity
  8
0
  6
Continuous
 62
     7
370
    25
100
AcDbPolyline
 90
       17
 70
   128
 43
0.0
 10
136.3943467129
 20
189.354154478
 10
136.3764049466
 20
189.4686709193
 10
136.3253111191
 20
189.586468393
 10
136.2488438025
 20
189.6896133014
 10
136.1586444525
 20
189.7624027672
 10
136.0684451024
 20
189.7937552542
 10
135.9919777858
 20
189.7788976303
 10
135.9408839583
 20
189.7200918342
 10
135.9229421921
 20
189.6262905152
 10
135.9408839583
 20
189.5117740739
 10
135.9919777858
 20
189.3939766002
 10
136.0684451024
 20
189.2908316918
 10
136.1586444525
 20
189.218042226
 10
136.2488438025
 20
189.186689739
 10
136.3253111191
 20
189.2015473629
 10
136.3764049466
 20
189.260353159
 10
136.3943467129
 20
189.354154478
  0
LWPOLYLINE
  5
6A3
330
1F
100
AcDbEntity
  8
0
  6
Continuous
 62
     7
370
    25
100
AcDbPolyline
 90
       17
 70
   128
 43
0.0
 10
137.2369822938
 20
187.9150803641
 10
137.2176948951
 20
188.0381855386
 10
137.1627690305
 20
188.1648178228
 10
137.0805666651
 20
188.2756985993
 10
136.9836023638
 20
188.3539472751
 10
136.8866380626
 20
188.3876511986
 10
136.8044356972
 20
188.3716792529
 10
136.7495098326
 20
188.3084630221
 10
136.7302224339
 20
188.2076266042
 10
136.7495098326
 20
188.0845214297
 10
136.8044356972
 20
187.9578891456
 10
136.8866380626
 20
187.847008369
 10
136.9836023638
 20
187.7687596932
 10
137.0805666651
 20
187.7350557698
 10
137.1627690305
 20
187.7510277154
 10
137.2176948951
 20
187.8142439462
 10
137.2369822938
 20
187.9150803641
  0
LINE
  5
6A4
330
1F
100
AcDbEntity
  8
0
  6
Continuous
 62
     7
370
    25
100
AcDbLine
 10
135.8050910619
 20
190.1025949305
 30
0.0
 11
135.8050910619
 21
189.1023324359
 31
0.0
  0
LINE
  5
6A5
330
1F
100
AcDbEntity
  8
0
  6
Continuous
 62
     7
370
    25
100
AcDbLine
 10
136.6712968688
 20
189.602544962
 30
0.0
 11
135.8050910619
 21
190.1025949305
 31
0.0
  0
LINE
  5
6A6
330
1F
100
AcDbEntity
  8
0
  6
Continuous
 62
     7
370
    25
100
AcDbLine
 10
136.6712968688
 20
189.602544962
 30
0.0
 11
136.6712968688
 21
189.398409759
 31
0.0
  0
LINE
  5
6A7
330
1F
100
AcDbEntity
  8
0
  6
Continuous
 62
     7
370
    25
100
AcDbLine
 10
136.6712968688
 20
189.398409759
 30
0.0
 11
136.4945201735
 21
189.500460773
 31
0.0
  0
LINE
  5
6A8
330
1F
100
AcDbEntity
  8
0
  6
Continuous
 62
     7
370
    25
100
AcDbLine
 10
136.4945201735
 20
189.500460773
 30
0.0
 11
136.4945201735
 21
189.0921903671
 31
0.0
  0
ARC
  5
6A9
330
1F
100
AcDbEntity
  8
0
  6
Continuous
 62
     7
370
    25
100
AcDbCircle
 10
137.5208344113
 20
189.740463264
 30
0.0
 40
1.213910484190634
100
AcDbArc
 50
212.2786145967
 51
267.726761936
  0
LINE
  5
6AA
330
1F
100
AcDbEntity
  8
0
  6
Continuous
 62
     7
370
    25
100
AcDbLine
 10
137.4726845542
 20
188.5275080897
 30
0.0
 11
137.4726845542
 21
188.9357784957
 31
0.0
  0
LINE
  5
6AB
330
1F
100
AcDbEntity
  8
0
  6
Continuous
 62
     7
370
    25
100
AcDbLine
 10
137.4726845542
 20
188.9357784957
 30
0.0
 11
137.2959078589
 21
189.0378295096
 31
0.0
  0
LINE
  5
6AC
330
1F
100
AcDbEntity
  8
0
  6
Continuous
 62
     7
370
    25
100
AcDbLine
 10
137.2959078589
 20
189.0378295096
 30
0.0
 11
137.2959078589
 21
189.2419647126
 31
0.0
  0
LINE
  5
6AD
330
1F
100
AcDbEntity
  8
0
  6
Continuous
 62
     7
370
    25
100
AcDbLine
 10
138.1621136658
 20
187.7416522496
 30
0.0
 11
137.9853369705
 21
187.8437032635
 31
0.0
  0
LINE
  5
6AE
330
1F
100
AcDbEntity
  8
0
  6
Continuous
 62
     7
370
    25
100
AcDbLine
 10
137.9853369705
 20
187.8437032635
 30
0.0
 11
137.9853369705
 21
188.0478384665
 31
0.0
  0
LINE
  5
6AF
330
1F
100
AcDbEntity
  8
0
  6
Continuous
 62
     7
370
    25
100
AcDbLine
 10
137.9853369705
 20
188.0478384665
 30
0.0
 11
137.6317835799
 21
188.2519404945
 31
0.0
  0
ARC
  5
6B0
330
1F
100
AcDbEntity
  8
0
  6
Continuous
 62
     7
370
    25
100
AcDbCircle
 10
138.7066215865
 20
187.6871664329
 30
0.0
 40
1.214185521668825
100
AcDbArc
 50
152.2803007999
 51
207.7196992001
  0
LINE
  5
6B1
330
1F
100
AcDbEntity
  8
0
  6
Continuous
 62
     7
370
    25
100
AcDbLine
 10
137.6317835799
 20
187.1223923714
 30
0.0
 11
137.9853369705
 21
186.9182903434
 31
0.0
  0
LINE
  5
6B2
330
1F
100
AcDbEntity
  8
0
  6
Continuous
 62
     7
370
    25
100
AcDbLine
 10
137.9853369705
 20
186.9182903434
 30
0.0
 11
137.9853369705
 21
187.1224255464
 31
0.0
  0
LINE
  5
6B3
330
1F
100
AcDbEntity
  8
0
  6
Continuous
 62
     7
370
    25
100
AcDbLine
 10
137.9853369705
 20
187.1224255464
 30
0.0
 11
138.1621136658
 21
187.0203745324
 31
0.0
  0
LINE
  5
6B4
330
1F
100
AcDbEntity
  8
0
  6
Continuous
 62
     7
370
    25
100
AcDbLine
 10
138.1621136658
 20
186.0201120378
 30
0.0
 11
138.1621136658
 21
187.0203745324
 31
0.0
  0
LINE
  5
6B5
330
1F
100
AcDbEntity
  8
0
  6
Continuous
 62
     7
370
    25
100
AcDbLine
 10
137.2959078589
 20
186.5201620063
 30
0.0
 11
138.1621136658
 21
186.0201120378
 31
0.0
  0
LINE
  5
6B6
330
1F
100
AcDbEntity
  8
0
  6
Continuous
 62
     7
370
    25
100
AcDbLine
 10
137.2959078589
 20
186.5201620063
 30
0.0
 11
137.2959078589
 21
186.7242972093
 31
0.0
  0
LINE
  5
6B7
330
1F
100
AcDbEntity
  8
0
  6
Continuous
 62
     7
370
    25
100
AcDbLine
 10
137.2959078589
 20
186.7242972093
 30
0.0
 11
137.4726845542
 21
186.6222461953
 31
0.0
  0
LINE
  5
6B8
330
1F
100
AcDbEntity
  8
0
  6
Continuous
 62
     7
370
    25
100
AcDbLine
 10
137.4726845542
 20
186.6222461953
 30
0.0
 11
137.4726845542
 21
187.0305166013
 31
0.0
  0
ARC
  5
6B9
330
1F
100
AcDbEntity
  8
0
  6
Continuous
 62
     7
370
    25
100
AcDbCircle
 10
136.4463703164
 20
186.3822437043
 30
0.0
 40
1.213910484190613
100
AcDbArc
 50
32.2786145967
 51
87.726761936
  0
LINE
  5
6BA
330
1F
100
AcDbEntity
  8
0
  6
Continuous
 62
     7
370
    25
100
AcDbLine
 10
136.4945201735
 20
187.5951988786
 30
0.0
 11
136.4945201735
 21
187.1869284727
 31
0.0
  0
LINE
  5
6BB
330
1F
100
AcDbEntity
  8
0
  6
Continuous
 62
     7
370
    25
100
AcDbLine
 10
136.4945201735
 20
187.1869284727
 30
0.0
 11
136.6712968688
 21
187.0848774587
 31
0.0
  0
LINE
  5
6BC
330
1F
100
AcDbEntity
  8
0
  6
Continuous
 62
     7
370
    25
100
AcDbLine
 10
136.6712968688
 20
187.0848774587
 30
0.0
 11
136.6712968688
 21
186.8807422557
 31
0.0
  0
LINE
  5
6BD
330
1F
100
AcDbEntity
  8
0
  6
Continuous
 62
     7
370
    25
100
AcDbLine
 10
135.8050910619
 20
187.3807922242
 30
0.0
 11
136.6712968688
 21
186.8807422557
 31
0.0
  0
LINE
  5
6BE
330
1F
100
AcDbEntity
  8
0
  6
Continuous
 62
     7
370
    25
100
AcDbLine
 10
135.8050910619
 20
188.3810547188
 30
0.0
 11
135.8050910619
 21
187.3807922242
 31
0.0
  0
LINE
  5
6BF
330
1F
100
AcDbEntity
  8
0
  6
Continuous
 62
     7
370
    25
100
AcDbLine
 10
135.8050910619
 20
188.3810547188
 30
0.0
 11
135.9818677572
 21
188.2790037048
 31
0.0
  0
LINE
  5
6C0
330
1F
100
AcDbEntity
  8
0
  6
Continuous
 62
     7
370
    25
100
AcDbLine
 10
135.9818677572
 20
188.2790037048
 30
0.0
 11
135.9818677572
 21
188.0748685018
 31
0.0
  0
LINE
  5
6C1
330
1F
100
AcDbEntity
  8
0
  6
Continuous
 62
     7
370
    25
100
AcDbLine
 10
135.9818677572
 20
188.0748685018
 30
0.0
 11
136.3354211478
 21
187.8707664739
 31
0.0
  0
ARC
  5
6C2
330
1F
100
AcDbEntity
  8
0
  6
Continuous
 62
     7
370
    25
100
AcDbCircle
 10
135.2605831412
 20
188.4355405354
 30
0.0
 40
1.214185521668587
100
AcDbArc
 50
332.2803007999
 51
27.7196992001
  0
LINE
  5
6C3
330
1F
100
AcDbEntity
  8
0
  6
Continuous
 62
     7
370
    25
100
AcDbLine
 10
136.3354211478
 20
189.000314597
 30
0.0
 11
135.9818677572
 21
189.2044166249
 31
0.0
  0
LINE
  5
6C4
330
1F
100
AcDbEntity
  8
0
  6
Continuous
 62
     7
370
    25
100
AcDbLine
 10
135.9818677572
 20
189.2044166249
 30
0.0
 11
135.9818677572
 21
189.000281422
 31
0.0
  0
LINE
  5
6C5
330
1F
100
AcDbEntity
  8
0
  6
Continuous
 62
     7
370
    25
100
AcDbLine
 10
135.9818677572
 20
189.000281422
 30
0.0
 11
135.8050910619
 21
189.1023324359
 31
0.0
  0
LWPOLYLINE
  5
6C6
330
1F
100
AcDbEntity
  8
0
  6
Continuous
 62
     7
370
    25
100
AcDbPolyline
 90
        3
 70
   128
 43
0.0
 10
188.2242206184
 20
216.6293833615
 10
188.2487717541
 20
216.5428323828
 10
188.307769565
 20
216.3770163783
  0
LINE
  5
6C7
330
1F
100
AcDbEntity
  8
0
  6
Continuous
 62
     7
370
    25
100
AcDbLine
 10
188.307769565
 20
216.3770163783
 30
0.0
 11
137.6317835799
 21
187.1223923714
 31
0.0
  0
LINE
  5
6C8
330
1F
100
AcDbEntity
  8
0
  6
Continuous
 62
     7
370
    25
100
AcDbLine
 10
178.2728320292
 20
213.210296433
 30
0.0
 11
136.4945201735
 21
189.0921903671
 31
0.0
  0
LINE
  5
6C9
330
1F
100
AcDbEntity
  8
0
  6
Continuous
 62
     7
370
    25
100
AcDbLine
 10
188.6613229556
 20
216.3770495534
 30
0.0
 11
137.9853369705
 21
187.1224255464
 31
0.0
  0
LINE
  5
6CA
330
1F
100
AcDbEntity
  8
0
  6
Continuous
 62
     7
370
    25
100
AcDbLine
 10
188.6613229556
 20
216.3770495534
 30
0.0
 11
188.8380996509
 21
216.2749985394
 31
0.0
  0
LINE
  5
6CB
330
1F
100
AcDbEntity
  8
0
  6
Continuous
 62
     7
370
    25
100
AcDbLine
 10
188.8380996509
 20
216.2749985394
 30
0.0
 11
138.1621136658
 21
187.0203745324
 31
0.0
  0
LINE
  5
6CC
330
1F
100
AcDbEntity
  8
0
  6
Continuous
 62
     7
370
    25
100
AcDbLine
 10
138.1621136658
 20
186.0201120378
 30
0.0
 11
188.8380996509
 21
215.2747360448
 31
0.0
  0
LINE
  5
6CD
330
1F
100
AcDbEntity
  8
0
  6
Continuous
 62
     7
370
    25
100
AcDbLine
 10
188.8380996509
 20
215.2747360448
 30
0.0
 11
188.8380996509
 21
216.2749985394
 31
0.0
  0
LINE
  5
6CE
330
1F
100
AcDbEntity
  8
0
  6
Continuous
 62
     7
370
    25
100
AcDbLine
 10
177.919192438
 20
213.4144482235
 30
0.0
 11
136.6712968688
 21
189.602544962
 31
0.0
  0
LINE
  5
6CF
330
1F
100
AcDbEntity
  8
0
  6
Continuous
 62
     7
370
    25
100
AcDbLine
 10
178.0959978669
 20
213.312380622
 30
0.0
 11
136.6712968688
 21
189.398409759
 31
0.0
  0
LINE
  5
6D0
330
1F
100
AcDbEntity
  8
0
  6
Continuous
 62
     7
370
    25
100
AcDbLine
 10
135.8050910619
 20
190.1025949305
 30
0.0
 11
177.0529866311
 21
213.914498192
 31
0.0
  0
LINE
  5
6D1
330
1F
100
AcDbEntity
  8
0
  6
Continuous
 62
     7
370
    25
100
AcDbLine
 10
188.307769565
 20
216.3770163783
 30
0.0
 11
188.4845175267
 21
216.2749819519
 31
0.0
  0
LINE
  5
6D2
330
1F
100
AcDbEntity
  8
0
  6
Continuous
 62
     7
370
    25
100
AcDbLine
 10
137.4726845542
 20
186.8263482233
 30
0.0
 11
137.2959078589
 21
186.7242972093
 31
0.0
  0
LINE
  5
6D3
330
1F
100
AcDbEntity
  8
0
  6
Continuous
 62
     7
370
    25
100
AcDbLine
 10
136.158673186
 20
189.1023490234
 30
0.0
 11
135.9818677572
 21
189.000281422
 31
0.0
  0
LINE
  5
6D4
330
1F
100
AcDbEntity
  8
0
  6
Continuous
 62
     7
370
    25
100
AcDbLine
 10
136.9849294233
 20
187.4700357065
 30
0.0
 11
136.4945201735
 21
187.1869284727
 31
0.0
  0
LINE
  5
6D5
330
1F
100
AcDbEntity
  8
0
  6
Continuous
 62
     7
370
    25
100
AcDbLine
 10
136.4721975187
 20
188.357929848
 30
0.0
 11
135.9818677572
 21
188.0748685018
 31
0.0
  0
LINE
  5
6D6
330
1F
100
AcDbEntity
  8
0
  6
Continuous
 62
     7
370
    25
100
AcDbLine
 10
137.1473720554
 20
187.359709814
 30
0.0
 11
136.6712968688
 21
187.0848774587
 31
0.0
  0
LINE
  5
6D7
330
1F
100
AcDbEntity
  8
0
  6
Continuous
 62
     7
370
    25
100
AcDbLine
 10
137.2880096806
 20
187.2367629839
 30
0.0
 11
136.6712968688
 21
186.8807422557
 31
0.0
  0
LINE
  5
6D8
330
1F
100
AcDbEntity
  8
0
  6
Continuous
 62
     7
370
    25
100
AcDbLine
 10
136.4217546242
 20
188.7370470158
 30
0.0
 11
135.8050910619
 21
188.3810547188
 31
0.0
  0
LINE
  5
6D9
330
1F
100
AcDbEntity
  8
0
  6
Continuous
 62
     7
370
    25
100
AcDbLine
 10
136.4578887662
 20
188.553804784
 30
0.0
 11
135.9818677572
 21
188.2790037048
 31
0.0
  0
LINE
  5
6DA
330
1F
100
AcDbEntity
  8
0
  6
Continuous
 62
     7
370
    25
100
AcDbLine
 10
106.3423085124
 20
170.3667607253
 30
0.0
 11
135.8098799818
 21
187.3780276396
 31
0.0
  0
LINE
  5
6DB
330
1F
100
AcDbEntity
  8
0
  6
Continuous
 62
     7
370
    25
100
AcDbLine
 10
137.2916789934
 20
187.2331895062
 30
0.0
 11
127.2433472473
 21
181.4324110622
 31
0.0
  0
LINE
  5
6DC
330
1F
100
AcDbEntity
  8
0
  6
Continuous
 62
     7
370
    25
100
AcDbLine
 10
124.0199780421
 20
179.5715996285
 30
0.0
 11
109.5656777176
 21
171.2273096644
 31
0.0
  0
LINE
  5
6DD
330
1F
100
AcDbEntity
  8
0
  6
Continuous
 62
     7
370
    25
100
AcDbLine
 10
106.3423085124
 20
169.3664982307
 30
0.0
 11
106.3423085124
 21
170.3667607253
 31
0.0
  0
LINE
  5
6DE
330
1F
100
AcDbEntity
  8
0
  6
Continuous
 62
     7
370
    25
100
AcDbLine
 10
106.3423085124
 20
170.3667607253
 30
0.0
 11
105.4761027055
 21
170.8668106938
 31
0.0
  0
LINE
  5
6DF
330
1F
100
AcDbEntity
  8
0
  6
Continuous
 62
     7
370
    25
100
AcDbLine
 10
134.9436741749
 20
187.8780776081
 30
0.0
 11
126.3770006461
 21
182.9326422464
 31
0.0
  0
LINE
  5
6E0
330
1F
100
AcDbEntity
  8
0
  6
Continuous
 62
     7
370
    25
100
AcDbLine
 10
123.1537722351
 20
181.0719120916
 30
0.0
 11
120.2133865367
 21
179.3744635591
 31
0.0
  0
LINE
  5
6E1
330
1F
100
AcDbEntity
  8
0
  6
Continuous
 62
     7
370
    25
100
AcDbLine
 10
114.6331355218
 20
176.1530532178
 30
0.0
 11
105.4761027055
 21
170.8668106938
 31
0.0
  0
LWPOLYLINE
  5
6E2
330
1F
100
AcDbEntity
  8
0
  6
Continuous
 62
     7
370
    25
100
AcDbPolyline
 90
       17
 70
   128
 43
0.0
 10
104.5745415595
 20
169.0737385647
 10
104.5565997932
 20
169.1882550061
 10
104.5055059657
 20
169.3060524797
 10
104.4290386491
 20
169.4091973881
 10
104.3388392991
 20
169.481986854
 10
104.2486399491
 20
169.5133393409
 10
104.1721726324
 20
169.4984817171
 10
104.1210788049
 20
169.439675921
 10
104.1031370387
 20
169.345874602
 10
104.1210788049
 20
169.2313581606
 10
104.1721726324
 20
169.113560687
 10
104.2486399491
 20
169.0104157786
 10
104.3388392991
 20
168.9376263127
 10
104.4290386491
 20
168.9062738258
 10
104.5055059657
 20
168.9211314496
 10
104.5565997932
 20
168.9799372457
 10
104.5745415595
 20
169.0737385647
  0
LWPOLYLINE
  5
6E3
330
1F
100
AcDbEntity
  8
0
  6
Continuous
 62
     7
370
    25
100
AcDbPolyline
 90
       17
 70
   128
 43
0.0
 10
106.2244573822
 20
168.1212624343
 10
106.206515616
 20
168.2357788756
 10
106.1554217885
 20
168.3535763493
 10
106.0789544719
 20
168.4567212577
 10
105.9887551218
 20
168.5295107235
 10
105.8985557718
 20
168.5608632105
 10
105.8220884552
 20
168.5460055866
 10
105.7709946277
 20
168.4871997905
 10
105.7530528614
 20
168.3933984715
 10
105.7709946277
 20
168.2788820302
 10
105.8220884552
 20
168.1610845565
 10
105.8985557718
 20
168.0579396481
 10
105.9887551218
 20
167.9851501823
 10
106.0789544719
 20
167.9537976953
 10
106.1554217885
 20
167.9686553191
 10
106.206515616
 20
168.0274611153
 10
106.2244573822
 20
168.1212624343
  0
LWPOLYLINE
  5
6E4
330
1F
100
AcDbEntity
  8
0
  6
Continuous
 62
     7
370
    25
100
AcDbPolyline
 90
       17
 70
   128
 43
0.0
 10
106.2244573822
 20
170.0265243287
 10
106.206515616
 20
170.14104077
 10
106.1554217885
 20
170.2588382437
 10
106.0789544719
 20
170.3619831521
 10
105.9887551218
 20
170.4347726179
 10
105.8985557718
 20
170.4661251049
 10
105.8220884552
 20
170.451267481
 10
105.7709946277
 20
170.3924616849
 10
105.7530528614
 20
170.2986603659
 10
105.7709946277
 20
170.1841439246
 10
105.8220884552
 20
170.0663464509
 10
105.8985557718
 20
169.9632015425
 10
105.9887551218
 20
169.8904120767
 10
106.0789544719
 20
169.8590595897
 10
106.1554217885
 20
169.8739172135
 10
106.206515616
 20
169.9327230097
 10
106.2244573822
 20
170.0265243287
  0
LWPOLYLINE
  5
6E5
330
1F
100
AcDbEntity
  8
0
  6
Continuous
 62
     7
370
    25
100
AcDbPolyline
 90
       17
 70
   128
 43
0.0
 10
104.5745415595
 20
170.9790004591
 10
104.5565997932
 20
171.0935169005
 10
104.5055059657
 20
171.2113143741
 10
104.4290386491
 20
171.3144592825
 10
104.3388392991
 20
171.3872487484
 10
104.2486399491
 20
171.4186012353
 10
104.1721726324
 20
171.4037436115
 10
104.1210788049
 20
171.3449378154
 10
104.1031370387
 20
171.2511364964
 10
104.1210788049
 20
171.136620055
 10
104.1721726324
 20
171.0188225814
 10
104.2486399491
 20
170.915677673
 10
104.3388392991
 20
170.8428882071
 10
104.4290386491
 20
170.8115357202
 10
104.5055059657
 20
170.826393344
 10
104.5565997932
 20
170.8851991401
 10
104.5745415595
 20
170.9790004591
  0
LWPOLYLINE
  5
6E6
330
1F
100
AcDbEntity
  8
0
  6
Continuous
 62
     7
370
    25
100
AcDbPolyline
 90
       17
 70
   128
 43
0.0
 10
105.4171771404
 20
169.5399263453
 10
105.3978897417
 20
169.6630315198
 10
105.3429638771
 20
169.7896638039
 10
105.2607615117
 20
169.9005445805
 10
105.1637972105
 20
169.9787932563
 10
105.0668329092
 20
170.0124971797
 10
104.9846305438
 20
169.9965252341
 10
104.9297046793
 20
169.9333090033
 10
104.9104172805
 20
169.8324725854
 10
104.9297046793
 20
169.7093674109
 10
104.9846305438
 20
169.5827351267
 10
105.0668329092
 20
169.4718543502
 10
105.1637972105
 20
169.3936056744
 10
105.2607615117
 20
169.3599017509
 10
105.3429638771
 20
169.3758736965
 10
105.3978897417
 20
169.4390899274
 10
105.4171771404
 20
169.5399263453
  0
LINE
  5
6E7
330
1F
100
AcDbEntity
  8
0
  6
Continuous
 62
     7
370
    25
100
AcDbLine
 10
103.9852859085
 20
171.7274409117
 30
0.0
 11
103.9852859085
 21
170.7271784171
 31
0.0
  0
LINE
  5
6E8
330
1F
100
AcDbEntity
  8
0
  6
Continuous
 62
     7
370
    25
100
AcDbLine
 10
104.8514917154
 20
171.2273909432
 30
0.0
 11
103.9852859085
 21
171.7274409117
 31
0.0
  0
LINE
  5
6E9
330
1F
100
AcDbEntity
  8
0
  6
Continuous
 62
     7
370
    25
100
AcDbLine
 10
104.8514917154
 20
171.2273909432
 30
0.0
 11
104.8514917154
 21
171.0232557402
 31
0.0
  0
LINE
  5
6EA
330
1F
100
AcDbEntity
  8
0
  6
Continuous
 62
     7
370
    25
100
AcDbLine
 10
104.8514917154
 20
171.0232557402
 30
0.0
 11
104.6747150201
 21
171.1253067542
 31
0.0
  0
LINE
  5
6EB
330
1F
100
AcDbEntity
  8
0
  6
Continuous
 62
     7
370
    25
100
AcDbLine
 10
104.6747150201
 20
171.1253067542
 30
0.0
 11
104.6747150201
 21
170.7170363482
 31
0.0
  0
ARC
  5
6EC
330
1F
100
AcDbEntity
  8
0
  6
Continuous
 62
     7
370
    25
100
AcDbCircle
 10
105.7010292579
 20
171.3653092452
 30
0.0
 40
1.213910484190605
100
AcDbArc
 50
212.2786145967
 51
267.726761936
  0
LINE
  5
6ED
330
1F
100
AcDbEntity
  8
0
  6
Continuous
 62
     7
370
    25
100
AcDbLine
 10
105.6528794008
 20
170.1523540709
 30
0.0
 11
105.6528794008
 21
170.5606244768
 31
0.0
  0
LINE
  5
6EE
330
1F
100
AcDbEntity
  8
0
  6
Continuous
 62
     7
370
    25
100
AcDbLine
 10
105.6528794008
 20
170.5606244768
 30
0.0
 11
105.4761027055
 21
170.6626754908
 31
0.0
  0
LINE
  5
6EF
330
1F
100
AcDbEntity
  8
0
  6
Continuous
 62
     7
370
    25
100
AcDbLine
 10
105.4761027055
 20
170.6626754908
 30
0.0
 11
105.4761027055
 21
170.8668106938
 31
0.0
  0
LINE
  5
6F0
330
1F
100
AcDbEntity
  8
0
  6
Continuous
 62
     7
370
    25
100
AcDbLine
 10
106.3423085124
 20
169.3664982307
 30
0.0
 11
106.1655318171
 21
169.4685492447
 31
0.0
  0
LINE
  5
6F1
330
1F
100
AcDbEntity
  8
0
  6
Continuous
 62
     7
370
    25
100
AcDbLine
 10
106.1655318171
 20
169.4685492447
 30
0.0
 11
106.1655318171
 21
169.6726844477
 31
0.0
  0
LINE
  5
6F2
330
1F
100
AcDbEntity
  8
0
  6
Continuous
 62
     7
370
    25
100
AcDbLine
 10
106.1655318171
 20
169.6726844477
 30
0.0
 11
105.8119784265
 21
169.8767864756
 31
0.0
  0
ARC
  5
6F3
330
1F
100
AcDbEntity
  8
0
  6
Continuous
 62
     7
370
    25
100
AcDbCircle
 10
106.8868164331
 20
169.3120124141
 30
0.0
 40
1.214185521668713
100
AcDbArc
 50
152.2803007999
 51
207.7196992001
  0
LINE
  5
6F4
330
1F
100
AcDbEntity
  8
0
  6
Continuous
 62
     7
370
    25
100
AcDbLine
 10
105.8119784265
 20
168.7472383525
 30
0.0
 11
106.1655318171
 21
168.5431363246
 31
0.0
  0
LINE
  5
6F5
330
1F
100
AcDbEntity
  8
0
  6
Continuous
 62
     7
370
    25
100
AcDbLine
 10
106.1655318171
 20
168.5431363246
 30
0.0
 11
106.1655318171
 21
168.7472715275
 31
0.0
  0
LINE
  5
6F6
330
1F
100
AcDbEntity
  8
0
  6
Continuous
 62
     7
370
    25
100
AcDbLine
 10
106.1655318171
 20
168.7472715275
 30
0.0
 11
106.3423085124
 21
168.6452205136
 31
0.0
  0
LINE
  5
6F7
330
1F
100
AcDbEntity
  8
0
  6
Continuous
 62
     7
370
    25
100
AcDbLine
 10
106.3423085124
 20
167.644958019
 30
0.0
 11
106.3423085124
 21
168.6452205136
 31
0.0
  0
LINE
  5
6F8
330
1F
100
AcDbEntity
  8
0
  6
Continuous
 62
     7
370
    25
100
AcDbLine
 10
105.4761027055
 20
168.1450079875
 30
0.0
 11
106.3423085124
 21
167.644958019
 31
0.0
  0
LINE
  5
6F9
330
1F
100
AcDbEntity
  8
0
  6
Continuous
 62
     7
370
    25
100
AcDbLine
 10
105.4761027055
 20
168.1450079875
 30
0.0
 11
105.4761027055
 21
168.3491431905
 31
0.0
  0
LINE
  5
6FA
330
1F
100
AcDbEntity
  8
0
  6
Continuous
 62
     7
370
    25
100
AcDbLine
 10
105.4761027055
 20
168.3491431905
 30
0.0
 11
105.6528794008
 21
168.2470921765
 31
0.0
  0
LINE
  5
6FB
330
1F
100
AcDbEntity
  8
0
  6
Continuous
 62
     7
370
    25
100
AcDbLine
 10
105.6528794008
 20
168.2470921765
 30
0.0
 11
105.6528794008
 21
168.6553625824
 31
0.0
  0
ARC
  5
6FC
330
1F
100
AcDbEntity
  8
0
  6
Continuous
 62
     7
370
    25
100
AcDbCircle
 10
104.626565163
 20
168.0070896855
 30
0.0
 40
1.213910484190573
100
AcDbArc
 50
32.2786145967
 51
87.726761936
  0
LINE
  5
6FD
330
1F
100
AcDbEntity
  8
0
  6
Continuous
 62
     7
370
    25
100
AcDbLine
 10
104.6747150201
 20
169.2200448598
 30
0.0
 11
104.6747150201
 21
168.8117744538
 31
0.0
  0
LINE
  5
6FE
330
1F
100
AcDbEntity
  8
0
  6
Continuous
 62
     7
370
    25
100
AcDbLine
 10
104.6747150201
 20
168.8117744538
 30
0.0
 11
104.8514917154
 21
168.7097234398
 31
0.0
  0
LINE
  5
6FF
330
1F
100
AcDbEntity
  8
0
  6
Continuous
 62
     7
370
    25
100
AcDbLine
 10
104.8514917154
 20
168.7097234398
 30
0.0
 11
104.8514917154
 21
168.5055882369
 31
0.0
  0
LINE
  5
700
330
1F
100
AcDbEntity
  8
0
  6
Continuous
 62
     7
370
    25
100
AcDbLine
 10
103.9852859085
 20
169.0056382054
 30
0.0
 11
104.8514917154
 21
168.5055882369
 31
0.0
  0
LINE
  5
701
330
1F
100
AcDbEntity
  8
0
  6
Continuous
 62
     7
370
    25
100
AcDbLine
 10
103.9852859085
 20
170.0059006999
 30
0.0
 11
103.9852859085
 21
169.0056382054
 31
0.0
  0
LINE
  5
702
330
1F
100
AcDbEntity
  8
0
  6
Continuous
 62
     7
370
    25
100
AcDbLine
 10
103.9852859085
 20
170.0059006999
 30
0.0
 11
104.1620626038
 21
169.9038496859
 31
0.0
  0
LINE
  5
703
330
1F
100
AcDbEntity
  8
0
  6
Continuous
 62
     7
370
    25
100
AcDbLine
 10
104.1620626038
 20
169.9038496859
 30
0.0
 11
104.1620626038
 21
169.699714483
 31
0.0
  0
LINE
  5
704
330
1F
100
AcDbEntity
  8
0
  6
Continuous
 62
     7
370
    25
100
AcDbLine
 10
104.1620626038
 20
169.699714483
 30
0.0
 11
104.5156159944
 21
169.495612455
 31
0.0
  0
ARC
  5
705
330
1F
100
AcDbEntity
  8
0
  6
Continuous
 62
     7
370
    25
100
AcDbCircle
 10
103.4407779878
 20
170.0603865166
 30
0.0
 40
1.214185521668712
100
AcDbArc
 50
332.2803007999
 51
27.7196992001
  0
LINE
  5
706
330
1F
100
AcDbEntity
  8
0
  6
Continuous
 62
     7
370
    25
100
AcDbLine
 10
104.5156159944
 20
170.6251605781
 30
0.0
 11
104.1620626038
 21
170.8292626061
 31
0.0
  0
LINE
  5
707
330
1F
100
AcDbEntity
  8
0
  6
Continuous
 62
     7
370
    25
100
AcDbLine
 10
104.1620626038
 20
170.8292626061
 30
0.0
 11
104.1620626038
 21
170.6251274031
 31
0.0
  0
LINE
  5
708
330
1F
100
AcDbEntity
  8
0
  6
Continuous
 62
     7
370
    25
100
AcDbLine
 10
104.1620626038
 20
170.6251274031
 30
0.0
 11
103.9852859085
 21
170.7271784171
 31
0.0
  0
LINE
  5
709
330
1F
100
AcDbEntity
  8
0
  6
Continuous
 62
     7
370
    25
100
AcDbLine
 10
137.4726845542
 20
187.0245749559
 30
0.0
 11
127.5145351053
 21
181.275857644
 31
0.0
  0
LINE
  5
70A
330
1F
100
AcDbEntity
  8
0
  6
Continuous
 62
     7
370
    25
100
AcDbLine
 10
124.2911659002
 20
179.4150462104
 30
0.0
 11
109.8368655757
 21
171.0707562462
 31
0.0
  0
LINE
  5
70B
330
1F
100
AcDbEntity
  8
0
  6
Continuous
 62
     7
370
    25
100
AcDbLine
 10
106.6134963705
 20
169.2099448126
 30
0.0
 11
105.8119784265
 21
168.7472383525
 31
0.0
  0
LINE
  5
70C
330
1F
100
AcDbEntity
  8
0
  6
Continuous
 62
     7
370
    25
100
AcDbLine
 10
134.672702776
 20
188.034506067
 30
0.0
 11
126.3770006461
 21
183.2454991642
 31
0.0
  0
LINE
  5
70D
330
1F
100
AcDbEntity
  8
0
  6
Continuous
 62
     7
370
    25
100
AcDbLine
 10
123.1537722352
 20
181.3847690094
 30
0.0
 11
120.2133865367
 21
179.6873204769
 31
0.0
  0
LINE
  5
70E
330
1F
100
AcDbEntity
  8
0
  6
Continuous
 62
     7
370
    25
100
AcDbLine
 10
114.6331355219
 20
176.4659101356
 30
0.0
 11
104.6747150201
 21
170.7170363482
 31
0.0
  0
LINE
  5
70F
330
1F
100
AcDbEntity
  8
0
  6
Continuous
 62
     7
370
    25
100
AcDbLine
 10
111.0567368339
 20
170.3665395585
 30
0.0
 11
124.0199780421
 21
177.8500594168
 31
0.0
  0
LINE
  5
710
330
1F
100
AcDbEntity
  8
0
  6
Continuous
 62
     7
370
    25
100
AcDbLine
 10
128.7344063636
 20
180.5716409563
 30
0.0
 11
144.4789342444
 21
189.6607634345
 31
0.0
  0
LINE
  5
711
330
1F
100
AcDbEntity
  8
0
  6
Continuous
 62
     7
370
    25
100
AcDbLine
 10
152.3046324032
 20
194.17844282
 30
0.0
 11
153.4827605915
 21
194.8585617464
 31
0.0
  0
LINE
  5
712
330
1F
100
AcDbEntity
  8
0
  6
Continuous
 62
     7
370
    25
100
AcDbLine
 10
137.3009390982
 20
186.5172575337
 30
0.0
 11
127.8680597624
 21
181.0717722036
 31
0.0
  0
LINE
  5
713
330
1F
100
AcDbEntity
  8
0
  6
Continuous
 62
     7
370
    25
100
AcDbLine
 10
124.6338570746
 20
179.2047067335
 30
0.0
 11
110.1903902327
 21
170.8666708058
 31
0.0
  0
LINE
  5
714
330
1F
100
AcDbEntity
  8
0
  6
Continuous
 62
     7
370
    25
100
AcDbLine
 10
106.9561875449
 20
168.9996053357
 30
0.0
 11
106.3423085124
 21
168.6452205136
 31
0.0
  0
LINE
  5
715
330
1F
100
AcDbEntity
  8
0
  6
Continuous
 62
     7
370
    25
100
AcDbLine
 10
137.2959078589
 20
186.718455089
 30
0.0
 11
127.6912830671
 21
181.1738232176
 31
0.0
  0
LINE
  5
716
330
1F
100
AcDbEntity
  8
0
  6
Continuous
 62
     7
370
    25
100
AcDbLine
 10
124.467913862
 20
179.3130117839
 30
0.0
 11
110.0136135374
 21
170.9687218198
 31
0.0
  0
LINE
  5
717
330
1F
100
AcDbEntity
  8
0
  6
Continuous
 62
     7
370
    25
100
AcDbLine
 10
106.7902443323
 20
169.1079103861
 30
0.0
 11
106.1655318171
 21
168.7472715275
 31
0.0
  0
LINE
  5
718
330
1F
100
AcDbEntity
  8
0
  6
Continuous
 62
     7
370
    25
100
AcDbLine
 10
134.3190631848
 20
188.2386578574
 30
0.0
 11
126.3770006461
 21
183.6538027452
 31
0.0
  0
LINE
  5
719
330
1F
100
AcDbEntity
  8
0
  6
Continuous
 62
     7
370
    25
100
AcDbLine
 10
123.1430402776
 20
181.7868771631
 30
0.0
 11
120.2133865367
 21
180.0956240578
 31
0.0
  0
LINE
  5
71A
330
1F
100
AcDbEntity
  8
0
  6
Continuous
 62
     7
370
    25
100
AcDbLine
 10
114.6224035643
 20
176.8680182894
 30
0.0
 11
104.8514917154
 21
171.2273909432
 31
0.0
  0
LINE
  5
71B
330
1F
100
AcDbEntity
  8
0
  6
Continuous
 62
     7
370
    25
100
AcDbLine
 10
134.4958686136
 20
188.136590256
 30
0.0
 11
126.3770006461
 21
183.4496675422
 31
0.0
  0
LINE
  5
71C
330
1F
100
AcDbEntity
  8
0
  6
Continuous
 62
     7
370
    25
100
AcDbLine
 10
123.1537722352
 20
181.5889373874
 30
0.0
 11
120.2133865367
 21
179.8914888549
 31
0.0
  0
LINE
  5
71D
330
1F
100
AcDbEntity
  8
0
  6
Continuous
 62
     7
370
    25
100
AcDbLine
 10
114.6331355219
 20
176.6700785136
 30
0.0
 11
104.8514917154
 21
171.0232557402
 31
0.0
  0
LINE
  5
71E
330
1F
100
AcDbEntity
  8
0
  6
Continuous
 62
     7
370
    25
100
AcDbLine
 10
103.9852859085
 20
171.7274409117
 30
0.0
 11
113.1423187248
 21
177.0136834357
 31
0.0
  0
LINE
  5
71F
330
1F
100
AcDbEntity
  8
0
  6
Continuous
 62
     7
370
    25
100
AcDbLine
 10
120.2133865367
 20
181.0957239948
 30
0.0
 11
121.6629554381
 21
181.9325423094
 31
0.0
  0
LINE
  5
720
330
1F
100
AcDbEntity
  8
0
  6
Continuous
 62
     7
370
    25
100
AcDbLine
 10
126.3770006461
 20
184.6539026822
 30
0.0
 11
133.4528573779
 21
188.7387078259
 31
0.0
  0
LINE
  5
721
330
1F
100
AcDbEntity
  8
0
  6
Continuous
 62
     7
370
    25
100
AcDbLine
 10
105.6528794008
 20
168.4511942044
 30
0.0
 11
105.4761027055
 21
168.3491431905
 31
0.0
  0
LINE
  5
722
330
1F
100
AcDbEntity
  8
0
  6
Continuous
 62
     7
370
    25
100
AcDbLine
 10
104.3388680326
 20
170.7271950046
 30
0.0
 11
104.1620626038
 21
170.6251274031
 31
0.0
  0
LINE
  5
723
330
1F
100
AcDbEntity
  8
0
  6
Continuous
 62
     7
370
    25
100
AcDbLine
 10
105.1651242699
 20
169.0948816876
 30
0.0
 11
104.6747150201
 21
168.8117744538
 31
0.0
  0
LINE
  5
724
330
1F
100
AcDbEntity
  8
0
  6
Continuous
 62
     7
370
    25
100
AcDbLine
 10
104.6523923653
 20
169.9827758292
 30
0.0
 11
104.1620626038
 21
169.699714483
 31
0.0
  0
LINE
  5
725
330
1F
100
AcDbEntity
  8
0
  6
Continuous
 62
     7
370
    25
100
AcDbLine
 10
105.3275669021
 20
168.9845557951
 30
0.0
 11
104.8514917154
 21
168.7097234398
 31
0.0
  0
LINE
  5
726
330
1F
100
AcDbEntity
  8
0
  6
Continuous
 62
     7
370
    25
100
AcDbLine
 10
105.4682045272
 20
168.861608965
 30
0.0
 11
104.8514917154
 21
168.5055882369
 31
0.0
  0
LINE
  5
727
330
1F
100
AcDbEntity
  8
0
  6
Continuous
 62
     7
370
    25
100
AcDbLine
 10
104.6380836129
 20
170.1786507652
 30
0.0
 11
104.1620626038
 21
169.9038496859
 31
0.0
  0
LINE
  5
728
330
1F
100
AcDbEntity
  8
0
  6
Continuous
 62
     7
370
    25
100
AcDbLine
 10
104.6019494708
 20
170.361892997
 30
0.0
 11
103.9852859085
 21
170.0059006999
 31
0.0
  0
LINE
  5
729
330
1F
100
AcDbEntity
  8
0
  6
Continuous
 62
     7
370
    25
100
AcDbLine
 10
138.1621136658
 20
151.9975782093
 30
0.0
 11
150.3720654247
 21
159.0462333248
 31
0.0
  0
LINE
  5
72A
330
1F
100
AcDbEntity
  8
0
  6
Continuous
 62
     7
370
    25
100
AcDbLine
 10
155.9524572338
 20
162.2677249449
 30
0.0
 11
188.8380996508
 21
181.2522022163
 31
0.0
  0
LINE
  5
72B
330
1F
100
AcDbEntity
  8
0
  6
Continuous
 62
     7
370
    25
100
AcDbLine
 10
188.8380996508
 20
180.2519397217
 30
0.0
 11
188.8380996508
 21
181.2522022163
 31
0.0
  0
LINE
  5
72C
330
1F
100
AcDbEntity
  8
0
  6
Continuous
 62
     7
370
    25
100
AcDbLine
 10
188.8380996508
 20
180.2519397217
 30
0.0
 11
156.2640472642
 21
161.4473395461
 31
0.0
  0
LINE
  5
72D
330
1F
100
AcDbEntity
  8
0
  6
Continuous
 62
     7
370
    25
100
AcDbLine
 10
155.0862514268
 20
160.7674124818
 30
0.0
 11
154.6384458656
 21
160.5088998339
 31
0.0
  0
LINE
  5
72E
330
1F
100
AcDbEntity
  8
0
  6
Continuous
 62
     7
370
    25
100
AcDbLine
 10
152.7292288229
 20
159.4067322954
 30
0.0
 11
152.2814232616
 21
159.1482196475
 31
0.0
  0
LINE
  5
72F
330
1F
100
AcDbEntity
  8
0
  6
Continuous
 62
     7
370
    25
100
AcDbLine
 10
151.2384120259
 20
158.5461020776
 30
0.0
 11
138.1621136658
 21
150.9973157147
 31
0.0
  0
LINE
  5
730
330
1F
100
AcDbEntity
  8
0
  6
Continuous
 62
     7
370
    25
100
AcDbLine
 10
138.1621136658
 20
150.9973157147
 30
0.0
 11
138.1621136658
 21
151.9975782093
 31
0.0
  0
LINE
  5
731
330
1F
100
AcDbEntity
  8
0
  6
Continuous
 62
     7
370
    25
100
AcDbLine
 10
138.1621136658
 20
151.9975782093
 30
0.0
 11
137.2959078588
 21
152.4976281778
 31
0.0
  0
LINE
  5
732
330
1F
100
AcDbEntity
  8
0
  6
Continuous
 62
     7
370
    25
100
AcDbLine
 10
187.9718938439
 20
181.7522521848
 30
0.0
 11
180.1406862422
 21
177.2313922655
 31
0.0
  0
LINE
  5
733
330
1F
100
AcDbEntity
  8
0
  6
Continuous
 62
     7
370
    25
100
AcDbLine
 10
176.9174578313
 20
175.3706621107
 30
0.0
 11
158.1968057995
 21
164.5634597304
 31
0.0
  0
LINE
  5
734
330
1F
100
AcDbEntity
  8
0
  6
Continuous
 62
     7
370
    25
100
AcDbLine
 10
145.9697510414
 20
157.5049312636
 30
0.0
 11
137.2959078588
 21
152.4976281778
 31
0.0
  0
LINE
  5
735
330
1F
100
AcDbEntity
  8
0
  6
Continuous
 62
     7
370
    25
100
AcDbLine
 10
188.8380996508
 20
181.2522022163
 30
0.0
 11
187.9718938439
 21
181.7522521848
 31
0.0
  0
LWPOLYLINE
  5
736
330
1F
100
AcDbEntity
  8
0
  6
Continuous
 62
     7
370
    25
100
AcDbPolyline
 90
       17
 70
   128
 43
0.0
 10
136.3943467128
 20
150.7045560487
 10
136.3764049466
 20
150.8190724901
 10
136.3253111191
 20
150.9368699637
 10
136.2488438025
 20
151.0400148721
 10
136.1586444524
 20
151.112804338
 10
136.0684451024
 20
151.144156825
 10
135.9919777858
 20
151.1292992011
 10
135.9408839583
 20
151.070493405
 10
135.922942192
 20
150.976692086
 10
135.9408839583
 20
150.8621756446
 10
135.9919777858
 20
150.744378171
 10
136.0684451024
 20
150.6412332626
 10
136.1586444524
 20
150.5684437967
 10
136.2488438025
 20
150.5370913098
 10
136.3253111191
 20
150.5519489336
 10
136.3764049466
 20
150.6107547297
 10
136.3943467128
 20
150.7045560487
  0
LWPOLYLINE
  5
737
330
1F
100
AcDbEntity
  8
0
  6
Continuous
 62
     7
370
    25
100
AcDbPolyline
 90
       17
 70
   128
 43
0.0
 10
138.0442625356
 20
149.7520799183
 10
138.0263207693
 20
149.8665963596
 10
137.9752269419
 20
149.9843938333
 10
137.8987596252
 20
150.0875387417
 10
137.8085602752
 20
150.1603282075
 10
137.7183609252
 20
150.1916806945
 10
137.6418936085
 20
150.1768230706
 10
137.5907997811
 20
150.1180172745
 10
137.5728580148
 20
150.0242159555
 10
137.5907997811
 20
149.9096995142
 10
137.6418936085
 20
149.7919020405
 10
137.7183609252
 20
149.6887571321
 10
137.8085602752
 20
149.6159676663
 10
137.8987596252
 20
149.5846151793
 10
137.9752269419
 20
149.5994728032
 10
138.0263207693
 20
149.6582785993
 10
138.0442625356
 20
149.7520799183
  0
LWPOLYLINE
  5
738
330
1F
100
AcDbEntity
  8
0
  6
Continuous
 62
     7
370
    25
100
AcDbPolyline
 90
       17
 70
   128
 43
0.0
 10
138.0442625356
 20
151.6573418127
 10
138.0263207693
 20
151.771858254
 10
137.9752269419
 20
151.8896557277
 10
137.8987596252
 20
151.9928006361
 10
137.8085602752
 20
152.0655901019
 10
137.7183609252
 20
152.0969425889
 10
137.6418936085
 20
152.082084965
 10
137.5907997811
 20
152.0232791689
 10
137.5728580148
 20
151.9294778499
 10
137.5907997811
 20
151.8149614086
 10
137.6418936085
 20
151.6971639349
 10
137.7183609252
 20
151.5940190265
 10
137.8085602752
 20
151.5212295607
 10
137.8987596252
 20
151.4898770737
 10
137.9752269419
 20
151.5047346976
 10
138.0263207693
 20
151.5635404937
 10
138.0442625356
 20
151.6573418127
  0
LWPOLYLINE
  5
739
330
1F
100
AcDbEntity
  8
0
  6
Continuous
 62
     7
370
    25
100
AcDbPolyline
 90
       17
 70
   128
 43
0.0
 10
136.3943467128
 20
152.6098179431
 10
136.3764049466
 20
152.7243343845
 10
136.3253111191
 20
152.8421318581
 10
136.2488438025
 20
152.9452767665
 10
136.1586444524
 20
153.0180662324
 10
136.0684451024
 20
153.0494187194
 10
135.9919777858
 20
153.0345610955
 10
135.9408839583
 20
152.9757552994
 10
135.922942192
 20
152.8819539804
 10
135.9408839583
 20
152.767437539
 10
135.9919777858
 20
152.6496400654
 10
136.0684451024
 20
152.546495157
 10
136.1586444524
 20
152.4737056911
 10
136.2488438025
 20
152.4423532042
 10
136.3253111191
 20
152.457210828
 10
136.3764049466
 20
152.5160166241
 10
136.3943467128
 20
152.6098179431
  0
LWPOLYLINE
  5
73A
330
1F
100
AcDbEntity
  8
0
  6
Continuous
 62
     7
370
    25
100
AcDbPolyline
 90
       17
 70
   128
 43
0.0
 10
137.2369822937
 20
151.1707438293
 10
137.217694895
 20
151.2938490038
 10
137.1627690305
 20
151.4204812879
 10
137.0805666651
 20
151.5313620645
 10
136.9836023638
 20
151.6096107403
 10
136.8866380625
 20
151.6433146637
 10
136.8044356971
 20
151.6273427181
 10
136.7495098326
 20
151.5641264873
 10
136.7302224339
 20
151.4632900694
 10
136.7495098326
 20
151.3401848949
 10
136.8044356971
 20
151.2135526107
 10
136.8866380625
 20
151.1026718342
 10
136.9836023638
 20
151.0244231584
 10
137.0805666651
 20
150.9907192349
 10
137.1627690305
 20
151.0066911806
 10
137.217694895
 20
151.0699074114
 10
137.2369822937
 20
151.1707438293
  0
LINE
  5
73B
330
1F
100
AcDbEntity
  8
0
  6
Continuous
 62
     7
370
    25
100
AcDbLine
 10
135.8050910618
 20
153.3582583957
 30
0.0
 11
135.8050910618
 21
152.3579959011
 31
0.0
  0
LINE
  5
73C
330
1F
100
AcDbEntity
  8
0
  6
Continuous
 62
     7
370
    25
100
AcDbLine
 10
136.6712968688
 20
152.8582084272
 30
0.0
 11
135.8050910618
 21
153.3582583957
 31
0.0
  0
LINE
  5
73D
330
1F
100
AcDbEntity
  8
0
  6
Continuous
 62
     7
370
    25
100
AcDbLine
 10
136.6712968688
 20
152.8582084272
 30
0.0
 11
136.6712968688
 21
152.6540732242
 31
0.0
  0
LINE
  5
73E
330
1F
100
AcDbEntity
  8
0
  6
Continuous
 62
     7
370
    25
100
AcDbLine
 10
136.6712968688
 20
152.6540732242
 30
0.0
 11
136.4945201735
 21
152.7561242382
 31
0.0
  0
LINE
  5
73F
330
1F
100
AcDbEntity
  8
0
  6
Continuous
 62
     7
370
    25
100
AcDbLine
 10
136.4945201735
 20
152.7561242382
 30
0.0
 11
136.4945201735
 21
152.3478538322
 31
0.0
  0
ARC
  5
740
330
1F
100
AcDbEntity
  8
0
  6
Continuous
 62
     7
370
    25
100
AcDbCircle
 10
137.5208344113
 20
152.9961267292
 30
0.0
 40
1.213910484190464
100
AcDbArc
 50
212.2786145967
 51
267.726761936
  0
LINE
  5
741
330
1F
100
AcDbEntity
  8
0
  6
Continuous
 62
     7
370
    25
100
AcDbLine
 10
137.4726845541
 20
151.7831715549
 30
0.0
 11
137.4726845541
 21
152.1914419608
 31
0.0
  0
LINE
  5
742
330
1F
100
AcDbEntity
  8
0
  6
Continuous
 62
     7
370
    25
100
AcDbLine
 10
137.4726845541
 20
152.1914419608
 30
0.0
 11
137.2959078588
 21
152.2934929748
 31
0.0
  0
LINE
  5
743
330
1F
100
AcDbEntity
  8
0
  6
Continuous
 62
     7
370
    25
100
AcDbLine
 10
137.2959078588
 20
152.2934929748
 30
0.0
 11
137.2959078588
 21
152.4976281778
 31
0.0
  0
LINE
  5
744
330
1F
100
AcDbEntity
  8
0
  6
Continuous
 62
     7
370
    25
100
AcDbLine
 10
138.1621136658
 20
150.9973157147
 30
0.0
 11
137.9853369705
 21
151.0993667287
 31
0.0
  0
LINE
  5
745
330
1F
100
AcDbEntity
  8
0
  6
Continuous
 62
     7
370
    25
100
AcDbLine
 10
137.9853369705
 20
151.0993667287
 30
0.0
 11
137.9853369705
 21
151.3035019317
 31
0.0
  0
LINE
  5
746
330
1F
100
AcDbEntity
  8
0
  6
Continuous
 62
     7
370
    25
100
AcDbLine
 10
137.9853369705
 20
151.3035019317
 30
0.0
 11
137.6317835799
 21
151.5076039596
 31
0.0
  0
ARC
  5
747
330
1F
100
AcDbEntity
  8
0
  6
Continuous
 62
     7
370
    25
100
AcDbCircle
 10
138.7066215865
 20
150.9428298981
 30
0.0
 40
1.214185521668825
100
AcDbArc
 50
152.2803007999
 51
207.7196992001
  0
LINE
  5
748
330
1F
100
AcDbEntity
  8
0
  6
Continuous
 62
     7
370
    25
100
AcDbLine
 10
137.6317835799
 20
150.3780558365
 30
0.0
 11
137.9853369705
 21
150.1739538086
 31
0.0
  0
LINE
  5
749
330
1F
100
AcDbEntity
  8
0
  6
Continuous
 62
     7
370
    25
100
AcDbLine
 10
137.9853369705
 20
150.1739538086
 30
0.0
 11
137.9853369705
 21
150.3780890115
 31
0.0
  0
LINE
  5
74A
330
1F
100
AcDbEntity
  8
0
  6
Continuous
 62
     7
370
    25
100
AcDbLine
 10
137.9853369705
 20
150.3780890115
 30
0.0
 11
138.1621136658
 21
150.2760379976
 31
0.0
  0
LINE
  5
74B
330
1F
100
AcDbEntity
  8
0
  6
Continuous
 62
     7
370
    25
100
AcDbLine
 10
138.1621136658
 20
149.275775503
 30
0.0
 11
138.1621136658
 21
150.2760379976
 31
0.0
  0
LINE
  5
74C
330
1F
100
AcDbEntity
  8
0
  6
Continuous
 62
     7
370
    25
100
AcDbLine
 10
137.2959078588
 20
149.7758254715
 30
0.0
 11
138.1621136658
 21
149.275775503
 31
0.0
  0
LINE
  5
74D
330
1F
100
AcDbEntity
  8
0
  6
Continuous
 62
     7
370
    25
100
AcDbLine
 10
137.2959078588
 20
149.7758254715
 30
0.0
 11
137.2959078588
 21
149.9799606745
 31
0.0
  0
LINE
  5
74E
330
1F
100
AcDbEntity
  8
0
  6
Continuous
 62
     7
370
    25
100
AcDbLine
 10
137.2959078588
 20
149.9799606745
 30
0.0
 11
137.4726845541
 21
149.8779096605
 31
0.0
  0
LINE
  5
74F
330
1F
100
AcDbEntity
  8
0
  6
Continuous
 62
     7
370
    25
100
AcDbLine
 10
137.4726845541
 20
149.8779096605
 30
0.0
 11
137.4726845541
 21
150.2861800664
 31
0.0
  0
ARC
  5
750
330
1F
100
AcDbEntity
  8
0
  6
Continuous
 62
     7
370
    25
100
AcDbCircle
 10
136.4463703163
 20
149.6379071695
 30
0.0
 40
1.213910484190401
100
AcDbArc
 50
32.2786145967
 51
87.726761936
  0
LINE
  5
751
330
1F
100
AcDbEntity
  8
0
  6
Continuous
 62
     7
370
    25
100
AcDbLine
 10
136.4945201735
 20
150.8508623438
 30
0.0
 11
136.4945201735
 21
150.4425919378
 31
0.0
  0
LINE
  5
752
330
1F
100
AcDbEntity
  8
0
  6
Continuous
 62
     7
370
    25
100
AcDbLine
 10
136.4945201735
 20
150.4425919378
 30
0.0
 11
136.6712968688
 21
150.3405409239
 31
0.0
  0
LINE
  5
753
330
1F
100
AcDbEntity
  8
0
  6
Continuous
 62
     7
370
    25
100
AcDbLine
 10
136.6712968688
 20
150.3405409239
 30
0.0
 11
136.6712968688
 21
150.1364057209
 31
0.0
  0
LINE
  5
754
330
1F
100
AcDbEntity
  8
0
  6
Continuous
 62
     7
370
    25
100
AcDbLine
 10
135.8050910618
 20
150.6364556894
 30
0.0
 11
136.6712968688
 21
150.1364057209
 31
0.0
  0
LINE
  5
755
330
1F
100
AcDbEntity
  8
0
  6
Continuous
 62
     7
370
    25
100
AcDbLine
 10
135.8050910618
 20
151.6367181839
 30
0.0
 11
135.8050910618
 21
150.6364556894
 31
0.0
  0
LINE
  5
756
330
1F
100
AcDbEntity
  8
0
  6
Continuous
 62
     7
370
    25
100
AcDbLine
 10
135.8050910618
 20
151.6367181839
 30
0.0
 11
135.9818677571
 21
151.53466717
 31
0.0
  0
LINE
  5
757
330
1F
100
AcDbEntity
  8
0
  6
Continuous
 62
     7
370
    25
100
AcDbLine
 10
135.9818677571
 20
151.53466717
 30
0.0
 11
135.9818677571
 21
151.330531967
 31
0.0
  0
LINE
  5
758
330
1F
100
AcDbEntity
  8
0
  6
Continuous
 62
     7
370
    25
100
AcDbLine
 10
135.9818677571
 20
151.330531967
 30
0.0
 11
136.3354211477
 21
151.126429939
 31
0.0
  0
ARC
  5
759
330
1F
100
AcDbEntity
  8
0
  6
Continuous
 62
     7
370
    25
100
AcDbCircle
 10
135.2605831411
 20
151.6912040006
 30
0.0
 40
1.214185521668964
100
AcDbArc
 50
332.2803007999
 51
27.7196992001
  0
LINE
  5
75A
330
1F
100
AcDbEntity
  8
0
  6
Continuous
 62
     7
370
    25
100
AcDbLine
 10
136.3354211477
 20
152.2559780621
 30
0.0
 11
135.9818677571
 21
152.4600800901
 31
0.0
  0
LINE
  5
75B
330
1F
100
AcDbEntity
  8
0
  6
Continuous
 62
     7
370
    25
100
AcDbLine
 10
135.9818677571
 20
152.4600800901
 30
0.0
 11
135.9818677571
 21
152.2559448871
 31
0.0
  0
LINE
  5
75C
330
1F
100
AcDbEntity
  8
0
  6
Continuous
 62
     7
370
    25
100
AcDbLine
 10
135.9818677571
 20
152.2559448871
 30
0.0
 11
135.8050910618
 21
152.3579959011
 31
0.0
  0
LWPOLYLINE
  5
75D
330
1F
100
AcDbEntity
  8
0
  6
Continuous
 62
     7
370
    25
100
AcDbPolyline
 90
        3
 70
   128
 43
0.0
 10
188.2242206184
 20
179.8850468267
 10
188.2487717541
 20
179.7984958479
 10
188.3077695649
 20
179.6326798435
  0
LINE
  5
75E
330
1F
100
AcDbEntity
  8
0
  6
Continuous
 62
     7
370
    25
100
AcDbLine
 10
188.3077695649
 20
179.6326798435
 30
0.0
 11
156.2640472642
 21
161.1342327098
 31
0.0
  0
LINE
  5
75F
330
1F
100
AcDbEntity
  8
0
  6
Continuous
 62
     7
370
    25
100
AcDbLine
 10
155.3574392849
 20
160.6108590637
 30
0.0
 11
154.7732304672
 21
160.2736024919
 31
0.0
  0
LINE
  5
760
330
1F
100
AcDbEntity
  8
0
  6
Continuous
 62
     7
370
    25
100
AcDbLine
 10
153.000416681
 20
159.2501788773
 30
0.0
 11
152.4162078632
 21
158.9129223055
 31
0.0
  0
LINE
  5
761
330
1F
100
AcDbEntity
  8
0
  6
Continuous
 62
     7
370
    25
100
AcDbLine
 10
151.509599884
 20
158.3895486594
 30
0.0
 11
137.6317835799
 21
150.3780558365
 31
0.0
  0
LINE
  5
762
330
1F
100
AcDbEntity
  8
0
  6
Continuous
 62
     7
370
    25
100
AcDbLine
 10
187.1705061585
 20
181.6024778392
 30
0.0
 11
180.1406862422
 21
177.5442491834
 31
0.0
  0
LINE
  5
763
330
1F
100
AcDbEntity
  8
0
  6
Continuous
 62
     7
370
    25
100
AcDbLine
 10
176.9174578313
 20
175.6835190285
 30
0.0
 11
158.1968057995
 21
164.8763166483
 31
0.0
  0
LINE
  5
764
330
1F
100
AcDbEntity
  8
0
  6
Continuous
 62
     7
370
    25
100
AcDbLine
 10
145.9697510414
 20
157.8177881815
 30
0.0
 11
136.4945201735
 21
152.3478538322
 31
0.0
  0
LWPOLYLINE
  5
765
330
1F
100
AcDbEntity
  8
0
  6
Continuous
 62
     7
370
    25
100
AcDbPolyline
 90
        3
 70
   128
 43
0.0
 10
187.1705061585
 20
181.6024778392
 10
187.2846051406
 20
181.4684814045
 10
187.3551810321
 20
181.3962314566
  0
LINE
  5
766
330
1F
100
AcDbEntity
  8
0
  6
Continuous
 62
     7
370
    25
100
AcDbLine
 10
188.6613229555
 20
179.6327130185
 30
0.0
 11
137.9853369705
 21
150.3780890115
 31
0.0
  0
LINE
  5
767
330
1F
100
AcDbEntity
  8
0
  6
Continuous
 62
     7
370
    25
100
AcDbLine
 10
188.6613229555
 20
179.6327130185
 30
0.0
 11
188.8380996508
 21
179.5306620045
 31
0.0
  0
LINE
  5
768
330
1F
100
AcDbEntity
  8
0
  6
Continuous
 62
     7
370
    25
100
AcDbLine
 10
188.8380996508
 20
179.5306620045
 30
0.0
 11
138.1621136658
 21
150.2760379976
 31
0.0
  0
LINE
  5
769
330
1F
100
AcDbEntity
  8
0
  6
Continuous
 62
     7
370
    25
100
AcDbLine
 10
138.1621136658
 20
149.275775503
 30
0.0
 11
188.8380996508
 21
178.53039951
 31
0.0
  0
LINE
  5
76A
330
1F
100
AcDbEntity
  8
0
  6
Continuous
 62
     7
370
    25
100
AcDbLine
 10
188.8380996508
 20
178.53039951
 30
0.0
 11
188.8380996508
 21
179.5306620045
 31
0.0
  0
LINE
  5
76B
330
1F
100
AcDbEntity
  8
0
  6
Continuous
 62
     7
370
    25
100
AcDbLine
 10
135.8050910618
 20
153.3582583957
 30
0.0
 11
144.4789342444
 21
158.3655614815
 31
0.0
  0
LINE
  5
76C
330
1F
100
AcDbEntity
  8
0
  6
Continuous
 62
     7
370
    25
100
AcDbLine
 10
158.1968057995
 20
166.2847201662
 30
0.0
 11
161.7332974893
 21
168.3262933627
 31
0.0
  0
LINE
  5
76D
330
1F
100
AcDbEntity
  8
0
  6
Continuous
 62
     7
370
    25
100
AcDbLine
 10
164.9732457858
 20
170.196675702
 30
0.0
 11
175.4266410343
 21
176.2312923286
 31
0.0
  0
LINE
  5
76E
330
1F
100
AcDbEntity
  8
0
  6
Continuous
 62
     7
370
    25
100
AcDbLine
 10
180.1406862422
 20
178.9526527013
 30
0.0
 11
181.3201553282
 21
179.6335457114
 31
0.0
  0
LINE
  5
76F
330
1F
100
AcDbEntity
  8
0
  6
Continuous
 62
     7
370
    25
100
AcDbLine
 10
183.9708479737
 20
181.1637580042
 30
0.0
 11
186.4810770469
 21
182.6128824026
 31
0.0
  0
LINE
  5
770
330
1F
100
AcDbEntity
  8
0
  6
Continuous
 62
     7
370
    25
100
AcDbLine
 10
187.3472828538
 20
182.1128324341
 30
0.0
 11
186.4810770469
 21
182.6128824026
 31
0.0
  0
LINE
  5
771
330
1F
100
AcDbEntity
  8
0
  6
Continuous
 62
     7
370
    25
100
AcDbLine
 10
187.3472828538
 20
182.1128324341
 30
0.0
 11
180.1406862422
 21
177.9525527643
 31
0.0
  0
LINE
  5
772
330
1F
100
AcDbEntity
  8
0
  6
Continuous
 62
     7
370
    25
100
AcDbLine
 10
176.9067258737
 20
176.0856271822
 30
0.0
 11
158.1968057995
 21
165.2846202292
 31
0.0
  0
LINE
  5
773
330
1F
100
AcDbEntity
  8
0
  6
Continuous
 62
     7
370
    25
100
AcDbLine
 10
145.9590190838
 20
158.2198963352
 30
0.0
 11
136.6712968688
 21
152.8582084272
 31
0.0
  0
LINE
  5
774
330
1F
100
AcDbEntity
  8
0
  6
Continuous
 62
     7
370
    25
100
AcDbLine
 10
187.3472828538
 20
182.1128324341
 30
0.0
 11
187.3472828538
 21
181.9086972312
 31
0.0
  0
LINE
  5
775
330
1F
100
AcDbEntity
  8
0
  6
Continuous
 62
     7
370
    25
100
AcDbLine
 10
187.3472828538
 20
181.9086972312
 30
0.0
 11
180.1406862422
 21
177.7484175613
 31
0.0
  0
LINE
  5
776
330
1F
100
AcDbEntity
  8
0
  6
Continuous
 62
     7
370
    25
100
AcDbLine
 10
176.9174578313
 20
175.8876874065
 30
0.0
 11
158.1968057995
 21
165.0804850263
 31
0.0
  0
LINE
  5
777
330
1F
100
AcDbEntity
  8
0
  6
Continuous
 62
     7
370
    25
100
AcDbLine
 10
145.9697510414
 20
158.0219565595
 30
0.0
 11
136.6712968688
 21
152.6540732242
 31
0.0
  0
LINE
  5
778
330
1F
100
AcDbEntity
  8
0
  6
Continuous
 62
     7
370
    25
100
AcDbLine
 10
188.3077695649
 20
179.6326798435
 30
0.0
 11
188.4845175267
 21
179.530645417
 31
0.0
  0
LINE
  5
779
330
1F
100
AcDbEntity
  8
0
  6
Continuous
 62
     7
370
    25
100
AcDbLine
 10
187.1705061585
 20
181.8066462172
 30
0.0
 11
187.1705061585
 21
181.6024778392
 31
0.0
  0
LINE
  5
77A
330
1F
100
AcDbEntity
  8
0
  6
Continuous
 62
     7
370
    25
100
AcDbLine
 10
137.4726845541
 20
150.0820116884
 30
0.0
 11
137.2959078588
 21
149.9799606745
 31
0.0
  0
LINE
  5
77B
330
1F
100
AcDbEntity
  8
0
  6
Continuous
 62
     7
370
    25
100
AcDbLine
 10
136.1586731859
 20
152.3580124886
 30
0.0
 11
135.9818677571
 21
152.2559448871
 31
0.0
  0
LINE
  5
77C
330
1F
100
AcDbEntity
  8
0
  6
Continuous
 62
     7
370
    25
100
AcDbLine
 10
136.9849294233
 20
150.7256991716
 30
0.0
 11
136.4945201735
 21
150.4425919378
 31
0.0
  0
LINE
  5
77D
330
1F
100
AcDbEntity
  8
0
  6
Continuous
 62
     7
370
    25
100
AcDbLine
 10
136.4721975187
 20
151.6135933132
 30
0.0
 11
135.9818677571
 21
151.330531967
 31
0.0
  0
LINE
  5
77E
330
1F
100
AcDbEntity
  8
0
  6
Continuous
 62
     7
370
    25
100
AcDbLine
 10
137.1473720554
 20
150.6153732791
 30
0.0
 11
136.6712968688
 21
150.3405409239
 31
0.0
  0
LINE
  5
77F
330
1F
100
AcDbEntity
  8
0
  6
Continuous
 62
     7
370
    25
100
AcDbLine
 10
137.2880096806
 20
150.492426449
 30
0.0
 11
136.6712968688
 21
150.1364057209
 31
0.0
  0
LINE
  5
780
330
1F
100
AcDbEntity
  8
0
  6
Continuous
 62
     7
370
    25
100
AcDbLine
 10
136.4217546242
 20
151.992710481
 30
0.0
 11
135.8050910618
 21
151.6367181839
 31
0.0
  0
LINE
  5
781
330
1F
100
AcDbEntity
  8
0
  6
Continuous
 62
     7
370
    25
100
AcDbLine
 10
136.4578887662
 20
151.8094682492
 30
0.0
 11
135.9818677571
 21
151.53466717
 31
0.0
  0
LINE
  5
782
330
1F
100
AcDbEntity
  8
0
  6
Continuous
 62
     7
370
    25
100
AcDbLine
 10
112.6709142041
 20
183.682257562
 30
0.0
 11
113.1423187249
 21
183.9543935992
 31
0.0
  0
LINE
  5
783
330
1F
100
AcDbEntity
  8
0
  6
Continuous
 62
     7
370
    25
100
AcDbLine
 10
112.6709142041
 20
184.0905279679
 30
0.0
 11
112.6709142041
 21
183.682257562
 31
0.0
  0
LINE
  5
784
330
1F
100
AcDbEntity
  8
0
  6
Continuous
 62
     7
370
    25
100
AcDbLine
 10
112.6709142041
 20
184.0905279679
 30
0.0
 11
113.1423187249
 21
184.3626640052
 31
0.0
  0
LINE
  5
785
330
1F
100
AcDbEntity
  8
0
  6
Continuous
 62
     7
370
    25
100
AcDbLine
 10
107.7211667358
 20
186.9479563593
 30
0.0
 11
107.7211667358
 21
186.2676162661
 31
0.0
  0
LINE
  5
786
330
1F
100
AcDbEntity
  8
0
  6
Continuous
 62
     7
370
    25
100
AcDbLine
 10
112.7887653343
 20
189.87341876
 30
0.0
 11
107.7211667358
 21
186.9479563593
 31
0.0
  0
LINE
  5
787
330
1F
100
AcDbEntity
  8
0
  6
Continuous
 62
     7
370
    25
100
AcDbLine
 10
112.7887653343
 20
189.87341876
 30
0.0
 11
113.1423187249
 21
189.669316732
 31
0.0
  0
LINE
  5
788
330
1F
100
AcDbEntity
  8
0
  6
Continuous
 62
     7
370
    25
100
AcDbLine
 10
111.4924029021
 20
184.0905279679
 30
0.0
 11
112.6709142041
 21
184.0905279679
 31
0.0
  0
LINE
  5
789
330
1F
100
AcDbEntity
  8
0
  6
Continuous
 62
     7
370
    25
100
AcDbLine
 10
107.7211667358
 20
186.2676162661
 30
0.0
 11
111.4924029021
 21
184.0905279679
 31
0.0
  0
LWPOLYLINE
  5
78A
330
1F
100
AcDbEntity
  8
0
  6
Continuous
 62
     7
370
    25
100
AcDbPolyline
 90
       17
 70
   128
 43
0.0
 10
110.4612055129
 20
185.3661656426
 10
110.5424952946
 20
185.4363977474
 10
110.5710404699
 20
185.5192421636
 10
110.5424952946
 20
185.6020865798
 10
110.4612055129
 20
185.6723186846
 10
110.339546757
 20
185.7192462767
 10
110.1960404699
 20
185.7357250556
 10
110.0525341828
 20
185.7192462767
 10
109.930875427
 20
185.6723186846
 10
109.8495856452
 20
185.6020865798
 10
109.8210404699
 20
185.5192421636
 10
109.8495856452
 20
185.4363977474
 10
109.930875427
 20
185.3661656426
 10
110.0525341828
 20
185.3192380505
 10
110.1960404699
 20
185.3027592716
 10
110.339546757
 20
185.3192380505
 10
110.4612055129
 20
185.3661656426
  0
LINE
  5
78B
330
1F
100
AcDbEntity
  8
0
  6
Continuous
 62
     7
370
    25
100
AcDbLine
 10
112.9950048121
 20
185.2641146286
 30
0.0
 11
111.8164935101
 21
184.5837745355
 31
0.0
  0
LWPOLYLINE
  5
78C
330
1F
100
AcDbEntity
  8
0
  6
Continuous
 62
     7
370
    25
100
AcDbPolyline
 90
        9
 70
   128
 43
0.0
 10
111.8164935101
 20
184.5837745355
 10
111.7352037284
 20
184.5135424307
 10
111.7066585531
 20
184.4306980145
 10
111.7352037284
 20
184.3478535983
 10
111.8164935101
 20
184.2776214935
 10
111.9381522659
 20
184.2306939014
 10
112.0816585531
 20
184.2142151225
 10
112.2251648402
 20
184.2306939014
 10
112.346823596
 20
184.2776214935
  0
LINE
  5
78D
330
1F
100
AcDbEntity
  8
0
  6
Continuous
 62
     7
370
    25
100
AcDbLine
 10
112.346823596
 20
184.2776214935
 30
0.0
 11
113.1423187249
 21
184.7368510564
 31
0.0
  0
LWPOLYLINE
  5
78E
330
1F
100
AcDbEntity
  8
0
  6
Continuous
 62
     7
370
    25
100
AcDbPolyline
 90
        3
 70
   128
 43
0.0
 10
113.1423187249
 20
185.3165526233
 10
113.1166635679
 20
185.3110422208
 10
112.9950048121
 20
185.2641146286
  0
LINE
  5
78F
330
1F
100
AcDbEntity
  8
0
  6
Continuous
 62
     7
370
    25
100
AcDbLine
 10
112.4057491611
 20
189.2781211784
 30
0.0
 11
111.2272378591
 21
188.5977810852
 31
0.0
  0
LWPOLYLINE
  5
790
330
1F
100
AcDbEntity
  8
0
  6
Continuous
 62
     7
370
    25
100
AcDbPolyline
 90
        9
 70
   128
 43
0.0
 10
111.2272378591
 20
188.5977810852
 10
111.1459480774
 20
188.5275489805
 10
111.1174029021
 20
188.4447045643
 10
111.1459480774
 20
188.3618601481
 10
111.2272378591
 20
188.2916280433
 10
111.3488966149
 20
188.2447004512
 10
111.4924029021
 20
188.2282216722
 10
111.6359091892
 20
188.2447004512
 10
111.757567945
 20
188.2916280433
  0
LINE
  5
791
330
1F
100
AcDbEntity
  8
0
  6
Continuous
 62
     7
370
    25
100
AcDbLine
 10
111.757567945
 20
188.2916280433
 30
0.0
 11
112.936079247
 21
188.9719681365
 31
0.0
  0
LWPOLYLINE
  5
792
330
1F
100
AcDbEntity
  8
0
  6
Continuous
 62
     7
370
    25
100
AcDbPolyline
 90
        9
 70
   128
 43
0.0
 10
112.936079247
 20
188.9719681365
 10
113.0173690288
 20
189.0422002413
 10
113.0459142041
 20
189.1250446575
 10
113.0173690288
 20
189.2078890736
 10
112.936079247
 20
189.2781211784
 10
112.8144204912
 20
189.3250487706
 10
112.6709142041
 20
189.3415275495
 10
112.5274079169
 20
189.3250487706
 10
112.4057491611
 20
189.2781211784
  0
LINE
  5
793
330
1F
100
AcDbEntity
  8
0
  6
Continuous
 62
     7
370
    25
100
AcDbLine
 10
109.2237686458
 20
187.4412029268
 30
0.0
 11
108.0452573438
 21
186.7608628336
 31
0.0
  0
LWPOLYLINE
  5
794
330
1F
100
AcDbEntity
  8
0
  6
Continuous
 62
     7
370
    25
100
AcDbPolyline
 90
        9
 70
   128
 43
0.0
 10
108.0452573438
 20
186.7608628336
 10
107.9639675621
 20
186.6906307289
 10
107.9354223867
 20
186.6077863127
 10
107.9639675621
 20
186.5249418965
 10
108.0452573438
 20
186.4547097917
 10
108.1669160996
 20
186.4077821996
 10
108.3104223867
 20
186.3913034206
 10
108.4539286739
 20
186.4077821996
 10
108.5755874297
 20
186.4547097917
  0
LINE
  5
795
330
1F
100
AcDbEntity
  8
0
  6
Continuous
 62
     7
370
    25
100
AcDbLine
 10
108.5755874297
 20
186.4547097917
 30
0.0
 11
109.7540987317
 21
187.1350498849
 31
0.0
  0
LWPOLYLINE
  5
796
330
1F
100
AcDbEntity
  8
0
  6
Continuous
 62
     7
370
    25
100
AcDbPolyline
 90
        9
 70
   128
 43
0.0
 10
109.7540987317
 20
187.1350498849
 10
109.8353885134
 20
187.2052819897
 10
109.8639336887
 20
187.2881264059
 10
109.8353885134
 20
187.370970822
 10
109.7540987317
 20
187.4412029268
 10
109.6324399759
 20
187.488130519
 10
109.4889336887
 20
187.5046092979
 10
109.3454274016
 20
187.488130519
 10
109.2237686458
 20
187.4412029268
  0
LWPOLYLINE
  5
797
330
1F
100
AcDbEntity
  8
0
  6
Continuous
 62
     7
370
    25
100
AcDbPolyline
 90
       27
 70
   128
 43
0.0
 10
113.1423187249
 20
187.4710411153
 10
113.0570506933
 20
187.5039260182
 10
112.7641969268
 20
187.5900668395
 10
112.4494058153
 20
187.6446363565
 10
112.1227950043
 20
187.6658806599
 10
111.7948620338
 20
187.6531169404
 10
111.4761469395
 20
187.6067554344
 10
111.1768934866
 20
187.5282862389
 10
110.9067199274
 20
187.4202314184
 10
110.6743098624
 20
187.2860639437
 10
110.4871331423
 20
187.1300960679
 10
110.3512057808
 20
186.9573407267
 10
110.2708965953
 20
186.7733504191
 10
110.248786789
 20
186.5840387449
 10
110.2855869893
 20
186.395490337
 10
110.3801144075
 20
186.2137652965
 10
110.5293308545
 20
186.0447044156
 10
110.728440391
 20
185.8937414502
 10
110.9710434727
 20
185.7657284743
 10
111.2493426369
 20
185.66477993
 10
111.5543931194
 20
185.5941403869
 10
111.8763903469
 20
185.5560802578
 10
112.2049850634
 20
185.5518228267
 10
112.5296159643
 20
185.5815049308
 10
112.8398491455
 20
185.644172563
 10
113.1257134572
 20
185.737811534
 10
113.1423187249
 20
185.7445315101
  0
LWPOLYLINE
  5
798
330
1F
100
AcDbEntity
  8
0
  6
Continuous
 62
     7
370
    25
100
AcDbPolyline
 90
       17
 70
   128
 43
0.0
 10
110.4612055129
 20
187.5432539408
 10
110.5424952946
 20
187.6134860456
 10
110.5710404699
 20
187.6963304618
 10
110.5424952946
 20
187.7791748779
 10
110.4612055129
 20
187.8494069827
 10
110.339546757
 20
187.8963345749
 10
110.1960404699
 20
187.9128133538
 10
110.0525341828
 20
187.8963345749
 10
109.930875427
 20
187.8494069827
 10
109.8495856452
 20
187.7791748779
 10
109.8210404699
 20
187.6963304618
 10
109.8495856452
 20
187.6134860456
 10
109.930875427
 20
187.5432539408
 10
110.0525341828
 20
187.4963263487
 10
110.1960404699
 20
187.4798475697
 10
110.339546757
 20
187.4963263487
 10
110.4612055129
 20
187.5432539408
  0
LINE
  5
799
330
1F
100
AcDbEntity
  8
0
  6
Continuous
 62
     7
370
    25
100
AcDbLine
 10
112.6709142041
 20
183.682257562
 30
0.0
 11
111.4924029021
 21
183.682257562
 31
0.0
  0
LINE
  5
79A
330
1F
100
AcDbEntity
  8
0
  6
Continuous
 62
     7
370
    25
100
AcDbLine
 10
111.4924029021
 20
183.682257562
 30
0.0
 11
111.4924029021
 21
184.0905279679
 31
0.0
  0
LINE
  5
79B
330
1F
100
AcDbEntity
  8
0
  6
Continuous
 62
     7
370
    25
100
AcDbLine
 10
112.7887653343
 20
195.7252945785
 30
0.0
 11
112.7887653343
 21
189.87341876
 31
0.0
  0
LINE
  5
79C
330
1F
100
AcDbEntity
  8
0
  6
Continuous
 62
     7
370
    25
100
AcDbLine
 10
113.1423187249
 20
195.9294629565
 30
0.0
 11
112.7887653343
 21
195.7252945785
 31
0.0
  0
LINE
  5
79D
330
1F
100
AcDbEntity
  8
0
  6
Continuous
 62
     7
370
    25
100
AcDbLine
 10
107.7211667358
 20
186.2676162661
 30
0.0
 11
107.7211667358
 21
185.8593458601
 31
0.0
  0
LINE
  5
79E
330
1F
100
AcDbEntity
  8
0
  6
Continuous
 62
     7
370
    25
100
AcDbLine
 10
107.7211667358
 20
185.8593458601
 30
0.0
 11
111.4924029021
 21
183.682257562
 31
0.0
  0
LINE
  5
79F
330
1F
100
AcDbEntity
  8
0
  6
Continuous
 62
     7
370
    25
100
AcDbLine
 10
112.9950048121
 20
184.8558442227
 30
0.0
 11
112.9950048121
 21
185.2641146286
 31
0.0
  0
LINE
  5
7A0
330
1F
100
AcDbEntity
  8
0
  6
Continuous
 62
     7
370
    25
100
AcDbLine
 10
112.9950048121
 20
184.8558442227
 30
0.0
 11
111.9201246929
 21
184.2353291379
 31
0.0
  0
LWPOLYLINE
  5
7A1
330
1F
100
AcDbEntity
  8
0
  6
Continuous
 62
     7
370
    25
100
AcDbPolyline
 90
        3
 70
   128
 43
0.0
 10
113.1423187249
 20
184.9082822173
 10
113.1166635679
 20
184.9027718148
 10
112.9950048121
 20
184.8558442227
  0
LWPOLYLINE
  5
7A2
330
1F
100
AcDbEntity
  8
0
  6
Continuous
 62
     7
370
    25
100
AcDbPolyline
 90
       13
 70
   128
 43
0.0
 10
113.1423187249
 20
187.0627707094
 10
113.0570506933
 20
187.0956556123
 10
112.7641969268
 20
187.1817964336
 10
112.4494058153
 20
187.2363659505
 10
112.1227950043
 20
187.257610254
 10
111.7948620338
 20
187.2448465345
 10
111.4761469395
 20
187.1984850285
 10
111.1768934866
 20
187.120015833
 10
110.9067199274
 20
187.0119610125
 10
110.6743098624
 20
186.8777935378
 10
110.4871331423
 20
186.7218256619
 10
110.3512057808
 20
186.5490703208
 10
110.2827504197
 20
186.4036511097
  0
LWPOLYLINE
  5
7A3
330
1F
100
AcDbEntity
  8
0
  6
Continuous
 62
     7
370
    25
100
AcDbPolyline
 90
        3
 70
   128
 43
0.0
 10
110.3208778095
 20
185.3151069606
 10
110.1960404699
 20
185.3274546497
 10
110.0712031303
 20
185.3151069606
  0
LINE
  5
7A4
330
1F
100
AcDbEntity
  8
0
  6
Continuous
 62
     7
370
    25
100
AcDbLine
 10
109.2237686458
 20
187.0329325209
 30
0.0
 11
109.2237686458
 21
187.4412029268
 31
0.0
  0
LINE
  5
7A5
330
1F
100
AcDbEntity
  8
0
  6
Continuous
 62
     7
370
    25
100
AcDbLine
 10
109.2237686458
 20
187.0329325209
 30
0.0
 11
108.1488885265
 21
186.4124174361
 31
0.0
  0
ARC
  5
7A6
330
1F
100
AcDbEntity
  8
0
  6
Continuous
 62
     7
370
    25
100
AcDbCircle
 10
109.49145106
 20
186.5058988865
 30
0.0
 40
0.5911161702273119
100
AcDbArc
 50
74.39460241
 51
116.9261906131
  0
LWPOLYLINE
  5
7A7
330
1F
100
AcDbEntity
  8
0
  6
Continuous
 62
     7
370
    25
100
AcDbPolyline
 90
        3
 70
   128
 43
0.0
 10
110.3208778095
 20
187.4921952588
 10
110.1960404699
 20
187.5045429479
 10
110.0712031303
 20
187.4921952588
  0
LINE
  5
7A8
330
1F
100
AcDbEntity
  8
0
  6
Continuous
 62
     7
370
    25
100
AcDbLine
 10
112.4057491611
 20
188.8698507725
 30
0.0
 11
112.4057491611
 21
189.2781211784
 31
0.0
  0
LINE
  5
7A9
330
1F
100
AcDbEntity
  8
0
  6
Continuous
 62
     7
370
    25
100
AcDbLine
 10
112.4057491611
 20
188.8698507725
 30
0.0
 11
111.3308690419
 21
188.2493356877
 31
0.0
  0
ARC
  5
7AA
330
1F
100
AcDbEntity
  8
0
  6
Continuous
 62
     7
370
    25
100
AcDbCircle
 10
112.6734315753
 20
188.3428171381
 30
0.0
 40
0.5911161702268486
100
AcDbArc
 50
74.39460241
 51
116.9261906131
  0
LINE
  5
7AB
330
1F
100
AcDbEntity
  8
0
  6
Continuous
 62
     7
370
    25
100
AcDbLine
 10
157.1007902886
 20
170.1443716956
 30
0.0
 11
157.1007902886
 21
164.292495877
 31
0.0
  0
LINE
  5
7AC
330
1F
100
AcDbEntity
  8
0
  6
Continuous
 62
     7
370
    25
100
AcDbLine
 10
157.4543436792
 20
170.3484737235
 30
0.0
 11
157.1007902886
 21
170.1443716956
 31
0.0
  0
LINE
  5
7AD
330
1F
100
AcDbEntity
  8
0
  6
Continuous
 62
     7
370
    25
100
AcDbLine
 10
157.4543436792
 20
170.3484737235
 30
0.0
 11
157.4543436792
 21
164.0883274991
 31
0.0
  0
LINE
  5
7AE
330
1F
100
AcDbEntity
  8
0
  6
Continuous
 62
     7
370
    25
100
AcDbLine
 10
152.0331916901
 20
160.9587630704
 30
0.0
 11
157.4543436792
 21
164.0883274991
 31
0.0
  0
LINE
  5
7AF
330
1F
100
AcDbEntity
  8
0
  6
Continuous
 62
     7
370
    25
100
AcDbLine
 10
152.0331916901
 20
161.3670334763
 30
0.0
 11
152.0331916901
 21
160.9587630704
 31
0.0
  0
LINE
  5
7B0
330
1F
100
AcDbEntity
  8
0
  6
Continuous
 62
     7
370
    25
100
AcDbLine
 10
152.0331916901
 20
161.3670334763
 30
0.0
 11
157.1007902886
 21
164.292495877
 31
0.0
  0
LINE
  5
7B1
330
1F
100
AcDbEntity
  8
0
  6
Continuous
 62
     7
370
    25
100
AcDbLine
 10
147.0834442218
 20
164.2244618677
 30
0.0
 11
147.0834442218
 21
163.5441217745
 31
0.0
  0
LINE
  5
7B2
330
1F
100
AcDbEntity
  8
0
  6
Continuous
 62
     7
370
    25
100
AcDbLine
 10
152.1510428203
 20
167.1499242684
 30
0.0
 11
147.0834442218
 21
164.2244618677
 31
0.0
  0
LINE
  5
7B3
330
1F
100
AcDbEntity
  8
0
  6
Continuous
 62
     7
370
    25
100
AcDbLine
 10
152.1510428203
 20
167.1499242684
 30
0.0
 11
157.1007902886
 21
164.292495877
 31
0.0
  0
LINE
  5
7B4
330
1F
100
AcDbEntity
  8
0
  6
Continuous
 62
     7
370
    25
100
AcDbLine
 10
150.8546803881
 20
161.3670334763
 30
0.0
 11
152.0331916901
 21
161.3670334763
 31
0.0
  0
LINE
  5
7B5
330
1F
100
AcDbEntity
  8
0
  6
Continuous
 62
     7
370
    25
100
AcDbLine
 10
147.0834442218
 20
163.5441217745
 30
0.0
 11
150.8546803881
 21
161.3670334763
 31
0.0
  0
LWPOLYLINE
  5
7B6
330
1F
100
AcDbEntity
  8
0
  6
Continuous
 62
     7
370
    25
100
AcDbPolyline
 90
       17
 70
   128
 43
0.0
 10
149.8234829989
 20
162.6426711511
 10
149.9047727806
 20
162.7129032559
 10
149.9333179559
 20
162.795747672
 10
149.9047727806
 20
162.8785920882
 10
149.8234829989
 20
162.948824193
 10
149.7018242431
 20
162.9957517851
 10
149.5583179559
 20
163.0122305641
 10
149.4148116688
 20
162.9957517851
 10
149.293152913
 20
162.948824193
 10
149.2118631312
 20
162.8785920882
 10
149.1833179559
 20
162.795747672
 10
149.2118631312
 20
162.7129032559
 10
149.293152913
 20
162.6426711511
 10
149.4148116688
 20
162.5957435589
 10
149.5583179559
 20
162.57926478
 10
149.7018242431
 20
162.5957435589
 10
149.8234829989
 20
162.6426711511
  0
LINE
  5
7B7
330
1F
100
AcDbEntity
  8
0
  6
Continuous
 62
     7
370
    25
100
AcDbLine
 10
155.5392628135
 20
164.3775383887
 30
0.0
 11
154.3607515115
 21
163.6971982955
 31
0.0
  0
LWPOLYLINE
  5
7B8
330
1F
100
AcDbEntity
  8
0
  6
Continuous
 62
     7
370
    25
100
AcDbPolyline
 90
        9
 70
   128
 43
0.0
 10
154.3607515115
 20
163.6971982955
 10
154.2794617297
 20
163.6269661907
 10
154.2509165544
 20
163.5441217745
 10
154.2794617297
 20
163.4612773584
 10
154.3607515115
 20
163.3910452536
 10
154.4824102673
 20
163.3441176615
 10
154.6259165544
 20
163.3276388825
 10
154.7694228416
 20
163.3441176615
 10
154.8910815974
 20
163.3910452536
  0
LINE
  5
7B9
330
1F
100
AcDbEntity
  8
0
  6
Continuous
 62
     7
370
    25
100
AcDbLine
 10
154.8910815974
 20
163.3910452536
 30
0.0
 11
156.0695928993
 21
164.0713853468
 31
0.0
  0
LWPOLYLINE
  5
7BA
330
1F
100
AcDbEntity
  8
0
  6
Continuous
 62
     7
370
    25
100
AcDbPolyline
 90
        9
 70
   128
 43
0.0
 10
156.0695928993
 20
164.0713853468
 10
156.1508826811
 20
164.1416174516
 10
156.1794278564
 20
164.2244618677
 10
156.1508826811
 20
164.3073062839
 10
156.0695928993
 20
164.3775383887
 10
155.9479341435
 20
164.4244659808
 10
155.8044278564
 20
164.4409447598
 10
155.6609215693
 20
164.4244659808
 10
155.5392628135
 20
164.3775383887
  0
LINE
  5
7BB
330
1F
100
AcDbEntity
  8
0
  6
Continuous
 62
     7
370
    25
100
AcDbLine
 10
152.3572822981
 20
162.5406201371
 30
0.0
 11
151.1787709961
 21
161.8602800439
 31
0.0
  0
LWPOLYLINE
  5
7BC
330
1F
100
AcDbEntity
  8
0
  6
Continuous
 62
     7
370
    25
100
AcDbPolyline
 90
        9
 70
   128
 43
0.0
 10
151.1787709961
 20
161.8602800439
 10
151.0974812144
 20
161.7900479391
 10
151.0689360391
 20
161.7072035229
 10
151.0974812144
 20
161.6243591068
 10
151.1787709961
 20
161.554127002
 10
151.3004297519
 20
161.5071994098
 10
151.4439360391
 20
161.4907206309
 10
151.5874423262
 20
161.5071994098
 10
151.709101082
 20
161.554127002
  0
LINE
  5
7BD
330
1F
100
AcDbEntity
  8
0
  6
Continuous
 62
     7
370
    25
100
AcDbLine
 10
151.709101082
 20
161.554127002
 30
0.0
 11
152.887612384
 21
162.2344670952
 31
0.0
  0
LWPOLYLINE
  5
7BE
330
1F
100
AcDbEntity
  8
0
  6
Continuous
 62
     7
370
    25
100
AcDbPolyline
 90
        9
 70
   128
 43
0.0
 10
152.887612384
 20
162.2344670952
 10
152.9689021657
 20
162.3046992
 10
152.9974473411
 20
162.3875436161
 10
152.9689021657
 20
162.4703880323
 10
152.887612384
 20
162.5406201371
 10
152.7659536282
 20
162.5875477292
 10
152.6224473411
 20
162.6040265082
 10
152.4789410539
 20
162.5875477292
 10
152.3572822981
 20
162.5406201371
  0
LINE
  5
7BF
330
1F
100
AcDbEntity
  8
0
  6
Continuous
 62
     7
370
    25
100
AcDbLine
 10
151.7680266471
 20
166.5546266869
 30
0.0
 11
150.5895153451
 21
165.8742865937
 31
0.0
  0
LWPOLYLINE
  5
7C0
330
1F
100
AcDbEntity
  8
0
  6
Continuous
 62
     7
370
    25
100
AcDbPolyline
 90
        9
 70
   128
 43
0.0
 10
150.5895153451
 20
165.8742865937
 10
150.5082255634
 20
165.8040544889
 10
150.4796803881
 20
165.7212100727
 10
150.5082255634
 20
165.6383656566
 10
150.5895153451
 20
165.5681335518
 10
150.711174101
 20
165.5212059596
 10
150.8546803881
 20
165.5047271807
 10
150.9981866752
 20
165.5212059596
 10
151.119845431
 20
165.5681335518
  0
LINE
  5
7C1
330
1F
100
AcDbEntity
  8
0
  6
Continuous
 62
     7
370
    25
100
AcDbLine
 10
151.119845431
 20
165.5681335518
 30
0.0
 11
152.298356733
 21
166.248473645
 31
0.0
  0
LWPOLYLINE
  5
7C2
330
1F
100
AcDbEntity
  8
0
  6
Continuous
 62
     7
370
    25
100
AcDbPolyline
 90
        9
 70
   128
 43
0.0
 10
152.298356733
 20
166.248473645
 10
152.3796465148
 20
166.3187057497
 10
152.4081916901
 20
166.4015501659
 10
152.3796465148
 20
166.4843945821
 10
152.298356733
 20
166.5546266869
 10
152.1766979772
 20
166.601554279
 10
152.0331916901
 20
166.6180330579
 10
151.8896854029
 20
166.601554279
 10
151.7680266471
 20
166.5546266869
  0
LINE
  5
7C3
330
1F
100
AcDbEntity
  8
0
  6
Continuous
 62
     7
370
    25
100
AcDbLine
 10
148.5860461318
 20
164.7177084353
 30
0.0
 11
147.4075348298
 21
164.0373683421
 31
0.0
  0
LWPOLYLINE
  5
7C4
330
1F
100
AcDbEntity
  8
0
  6
Continuous
 62
     7
370
    25
100
AcDbPolyline
 90
        9
 70
   128
 43
0.0
 10
147.4075348298
 20
164.0373683421
 10
147.3262450481
 20
163.9671362373
 10
147.2976998728
 20
163.8842918211
 10
147.3262450481
 20
163.801447405
 10
147.4075348298
 20
163.7312153002
 10
147.5291935856
 20
163.684287708
 10
147.6726998728
 20
163.6678089291
 10
147.8162061599
 20
163.684287708
 10
147.9378649157
 20
163.7312153002
  0
LINE
  5
7C5
330
1F
100
AcDbEntity
  8
0
  6
Continuous
 62
     7
370
    25
100
AcDbLine
 10
147.9378649157
 20
163.7312153002
 30
0.0
 11
149.1163762177
 21
164.4115553933
 31
0.0
  0
LWPOLYLINE
  5
7C6
330
1F
100
AcDbEntity
  8
0
  6
Continuous
 62
     7
370
    25
100
AcDbPolyline
 90
        9
 70
   128
 43
0.0
 10
149.1163762177
 20
164.4115553933
 10
149.1976659994
 20
164.4817874981
 10
149.2262111747
 20
164.5646319143
 10
149.1976659994
 20
164.6474763305
 10
149.1163762177
 20
164.7177084353
 10
148.9947174619
 20
164.7646360274
 10
148.8512111747
 20
164.7811148063
 10
148.7077048876
 20
164.7646360274
 10
148.5860461318
 20
164.7177084353
  0
LWPOLYLINE
  5
7C7
330
1F
100
AcDbEntity
  8
0
  6
Continuous
 62
     7
370
    25
100
AcDbPolyline
 90
       36
 70
   128
 43
0.0
 10
152.7402984713
 20
163.1359177186
 10
152.9509398441
 20
163.2815717542
 10
153.1131448746
 20
163.4465977087
 10
153.2217001598
 20
163.6256915121
 10
153.2731166433
 20
163.8130969422
 10
153.2657417572
 20
164.0027906342
 10
153.1998125363
 20
164.188675677
 10
153.0774480001
 20
164.3647775721
 10
152.9025810454
 20
164.5254362599
 10
152.68083204
 20
164.6654880379
 10
152.4193281794
 20
164.7804315267
 10
152.1264744128
 20
164.866572348
 10
151.8116833013
 20
164.9211418649
 10
151.4850724903
 20
164.9423861684
 10
151.1571395198
 20
164.9296224489
 10
150.8384244255
 20
164.8832609429
 10
150.5391709726
 20
164.8047917474
 10
150.2689974134
 20
164.6967369269
 10
150.0365873484
 20
164.5625694522
 10
149.8494106283
 20
164.4066015763
 10
149.7134832668
 20
164.2338462352
 10
149.6331740813
 20
164.0498559276
 10
149.611064275
 20
163.8605442533
 10
149.6478644753
 20
163.6719958455
 10
149.7423918935
 20
163.4902708049
 10
149.8916083405
 20
163.3212099241
 10
150.090717877
 20
163.1702469587
 10
150.3333209587
 20
163.0422339827
 10
150.6116201229
 20
162.9412854385
 10
150.9166706055
 20
162.8706458953
 10
151.2386678329
 20
162.8325857662
 10
151.5672625494
 20
162.8283283351
 10
151.8918934503
 20
162.8580104393
 10
152.2021266315
 20
162.9206780715
 10
152.4879909432
 20
163.0143170424
 10
152.7402984713
 20
163.1359177186
  0
LWPOLYLINE
  5
7C8
330
1F
100
AcDbEntity
  8
0
  6
Continuous
 62
     7
370
    25
100
AcDbPolyline
 90
       17
 70
   128
 43
0.0
 10
149.8234829989
 20
164.8197594493
 10
149.9047727806
 20
164.8899915541
 10
149.9333179559
 20
164.9728359702
 10
149.9047727806
 20
165.0556803864
 10
149.8234829989
 20
165.1259124912
 10
149.7018242431
 20
165.1728400833
 10
149.5583179559
 20
165.1893188623
 10
149.4148116688
 20
165.1728400833
 10
149.293152913
 20
165.1259124912
 10
149.2118631312
 20
165.0556803864
 10
149.1833179559
 20
164.9728359702
 10
149.2118631312
 20
164.8899915541
 10
149.293152913
 20
164.8197594493
 10
149.4148116688
 20
164.7728318571
 10
149.5583179559
 20
164.7563530782
 10
149.7018242431
 20
164.7728318571
 10
149.8234829989
 20
164.8197594493
  0
LWPOLYLINE
  5
7C9
330
1F
100
AcDbEntity
  8
0
  6
Continuous
 62
     7
370
    25
100
AcDbPolyline
 90
       17
 70
   128
 43
0.0
 10
153.5947191652
 20
164.8197594493
 10
153.6760089469
 20
164.8899915541
 10
153.7045541222
 20
164.9728359702
 10
153.6760089469
 20
165.0556803864
 10
153.5947191652
 20
165.1259124912
 10
153.4730604094
 20
165.1728400833
 10
153.3295541222
 20
165.1893188623
 10
153.1860478351
 20
165.1728400833
 10
153.0643890793
 20
165.1259124912
 10
152.9830992976
 20
165.0556803864
 10
152.9545541222
 20
164.9728359702
 10
152.9830992976
 20
164.8899915541
 10
153.0643890793
 20
164.8197594493
 10
153.1860478351
 20
164.7728318571
 10
153.3295541222
 20
164.7563530782
 10
153.4730604094
 20
164.7728318571
 10
153.5947191652
 20
164.8197594493
  0
LWPOLYLINE
  5
7CA
330
1F
100
AcDbEntity
  8
0
  6
Continuous
 62
     7
370
    25
100
AcDbPolyline
 90
       17
 70
   128
 43
0.0
 10
153.5947191652
 20
162.6426711511
 10
153.6760089469
 20
162.7129032559
 10
153.7045541222
 20
162.795747672
 10
153.6760089469
 20
162.8785920882
 10
153.5947191652
 20
162.948824193
 10
153.4730604094
 20
162.9957517851
 10
153.3295541222
 20
163.0122305641
 10
153.1860478351
 20
162.9957517851
 10
153.0643890793
 20
162.948824193
 10
152.9830992976
 20
162.8785920882
 10
152.9545541222
 20
162.795747672
 10
152.9830992976
 20
162.7129032559
 10
153.0643890793
 20
162.6426711511
 10
153.1860478351
 20
162.5957435589
 10
153.3295541222
 20
162.57926478
 10
153.4730604094
 20
162.5957435589
 10
153.5947191652
 20
162.6426711511
  0
LINE
  5
7CB
330
1F
100
AcDbEntity
  8
0
  6
Continuous
 62
     7
370
    25
100
AcDbLine
 10
152.0331916901
 20
160.9587630704
 30
0.0
 11
150.8546803881
 21
160.9587630704
 31
0.0
  0
LINE
  5
7CC
330
1F
100
AcDbEntity
  8
0
  6
Continuous
 62
     7
370
    25
100
AcDbLine
 10
150.8546803881
 20
160.9587630704
 30
0.0
 11
150.8546803881
 21
161.3670334763
 31
0.0
  0
LINE
  5
7CD
330
1F
100
AcDbEntity
  8
0
  6
Continuous
 62
     7
370
    25
100
AcDbLine
 10
152.1510428203
 20
173.0018000869
 30
0.0
 11
152.1510428203
 21
167.1499242684
 31
0.0
  0
LINE
  5
7CE
330
1F
100
AcDbEntity
  8
0
  6
Continuous
 62
     7
370
    25
100
AcDbLine
 10
152.7402984713
 20
173.3420807169
 30
0.0
 11
152.1510428203
 21
173.0018000869
 31
0.0
  0
LINE
  5
7CF
330
1F
100
AcDbEntity
  8
0
  6
Continuous
 62
     7
370
    25
100
AcDbLine
 10
152.7402984713
 20
173.3420807169
 30
0.0
 11
156.5115346376
 21
171.1649924187
 31
0.0
  0
LINE
  5
7D0
330
1F
100
AcDbEntity
  8
0
  6
Continuous
 62
     7
370
    25
100
AcDbLine
 10
157.1007902886
 20
170.1443716956
 30
0.0
 11
156.5115346376
 21
171.1649924187
 31
0.0
  0
LWPOLYLINE
  5
7D1
330
1F
100
AcDbEntity
  8
0
  6
Continuous
 62
     7
370
    25
100
AcDbPolyline
 90
       39
 70
   128
 43
0.0
 10
156.157981247
 20
168.5112016051
 10
156.1370858815
 20
168.8144603436
 10
156.0749697561
 20
169.1335722499
 10
155.9733272367
 20
169.4598327828
 10
155.8349308663
 20
169.7843424056
 10
155.6635557372
 20
170.0982493416
 10
155.4638765161
 20
170.3929910281
 10
155.2413399317
 20
170.66052768
 10
155.0020162018
 20
170.893561595
 10
154.752433454
 20
171.0857362153
 10
154.4993996549
 20
171.2318095183
 10
154.249816907
 20
171.3277970049
 10
154.0104931771
 20
171.3710803869
 10
153.7879565927
 20
171.3604790063
 10
153.5882773716
 20
171.2962820413
 10
153.4169022425
 20
171.1802406176
 10
153.2785058722
 20
171.0155200428
 10
153.1768633528
 20
170.8066134648
 10
153.1147472274
 20
170.5592193104
 10
153.0938518618
 20
170.2800858474
 10
153.1147472274
 20
169.9768271088
 10
153.1768633528
 20
169.6577152026
 10
153.2785058722
 20
169.3314546697
 10
153.4169022425
 20
169.0069450469
 10
153.5882773716
 20
168.6930381108
 10
153.7879565927
 20
168.3982964243
 10
154.0104931771
 20
168.1307597724
 10
154.249816907
 20
167.8977258574
 10
154.4993996549
 20
167.7055512371
 10
154.752433454
 20
167.5594779342
 10
155.0020162018
 20
167.4634904475
 10
155.2413399317
 20
167.4202070655
 10
155.4638765161
 20
167.4308084461
 10
155.6635557372
 20
167.4950054112
 10
155.8349308663
 20
167.6110468348
 10
155.9733272367
 20
167.7757674096
 10
156.0749697561
 20
167.9846739876
 10
156.1370858815
 20
168.232068142
 10
156.157981247
 20
168.5112016051
  0
LWPOLYLINE
  5
7D2
330
1F
100
AcDbEntity
  8
0
  6
Continuous
 62
     7
370
    25
100
AcDbPolyline
 90
       17
 70
   128
 43
0.0
 10
152.9760007316
 20
170.3481198567
 10
152.9580589654
 20
170.4626362981
 10
152.9069651379
 20
170.5804337717
 10
152.8304978213
 20
170.6835786801
 10
152.7402984713
 20
170.7563681459
 10
152.6500991212
 20
170.7877206329
 10
152.5736318046
 20
170.7728630091
 10
152.5225379771
 20
170.7140572129
 10
152.5045962109
 20
170.620255894
 10
152.5225379771
 20
170.5057394526
 10
152.5736318046
 20
170.3879419789
 10
152.6500991212
 20
170.2847970705
 10
152.7402984713
 20
170.2120076047
 10
152.8304978213
 20
170.1806551177
 10
152.9069651379
 20
170.1955127416
 10
152.9580589654
 20
170.2543185377
 10
152.9760007316
 20
170.3481198567
  0
LWPOLYLINE
  5
7D3
330
1F
100
AcDbEntity
  8
0
  6
Continuous
 62
     7
370
    25
100
AcDbPolyline
 90
       17
 70
   128
 43
0.0
 10
154.8616188148
 20
167.0821335426
 10
154.8436770486
 20
167.1966499839
 10
154.7925832211
 20
167.3144474576
 10
154.7161159044
 20
167.417592366
 10
154.6259165544
 20
167.4903818318
 10
154.5357172044
 20
167.5217343188
 10
154.4592498878
 20
167.5068766949
 10
154.4081560603
 20
167.4480708988
 10
154.390214294
 20
167.3542695798
 10
154.4081560603
 20
167.2397531385
 10
154.4592498878
 20
167.1219556648
 10
154.5357172044
 20
167.0188107564
 10
154.6259165544
 20
166.9460212906
 10
154.7161159044
 20
166.9146688036
 10
154.7925832211
 20
166.9295264274
 10
154.8436770486
 20
166.9883322236
 10
154.8616188148
 20
167.0821335426
  0
LWPOLYLINE
  5
7D4
330
1F
100
AcDbEntity
  8
0
  6
Continuous
 62
     7
370
    25
100
AcDbPolyline
 90
       17
 70
   128
 43
0.0
 10
156.747236898
 20
168.1710315585
 10
156.7292951317
 20
168.2855479999
 10
156.6782013042
 20
168.4033454735
 10
156.6017339876
 20
168.5064903819
 10
156.5115346376
 20
168.5792798477
 10
156.4213352876
 20
168.6106323347
 10
156.3448679709
 20
168.5957747109
 10
156.2937741434
 20
168.5369689148
 10
156.2758323772
 20
168.4431675958
 10
156.2937741434
 20
168.3286511544
 10
156.3448679709
 20
168.2108536807
 10
156.4213352876
 20
168.1077087723
 10
156.5115346376
 20
168.0349193065
 10
156.6017339876
 20
168.0035668195
 10
156.6782013042
 20
168.0184244434
 10
156.7292951317
 20
168.0772302395
 10
156.747236898
 20
168.1710315585
  0
LWPOLYLINE
  5
7D5
330
1F
100
AcDbEntity
  8
0
  6
Continuous
 62
     7
370
    25
100
AcDbPolyline
 90
       17
 70
   128
 43
0.0
 10
156.747236898
 20
166.1977245964
 10
156.7292951317
 20
166.3122410378
 10
156.6782013042
 20
166.4300385114
 10
156.6017339876
 20
166.5331834198
 10
156.5115346376
 20
166.6059728857
 10
156.4213352876
 20
166.6373253727
 10
156.3448679709
 20
166.6224677488
 10
156.2937741434
 20
166.5636619527
 10
156.2758323772
 20
166.4698606337
 10
156.2937741434
 20
166.3553441923
 10
156.3448679709
 20
166.2375467187
 10
156.4213352876
 20
166.1344018103
 10
156.5115346376
 20
166.0616123444
 10
156.6017339876
 20
166.0302598575
 10
156.6782013042
 20
166.0451174813
 10
156.7292951317
 20
166.1039232774
 10
156.747236898
 20
166.1977245964
  0
LWPOLYLINE
  5
7D6
330
1F
100
AcDbEntity
  8
0
  6
Continuous
 62
     7
370
    25
100
AcDbPolyline
 90
       17
 70
   128
 43
0.0
 10
154.8616188148
 20
171.4370178726
 10
154.8436770486
 20
171.551534314
 10
154.7925832211
 20
171.6693317876
 10
154.7161159044
 20
171.772476696
 10
154.6259165544
 20
171.8452661619
 10
154.5357172044
 20
171.8766186488
 10
154.4592498878
 20
171.861761025
 10
154.4081560603
 20
171.8029552289
 10
154.390214294
 20
171.7091539099
 10
154.4081560603
 20
171.5946374685
 10
154.4592498878
 20
171.4768399949
 10
154.5357172044
 20
171.3736950865
 10
154.6259165544
 20
171.3009056206
 10
154.7161159044
 20
171.2695531337
 10
154.7925832211
 20
171.2844107575
 10
154.8436770486
 20
171.3432165536
 10
154.8616188148
 20
171.4370178726
  0
LWPOLYLINE
  5
7D7
330
1F
100
AcDbEntity
  8
0
  6
Continuous
 62
     7
370
    25
100
AcDbPolyline
 90
       17
 70
   128
 43
0.0
 10
153.0349262967
 20
172.2193647464
 10
153.0169845305
 20
172.3338811878
 10
152.965890703
 20
172.4516786614
 10
152.8894233864
 20
172.5548235698
 10
152.7992240364
 20
172.6276130357
 10
152.7090246863
 20
172.6589655226
 10
152.6325573697
 20
172.6441078988
 10
152.5814635422
 20
172.5853021027
 10
152.563521776
 20
172.4915007837
 10
152.5814635422
 20
172.3769843423
 10
152.6325573697
 20
172.2591868687
 10
152.7090246863
 20
172.1560419603
 10
152.7992240364
 20
172.0832524944
 10
152.8894233864
 20
172.0519000075
 10
152.965890703
 20
172.0667576313
 10
153.0169845305
 20
172.1255634274
 10
153.0349262967
 20
172.2193647464
  0
LWPOLYLINE
  5
7D8
330
1F
100
AcDbEntity
  8
0
  6
Continuous
 62
     7
370
    25
100
AcDbPolyline
 90
       17
 70
   128
 43
0.0
 10
153.0349262967
 20
168.34079589
 10
153.0169845305
 20
168.4553123313
 10
152.965890703
 20
168.573109805
 10
152.8894233864
 20
168.6762547134
 10
152.7992240364
 20
168.7490441792
 10
152.7090246863
 20
168.7803966662
 10
152.6325573697
 20
168.7655390423
 10
152.5814635422
 20
168.7067332462
 10
152.563521776
 20
168.6129319272
 10
152.5814635422
 20
168.4984154859
 10
152.6325573697
 20
168.3806180122
 10
152.7090246863
 20
168.2774731038
 10
152.7992240364
 20
168.204683638
 10
152.8894233864
 20
168.173331151
 10
152.965890703
 20
168.1881887749
 10
153.0169845305
 20
168.246994571
 10
153.0349262967
 20
168.34079589
  0
LWPOLYLINE
  5
7D9
330
1F
100
AcDbEntity
  8
0
  6
Continuous
 62
     7
370
    25
100
AcDbPolyline
 90
       17
 70
   128
 43
0.0
 10
156.6883113329
 20
170.1103104575
 10
156.6703695666
 20
170.2248268989
 10
156.6192757392
 20
170.3426243726
 10
156.5428084225
 20
170.445769281
 10
156.4526090725
 20
170.5185587468
 10
156.3624097225
 20
170.5499112338
 10
156.2859424058
 20
170.5350536099
 10
156.2348485783
 20
170.4762478138
 10
156.2169068121
 20
170.3824464948
 10
156.2348485783
 20
170.2679300534
 10
156.2859424058
 20
170.1501325798
 10
156.3624097225
 20
170.0469876714
 10
156.4526090725
 20
169.9741982056
 10
156.5428084225
 20
169.9428457186
 10
156.6192757392
 20
169.9577033424
 10
156.6703695666
 20
170.0165091385
 10
156.6883113329
 20
170.1103104575
  0
LINE
  5
7DA
330
1F
100
AcDbEntity
  8
0
  6
Continuous
 62
     7
370
    25
100
AcDbLine
 10
156.5115346376
 20
171.1649924187
 30
0.0
 11
156.8650880282
 21
171.3690944467
 31
0.0
  0
LINE
  5
7DB
330
1F
100
AcDbEntity
  8
0
  6
Continuous
 62
     7
370
    25
100
AcDbLine
 10
156.8650880282
 20
171.3690944467
 30
0.0
 11
157.4543436792
 21
170.3484737235
 31
0.0
  0
LINE
  5
7DC
330
1F
100
AcDbEntity
  8
0
  6
Continuous
 62
     7
370
    25
100
AcDbLine
 10
147.0834442218
 20
163.5441217745
 30
0.0
 11
147.0834442218
 21
163.1358513686
 31
0.0
  0
LINE
  5
7DD
330
1F
100
AcDbEntity
  8
0
  6
Continuous
 62
     7
370
    25
100
AcDbLine
 10
147.0834442218
 20
163.1358513686
 30
0.0
 11
150.8546803881
 21
160.9587630704
 31
0.0
  0
LINE
  5
7DE
330
1F
100
AcDbEntity
  8
0
  6
Continuous
 62
     7
370
    25
100
AcDbLine
 10
153.0938518618
 20
173.5461827449
 30
0.0
 11
152.7402984713
 21
173.3420807169
 31
0.0
  0
LINE
  5
7DF
330
1F
100
AcDbEntity
  8
0
  6
Continuous
 62
     7
370
    25
100
AcDbLine
 10
156.8650880282
 20
171.3690944467
 30
0.0
 11
153.0938518618
 21
173.5461827449
 31
0.0
  0
LINE
  5
7E0
330
1F
100
AcDbEntity
  8
0
  6
Continuous
 62
     7
370
    25
100
AcDbLine
 10
152.3572822981
 20
162.1323497311
 30
0.0
 11
152.3572822981
 21
162.5406201371
 31
0.0
  0
LINE
  5
7E1
330
1F
100
AcDbEntity
  8
0
  6
Continuous
 62
     7
370
    25
100
AcDbLine
 10
152.3572822981
 20
162.1323497311
 30
0.0
 11
151.2824021789
 21
161.5118346463
 31
0.0
  0
ARC
  5
7E2
330
1F
100
AcDbEntity
  8
0
  6
Continuous
 62
     7
370
    25
100
AcDbCircle
 10
155.6534642097
 20
168.8427904417
 30
0.0
 40
1.216079933134917
100
AcDbArc
 50
236.3419488749
 51
280.324888483
  0
LWPOLYLINE
  5
7E3
330
1F
100
AcDbEntity
  8
0
  6
Continuous
 62
     7
370
    25
100
AcDbPolyline
 90
       15
 70
   128
 43
0.0
 10
153.733964789
 20
171.348987325
 10
153.6968767419
 20
171.307816285
 10
153.5764459648
 20
171.1203624587
 10
153.4942860246
 20
170.8914301727
 10
153.4526380301
 20
170.627264103
 10
153.4526380301
 20
170.3350700112
 10
153.4942860246
 20
170.0228181905
 10
153.5764459648
 20
169.6990260566
 10
153.6968767419
 20
169.3725258149
 10
153.852293318
 20
169.0522235408
 10
154.0384563342
 20
168.7468562454
 10
154.2502877486
 20
168.4647535525
 10
154.4820093525
 20
168.2136104882
 10
154.7273003847
 20
168.0002775805
 10
154.979469945
 20
167.8305739951
  0
ARC
  5
7E4
330
1F
100
AcDbEntity
  8
0
  6
Continuous
 62
     7
370
    25
100
AcDbCircle
 10
152.6249647123
 20
161.6053160967
 30
0.0
 40
0.5911161702255678
100
AcDbArc
 50
74.39460241
 51
116.9261906132
  0
LWPOLYLINE
  5
7E5
330
1F
100
AcDbEntity
  8
0
  6
Continuous
 62
     7
370
    25
100
AcDbPolyline
 90
       17
 70
   128
 43
0.0
 10
153.2428441725
 20
163.6801566182
 10
153.1998125363
 20
163.780405271
 10
153.0774480001
 20
163.9565071662
 10
152.9025810454
 20
164.1171658539
 10
152.68083204
 20
164.2572176319
 10
152.4193281794
 20
164.3721611207
 10
152.1264744128
 20
164.458301942
 10
151.8116833013
 20
164.512871459
 10
151.4850724903
 20
164.5341157624
 10
151.1571395198
 20
164.5213520429
 10
150.8384244255
 20
164.4749905369
 10
150.5391709726
 20
164.3965213414
 10
150.2689974134
 20
164.2884665209
 10
150.0365873484
 20
164.1542990462
 10
149.8494106283
 20
163.9983311704
 10
149.7134832668
 20
163.8255758292
 10
149.6450279057
 20
163.6801566182
  0
LWPOLYLINE
  5
7E6
330
1F
100
AcDbEntity
  8
0
  6
Continuous
 62
     7
370
    25
100
AcDbPolyline
 90
        3
 70
   128
 43
0.0
 10
153.4543914619
 20
162.5916124691
 10
153.3295541222
 20
162.6039601581
 10
153.2047167826
 20
162.5916124691
  0
LWPOLYLINE
  5
7E7
330
1F
100
AcDbEntity
  8
0
  6
Continuous
 62
     7
370
    25
100
AcDbPolyline
 90
        3
 70
   128
 43
0.0
 10
149.6831552955
 20
162.5916124691
 10
149.5583179559
 20
162.6039601581
 10
149.4334806163
 20
162.5916124691
  0
LINE
  5
7E8
330
1F
100
AcDbEntity
  8
0
  6
Continuous
 62
     7
370
    25
100
AcDbLine
 10
155.5392628135
 20
163.9692679827
 30
0.0
 11
155.5392628135
 21
164.3775383887
 31
0.0
  0
LINE
  5
7E9
330
1F
100
AcDbEntity
  8
0
  6
Continuous
 62
     7
370
    25
100
AcDbLine
 10
155.5392628135
 20
163.9692679827
 30
0.0
 11
154.4643826942
 21
163.3487528979
 31
0.0
  0
LINE
  5
7EA
330
1F
100
AcDbEntity
  8
0
  6
Continuous
 62
     7
370
    25
100
AcDbLine
 10
148.5860461318
 20
164.3094380293
 30
0.0
 11
148.5860461318
 21
164.7177084353
 31
0.0
  0
LINE
  5
7EB
330
1F
100
AcDbEntity
  8
0
  6
Continuous
 62
     7
370
    25
100
AcDbLine
 10
148.5860461318
 20
164.3094380293
 30
0.0
 11
147.5111660125
 21
163.6889229445
 31
0.0
  0
ARC
  5
7EC
330
1F
100
AcDbEntity
  8
0
  6
Continuous
 62
     7
370
    25
100
AcDbCircle
 10
155.8069452277
 20
163.4422343483
 30
0.0
 40
0.5911161702268913
100
AcDbArc
 50
74.39460241
 51
116.9261906131
  0
ARC
  5
7ED
330
1F
100
AcDbEntity
  8
0
  6
Continuous
 62
     7
370
    25
100
AcDbCircle
 10
148.853728546
 20
163.7824043949
 30
0.0
 40
0.5911161702273293
100
AcDbArc
 50
74.39460241
 51
116.9261906131
  0
LWPOLYLINE
  5
7EE
330
1F
100
AcDbEntity
  8
0
  6
Continuous
 62
     7
370
    25
100
AcDbPolyline
 90
        3
 70
   128
 43
0.0
 10
153.4543914619
 20
164.7687007673
 10
153.3295541222
 20
164.7810484563
 10
153.2047167826
 20
164.7687007673
  0
LWPOLYLINE
  5
7EF
330
1F
100
AcDbEntity
  8
0
  6
Continuous
 62
     7
370
    25
100
AcDbPolyline
 90
        3
 70
   128
 43
0.0
 10
149.6831552955
 20
164.7687007673
 10
149.5583179559
 20
164.7810484563
 10
149.4334806163
 20
164.7687007673
  0
LINE
  5
7F0
330
1F
100
AcDbEntity
  8
0
  6
Continuous
 62
     7
370
    25
100
AcDbLine
 10
151.7680266471
 20
166.1463562809
 30
0.0
 11
151.7680266471
 21
166.5546266869
 31
0.0
  0
LINE
  5
7F1
330
1F
100
AcDbEntity
  8
0
  6
Continuous
 62
     7
370
    25
100
AcDbLine
 10
151.7680266471
 20
166.1463562809
 30
0.0
 11
150.6931465279
 21
165.5258411961
 31
0.0
  0
ARC
  5
7F2
330
1F
100
AcDbEntity
  8
0
  6
Continuous
 62
     7
370
    25
100
AcDbCircle
 10
152.0357090614
 20
165.6193226465
 30
0.0
 40
0.5911161702267106
100
AcDbArc
 50
74.39460241
 51
116.9261906131
  0
LINE
  5
7F3
330
1F
100
AcDbEntity
  8
0
  6
Continuous
 62
     7
370
    25
100
AcDbLine
 10
156.2640472642
 20
185.1889912903
 30
0.0
 11
157.4543436792
 21
184.5018477962
 31
0.0
  0
LINE
  5
7F4
330
1F
100
AcDbEntity
  8
0
  6
Continuous
 62
     7
370
    25
100
AcDbLine
 10
157.4543436792
 20
184.5018477962
 30
0.0
 11
152.0331916901
 21
181.3722833675
 31
0.0
  0
LINE
  5
7F5
330
1F
100
AcDbEntity
  8
0
  6
Continuous
 62
     7
370
    25
100
AcDbLine
 10
150.8546803881
 20
181.3722833675
 30
0.0
 11
152.0331916901
 21
181.3722833675
 31
0.0
  0
LINE
  5
7F6
330
1F
100
AcDbEntity
  8
0
  6
Continuous
 62
     7
370
    25
100
AcDbLine
 10
150.8546803881
 20
181.3722833675
 30
0.0
 11
147.0834442218
 21
183.5493716657
 31
0.0
  0
LINE
  5
7F7
330
1F
100
AcDbEntity
  8
0
  6
Continuous
 62
     7
370
    25
100
AcDbLine
 10
147.0834442218
 20
184.0800369384
 30
0.0
 11
147.0834442218
 21
183.5493716657
 31
0.0
  0
LWPOLYLINE
  5
7F8
330
1F
100
AcDbEntity
  8
0
  6
Continuous
 62
     7
370
    25
100
AcDbPolyline
 90
        7
 70
   128
 43
0.0
 10
149.6599973941
 20
182.5926244525
 10
149.5583179559
 20
182.5845146712
 10
149.4148116688
 20
182.6009934501
 10
149.293152913
 20
182.6479210423
 10
149.2118631312
 20
182.7181531471
 10
149.1833179559
 20
182.8009975632
 10
149.1973660313
 20
182.8596958534
  0
LWPOLYLINE
  5
7F9
330
1F
100
AcDbEntity
  8
0
  6
Continuous
 62
     7
370
    25
100
AcDbPolyline
 90
        7
 70
   128
 43
0.0
 10
147.7743793109
 20
183.6811686016
 10
147.6726998728
 20
183.6730588203
 10
147.5291935856
 20
183.6895375992
 10
147.4075348298
 20
183.7364651914
 10
147.3262450481
 20
183.8066972962
 10
147.2976998728
 20
183.8895417123
 10
147.3117479482
 20
183.9482400025
  0
LWPOLYLINE
  5
7FA
330
1F
100
AcDbEntity
  8
0
  6
Continuous
 62
     7
370
    25
100
AcDbPolyline
 90
        3
 70
   128
 43
0.0
 10
154.8910815974
 20
183.3962951448
 10
154.7694228416
 20
183.3493675527
 10
154.7401406505
 20
183.3431757955
  0
LINE
  5
7FB
330
1F
100
AcDbEntity
  8
0
  6
Continuous
 62
     7
370
    25
100
AcDbLine
 10
156.0695928993
 20
184.076635238
 30
0.0
 11
154.8910815974
 21
183.3962951448
 31
0.0
  0
LWPOLYLINE
  5
7FC
330
1F
100
AcDbEntity
  8
0
  6
Continuous
 62
     7
370
    25
100
AcDbPolyline
 90
        3
 70
   128
 43
0.0
 10
156.1616082812
 20
184.1637715919
 10
156.1508826811
 20
184.1468673428
 10
156.0695928993
 20
184.076635238
  0
LINE
  5
7FD
330
1F
100
AcDbEntity
  8
0
  6
Continuous
 62
     7
370
    25
100
AcDbLine
 10
154.5964537719
 20
183.8385162054
 30
0.0
 11
154.8969741539
 21
184.0120029291
 31
0.0
  0
LWPOLYLINE
  5
7FE
330
1F
100
AcDbEntity
  8
0
  6
Continuous
 62
     7
370
    25
100
AcDbPolyline
 90
        8
 70
   128
 43
0.0
 10
151.709101082
 20
181.5593768932
 10
151.5874423262
 20
181.5124493011
 10
151.4439360391
 20
181.4959705221
 10
151.3004297519
 20
181.5124493011
 10
151.1787709961
 20
181.5593768932
 10
151.0974812144
 20
181.629608998
 10
151.0689360391
 20
181.7124534141
 10
151.0829841145
 20
181.7711517044
  0
LINE
  5
7FF
330
1F
100
AcDbEntity
  8
0
  6
Continuous
 62
     7
370
    25
100
AcDbLine
 10
152.887612384
 20
182.2397169864
 30
0.0
 11
151.709101082
 21
181.5593768932
 31
0.0
  0
LWPOLYLINE
  5
800
330
1F
100
AcDbEntity
  8
0
  6
Continuous
 62
     7
370
    25
100
AcDbPolyline
 90
        3
 70
   128
 43
0.0
 10
152.3572822981
 20
182.5458700283
 10
152.4789410539
 20
182.5927976204
 10
152.6129072163
 20
182.609206333
  0
LWPOLYLINE
  5
801
330
1F
100
AcDbEntity
  8
0
  6
Continuous
 62
     7
370
    25
100
AcDbPolyline
 90
        3
 70
   128
 43
0.0
 10
152.9973259694
 20
182.3872861105
 10
152.9689021657
 20
182.3099490912
 10
152.887612384
 20
182.2397169864
  0
LINE
  5
802
330
1F
100
AcDbEntity
  8
0
  6
Continuous
 62
     7
370
    25
100
AcDbLine
 10
152.239431168
 20
182.477836019
 30
0.0
 11
152.3572822981
 21
182.5458700283
 31
0.0
  0
ARC
  5
803
330
1F
100
AcDbEntity
  8
0
  6
Continuous
 62
     7
370
    25
100
AcDbCircle
 10
153.4081300549
 20
182.9371098188
 30
0.0
 40
0.3441593302339037
100
AcDbArc
 50
275.9453838832
 51
324.0492395841
  0
LINE
  5
804
330
1F
100
AcDbEntity
  8
0
  6
Continuous
 62
     7
370
    25
100
AcDbLine
 10
150.8546803881
 20
180.9640129616
 30
0.0
 11
150.8546803881
 21
181.3722833675
 31
0.0
  0
LINE
  5
805
330
1F
100
AcDbEntity
  8
0
  6
Continuous
 62
     7
370
    25
100
AcDbLine
 10
152.0331916901
 20
181.3722833675
 30
0.0
 11
152.0331916901
 21
180.9640129616
 31
0.0
  0
LINE
  5
806
330
1F
100
AcDbEntity
  8
0
  6
Continuous
 62
     7
370
    25
100
AcDbLine
 10
152.0331916901
 20
180.9640129616
 30
0.0
 11
150.8546803881
 21
180.9640129616
 31
0.0
  0
LINE
  5
807
330
1F
100
AcDbEntity
  8
0
  6
Continuous
 62
     7
370
    25
100
AcDbLine
 10
157.4543436792
 20
178.2417015717
 30
0.0
 11
157.4543436792
 21
184.5018477962
 31
0.0
  0
LINE
  5
808
330
1F
100
AcDbEntity
  8
0
  6
Continuous
 62
     7
370
    25
100
AcDbLine
 10
157.1007902886
 20
178.0375995438
 30
0.0
 11
157.4543436792
 21
178.2417015717
 31
0.0
  0
LINE
  5
809
330
1F
100
AcDbEntity
  8
0
  6
Continuous
 62
     7
370
    25
100
AcDbLine
 10
157.1007902886
 20
178.0375995438
 30
0.0
 11
157.1007902886
 21
183.8894753623
 31
0.0
  0
LINE
  5
80A
330
1F
100
AcDbEntity
  8
0
  6
Continuous
 62
     7
370
    25
100
AcDbLine
 10
157.1007902886
 20
183.8894753623
 30
0.0
 11
152.0331916901
 21
180.9640129616
 31
0.0
  0
LINE
  5
80B
330
1F
100
AcDbEntity
  8
0
  6
Continuous
 62
     7
370
    25
100
AcDbLine
 10
147.0834442218
 20
183.5493716657
 30
0.0
 11
147.0834442218
 21
183.1411012598
 31
0.0
  0
LINE
  5
80C
330
1F
100
AcDbEntity
  8
0
  6
Continuous
 62
     7
370
    25
100
AcDbLine
 10
150.8546803881
 20
180.9640129616
 30
0.0
 11
147.0834442218
 21
183.1411012598
 31
0.0
  0
LINE
  5
80D
330
1F
100
AcDbEntity
  8
0
  6
Continuous
 62
     7
370
    25
100
AcDbLine
 10
151.2824021789
 20
181.5170845375
 30
0.0
 11
151.4027456105
 21
181.5865573219
 31
0.0
  0
ARC
  5
80E
330
1F
100
AcDbEntity
  8
0
  6
Continuous
 62
     7
370
    25
100
AcDbCircle
 10
152.6230990093
 20
181.5917752753
 30
0.0
 40
0.609724803184923
100
AcDbArc
 50
74.7007551744
 51
109.8353828772
  0
LWPOLYLINE
  5
80F
330
1F
100
AcDbEntity
  8
0
  6
Continuous
 62
     7
370
    25
100
AcDbPolyline
 90
        3
 70
   128
 43
0.0
 10
149.4334806163
 20
182.5968623603
 10
149.5583179559
 20
182.6092100493
 10
149.6403493701
 20
182.6039670153
  0
LINE
  5
810
330
1F
100
AcDbEntity
  8
0
  6
Continuous
 62
     7
370
    25
100
AcDbLine
 10
154.7732304672
 20
183.5322968134
 30
0.0
 11
155.2505850115
 21
183.8078677261
 31
0.0
  0
LINE
  5
811
330
1F
100
AcDbEntity
  8
0
  6
Continuous
 62
     7
370
    25
100
AcDbLine
 10
147.5111660125
 20
183.6941728357
 30
0.0
 11
147.6315094442
 21
183.7636456201
 31
0.0
  0
LWPOLYLINE
  5
812
330
1F
100
AcDbEntity
  8
0
  6
Continuous
 62
     7
370
    25
100
AcDbPolyline
 90
        3
 70
   128
 43
0.0
 10
155.9240272858
 20
184.0266190026
 10
155.9479341435
 20
184.0214454661
 10
155.9659617166
 20
184.0168102296
  0
LINE
  5
813
330
1F
100
AcDbEntity
  8
0
  6
Continuous
 62
     7
370
    25
100
AcDbLine
 10
156.5115346376
 20
177.6973189138
 30
0.0
 11
157.1007902886
 21
178.0375995438
 31
0.0
  0
LINE
  5
814
330
1F
100
AcDbEntity
  8
0
  6
Continuous
 62
     7
370
    25
100
AcDbLine
 10
156.5115346376
 20
177.6973189138
 30
0.0
 11
152.7402984713
 21
179.874407212
 31
0.0
  0
LINE
  5
815
330
1F
100
AcDbEntity
  8
0
  6
Continuous
 62
     7
370
    25
100
AcDbLine
 10
152.1510428203
 20
180.8950279352
 30
0.0
 11
152.7402984713
 21
179.874407212
 31
0.0
  0
LWPOLYLINE
  5
816
330
1F
100
AcDbEntity
  8
0
  6
Continuous
 62
     7
370
    25
100
AcDbPolyline
 90
       25
 70
   128
 43
0.0
 10
153.2481411032
 20
181.6653883286
 10
153.2785058722
 20
181.5795668479
 10
153.4169022425
 20
181.2550572252
 10
153.5882773716
 20
180.9411502891
 10
153.7879565927
 20
180.6464086026
 10
154.0104931771
 20
180.3788719507
 10
154.249816907
 20
180.1458380357
 10
154.4993996549
 20
179.9536634154
 10
154.752433454
 20
179.8075901125
 10
155.0020162018
 20
179.7116026258
 10
155.2413399317
 20
179.6683192438
 10
155.4638765161
 20
179.6789206244
 10
155.6635557372
 20
179.7431175894
 10
155.8349308663
 20
179.8591590131
 10
155.9733272367
 20
180.0238795879
 10
156.0749697561
 20
180.2327861659
 10
156.1370858815
 20
180.4801803203
 10
156.157981247
 20
180.7593137834
 10
156.1370858815
 20
181.0625725219
 10
156.0749697561
 20
181.3816844281
 10
155.9733272367
 20
181.7079449611
 10
155.8349308663
 20
182.0324545839
 10
155.6635557372
 20
182.3463615199
 10
155.4638765161
 20
182.6411032064
 10
155.2961830299
 20
182.8476977667
  0
LWPOLYLINE
  5
817
330
1F
100
AcDbEntity
  8
0
  6
Continuous
 62
     7
370
    25
100
AcDbPolyline
 90
       17
 70
   128
 43
0.0
 10
156.2758323772
 20
180.691279774
 10
156.2937741434
 20
180.5767633327
 10
156.3448679709
 20
180.458965859
 10
156.4213352876
 20
180.3558209506
 10
156.5115346376
 20
180.2830314848
 10
156.6017339876
 20
180.2516789978
 10
156.6782013042
 20
180.2665366217
 10
156.7292951317
 20
180.3253424178
 10
156.747236898
 20
180.4191437368
 10
156.7292951317
 20
180.5336601781
 10
156.6782013042
 20
180.6514576518
 10
156.6017339876
 20
180.7546025602
 10
156.5115346376
 20
180.827392026
 10
156.4213352876
 20
180.858744513
 10
156.3448679709
 20
180.8438868892
 10
156.2937741434
 20
180.785081093
 10
156.2758323772
 20
180.691279774
  0
LWPOLYLINE
  5
818
330
1F
100
AcDbEntity
  8
0
  6
Continuous
 62
     7
370
    25
100
AcDbPolyline
 90
        3
 70
   128
 43
0.0
 10
154.7732304672
 20
183.5236849022
 10
154.7925832211
 20
183.5325229358
 10
154.8272984792
 20
183.5635096123
  0
LWPOLYLINE
  5
819
330
1F
100
AcDbEntity
  8
0
  6
Continuous
 62
     7
370
    25
100
AcDbPolyline
 90
       17
 70
   128
 43
0.0
 10
154.390214294
 20
179.6023817581
 10
154.4081560603
 20
179.4878653167
 10
154.4592498878
 20
179.3700678431
 10
154.5357172044
 20
179.2669229347
 10
154.6259165544
 20
179.1941334688
 10
154.7161159044
 20
179.1627809819
 10
154.7925832211
 20
179.1776386057
 10
154.8436770486
 20
179.2364444018
 10
154.8616188148
 20
179.3302457208
 10
154.8436770486
 20
179.4447621622
 10
154.7925832211
 20
179.5625596359
 10
154.7161159044
 20
179.6657045443
 10
154.6259165544
 20
179.7384940101
 10
154.5357172044
 20
179.7698464971
 10
154.4592498878
 20
179.7549888732
 10
154.4081560603
 20
179.6961830771
 10
154.390214294
 20
179.6023817581
  0
LWPOLYLINE
  5
81A
330
1F
100
AcDbEntity
  8
0
  6
Continuous
 62
     7
370
    25
100
AcDbPolyline
 90
       17
 70
   128
 43
0.0
 10
156.2169068121
 20
178.8200348843
 10
156.2348485783
 20
178.7055184429
 10
156.2859424058
 20
178.5877209693
 10
156.3624097225
 20
178.4845760609
 10
156.4526090725
 20
178.411786595
 10
156.5428084225
 20
178.3804341081
 10
156.6192757392
 20
178.3952917319
 10
156.6703695666
 20
178.454097528
 10
156.6883113329
 20
178.547898847
 10
156.6703695666
 20
178.6624152884
 10
156.6192757392
 20
178.7802127621
 10
156.5428084225
 20
178.8833576704
 10
156.4526090725
 20
178.9561471363
 10
156.3624097225
 20
178.9874996233
 10
156.2859424058
 20
178.9726419994
 10
156.2348485783
 20
178.9138362033
 10
156.2169068121
 20
178.8200348843
  0
LWPOLYLINE
  5
81B
330
1F
100
AcDbEntity
  8
0
  6
Continuous
 62
     7
370
    25
100
AcDbPolyline
 90
       17
 70
   128
 43
0.0
 10
156.2169068121
 20
182.6986037408
 10
156.2348485783
 20
182.5840872994
 10
156.2859424058
 20
182.4662898257
 10
156.3624097225
 20
182.3631449173
 10
156.4526090725
 20
182.2903554515
 10
156.5428084225
 20
182.2590029645
 10
156.6192757392
 20
182.2738605884
 10
156.6703695666
 20
182.3326663845
 10
156.6883113329
 20
182.4264677035
 10
156.6703695666
 20
182.5409841449
 10
156.6192757392
 20
182.6587816185
 10
156.5428084225
 20
182.7619265269
 10
156.4526090725
 20
182.8347159928
 10
156.3624097225
 20
182.8660684797
 10
156.2859424058
 20
182.8512108559
 10
156.2348485783
 20
182.7924050598
 10
156.2169068121
 20
182.6986037408
  0
LWPOLYLINE
  5
81C
330
1F
100
AcDbEntity
  8
0
  6
Continuous
 62
     7
370
    25
100
AcDbPolyline
 90
       17
 70
   128
 43
0.0
 10
152.563521776
 20
180.9290891732
 10
152.5814635422
 20
180.8145727318
 10
152.6325573697
 20
180.6967752582
 10
152.7090246863
 20
180.5936303498
 10
152.7992240364
 20
180.5208408839
 10
152.8894233864
 20
180.4894883969
 10
152.965890703
 20
180.5043460208
 10
153.0169845305
 20
180.5631518169
 10
153.0349262967
 20
180.6569531359
 10
153.0169845305
 20
180.7714695773
 10
152.965890703
 20
180.8892670509
 10
152.8894233864
 20
180.9924119593
 10
152.7992240364
 20
181.0652014252
 10
152.7090246863
 20
181.0965539121
 10
152.6325573697
 20
181.0816962883
 10
152.5814635422
 20
181.0228904922
 10
152.563521776
 20
180.9290891732
  0
LINE
  5
81D
330
1F
100
AcDbEntity
  8
0
  6
Continuous
 62
     7
370
    25
100
AcDbLine
 10
152.1510428203
 20
180.8950279352
 30
0.0
 11
152.1510428203
 21
181.0320469709
 31
0.0
  0
LINE
  5
81E
330
1F
100
AcDbEntity
  8
0
  6
Continuous
 62
     7
370
    25
100
AcDbLine
 10
152.1510428203
 20
181.8145044281
 30
0.0
 11
152.1510428203
 21
181.8485214327
 31
0.0
  0
LWPOLYLINE
  5
81F
330
1F
100
AcDbEntity
  8
0
  6
Continuous
 62
     7
370
    25
100
AcDbPolyline
 90
       12
 70
   128
 43
0.0
 10
153.6016944938
 20
181.8694903566
 10
153.6968767419
 20
181.6206379932
 10
153.852293318
 20
181.3003357191
 10
154.0384563342
 20
180.9949684237
 10
154.2502877486
 20
180.7128657308
 10
154.4820093525
 20
180.4617226665
 10
154.7273003847
 20
180.2483897588
 10
154.979469945
 20
180.0786861734
 10
155.2316395054
 20
179.9572409817
 10
155.4769305375
 20
179.8873668919
 10
155.7086521414
 20
179.8709698871
 10
155.8714217103
 20
179.8945143337
  0
LINE
  5
820
330
1F
100
AcDbEntity
  8
0
  6
Continuous
 62
     7
370
    25
100
AcDbLine
 10
156.8650880282
 20
177.9014209418
 30
0.0
 11
156.5115346376
 21
177.6973189138
 31
0.0
  0
LINE
  5
821
330
1F
100
AcDbEntity
  8
0
  6
Continuous
 62
     7
370
    25
100
AcDbLine
 10
157.4543436792
 20
178.2417015717
 30
0.0
 11
156.8650880282
 21
177.9014209418
 31
0.0
  0
LWPOLYLINE
  5
822
330
1F
100
AcDbEntity
  8
0
  6
Continuous
 62
     7
370
    25
100
AcDbPolyline
 90
        3
 70
   128
 43
0.0
 10
121.4272531778
 20
208.9119471853
 10
121.6173796686
 20
208.7774520357
 10
121.6629554381
 20
208.7375942806
  0
LWPOLYLINE
  5
823
330
1F
100
AcDbEntity
  8
0
  6
Continuous
 62
     7
370
    25
100
AcDbPolyline
 90
       18
 70
   128
 43
0.0
 10
121.6629554381
 20
206.8408570906
 10
121.6173796686
 20
206.853619999
 10
121.4272531778
 20
206.9386402232
 10
121.2371266869
 20
207.0731353728
 10
121.0565339323
 20
207.2503612995
 10
120.8945305886
 20
207.4614311552
 10
120.75924018
 20
207.695761016
 10
120.6574467324
 20
207.9416006042
 10
120.5942545945
 20
208.1866224965
 10
120.5728324838
 20
208.4185402718
 10
120.5942545945
 20
208.6257246046
 10
120.6574467324
 20
208.7977864074
 10
120.75924018
 20
208.9260977828
 10
120.8945305886
 20
209.0042246627
 10
121.0565339323
 20
209.0282494391
 10
121.2371266869
 20
208.9969674094
 10
121.4272531778
 20
208.9119471853
 10
121.4272531778
 20
208.9119471853
  0
LWPOLYLINE
  5
824
330
1F
100
AcDbEntity
  8
0
  6
Continuous
 62
     7
370
    25
100
AcDbPolyline
 90
        3
 70
   128
 43
0.0
 10
121.4272531778
 20
208.6057443808
 10
121.5862324498
 20
208.4887346437
 10
121.6629554381
 20
208.412869032
  0
LWPOLYLINE
  5
825
330
1F
100
AcDbEntity
  8
0
  6
Continuous
 62
     7
370
    25
100
AcDbPolyline
 90
       16
 70
   128
 43
0.0
 10
121.6629554381
 20
207.1655823392
 10
121.6620132713
 20
207.1656525363
 10
121.5074901452
 20
207.2048609666
 10
121.3470162103
 20
207.2975005974
 10
121.1924930842
 20
207.4367007709
 10
121.0553810403
 20
207.6121376471
 10
120.9458490516
 20
207.8107998755
 10
120.8720206047
 20
208.0179535873
 10
120.8393712177
 20
208.2182351396
 10
120.8503223463
 20
208.3967905657
 10
120.9040617954
 20
208.5403772265
 10
120.9966039559
 20
208.6383459564
 10
121.121085399
 20
208.6834308626
 10
121.2682739057
 20
208.6722882041
 10
121.4272531778
 20
208.6057443808
 10
121.4272531778
 20
208.6057443808
  0
ARC
  5
826
330
1F
100
AcDbEntity
  8
0
  6
Continuous
 62
     7
370
    25
100
AcDbCircle
 10
122.6534304581
 20
208.6493395318
 30
0.0
 40
1.226952012633293
100
AcDbArc
 50
182.0362200491
 51
216.1704626009
  0
LWPOLYLINE
  5
827
330
1F
100
AcDbEntity
  8
0
  6
Continuous
 62
     7
370
    25
100
AcDbPolyline
 90
       29
 70
   128
 43
0.0
 10
160.7895306638
 20
184.2152811108
 10
160.599404173
 20
184.3497762604
 10
160.4188114183
 20
184.5270021871
 10
160.2568080746
 20
184.7380720428
 10
160.121517666
 20
184.9724019036
 10
160.0197242185
 20
185.2182414918
 10
159.9565320805
 20
185.4632633841
 10
159.9351099699
 20
185.6951811594
 10
159.9565320805
 20
185.9023654922
 10
160.0197242185
 20
186.074427295
 10
160.121517666
 20
186.2027386704
 10
160.2568080746
 20
186.2808655503
 10
160.4188114183
 20
186.3048903267
 10
160.599404173
 20
186.273608297
 10
160.7895306638
 20
186.1885880729
 10
160.9796571546
 20
186.0540929233
 10
161.1602499093
 20
185.8768669966
 10
161.322253253
 20
185.6657971409
 10
161.4575436616
 20
185.4314672801
 10
161.5593371091
 20
185.1856276918
 10
161.6225292471
 20
184.9406057996
 10
161.6439513577
 20
184.7086880243
 10
161.6225292471
 20
184.5015036914
 10
161.5593371091
 20
184.3294418887
 10
161.4575436616
 20
184.2011305133
 10
161.322253253
 20
184.1230036334
 10
161.1602499093
 20
184.098978857
 10
160.9796571546
 20
184.1302608866
 10
160.7895306638
 20
184.2152811108
  0
LWPOLYLINE
  5
828
330
1F
100
AcDbEntity
  8
0
  6
Continuous
 62
     7
370
    25
100
AcDbPolyline
 90
       24
 70
   128
 43
0.0
 10
160.7895306638
 20
184.5214839153
 10
160.6305513918
 20
184.6384936524
 10
160.4833628851
 20
184.7972912264
 10
160.3588814419
 20
184.9860993478
 10
160.2663392814
 20
185.1909149818
 10
160.2125998323
 20
185.3965478898
 10
160.2016487037
 20
185.5877472199
 10
160.2342980907
 20
185.7503325923
 10
160.3081265377
 20
185.8722457938
 10
160.4176585263
 20
185.9444450798
 10
160.5547705703
 20
185.9615757598
 10
160.7092936963
 20
185.9223673295
 10
160.8697676313
 20
185.8297276987
 10
161.0242907574
 20
185.6905275252
 10
161.1614028013
 20
185.515090649
 10
161.2709347899
 20
185.3164284206
 10
161.3447632369
 20
185.1092747087
 10
161.3774126239
 20
184.9089931565
 10
161.3664614953
 20
184.7304377304
 10
161.3127220462
 20
184.5868510695
 10
161.2201798857
 20
184.4888823397
 10
161.0956984425
 20
184.4437974334
 10
160.9485099358
 20
184.454940092
 10
160.7895306638
 20
184.5214839153
  0
ARC
  5
829
330
1F
100
AcDbEntity
  8
0
  6
Continuous
 62
     7
370
    25
100
AcDbCircle
 10
162.0493450311
 20
185.929209946
 30
0.0
 40
1.260684247232262
100
AcDbArc
 50
182.1285852535
 51
237.8660386507
  0
LWPOLYLINE
  5
82A
330
1F
100
AcDbEntity
  8
0
  6
Continuous
 62
     7
370
    25
100
AcDbPolyline
 90
       29
 70
   128
 43
0.0
 10
160.7895306638
 20
171.9671689326
 10
160.599404173
 20
172.1016640822
 10
160.4188114183
 20
172.2788900088
 10
160.2568080746
 20
172.4899598645
 10
160.121517666
 20
172.7242897253
 10
160.0197242184
 20
172.9701293136
 10
159.9565320805
 20
173.2151512058
 10
159.9351099698
 20
173.4470689811
 10
159.9565320805
 20
173.654253314
 10
160.0197242184
 20
173.8263151167
 10
160.121517666
 20
173.9546264921
 10
160.2568080746
 20
174.032753372
 10
160.4188114183
 20
174.0567781484
 10
160.599404173
 20
174.0254961188
 10
160.7895306638
 20
173.9404758946
 10
160.9796571546
 20
173.805980745
 10
161.1602499092
 20
173.6287548184
 10
161.3222532529
 20
173.4176849627
 10
161.4575436615
 20
173.1833551018
 10
161.5593371091
 20
172.9375155136
 10
161.622529247
 20
172.6924936214
 10
161.6439513577
 20
172.460575846
 10
161.622529247
 20
172.2533915132
 10
161.5593371091
 20
172.0813297104
 10
161.4575436615
 20
171.9530183351
 10
161.3222532529
 20
171.8748914551
 10
161.1602499092
 20
171.8508666787
 10
160.9796571546
 20
171.8821487084
 10
160.7895306638
 20
171.9671689326
  0
LWPOLYLINE
  5
82B
330
1F
100
AcDbEntity
  8
0
  6
Continuous
 62
     7
370
    25
100
AcDbPolyline
 90
       24
 70
   128
 43
0.0
 10
160.7895306638
 20
172.273371737
 10
160.6305513917
 20
172.3903814741
 10
160.483362885
 20
172.5491790482
 10
160.3588814419
 20
172.7379871695
 10
160.2663392814
 20
172.9428028035
 10
160.2125998323
 20
173.1484357116
 10
160.2016487037
 20
173.3396350416
 10
160.2342980907
 20
173.502220414
 10
160.3081265376
 20
173.6241336155
 10
160.4176585263
 20
173.6963329016
 10
160.5547705702
 20
173.7134635815
 10
160.7092936963
 20
173.6742551512
 10
160.8697676312
 20
173.5816155205
 10
161.0242907573
 20
173.442415347
 10
161.1614028012
 20
173.2669784707
 10
161.2709347899
 20
173.0683162424
 10
161.3447632368
 20
172.8611625305
 10
161.3774126238
 20
172.6608809782
 10
161.3664614952
 20
172.4823255521
 10
161.3127220461
 20
172.3387388913
 10
161.2201798857
 20
172.2407701615
 10
161.0956984425
 20
172.1956852552
 10
160.9485099358
 20
172.2068279137
 10
160.7895306638
 20
172.273371737
  0
ARC
  5
82C
330
1F
100
AcDbEntity
  8
0
  6
Continuous
 62
     7
370
    25
100
AcDbCircle
 10
162.049345031
 20
173.6810977677
 30
0.0
 40
1.260684247232244
100
AcDbArc
 50
182.1285852535
 51
237.8660386507
  0
LWPOLYLINE
  5
82D
330
1F
100
AcDbEntity
  8
0
  6
Continuous
 62
     7
370
    25
100
AcDbPolyline
 90
       11
 70
   128
 43
0.0
 10
121.6629554381
 20
194.5928802915
 10
121.6173796686
 20
194.6056431999
 10
121.4272531778
 20
194.6906634241
 10
121.2371266869
 20
194.8251585737
 10
121.0565339323
 20
195.0023845004
 10
120.8945305886
 20
195.213454356
 10
120.75924018
 20
195.4477842169
 10
120.6574467324
 20
195.6936238051
 10
120.5942545945
 20
195.9386456973
 10
120.5728324838
 20
196.1705634727
 10
120.5728382488
 20
196.1741846006
  0
LWPOLYLINE
  5
82E
330
1F
100
AcDbEntity
  8
0
  6
Continuous
 62
     7
370
    25
100
AcDbPolyline
 90
       10
 70
   128
 43
0.0
 10
121.6629554381
 20
194.9176055401
 10
121.6620132713
 20
194.9176757372
 10
121.5074901452
 20
194.9568841675
 10
121.3470162103
 20
195.0495237982
 10
121.1924930842
 20
195.1887239718
 10
121.0553810403
 20
195.364160848
 10
120.9458490516
 20
195.5628230763
 10
120.8720206047
 20
195.7699767882
 10
120.8393712177
 20
195.9702583405
 10
120.8380058861
 20
196.021106582
  0
LWPOLYLINE
  5
82F
330
1F
100
AcDbEntity
  8
0
  6
Continuous
 62
     7
370
    25
100
AcDbPolyline
 90
       35
 70
   128
 43
0.0
 10
160.7895306638
 20
171.5248759928
 10
161.0169090914
 20
171.4179437488
 10
161.2365444194
 20
171.3633140106
 10
161.4409572301
 20
171.3628471285
 10
161.6231864904
 20
171.4165590016
 10
161.7770266014
 20
171.5226205364
 10
161.8972387225
 20
171.6774199346
 10
161.9797291743
 20
171.8756856883
 10
162.0216888433
 20
172.1106660952
 10
162.0216888433
 20
172.3743591792
 10
161.9797291743
 20
172.6577851887
 10
161.8972387225
 20
172.9512923908
 10
161.7770266014
 20
173.2448857498
 10
161.6231864904
 20
173.528567296
 10
161.4409572301
 20
173.7926765945
 10
161.2365444194
 20
174.02821972
 10
161.0169090914
 20
174.2271755338
 10
160.7895306638
 20
174.3827688344
 10
160.5621522361
 20
174.4897010784
 10
160.3425169081
 20
174.5443308166
 10
160.1381040974
 20
174.5447976987
 10
159.9558748371
 20
174.4910858256
 10
159.8020347262
 20
174.3850242908
 10
159.681822605
 20
174.2302248926
 10
159.5993321532
 20
174.0319591388
 10
159.5573724842
 20
173.796978732
 10
159.5573724842
 20
173.533285648
 10
159.5993321532
 20
173.2498596385
 10
159.681822605
 20
172.9563524364
 10
159.8020347262
 20
172.6627590774
 10
159.9558748371
 20
172.3790775312
 10
160.1381040974
 20
172.1149682327
 10
160.3425169081
 20
171.8794251072
 10
160.5621522361
 20
171.6804692933
 10
160.7895306638
 20
171.5248759928
  0
LINE
  5
830
330
1F
100
AcDbEntity
  8
0
  6
Continuous
 62
     7
370
    25
100
AcDbLine
 10
162.0269675308
 20
168.1567612563
 30
0.0
 11
158.1968057994
 21
170.3678665592
 31
0.0
  0
LINE
  5
831
330
1F
100
AcDbEntity
  8
0
  6
Continuous
 62
     7
370
    25
100
AcDbLine
 10
158.1968057994
 20
170.3678665592
 30
0.0
 11
158.1968057994
 21
178.533274678
 31
0.0
  0
LINE
  5
832
330
1F
100
AcDbEntity
  8
0
  6
Continuous
 62
     7
370
    25
100
AcDbLine
 10
158.1968057994
 20
178.533274678
 30
0.0
 11
162.0269675308
 21
176.3221693752
 31
0.0
  0
LINE
  5
833
330
1F
100
AcDbEntity
  8
0
  6
Continuous
 62
     7
370
    25
100
AcDbLine
 10
162.0269675308
 20
176.3221693752
 30
0.0
 11
162.0269675308
 21
174.5529976161
 31
0.0
  0
LINE
  5
834
330
1F
100
AcDbEntity
  8
0
  6
Continuous
 62
     7
370
    25
100
AcDbLine
 10
162.0269675308
 20
174.5529976161
 30
0.0
 11
162.7929998771
 21
174.1107765555
 31
0.0
  0
LINE
  5
835
330
1F
100
AcDbEntity
  8
0
  6
Continuous
 62
     7
370
    25
100
AcDbLine
 10
162.7929998771
 20
174.1107765555
 30
0.0
 11
162.7929998771
 21
169.4837119548
 31
0.0
  0
LINE
  5
836
330
1F
100
AcDbEntity
  8
0
  6
Continuous
 62
     7
370
    25
100
AcDbLine
 10
162.7929998771
 20
169.4837119548
 30
0.0
 11
162.0269675308
 21
169.9259330154
 31
0.0
  0
LINE
  5
837
330
1F
100
AcDbEntity
  8
0
  6
Continuous
 62
     7
370
    25
100
AcDbLine
 10
162.0269675308
 20
169.9259330154
 30
0.0
 11
162.0269675308
 21
168.1567612563
 31
0.0
  0
LWPOLYLINE
  5
838
330
1F
100
AcDbEntity
  8
0
  6
Continuous
 62
     7
370
    25
100
AcDbPolyline
 90
       25
 70
   128
 43
0.0
 10
162.734074312
 20
176.5262382281
 10
162.9018359554
 20
176.5975805894
 10
163.0581649201
 20
176.6130523386
 10
163.1924076454
 20
176.5715991017
 10
163.2954157114
 20
176.4760458481
 10
163.3601692888
 20
176.3329043743
 10
163.3822555281
 20
176.1519295351
 10
163.3601692888
 20
175.9454544668
 10
163.2954157114
 20
175.7275501039
 10
163.1924076454
 20
175.5130662688
 10
163.0581649201
 20
175.3166196804
 10
162.9018359554
 20
175.151597849
 10
162.734074312
 20
175.0292467396
 10
162.5663126686
 20
174.9579043784
 10
162.409983704
 20
174.9424326291
 10
162.2757409787
 20
174.9838858661
 10
162.1727329126
 20
175.0794391196
 10
162.1079793353
 20
175.2225805934
 10
162.0858930959
 20
175.4035554326
 10
162.1079793353
 20
175.610030501
 10
162.1727329126
 20
175.8279348638
 10
162.2757409787
 20
176.0424186989
 10
162.409983704
 20
176.2388652874
 10
162.5663126686
 20
176.4038871188
 10
162.734074312
 20
176.5262382281
  0
LWPOLYLINE
  5
839
330
1F
100
AcDbEntity
  8
0
  6
Continuous
 62
     7
370
    25
100
AcDbPolyline
 90
       25
 70
   128
 43
0.0
 10
164.2661390046
 20
177.4106803492
 10
164.433900648
 20
177.4820227105
 10
164.5902296126
 20
177.4974944598
 10
164.7244723379
 20
177.4560412228
 10
164.827480404
 20
177.3604879693
 10
164.8922339813
 20
177.2173464955
 10
164.9143202207
 20
177.0363716563
 10
164.8922339813
 20
176.8298965879
 10
164.827480404
 20
176.6119922251
 10
164.7244723379
 20
176.39750839
 10
164.5902296126
 20
176.2010618015
 10
164.433900648
 20
176.0360399701
 10
164.2661390046
 20
175.9136888608
 10
164.0983773612
 20
175.8423464995
 10
163.9420483965
 20
175.8268747503
 10
163.8078056713
 20
175.8683279872
 10
163.7047976052
 20
175.9638812407
 10
163.6400440279
 20
176.1070227146
 10
163.6179577885
 20
176.2879975538
 10
163.6400440279
 20
176.4944726221
 10
163.7047976052
 20
176.712376985
 10
163.8078056713
 20
176.9268608201
 10
163.9420483965
 20
177.1233074085
 10
164.0983773612
 20
177.2883292399
 10
164.2661390046
 20
177.4106803492
  0
LINE
  5
83A
330
1F
100
AcDbEntity
  8
0
  6
Continuous
 62
     7
370
    25
100
AcDbLine
 10
164.9732457858
 20
178.0230196081
 30
0.0
 11
162.0269675308
 21
176.3221693752
 31
0.0
  0
LINE
  5
83B
330
1F
100
AcDbEntity
  8
0
  6
Continuous
 62
     7
370
    25
100
AcDbLine
 10
164.9732457858
 20
178.0230196081
 30
0.0
 11
164.9732457858
 21
176.253847849
 31
0.0
  0
LINE
  5
83C
330
1F
100
AcDbEntity
  8
0
  6
Continuous
 62
     7
370
    25
100
AcDbLine
 10
164.9732457858
 20
176.253847849
 30
0.0
 11
162.0269675308
 21
174.5529976161
 31
0.0
  0
LINE
  5
83D
330
1F
100
AcDbEntity
  8
0
  6
Continuous
 62
     7
370
    25
100
AcDbLine
 10
161.1430840544
 20
180.234124911
 30
0.0
 11
158.1968057994
 21
178.533274678
 31
0.0
  0
LINE
  5
83E
330
1F
100
AcDbEntity
  8
0
  6
Continuous
 62
     7
370
    25
100
AcDbLine
 10
161.1430840544
 20
180.234124911
 30
0.0
 11
164.9732457858
 21
178.0230196081
 31
0.0
  0
ARC
  5
83F
330
1F
100
AcDbEntity
  8
0
  6
Continuous
 62
     7
370
    25
100
AcDbCircle
 10
161.4328759785
 20
176.5289082928
 30
0.0
 40
1.357921590822024
100
AcDbArc
 50
298.8628860585
 51
1.1424904742
  0
LINE
  5
840
330
1F
100
AcDbEntity
  8
0
  6
Continuous
 62
     7
370
    25
100
AcDbLine
 10
165.7392781321
 20
175.8116267885
 30
0.0
 11
162.7929998771
 21
174.1107765555
 31
0.0
  0
LINE
  5
841
330
1F
100
AcDbEntity
  8
0
  6
Continuous
 62
     7
370
    25
100
AcDbLine
 10
165.7392781321
 20
175.8116267885
 30
0.0
 11
165.7392781321
 21
171.1845621878
 31
0.0
  0
LINE
  5
842
330
1F
100
AcDbEntity
  8
0
  6
Continuous
 62
     7
370
    25
100
AcDbLine
 10
165.7392781321
 20
171.1845621878
 30
0.0
 11
162.7929998771
 21
169.4837119548
 31
0.0
  0
LINE
  5
843
330
1F
100
AcDbEntity
  8
0
  6
Continuous
 62
     7
370
    25
100
AcDbLine
 10
164.9732457858
 20
176.253847849
 30
0.0
 11
165.7392781321
 21
175.8116267885
 31
0.0
  0
ARC
  5
844
330
1F
100
AcDbEntity
  8
0
  6
Continuous
 62
     7
370
    25
100
AcDbCircle
 10
161.7281964685
 20
176.3584234028
 30
0.0
 40
0.8047268698226332
100
AcDbArc
 50
298.9649718155
 51
1.0404047172
  0
ARC
  5
845
330
1F
100
AcDbEntity
  8
0
  6
Continuous
 62
     7
370
    25
100
AcDbCircle
 10
162.9649406711
 20
177.4133504139
 30
0.0
 40
1.357921590821296
100
AcDbArc
 50
298.8628860584
 51
1.1424904743
  0
ARC
  5
846
330
1F
100
AcDbEntity
  8
0
  6
Continuous
 62
     7
370
    25
100
AcDbCircle
 10
161.56047716
 20
172.4450459891
 30
0.0
 40
0.9493694240852925
100
AcDbArc
 50
235.6817460544
 51
283.0186436923
  0
LWPOLYLINE
  5
847
330
1F
100
AcDbEntity
  8
0
  6
Continuous
 62
     7
370
    25
100
AcDbPolyline
 90
       14
 70
   128
 43
0.0
 10
160.0404237849
 20
174.5236344634
 10
160.0377369866
 20
174.5210923094
 10
159.9175248654
 20
174.3662929112
 10
159.8350344136
 20
174.1680271575
 10
159.7930747446
 20
173.9330467506
 10
159.7930747446
 20
173.6693536666
 10
159.8350344136
 20
173.3859276571
 10
159.9175248654
 20
173.092420455
 10
160.0377369866
 20
172.798827096
 10
160.1915770975
 20
172.5151455498
 10
160.3738063578
 20
172.2510362513
 10
160.5782191685
 20
172.0154931258
 10
160.7978544965
 20
171.816537312
 10
161.0252329242
 20
171.6609440114
  0
ARC
  5
848
330
1F
100
AcDbEntity
  8
0
  6
Continuous
 62
     7
370
    25
100
AcDbCircle
 10
163.260261161
 20
177.242865524
 30
0.0
 40
0.804726869823091
100
AcDbArc
 50
298.9649718156
 51
1.0404047171
  0
LWPOLYLINE
  5
849
330
1F
100
AcDbEntity
  8
0
  6
Continuous
 62
     7
370
    25
100
AcDbPolyline
 90
       16
 70
   128
 43
0.0
 10
161.6293504918
 20
172.0434147235
 10
161.6932459219
 20
172.0890863537
 10
161.7950393695
 20
172.2173977291
 10
161.8582315074
 20
172.3894595318
 10
161.8796536181
 20
172.5966438647
 10
161.8582315074
 20
172.82856164
 10
161.7950393695
 20
173.0735835322
 10
161.6932459219
 20
173.3194231205
 10
161.5579555133
 20
173.5537529813
 10
161.3959521696
 20
173.764822837
 10
161.215359415
 20
173.9420487636
 10
161.0252329242
 20
174.0765439132
 10
160.8351064333
 20
174.1615641374
 10
160.6545136787
 20
174.1928461671
 10
160.492510335
 20
174.1688213906
 10
160.4211153565
 20
174.1363661409
  0
LINE
  5
84A
330
1F
100
AcDbEntity
  8
0
  6
Continuous
 62
     7
370
    25
100
AcDbLine
 10
165.9495302938
 20
176.3025458246
 30
0.0
 11
165.4192097858
 21
175.9963983118
 31
0.0
  0
ARC
  5
84B
330
1F
100
AcDbEntity
  8
0
  6
Continuous
 62
     7
370
    25
100
AcDbCircle
 10
160.7503781561
 20
172.9312197787
 30
0.0
 40
6.19653308380131
100
AcDbArc
 50
27.0391058104
 51
32.9608943353
  0
LINE
  5
84C
330
1F
100
AcDbEntity
  8
0
  6
Continuous
 62
     7
370
    25
100
AcDbLine
 10
165.7392781321
 20
175.4420015573
 30
0.0
 11
166.269608218
 21
175.7481545992
 31
0.0
  0
LINE
  5
84D
330
1F
100
AcDbEntity
  8
0
  6
Continuous
 62
     7
370
    25
100
AcDbLine
 10
166.269608218
 20
171.9964084795
 30
0.0
 11
165.7392781321
 21
171.6902554376
 31
0.0
  0
LINE
  5
84E
330
1F
100
AcDbEntity
  8
0
  6
Continuous
 62
     7
370
    25
100
AcDbLine
 10
166.269608218
 20
175.7481545992
 30
0.0
 11
166.269608218
 21
171.9964084795
 31
0.0
  0
LINE
  5
84F
330
1F
100
AcDbEntity
  8
0
  6
Continuous
 62
     7
370
    25
100
AcDbLine
 10
164.9732457858
 20
176.8661428746
 30
0.0
 11
165.9495302938
 21
176.3025458246
 31
0.0
  0
LWPOLYLINE
  5
850
330
1F
100
AcDbEntity
  8
0
  6
Continuous
 62
     7
370
    25
100
AcDbPolyline
 90
       13
 70
   128
 43
0.0
 10
164.9116475813
 20
170.7067812407
 10
164.8922339813
 20
170.5697503634
 10
164.827480404
 20
170.3518460006
 10
164.7244723379
 20
170.1373621655
 10
164.5902296126
 20
169.9409155771
 10
164.433900648
 20
169.7758937456
 10
164.2661390046
 20
169.6535426363
 10
164.0983773612
 20
169.582200275
 10
163.9420483965
 20
169.5667285258
 10
163.8078056713
 20
169.6081817628
 10
163.7047976052
 20
169.7037350163
 10
163.6400440279
 20
169.8468764901
 10
163.6204300506
 20
169.9639671567
  0
LWPOLYLINE
  5
851
330
1F
100
AcDbEntity
  8
0
  6
Continuous
 62
     7
370
    25
100
AcDbPolyline
 90
       17
 70
   128
 43
0.0
 10
163.3795828888
 20
169.8223391196
 10
163.3601692888
 20
169.6853082423
 10
163.2954157114
 20
169.4674038795
 10
163.1924076454
 20
169.2529200444
 10
163.0581649201
 20
169.0564734559
 10
162.9018359554
 20
168.8914516245
 10
162.734074312
 20
168.7691005152
 10
162.5663126686
 20
168.6977581539
 10
162.409983704
 20
168.6822864047
 10
162.2757409787
 20
168.7237396416
 10
162.1727329126
 20
168.8192928952
 10
162.1079793353
 20
168.962434369
 10
162.0858930959
 20
169.1434092082
 10
162.1079793353
 20
169.3498842765
 10
162.1727329126
 20
169.5677886394
 10
162.2757409787
 20
169.7822724745
 10
162.2757611955
 20
169.7823074899
  0
LINE
  5
852
330
1F
100
AcDbEntity
  8
0
  6
Continuous
 62
     7
370
    25
100
AcDbLine
 10
164.9732457858
 20
169.8576114893
 30
0.0
 11
162.0269675308
 21
168.1567612563
 31
0.0
  0
LINE
  5
853
330
1F
100
AcDbEntity
  8
0
  6
Continuous
 62
     7
370
    25
100
AcDbLine
 10
164.9732457858
 20
170.7423411272
 30
0.0
 11
164.9732457858
 21
169.8576114893
 31
0.0
  0
ARC
  5
854
330
1F
100
AcDbEntity
  8
0
  6
Continuous
 62
     7
370
    25
100
AcDbCircle
 10
161.4968356072
 20
170.1872641454
 30
0.0
 40
1.255783970962658
100
AcDbArc
 50
298.1020989208
 51
331.7695373672
  0
ARC
  5
855
330
1F
100
AcDbEntity
  8
0
  6
Continuous
 62
     7
370
    25
100
AcDbCircle
 10
161.7494399405
 20
170.0611800474
 30
0.0
 40
0.7619825731716908
100
AcDbArc
 50
298.9182735041
 51
331.6287287454
  0
LWPOLYLINE
  5
856
330
1F
100
AcDbEntity
  8
0
  6
Continuous
 62
     7
370
    25
100
AcDbPolyline
 90
        3
 70
   128
 43
0.0
 10
163.6937795416
 20
170.0037209864
 10
163.6768833536
 20
169.9937126829
 10
163.6599871656
 20
169.984213063
  0
ARC
  5
857
330
1F
100
AcDbEntity
  8
0
  6
Continuous
 62
     7
370
    25
100
AcDbCircle
 10
165.5150913978
 20
172.9329222848
 30
0.0
 40
1.202644477540758
100
AcDbArc
 50
300.0094622214
 51
308.8571928276
  0
LWPOLYLINE
  5
858
330
1F
100
AcDbEntity
  8
0
  6
Continuous
 62
     7
370
    25
100
AcDbPolyline
 90
       35
 70
   128
 43
0.0
 10
160.7895306638
 20
183.772988171
 10
161.0169090915
 20
183.666055927
 10
161.2365444195
 20
183.6114261889
 10
161.4409572302
 20
183.6109593068
 10
161.6231864904
 20
183.6646711798
 10
161.7770266014
 20
183.7707327146
 10
161.8972387226
 20
183.9255321128
 10
161.9797291744
 20
184.1237978666
 10
162.0216888434
 20
184.3587782734
 10
162.0216888434
 20
184.6224713574
 10
161.9797291744
 20
184.9058973669
 10
161.8972387226
 20
185.199404569
 10
161.7770266014
 20
185.492997928
 10
161.6231864904
 20
185.7766794742
 10
161.4409572302
 20
186.0407887728
 10
161.2365444195
 20
186.2763318983
 10
161.0169090915
 20
186.4752877121
 10
160.7895306638
 20
186.6308810126
 10
160.5621522361
 20
186.7378132567
 10
160.3425169081
 20
186.7924429948
 10
160.1381040974
 20
186.7929098769
 10
159.9558748372
 20
186.7391980039
 10
159.8020347262
 20
186.6331364691
 10
159.681822605
 20
186.4783370708
 10
159.5993321532
 20
186.2800713171
 10
159.5573724842
 20
186.0450909103
 10
159.5573724842
 20
185.7813978262
 10
159.5993321532
 20
185.4979718168
 10
159.681822605
 20
185.2044646146
 10
159.8020347262
 20
184.9108712556
 10
159.9558748372
 20
184.6271897095
 10
160.1381040974
 20
184.3630804109
 10
160.3425169081
 20
184.1275372854
 10
160.5621522361
 20
183.9285814716
 10
160.7895306638
 20
183.772988171
  0
LINE
  5
859
330
1F
100
AcDbEntity
  8
0
  6
Continuous
 62
     7
370
    25
100
AcDbLine
 10
162.0269675309
 20
180.4048734346
 30
0.0
 11
158.1968057995
 21
182.6159787374
 31
0.0
  0
LINE
  5
85A
330
1F
100
AcDbEntity
  8
0
  6
Continuous
 62
     7
370
    25
100
AcDbLine
 10
158.1968057995
 20
182.6159787374
 30
0.0
 11
158.1968057995
 21
190.7813868563
 31
0.0
  0
LINE
  5
85B
330
1F
100
AcDbEntity
  8
0
  6
Continuous
 62
     7
370
    25
100
AcDbLine
 10
158.1968057995
 20
190.7813868563
 30
0.0
 11
162.0269675309
 21
188.5702815534
 31
0.0
  0
LINE
  5
85C
330
1F
100
AcDbEntity
  8
0
  6
Continuous
 62
     7
370
    25
100
AcDbLine
 10
162.0269675309
 20
188.5702815534
 30
0.0
 11
162.0269675309
 21
186.8011097943
 31
0.0
  0
LINE
  5
85D
330
1F
100
AcDbEntity
  8
0
  6
Continuous
 62
     7
370
    25
100
AcDbLine
 10
162.0269675309
 20
186.8011097943
 30
0.0
 11
162.7929998772
 21
186.3588887338
 31
0.0
  0
LINE
  5
85E
330
1F
100
AcDbEntity
  8
0
  6
Continuous
 62
     7
370
    25
100
AcDbLine
 10
162.7929998772
 20
186.3588887338
 30
0.0
 11
162.7929998772
 21
181.7318241331
 31
0.0
  0
LINE
  5
85F
330
1F
100
AcDbEntity
  8
0
  6
Continuous
 62
     7
370
    25
100
AcDbLine
 10
162.7929998772
 20
181.7318241331
 30
0.0
 11
162.0269675309
 21
182.1740451937
 31
0.0
  0
LINE
  5
860
330
1F
100
AcDbEntity
  8
0
  6
Continuous
 62
     7
370
    25
100
AcDbLine
 10
162.0269675309
 20
182.1740451937
 30
0.0
 11
162.0269675309
 21
180.4048734346
 31
0.0
  0
LINE
  5
861
330
1F
100
AcDbEntity
  8
0
  6
Continuous
 62
     7
370
    25
100
AcDbLine
 10
161.1430840544
 20
192.4822370892
 30
0.0
 11
158.1968057995
 21
190.7813868563
 31
0.0
  0
LINE
  5
862
330
1F
100
AcDbEntity
  8
0
  6
Continuous
 62
     7
370
    25
100
AcDbLine
 10
161.1430840544
 20
192.4822370892
 30
0.0
 11
164.9732457858
 21
190.2711317864
 31
0.0
  0
LINE
  5
863
330
1F
100
AcDbEntity
  8
0
  6
Continuous
 62
     7
370
    25
100
AcDbLine
 10
164.9732457858
 20
190.2711317864
 30
0.0
 11
162.0269675309
 21
188.5702815534
 31
0.0
  0
LWPOLYLINE
  5
864
330
1F
100
AcDbEntity
  8
0
  6
Continuous
 62
     7
370
    25
100
AcDbPolyline
 90
       25
 70
   128
 43
0.0
 10
162.7340743121
 20
188.7743504064
 10
162.9018359555
 20
188.8456927676
 10
163.0581649201
 20
188.8611645169
 10
163.1924076454
 20
188.8197112799
 10
163.2954157115
 20
188.7241580264
 10
163.3601692888
 20
188.5810165526
 10
163.3822555282
 20
188.4000417134
 10
163.3601692888
 20
188.193566645
 10
163.2954157115
 20
187.9756622822
 10
163.1924076454
 20
187.7611784471
 10
163.0581649201
 20
187.5647318586
 10
162.9018359555
 20
187.3997100272
 10
162.7340743121
 20
187.2773589179
 10
162.5663126687
 20
187.2060165566
 10
162.409983704
 20
187.1905448074
 10
162.2757409787
 20
187.2319980443
 10
162.1727329127
 20
187.3275512979
 10
162.1079793353
 20
187.4706927717
 10
162.085893096
 20
187.6516676109
 10
162.1079793353
 20
187.8581426793
 10
162.1727329127
 20
188.0760470421
 10
162.2757409787
 20
188.2905308772
 10
162.409983704
 20
188.4869774656
 10
162.5663126687
 20
188.6519992971
 10
162.7340743121
 20
188.7743504064
  0
LWPOLYLINE
  5
865
330
1F
100
AcDbEntity
  8
0
  6
Continuous
 62
     7
370
    25
100
AcDbPolyline
 90
       25
 70
   128
 43
0.0
 10
164.2661390046
 20
189.6587925275
 10
164.433900648
 20
189.7301348888
 10
164.5902296127
 20
189.745606638
 10
164.724472338
 20
189.7041534011
 10
164.827480404
 20
189.6086001475
 10
164.8922339814
 20
189.4654586737
 10
164.9143202207
 20
189.2844838345
 10
164.8922339814
 20
189.0780087662
 10
164.827480404
 20
188.8601044033
 10
164.724472338
 20
188.6456205682
 10
164.5902296127
 20
188.4491739798
 10
164.433900648
 20
188.2841521484
 10
164.2661390046
 20
188.161801039
 10
164.0983773612
 20
188.0904586778
 10
163.9420483966
 20
188.0749869285
 10
163.8078056713
 20
188.1164401655
 10
163.7047976052
 20
188.211993419
 10
163.6400440279
 20
188.3551348928
 10
163.6179577885
 20
188.536109732
 10
163.6400440279
 20
188.7425848004
 10
163.7047976052
 20
188.9604891632
 10
163.8078056713
 20
189.1749729983
 10
163.9420483966
 20
189.3714195868
 10
164.0983773612
 20
189.5364414182
 10
164.2661390046
 20
189.6587925275
  0
LINE
  5
866
330
1F
100
AcDbEntity
  8
0
  6
Continuous
 62
     7
370
    25
100
AcDbLine
 10
164.9732457858
 20
190.2711317864
 30
0.0
 11
164.9732457858
 21
188.5019600273
 31
0.0
  0
LINE
  5
867
330
1F
100
AcDbEntity
  8
0
  6
Continuous
 62
     7
370
    25
100
AcDbLine
 10
164.9732457858
 20
188.5019600273
 30
0.0
 11
162.0269675309
 21
186.8011097943
 31
0.0
  0
ARC
  5
868
330
1F
100
AcDbEntity
  8
0
  6
Continuous
 62
     7
370
    25
100
AcDbCircle
 10
161.4328759785
 20
188.7770204711
 30
0.0
 40
1.357921590822981
100
AcDbArc
 50
298.8628860586
 51
1.1424904741
  0
LINE
  5
869
330
1F
100
AcDbEntity
  8
0
  6
Continuous
 62
     7
370
    25
100
AcDbLine
 10
165.7392781321
 20
188.0597389667
 30
0.0
 11
162.7929998772
 21
186.3588887338
 31
0.0
  0
LINE
  5
86A
330
1F
100
AcDbEntity
  8
0
  6
Continuous
 62
     7
370
    25
100
AcDbLine
 10
165.7392781321
 20
188.0597389667
 30
0.0
 11
165.7392781321
 21
183.432674366
 31
0.0
  0
LINE
  5
86B
330
1F
100
AcDbEntity
  8
0
  6
Continuous
 62
     7
370
    25
100
AcDbLine
 10
165.7392781321
 20
183.432674366
 30
0.0
 11
162.7929998772
 21
181.7318241331
 31
0.0
  0
LINE
  5
86C
330
1F
100
AcDbEntity
  8
0
  6
Continuous
 62
     7
370
    25
100
AcDbLine
 10
164.9732457858
 20
188.5019600273
 30
0.0
 11
165.7392781321
 21
188.0597389667
 31
0.0
  0
ARC
  5
86D
330
1F
100
AcDbEntity
  8
0
  6
Continuous
 62
     7
370
    25
100
AcDbCircle
 10
161.7281964685
 20
188.6065355811
 30
0.0
 40
0.8047268698241055
100
AcDbArc
 50
298.9649718158
 51
1.0404047169
  0
ARC
  5
86E
330
1F
100
AcDbEntity
  8
0
  6
Continuous
 62
     7
370
    25
100
AcDbCircle
 10
162.9649406711
 20
189.6614625922
 30
0.0
 40
1.357921590823173
100
AcDbArc
 50
298.8628860586
 51
1.1424904741
  0
ARC
  5
86F
330
1F
100
AcDbEntity
  8
0
  6
Continuous
 62
     7
370
    25
100
AcDbCircle
 10
161.5604771601
 20
184.6931581673
 30
0.0
 40
0.949369424083726
100
AcDbArc
 50
235.6817460544
 51
283.0186436926
  0
LWPOLYLINE
  5
870
330
1F
100
AcDbEntity
  8
0
  6
Continuous
 62
     7
370
    25
100
AcDbPolyline
 90
       14
 70
   128
 43
0.0
 10
160.040423785
 20
186.7717466416
 10
160.0377369866
 20
186.7692044877
 10
159.9175248654
 20
186.6144050895
 10
159.8350344136
 20
186.4161393357
 10
159.7930747446
 20
186.1811589289
 10
159.7930747446
 20
185.9174658449
 10
159.8350344136
 20
185.6340398354
 10
159.9175248654
 20
185.3405326333
 10
160.0377369866
 20
185.0469392743
 10
160.1915770976
 20
184.7632577281
 10
160.3738063578
 20
184.4991484296
 10
160.5782191685
 20
184.2636053041
 10
160.7978544965
 20
184.0646494902
 10
161.0252329242
 20
183.9090561897
  0
ARC
  5
871
330
1F
100
AcDbEntity
  8
0
  6
Continuous
 62
     7
370
    25
100
AcDbCircle
 10
163.2602611611
 20
189.4909777022
 30
0.0
 40
0.804726869822827
100
AcDbArc
 50
298.9649718156
 51
1.0404047171
  0
LWPOLYLINE
  5
872
330
1F
100
AcDbEntity
  8
0
  6
Continuous
 62
     7
370
    25
100
AcDbPolyline
 90
       16
 70
   128
 43
0.0
 10
161.6293504918
 20
184.2915269018
 10
161.693245922
 20
184.3371985319
 10
161.7950393695
 20
184.4655099073
 10
161.8582315075
 20
184.6375717101
 10
161.8796536181
 20
184.8447560429
 10
161.8582315075
 20
185.0766738183
 10
161.7950393695
 20
185.3216957105
 10
161.693245922
 20
185.5675352987
 10
161.5579555134
 20
185.8018651596
 10
161.3959521697
 20
186.0129350153
 10
161.215359415
 20
186.1901609419
 10
161.0252329242
 20
186.3246560915
 10
160.8351064334
 20
186.4096763157
 10
160.6545136787
 20
186.4409583453
 10
160.492510335
 20
186.4169335689
 10
160.4211153566
 20
186.3844783192
  0
LINE
  5
873
330
1F
100
AcDbEntity
  8
0
  6
Continuous
 62
     7
370
    25
100
AcDbLine
 10
165.9495302939
 20
188.5506580028
 30
0.0
 11
165.4192097858
 21
188.2445104901
 31
0.0
  0
ARC
  5
874
330
1F
100
AcDbEntity
  8
0
  6
Continuous
 62
     7
370
    25
100
AcDbCircle
 10
160.7503781561
 20
185.179331957
 30
0.0
 40
6.19653308380486
100
AcDbArc
 50
27.0391058104
 51
32.9608943352
  0
LINE
  5
875
330
1F
100
AcDbEntity
  8
0
  6
Continuous
 62
     7
370
    25
100
AcDbLine
 10
165.7392781321
 20
187.6901137356
 30
0.0
 11
166.269608218
 21
187.9962667775
 31
0.0
  0
LINE
  5
876
330
1F
100
AcDbEntity
  8
0
  6
Continuous
 62
     7
370
    25
100
AcDbLine
 10
166.269608218
 20
184.2445206578
 30
0.0
 11
165.7392781321
 21
183.9383676159
 31
0.0
  0
LINE
  5
877
330
1F
100
AcDbEntity
  8
0
  6
Continuous
 62
     7
370
    25
100
AcDbLine
 10
166.269608218
 20
187.9962667775
 30
0.0
 11
166.269608218
 21
184.2445206578
 31
0.0
  0
LINE
  5
878
330
1F
100
AcDbEntity
  8
0
  6
Continuous
 62
     7
370
    25
100
AcDbLine
 10
164.9732457858
 20
189.1142550528
 30
0.0
 11
165.9495302939
 21
188.5506580028
 31
0.0
  0
LWPOLYLINE
  5
879
330
1F
100
AcDbEntity
  8
0
  6
Continuous
 62
     7
370
    25
100
AcDbPolyline
 90
       13
 70
   128
 43
0.0
 10
164.9116475814
 20
182.954893419
 10
164.8922339814
 20
182.8178625417
 10
164.827480404
 20
182.5999581789
 10
164.724472338
 20
182.3854743438
 10
164.5902296127
 20
182.1890277553
 10
164.433900648
 20
182.0240059239
 10
164.2661390046
 20
181.9016548146
 10
164.0983773612
 20
181.8303124533
 10
163.9420483966
 20
181.8148407041
 10
163.8078056713
 20
181.856293941
 10
163.7047976052
 20
181.9518471946
 10
163.6400440279
 20
182.0949886684
 10
163.6212680362
 20
182.2023250479
  0
LWPOLYLINE
  5
87A
330
1F
100
AcDbEntity
  8
0
  6
Continuous
 62
     7
370
    25
100
AcDbPolyline
 90
       17
 70
   128
 43
0.0
 10
163.3795828888
 20
182.0704512978
 10
163.3601692888
 20
181.9334204206
 10
163.2954157115
 20
181.7155160577
 10
163.1924076454
 20
181.5010322226
 10
163.0581649201
 20
181.3045856342
 10
162.9018359555
 20
181.1395638028
 10
162.7340743121
 20
181.0172126934
 10
162.5663126687
 20
180.9458703322
 10
162.409983704
 20
180.9303985829
 10
162.2757409787
 20
180.9718518199
 10
162.1727329127
 20
181.0674050734
 10
162.1079793353
 20
181.2105465472
 10
162.085893096
 20
181.3915213864
 10
162.1079793353
 20
181.5979964548
 10
162.1727329127
 20
181.8159008176
 10
162.2757409787
 20
182.0303846527
 10
162.2757611955
 20
182.0304196682
  0
LINE
  5
87B
330
1F
100
AcDbEntity
  8
0
  6
Continuous
 62
     7
370
    25
100
AcDbLine
 10
164.9732457858
 20
182.1057236675
 30
0.0
 11
162.0269675309
 21
180.4048734346
 31
0.0
  0
LINE
  5
87C
330
1F
100
AcDbEntity
  8
0
  6
Continuous
 62
     7
370
    25
100
AcDbLine
 10
164.9732457858
 20
182.9904533055
 30
0.0
 11
164.9732457858
 21
182.1057236675
 31
0.0
  0
ARC
  5
87D
330
1F
100
AcDbEntity
  8
0
  6
Continuous
 62
     7
370
    25
100
AcDbCircle
 10
161.4968356069
 20
182.435376324
 30
0.0
 40
1.255783971408099
100
AcDbArc
 50
298.1020989269
 51
331.7695373611
  0
ARC
  5
87E
330
1F
100
AcDbEntity
  8
0
  6
Continuous
 62
     7
370
    25
100
AcDbCircle
 10
161.7494399406
 20
182.3092922257
 30
0.0
 40
0.7619825731725959
100
AcDbArc
 50
298.9182735043
 51
331.6287287454
  0
LWPOLYLINE
  5
87F
330
1F
100
AcDbEntity
  8
0
  6
Continuous
 62
     7
370
    25
100
AcDbPolyline
 90
        3
 70
   128
 43
0.0
 10
163.6937795417
 20
182.2518331647
 10
163.6768833536
 20
182.2418248612
 10
163.6599871656
 20
182.2323252412
  0
ARC
  5
880
330
1F
100
AcDbEntity
  8
0
  6
Continuous
 62
     7
370
    25
100
AcDbCircle
 10
165.5150913974
 20
185.1810344637
 30
0.0
 40
1.202644478300996
100
AcDbArc
 50
300.0094622243
 51
308.8571928248
  0
LWPOLYLINE
  5
881
330
1F
100
AcDbEntity
  8
0
  6
Continuous
 62
     7
370
    25
100
AcDbPolyline
 90
        9
 70
   128
 43
0.0
 10
121.4272531778
 20
209.354240125
 10
121.1998747501
 20
209.4611723691
 10
120.9802394221
 20
209.5158021072
 10
120.7758266114
 20
209.5162689893
 10
120.5935973511
 20
209.4625571163
 10
120.4397572402
 20
209.3564955815
 10
120.319545119
 20
209.2016961832
 10
120.2370546672
 20
209.0034304295
 10
120.2133865367
 20
208.9036145025
  0
LWPOLYLINE
  5
882
330
1F
100
AcDbEntity
  8
0
  6
Continuous
 62
     7
370
    25
100
AcDbPolyline
 90
       11
 70
   128
 43
0.0
 10
120.2133865367
 20
208.348473498
 10
120.2370546672
 20
208.2213309292
 10
120.319545119
 20
207.927823727
 10
120.4397572402
 20
207.634230368
 10
120.5935973511
 20
207.3505488219
 10
120.7758266114
 20
207.0864395233
 10
120.9802394221
 20
206.8508963978
 10
121.1998747501
 20
206.651940584
 10
121.4272531778
 20
206.4963472834
 10
121.6546316054
 20
206.3894150394
 10
121.6629554381
 20
206.3864406793
  0
LWPOLYLINE
  5
883
330
1F
100
AcDbEntity
  8
0
  6
Continuous
 62
     7
370
    25
100
AcDbPolyline
 90
        3
 70
   128
 43
0.0
 10
121.6629554381
 20
209.1920106919
 10
121.6546316054
 20
209.1986468245
 10
121.4272531778
 20
209.354240125
  0
LINE
  5
884
330
1F
100
AcDbEntity
  8
0
  6
Continuous
 62
     7
370
    25
100
AcDbLine
 10
120.4834863522
 20
212.5528227551
 30
0.0
 11
121.6629554381
 21
211.871929745
 31
0.0
  0
LINE
  5
885
330
1F
100
AcDbEntity
  8
0
  6
Continuous
 62
     7
370
    25
100
AcDbLine
 10
121.6629554381
 20
203.7065216262
 30
0.0
 11
120.2133865367
 21
204.5433399408
 31
0.0
  0
LINE
  5
886
330
1F
100
AcDbEntity
  8
0
  6
Continuous
 62
     7
370
    25
100
AcDbLine
 10
126.3770006461
 20
212.5522698382
 30
0.0
 11
126.6067519251
 21
212.419637248
 31
0.0
  0
LINE
  5
887
330
1F
100
AcDbEntity
  8
0
  6
Continuous
 62
     7
370
    25
100
AcDbLine
 10
126.966256297
 20
207.1840116253
 30
0.0
 11
126.966256297
 21
206.3534194663
 31
0.0
  0
LWPOLYLINE
  5
888
330
1F
100
AcDbEntity
  8
0
  6
Continuous
 62
     7
370
    25
100
AcDbPolyline
 90
       14
 70
   128
 43
0.0
 10
120.6781462989
 20
209.495105754
 10
120.6754595005
 20
209.4925636001
 10
120.5552473794
 20
209.3377642019
 10
120.4727569276
 20
209.1394984481
 10
120.4307972586
 20
208.9045180413
 10
120.4307972586
 20
208.6408249573
 10
120.4727569276
 20
208.3573989478
 10
120.5552473794
 20
208.0638917457
 10
120.6754595005
 20
207.7702983867
 10
120.8292996115
 20
207.4866168405
 10
121.0115288718
 20
207.222507542
 10
121.2159416825
 20
206.9869644165
 10
121.4355770105
 20
206.7880086026
 10
121.6629554381
 20
206.6324153021
  0
ARC
  5
889
330
1F
100
AcDbEntity
  8
0
  6
Continuous
 62
     7
370
    25
100
AcDbCircle
 10
121.3105954201
 20
208.5699569486
 30
0.0
 40
0.5938832189286597
100
AcDbArc
 50
53.6073712523
 51
115.0821703186
  0
ARC
  5
88A
330
1F
100
AcDbEntity
  8
0
  6
Continuous
 62
     7
370
    25
100
AcDbCircle
 10
122.6768854075
 20
208.6574630681
 30
0.0
 40
1.250702008138818
100
AcDbArc
 50
182.3699553584
 51
215.8367272909
  0
LWPOLYLINE
  5
88B
330
1F
100
AcDbEntity
  8
0
  6
Continuous
 62
     7
370
    25
100
AcDbPolyline
 90
       11
 70
   128
 43
0.0
 10
120.2133865367
 20
196.1004966989
 10
120.2370546672
 20
195.97335413
 10
120.319545119
 20
195.6798469279
 10
120.4397572402
 20
195.3862535689
 10
120.5935973511
 20
195.1025720228
 10
120.7758266114
 20
194.8384627242
 10
120.9802394221
 20
194.6029195987
 10
121.1998747501
 20
194.4039637849
 10
121.4272531778
 20
194.2483704843
 10
121.6546316054
 20
194.1414382403
 10
121.6629554381
 20
194.1384638802
  0
LINE
  5
88C
330
1F
100
AcDbEntity
  8
0
  6
Continuous
 62
     7
370
    25
100
AcDbLine
 10
121.6629554381
 20
191.4585448271
 30
0.0
 11
120.2133865367
 21
192.2953631417
 31
0.0
  0
ARC
  5
88D
330
1F
100
AcDbEntity
  8
0
  6
Continuous
 62
     7
370
    25
100
AcDbCircle
 10
123.1529831299
 20
196.6846823969
 30
0.0
 40
2.740675919188899
100
AcDbArc
 50
189.1998866356
 51
237.0660671678
  0
LINE
  5
88E
330
1F
100
AcDbEntity
  8
0
  6
Continuous
 62
     7
370
    25
100
AcDbLine
 10
143.606835881
 20
201.4051169894
 30
0.0
 11
143.606835881
 21
203.2871436029
 31
0.0
  0
LINE
  5
88F
330
1F
100
AcDbEntity
  8
0
  6
Continuous
 62
     7
370
    25
100
AcDbLine
 10
143.606835881
 20
208.7303066819
 30
0.0
 11
143.606835881
 21
209.5705251083
 31
0.0
  0
LINE
  5
890
330
1F
100
AcDbEntity
  8
0
  6
Continuous
 62
     7
370
    25
100
AcDbLine
 10
143.606835881
 20
209.5705251083
 30
0.0
 11
139.7766741495
 21
211.7816304111
 31
0.0
  0
LINE
  5
891
330
1F
100
AcDbEntity
  8
0
  6
Continuous
 62
     7
370
    25
100
AcDbLine
 10
139.7766741495
 20
211.7816304111
 30
0.0
 11
142.1336967535
 21
213.1423105975
 31
0.0
  0
LINE
  5
892
330
1F
100
AcDbEntity
  8
0
  6
Continuous
 62
     7
370
    25
100
AcDbLine
 10
143.606835881
 20
212.291885481
 30
0.0
 11
142.1336967535
 21
213.1423105975
 31
0.0
  0
LINE
  5
893
330
1F
100
AcDbEntity
  8
0
  6
Continuous
 62
     7
370
    25
100
AcDbLine
 10
139.7766741495
 20
211.7816304111
 30
0.0
 11
139.7766741495
 21
210.9414119848
 31
0.0
  0
LINE
  5
894
330
1F
100
AcDbEntity
  8
0
  6
Continuous
 62
     7
370
    25
100
AcDbLine
 10
140.6568437445
 20
203.1081112006
 30
0.0
 11
143.606835881
 21
201.4051169894
 31
0.0
  0
LINE
  5
895
330
1F
100
AcDbEntity
  8
0
  6
Continuous
 62
     7
370
    25
100
AcDbLine
 10
143.606835881
 20
213.6530937885
 30
0.0
 11
143.606835881
 21
221.8185019074
 31
0.0
  0
LINE
  5
896
330
1F
100
AcDbEntity
  8
0
  6
Continuous
 62
     7
370
    25
100
AcDbLine
 10
143.606835881
 20
221.8185019074
 30
0.0
 11
140.070344191
 21
223.8600751039
 31
0.0
  0
LINE
  5
897
330
1F
100
AcDbEntity
  8
0
  6
Continuous
 62
     7
370
    25
100
AcDbLine
 10
143.606835881
 20
224.5398622801
 30
0.0
 11
142.427366795
 21
225.2207552903
 31
0.0
  0
LWPOLYLINE
  5
898
330
1F
100
AcDbEntity
  8
0
  6
Continuous
 62
     7
370
    25
100
AcDbPolyline
 90
       36
 70
   128
 43
0.0
 10
141.0141110166
 20
220.7295375414
 10
140.7826365662
 20
220.8391076282
 10
140.5586018951
 20
220.8970415041
 10
140.3492076619
 20
220.9014771267
 10
140.1611839696
 20
220.8522719313
 10
140.0005740545
 20
220.7510074135
 10
139.8725400512
 20
220.6009382982
 10
139.781197078
 20
220.4068879302
 10
139.7294809733
 20
220.175093248
 10
139.7190539352
 20
219.9130043234
 10
139.7502510972
 20
219.6290449101
 10
139.8220697569
 20
219.3323416974
 10
139.9322016036
 20
219.0324309705
 10
140.077106909
 20
218.738952107
 10
140.2521282974
 20
218.461337759
 10
140.4516404373
 20
218.2085106802
 10
140.6692308445
 20
217.9885969409
 10
140.8979059841
 20
217.8086647495
 10
141.1303160491
 20
217.6744972748
 10
141.3589911888
 20
217.5904067698
 10
141.5765815959
 20
217.5590959725
 10
141.7760937359
 20
217.5815712377
 10
141.9511151243
 20
217.6571101919
 10
142.0960204296
 20
217.783284951
 10
142.2061522763
 20
217.9560401543
 10
142.2779709361
 20
218.1698233076
 10
142.3091680981
 20
218.4177632442
 10
142.2987410599
 20
218.6918909708
 10
142.2470249552
 20
218.9833957965
 10
142.1556819821
 20
219.2829085165
 10
142.0276479788
 20
219.5808025455
 10
141.8670380636
 20
219.8675033243
 10
141.6790143713
 20
220.1337960539
 10
141.4696201382
 20
220.3711218669
 10
141.245585467
 20
220.5718529165
 10
141.0141110166
 20
220.7295375414
  0
LINE
  5
899
330
1F
100
AcDbEntity
  8
0
  6
Continuous
 62
     7
370
    25
100
AcDbLine
 10
139.0106418033
 20
218.0755919111
 30
0.0
 11
139.7766741495
 21
217.6333708505
 31
0.0
  0
LINE
  5
89A
330
1F
100
AcDbEntity
  8
0
  6
Continuous
 62
     7
370
    25
100
AcDbLine
 10
139.0106418033
 20
222.7026565117
 30
0.0
 11
139.0106418033
 21
218.0755919111
 31
0.0
  0
LINE
  5
89B
330
1F
100
AcDbEntity
  8
0
  6
Continuous
 62
     7
370
    25
100
AcDbLine
 10
139.7766741495
 20
222.2604354512
 30
0.0
 11
139.0106418033
 21
222.7026565117
 31
0.0
  0
LINE
  5
89C
330
1F
100
AcDbEntity
  8
0
  6
Continuous
 62
     7
370
    25
100
AcDbLine
 10
139.7766741495
 20
223.6905429975
 30
0.0
 11
139.7766741495
 21
222.2604354512
 31
0.0
  0
LINE
  5
89D
330
1F
100
AcDbEntity
  8
0
  6
Continuous
 62
     7
370
    25
100
AcDbLine
 10
139.7766741495
 20
215.8641990914
 30
0.0
 11
143.606835881
 21
213.6530937885
 31
0.0
  0
LINE
  5
89E
330
1F
100
AcDbEntity
  8
0
  6
Continuous
 62
     7
370
    25
100
AcDbLine
 10
139.7766741495
 20
217.6333708505
 30
0.0
 11
139.7766741495
 21
215.8641990914
 31
0.0
  0
LWPOLYLINE
  5
89F
330
1F
100
AcDbEntity
  8
0
  6
Continuous
 62
     7
370
    25
100
AcDbPolyline
 90
       15
 70
   128
 43
0.0
 10
140.5643682219
 20
220.896193728
 10
140.5472294243
 20
220.8491089907
 10
140.4955133196
 20
220.6173143085
 10
140.4850862814
 20
220.355225384
 10
140.5162834435
 20
220.0712659707
 10
140.5881021032
 20
219.7745627579
 10
140.6982339499
 20
219.474652031
 10
140.8431392553
 20
219.1811731675
 10
141.0181606436
 20
218.9035588196
 10
141.2176727836
 20
218.6507317408
 10
141.4352631907
 20
218.4308180014
 10
141.6639383304
 20
218.2508858101
 10
141.8963483954
 20
218.1167183354
 10
142.1250235351
 20
218.0326278304
 10
142.2298861576
 20
218.0111194386
  0
LWPOLYLINE
  5
8A0
330
1F
100
AcDbEntity
  8
0
  6
Continuous
 62
     7
370
    25
100
AcDbPolyline
 90
       15
 70
   128
 43
0.0
 10
141.5530681298
 20
220.2828979016
 10
141.5145917409
 20
220.2778385883
 10
141.4115844676
 20
220.226934881
 10
141.3413252695
 20
220.1269686445
 10
141.3100569848
 20
219.9868223175
 10
141.3205579377
 20
219.8189485162
 10
141.3718950724
 20
219.6382635645
 10
141.4595068594
 20
219.4608221134
 10
141.5756086068
 20
219.3023906144
 10
141.7098841648
 20
219.1770464015
 10
141.850402561
 20
219.0959268581
 10
141.984678119
 20
219.0662398116
 10
142.1007798664
 20
219.0906230863
 10
142.1883916534
 20
219.1669101214
 10
142.1932154693
 20
219.1740100349
  0
LINE
  5
8A1
330
1F
100
AcDbEntity
  8
0
  6
Continuous
 62
     7
370
    25
100
AcDbLine
 10
139.0106418033
 20
222.7026565117
 30
0.0
 11
139.7766741495
 21
223.1448775723
 31
0.0
  0
LWPOLYLINE
  5
8A2
330
1F
100
AcDbEntity
  8
0
  6
Continuous
 62
     7
370
    25
100
AcDbPolyline
 90
       36
 70
   128
 43
0.0
 10
180.3763885026
 20
182.7640832739
 10
180.6078629531
 20
182.6545131871
 10
180.8318976242
 20
182.5965793112
 10
181.0412918573
 20
182.5921436886
 10
181.2293155496
 20
182.641348884
 10
181.3899254648
 20
182.7426134018
 10
181.5179594681
 20
182.8926825171
 10
181.6093024412
 20
183.0867328851
 10
181.661018546
 20
183.3185275673
 10
181.6714455841
 20
183.5806164919
 10
181.6402484221
 20
183.8645759052
 10
181.5684297623
 20
184.1612791179
 10
181.4582979157
 20
184.4611898448
 10
181.3133926103
 20
184.7546687083
 10
181.1383712219
 20
185.0322830563
 10
180.938859082
 20
185.2851101351
 10
180.7212686748
 20
185.5050238744
 10
180.4925935351
 20
185.6849560658
 10
180.2601834701
 20
185.8191235405
 10
180.0315083305
 20
185.9032140455
 10
179.8139179233
 20
185.9345248428
 10
179.6144057834
 20
185.9120495776
 10
179.439384395
 20
185.8365106234
 10
179.2944790896
 20
185.7103358643
 10
179.184347243
 20
185.537580661
 10
179.1125285832
 20
185.3237975077
 10
179.0813314212
 20
185.0758575711
 10
179.0917584593
 20
184.8017298445
 10
179.143474564
 20
184.5102250188
 10
179.2348175372
 20
184.2107122988
 10
179.3628515405
 20
183.9128182698
 10
179.5234614556
 20
183.626117491
 10
179.7114851479
 20
183.3598247614
 10
179.9208793811
 20
183.1224989484
 10
180.1449140522
 20
182.9217678988
 10
180.3763885026
 20
182.7640832739
  0
LINE
  5
8A3
330
1F
100
AcDbEntity
  8
0
  6
Continuous
 62
     7
370
    25
100
AcDbLine
 10
182.379857716
 20
185.4180289042
 30
0.0
 11
181.6138253697
 21
185.8602499648
 31
0.0
  0
LINE
  5
8A4
330
1F
100
AcDbEntity
  8
0
  6
Continuous
 62
     7
370
    25
100
AcDbLine
 10
182.379857716
 20
180.7909643036
 30
0.0
 11
182.379857716
 21
185.4180289042
 31
0.0
  0
LINE
  5
8A5
330
1F
100
AcDbEntity
  8
0
  6
Continuous
 62
     7
370
    25
100
AcDbLine
 10
181.6138253697
 20
181.2331853641
 30
0.0
 11
182.379857716
 21
180.7909643036
 31
0.0
  0
LINE
  5
8A6
330
1F
100
AcDbEntity
  8
0
  6
Continuous
 62
     7
370
    25
100
AcDbLine
 10
181.6138253697
 20
179.464013605
 30
0.0
 11
181.6138253697
 21
181.2331853641
 31
0.0
  0
LINE
  5
8A7
330
1F
100
AcDbEntity
  8
0
  6
Continuous
 62
     7
370
    25
100
AcDbLine
 10
177.7836636383
 20
181.6751189079
 30
0.0
 11
181.6138253697
 21
179.464013605
 31
0.0
  0
LINE
  5
8A8
330
1F
100
AcDbEntity
  8
0
  6
Continuous
 62
     7
370
    25
100
AcDbLine
 10
177.7836636383
 20
189.8405270268
 30
0.0
 11
177.7836636383
 21
181.6751189079
 31
0.0
  0
LINE
  5
8A9
330
1F
100
AcDbEntity
  8
0
  6
Continuous
 62
     7
370
    25
100
AcDbLine
 10
181.6138253697
 20
187.6294217239
 30
0.0
 11
177.7836636383
 21
189.8405270268
 31
0.0
  0
LINE
  5
8AA
330
1F
100
AcDbEntity
  8
0
  6
Continuous
 62
     7
370
    25
100
AcDbLine
 10
181.6138253697
 20
185.8602499648
 30
0.0
 11
181.6138253697
 21
187.6294217239
 31
0.0
  0
LWPOLYLINE
  5
8AB
330
1F
100
AcDbEntity
  8
0
  6
Continuous
 62
     7
370
    25
100
AcDbPolyline
 90
       25
 70
   128
 43
0.0
 10
182.7923366717
 20
188.1056266141
 10
182.6245750283
 20
187.9832755048
 10
182.4682460636
 20
187.8182536734
 10
182.3340033383
 20
187.621807085
 10
182.2309952723
 20
187.4073232499
 10
182.1662416949
 20
187.189418887
 10
182.1441554556
 20
186.9829438186
 10
182.1662416949
 20
186.8019689794
 10
182.2309952723
 20
186.6588275056
 10
182.3340033383
 20
186.5632742521
 10
182.4682460636
 20
186.5218210151
 10
182.6245750283
 20
186.5372927644
 10
182.7923366717
 20
186.6086351257
 10
182.9600983151
 20
186.730986235
 10
183.1164272797
 20
186.8960080664
 10
183.250670005
 20
187.0924546548
 10
183.3536780711
 20
187.3069384899
 10
183.4184316484
 20
187.5248428528
 10
183.4405178878
 20
187.7313179211
 10
183.4184316484
 20
187.9122927603
 10
183.3536780711
 20
188.0554342342
 10
183.250670005
 20
188.1509874877
 10
183.1164272797
 20
188.1924407246
 10
182.9600983151
 20
188.1769689754
 10
182.7923366717
 20
188.1056266141
  0
LINE
  5
8AC
330
1F
100
AcDbEntity
  8
0
  6
Continuous
 62
     7
370
    25
100
AcDbLine
 10
181.6138253697
 20
185.8602499648
 30
0.0
 11
183.9708479737
 21
187.2209301512
 31
0.0
  0
LINE
  5
8AD
330
1F
100
AcDbEntity
  8
0
  6
Continuous
 62
     7
370
    25
100
AcDbLine
 10
181.6138253697
 20
187.6294217239
 30
0.0
 11
183.9708479737
 21
188.9901019103
 31
0.0
  0
LINE
  5
8AE
330
1F
100
AcDbEntity
  8
0
  6
Continuous
 62
     7
370
    25
100
AcDbLine
 10
183.9708479737
 20
187.2209301512
 30
0.0
 11
183.9708479737
 21
188.9901019103
 31
0.0
  0
LINE
  5
8AF
330
1F
100
AcDbEntity
  8
0
  6
Continuous
 62
     7
370
    25
100
AcDbLine
 10
177.7836636383
 20
189.8405270268
 30
0.0
 11
180.1406862422
 21
191.2012072131
 31
0.0
  0
LINE
  5
8B0
330
1F
100
AcDbEntity
  8
0
  6
Continuous
 62
     7
370
    25
100
AcDbLine
 10
183.9708479737
 20
188.9901019103
 30
0.0
 11
180.1406862422
 21
191.2012072131
 31
0.0
  0
ARC
  5
8B1
330
1F
100
AcDbEntity
  8
0
  6
Continuous
 62
     7
370
    25
100
AcDbCircle
 10
181.4911383382
 20
188.1082966788
 30
0.0
 40
1.357921590822797
100
AcDbArc
 50
298.8628860586
 51
1.1424904741
  0
LINE
  5
8B2
330
1F
100
AcDbEntity
  8
0
  6
Continuous
 62
     7
370
    25
100
AcDbLine
 10
182.379857716
 20
185.4180289042
 30
0.0
 11
184.7368803199
 21
186.7787090906
 31
0.0
  0
LINE
  5
8B3
330
1F
100
AcDbEntity
  8
0
  6
Continuous
 62
     7
370
    25
100
AcDbLine
 10
184.7368803199
 20
186.7787090906
 30
0.0
 11
183.9708479737
 21
187.2209301512
 31
0.0
  0
LINE
  5
8B4
330
1F
100
AcDbEntity
  8
0
  6
Continuous
 62
     7
370
    25
100
AcDbLine
 10
182.379857716
 20
180.7909643036
 30
0.0
 11
184.7368803199
 21
182.1516444899
 31
0.0
  0
LINE
  5
8B5
330
1F
100
AcDbEntity
  8
0
  6
Continuous
 62
     7
370
    25
100
AcDbLine
 10
184.7368803199
 20
182.1516444899
 30
0.0
 11
184.7368803199
 21
186.7787090906
 31
0.0
  0
ARC
  5
8B6
330
1F
100
AcDbEntity
  8
0
  6
Continuous
 62
     7
370
    25
100
AcDbCircle
 10
181.7864588282
 20
187.9378117888
 30
0.0
 40
0.8047268697556403
100
AcDbArc
 50
298.9649718034
 51
1.0404047288
  0
LWPOLYLINE
  5
8B7
330
1F
100
AcDbEntity
  8
0
  6
Continuous
 62
     7
370
    25
100
AcDbPolyline
 90
        3
 70
   128
 43
0.0
 10
181.1424208489
 20
183.2063043344
 10
181.3738952993
 20
183.0967342476
 10
181.5921636436
 20
183.0396481479
  0
LWPOLYLINE
  5
8B8
330
1F
100
AcDbEntity
  8
0
  6
Continuous
 62
     7
370
    25
100
AcDbPolyline
 90
       12
 70
   128
 43
0.0
 10
179.9266457079
 20
185.9247224373
 10
179.8785609295
 20
185.7660185683
 10
179.8473637674
 20
185.5180786316
 10
179.8577908056
 20
185.2439509051
 10
179.9095069103
 20
184.9524460793
 10
180.0008498835
 20
184.6529333593
 10
180.1288838868
 20
184.3550393304
 10
180.2894938019
 20
184.0683385516
 10
180.4775174942
 20
183.802045822
 10
180.6869117274
 20
183.564720009
 10
180.9109463985
 20
183.3639889594
 10
181.1424208489
 20
183.2063043344
  0
ARC
  5
8B9
330
1F
100
AcDbEntity
  8
0
  6
Continuous
 62
     7
370
    25
100
AcDbCircle
 10
181.3281126456
 20
184.3782025447
 30
0.0
 40
0.2873318221429582
100
AcDbArc
 50
229.7395965714
 51
322.3119394421
  0
LWPOLYLINE
  5
8BA
330
1F
100
AcDbEntity
  8
0
  6
Continuous
 62
     7
370
    25
100
AcDbPolyline
 90
       10
 70
   128
 43
0.0
 10
180.9153456158
 20
185.3114266109
 10
180.8217843454
 20
185.2874398501
 10
180.7341725585
 20
185.2111528151
 10
180.6828354237
 20
185.0897404576
 10
180.6723344708
 20
184.9339907984
 10
180.7036027555
 20
184.7577428783
 10
180.7738619536
 20
184.5766570983
 10
180.8768692269
 20
184.4068237248
 10
181.0034719272
 20
184.2633331983
 10
181.1424208489
 20
184.1589352816
  0
LWPOLYLINE
  5
8BB
330
1F
100
AcDbEntity
  8
0
  6
Continuous
 62
     7
370
    25
100
AcDbPolyline
 90
        8
 70
   128
 43
0.0
 10
182.7923366717
 20
180.3484889012
 10
182.6245750283
 20
180.2771465399
 10
182.4682460636
 20
180.2616747907
 10
182.3340033383
 20
180.3031280276
 10
182.2309952723
 20
180.3986812812
 10
182.1662416949
 20
180.541822755
 10
182.1441554556
 20
180.7227975942
 10
182.1635697526
 20
180.9158246871
  0
ARC
  5
8BC
330
1F
100
AcDbEntity
  8
0
  6
Continuous
 62
     7
370
    25
100
AcDbCircle
 10
182.0389349562
 20
181.5346623894
 30
0.0
 40
1.405212328795599
100
AcDbArc
 50
302.421796385
 51
354.5716285606
  0
LINE
  5
8BD
330
1F
100
AcDbEntity
  8
0
  6
Continuous
 62
     7
370
    25
100
AcDbLine
 10
181.6138253697
 20
179.464013605
 30
0.0
 11
183.9708479737
 21
180.8246937914
 31
0.0
  0
LINE
  5
8BE
330
1F
100
AcDbEntity
  8
0
  6
Continuous
 62
     7
370
    25
100
AcDbLine
 10
183.9708479737
 20
180.8246937914
 30
0.0
 11
183.9708479737
 21
181.7094234294
 31
0.0
  0
LWPOLYLINE
  5
8BF
330
1F
100
AcDbEntity
  8
0
  6
Continuous
 62
     7
370
    25
100
AcDbPolyline
 90
        3
 70
   128
 43
0.0
 10
182.3606349508
 20
180.8020613697
 10
182.2030810207
 20
180.6886589478
 10
182.1466277177
 20
180.6589134216
  0
LWPOLYLINE
  5
8C0
330
1F
100
AcDbEntity
  8
0
  6
Continuous
 62
     7
370
    25
100
AcDbPolyline
 90
       36
 70
   128
 43
0.0
 10
180.3763885026
 20
195.0121954522
 10
180.6078629531
 20
194.9026253653
 10
180.8318976242
 20
194.8446914894
 10
181.0412918573
 20
194.8402558669
 10
181.2293155496
 20
194.8894610623
 10
181.3899254648
 20
194.9907255801
 10
181.5179594681
 20
195.1407946954
 10
181.6093024412
 20
195.3348450634
 10
181.661018546
 20
195.5666397456
 10
181.6714455841
 20
195.8287286702
 10
181.6402484221
 20
196.1126880835
 10
181.5684297623
 20
196.4093912962
 10
181.4582979157
 20
196.7093020231
 10
181.3133926103
 20
197.0027808866
 10
181.1383712219
 20
197.2803952346
 10
180.938859082
 20
197.5332223134
 10
180.7212686748
 20
197.7531360527
 10
180.4925935351
 20
197.9330682441
 10
180.2601834701
 20
198.0672357188
 10
180.0315083305
 20
198.1513262238
 10
179.8139179233
 20
198.1826370211
 10
179.6144057834
 20
198.1601617559
 10
179.439384395
 20
198.0846228016
 10
179.2944790896
 20
197.9584480426
 10
179.184347243
 20
197.7856928393
 10
179.1125285832
 20
197.571909686
 10
179.0813314212
 20
197.3239697494
 10
179.0917584593
 20
197.0498420228
 10
179.143474564
 20
196.7583371971
 10
179.2348175372
 20
196.4588244771
 10
179.3628515405
 20
196.1609304481
 10
179.5234614556
 20
195.8742296693
 10
179.7114851479
 20
195.6079369397
 10
179.9208793811
 20
195.3706111267
 10
180.1449140522
 20
195.1698800771
 10
180.3763885026
 20
195.0121954522
  0
LINE
  5
8C1
330
1F
100
AcDbEntity
  8
0
  6
Continuous
 62
     7
370
    25
100
AcDbLine
 10
182.379857716
 20
197.6661410825
 30
0.0
 11
181.6138253697
 21
198.1083621431
 31
0.0
  0
LINE
  5
8C2
330
1F
100
AcDbEntity
  8
0
  6
Continuous
 62
     7
370
    25
100
AcDbLine
 10
182.379857716
 20
193.0390764819
 30
0.0
 11
182.379857716
 21
197.6661410825
 31
0.0
  0
LINE
  5
8C3
330
1F
100
AcDbEntity
  8
0
  6
Continuous
 62
     7
370
    25
100
AcDbLine
 10
181.6138253697
 20
193.4812975424
 30
0.0
 11
182.379857716
 21
193.0390764819
 31
0.0
  0
LINE
  5
8C4
330
1F
100
AcDbEntity
  8
0
  6
Continuous
 62
     7
370
    25
100
AcDbLine
 10
181.6138253697
 20
191.7121257833
 30
0.0
 11
181.6138253697
 21
193.4812975424
 31
0.0
  0
LINE
  5
8C5
330
1F
100
AcDbEntity
  8
0
  6
Continuous
 62
     7
370
    25
100
AcDbLine
 10
177.7836636383
 20
193.9232310862
 30
0.0
 11
181.6138253697
 21
191.7121257833
 31
0.0
  0
LINE
  5
8C6
330
1F
100
AcDbEntity
  8
0
  6
Continuous
 62
     7
370
    25
100
AcDbLine
 10
177.7836636383
 20
202.088639205
 30
0.0
 11
177.7836636383
 21
193.9232310862
 31
0.0
  0
LINE
  5
8C7
330
1F
100
AcDbEntity
  8
0
  6
Continuous
 62
     7
370
    25
100
AcDbLine
 10
181.6138253697
 20
199.8775339022
 30
0.0
 11
177.7836636383
 21
202.088639205
 31
0.0
  0
LINE
  5
8C8
330
1F
100
AcDbEntity
  8
0
  6
Continuous
 62
     7
370
    25
100
AcDbLine
 10
181.6138253697
 20
198.1083621431
 30
0.0
 11
181.6138253697
 21
199.8775339022
 31
0.0
  0
LWPOLYLINE
  5
8C9
330
1F
100
AcDbEntity
  8
0
  6
Continuous
 62
     7
370
    25
100
AcDbPolyline
 90
       25
 70
   128
 43
0.0
 10
182.7923366717
 20
200.3537387924
 10
182.6245750283
 20
200.2313876831
 10
182.4682460636
 20
200.0663658517
 10
182.3340033383
 20
199.8699192632
 10
182.2309952723
 20
199.6554354281
 10
182.1662416949
 20
199.4375310653
 10
182.1441554556
 20
199.2310559969
 10
182.1662416949
 20
199.0500811577
 10
182.2309952723
 20
198.9069396839
 10
182.3340033383
 20
198.8113864304
 10
182.4682460636
 20
198.7699331934
 10
182.6245750283
 20
198.7854049427
 10
182.7923366717
 20
198.8567473039
 10
182.9600983151
 20
198.9790984133
 10
183.1164272797
 20
199.1441202447
 10
183.250670005
 20
199.3405668331
 10
183.3536780711
 20
199.5550506682
 10
183.4184316484
 20
199.7729550311
 10
183.4405178878
 20
199.9794300994
 10
183.4184316484
 20
200.1604049386
 10
183.3536780711
 20
200.3035464124
 10
183.250670005
 20
200.399099666
 10
183.1164272797
 20
200.4405529029
 10
182.9600983151
 20
200.4250811537
 10
182.7923366717
 20
200.3537387924
  0
LINE
  5
8CA
330
1F
100
AcDbEntity
  8
0
  6
Continuous
 62
     7
370
    25
100
AcDbLine
 10
181.6138253697
 20
198.1083621431
 30
0.0
 11
183.9708479737
 21
199.4690423295
 31
0.0
  0
LINE
  5
8CB
330
1F
100
AcDbEntity
  8
0
  6
Continuous
 62
     7
370
    25
100
AcDbLine
 10
181.6138253697
 20
199.8775339022
 30
0.0
 11
183.9708479737
 21
201.2382140886
 31
0.0
  0
LINE
  5
8CC
330
1F
100
AcDbEntity
  8
0
  6
Continuous
 62
     7
370
    25
100
AcDbLine
 10
183.9708479737
 20
199.4690423295
 30
0.0
 11
183.9708479737
 21
201.2382140886
 31
0.0
  0
LINE
  5
8CD
330
1F
100
AcDbEntity
  8
0
  6
Continuous
 62
     7
370
    25
100
AcDbLine
 10
177.7836636383
 20
202.088639205
 30
0.0
 11
180.1406862422
 21
203.4493193914
 31
0.0
  0
LINE
  5
8CE
330
1F
100
AcDbEntity
  8
0
  6
Continuous
 62
     7
370
    25
100
AcDbLine
 10
183.9708479737
 20
201.2382140886
 30
0.0
 11
180.1406862422
 21
203.4493193914
 31
0.0
  0
ARC
  5
8CF
330
1F
100
AcDbEntity
  8
0
  6
Continuous
 62
     7
370
    25
100
AcDbCircle
 10
181.4911383382
 20
200.3564088571
 30
0.0
 40
1.357921590823174
100
AcDbArc
 50
298.8628860586
 51
1.1424904741
  0
LINE
  5
8D0
330
1F
100
AcDbEntity
  8
0
  6
Continuous
 62
     7
370
    25
100
AcDbLine
 10
182.379857716
 20
197.6661410825
 30
0.0
 11
184.7368803199
 21
199.0268212689
 31
0.0
  0
LINE
  5
8D1
330
1F
100
AcDbEntity
  8
0
  6
Continuous
 62
     7
370
    25
100
AcDbLine
 10
184.7368803199
 20
199.0268212689
 30
0.0
 11
183.9708479737
 21
199.4690423295
 31
0.0
  0
LINE
  5
8D2
330
1F
100
AcDbEntity
  8
0
  6
Continuous
 62
     7
370
    25
100
AcDbLine
 10
182.379857716
 20
193.0390764819
 30
0.0
 11
184.7368803199
 21
194.3997566682
 31
0.0
  0
LINE
  5
8D3
330
1F
100
AcDbEntity
  8
0
  6
Continuous
 62
     7
370
    25
100
AcDbLine
 10
184.7368803199
 20
194.3997566682
 30
0.0
 11
184.7368803199
 21
199.0268212689
 31
0.0
  0
ARC
  5
8D4
330
1F
100
AcDbEntity
  8
0
  6
Continuous
 62
     7
370
    25
100
AcDbCircle
 10
181.7864588281
 20
200.1859239671
 30
0.0
 40
0.8047268698219588
100
AcDbArc
 50
298.9649718154
 51
1.0404047173
  0
LWPOLYLINE
  5
8D5
330
1F
100
AcDbEntity
  8
0
  6
Continuous
 62
     7
370
    25
100
AcDbPolyline
 90
        3
 70
   128
 43
0.0
 10
181.1424208489
 20
195.4544165127
 10
181.3738952993
 20
195.3448464259
 10
181.5921636436
 20
195.2877603262
  0
LWPOLYLINE
  5
8D6
330
1F
100
AcDbEntity
  8
0
  6
Continuous
 62
     7
370
    25
100
AcDbPolyline
 90
       12
 70
   128
 43
0.0
 10
179.9266457079
 20
198.1728346156
 10
179.8785609295
 20
198.0141307466
 10
179.8473637674
 20
197.7661908099
 10
179.8577908056
 20
197.4920630834
 10
179.9095069103
 20
197.2005582576
 10
180.0008498835
 20
196.9010455376
 10
180.1288838868
 20
196.6031515087
 10
180.2894938019
 20
196.3164507299
 10
180.4775174942
 20
196.0501580003
 10
180.6869117274
 20
195.8128321872
 10
180.9109463985
 20
195.6121011377
 10
181.1424208489
 20
195.4544165127
  0
ARC
  5
8D7
330
1F
100
AcDbEntity
  8
0
  6
Continuous
 62
     7
370
    25
100
AcDbCircle
 10
181.3281126456
 20
196.626314723
 30
0.0
 40
0.2873318221424852
100
AcDbArc
 50
229.7395965714
 51
322.3119394429
  0
LWPOLYLINE
  5
8D8
330
1F
100
AcDbEntity
  8
0
  6
Continuous
 62
     7
370
    25
100
AcDbPolyline
 90
       10
 70
   128
 43
0.0
 10
180.9153456158
 20
197.5595387892
 10
180.8217843454
 20
197.5355520284
 10
180.7341725585
 20
197.4592649934
 10
180.6828354237
 20
197.3378526359
 10
180.6723344708
 20
197.1821029767
 10
180.7036027555
 20
197.0058550566
 10
180.7738619536
 20
196.8247692766
 10
180.8768692269
 20
196.6549359031
 10
181.0034719272
 20
196.5114453765
 10
181.1424208489
 20
196.4070474599
  0
LWPOLYLINE
  5
8D9
330
1F
100
AcDbEntity
  8
0
  6
Continuous
 62
     7
370
    25
100
AcDbPolyline
 90
        8
 70
   128
 43
0.0
 10
182.7923366717
 20
192.5966010795
 10
182.6245750283
 20
192.5252587182
 10
182.4682460636
 20
192.509786969
 10
182.3340033383
 20
192.5512402059
 10
182.2309952723
 20
192.6467934595
 10
182.1662416949
 20
192.7899349333
 10
182.1441554556
 20
192.9709097725
 10
182.1635697526
 20
193.1639368654
  0
ARC
  5
8DA
330
1F
100
AcDbEntity
  8
0
  6
Continuous
 62
     7
370
    25
100
AcDbCircle
 10
182.0389349562
 20
193.7827745677
 30
0.0
 40
1.405212328795471
100
AcDbArc
 50
302.421796385
 51
354.5716285606
  0
LINE
  5
8DB
330
1F
100
AcDbEntity
  8
0
  6
Continuous
 62
     7
370
    25
100
AcDbLine
 10
181.6138253697
 20
191.7121257833
 30
0.0
 11
183.9708479737
 21
193.0728059697
 31
0.0
  0
LINE
  5
8DC
330
1F
100
AcDbEntity
  8
0
  6
Continuous
 62
     7
370
    25
100
AcDbLine
 10
183.9708479737
 20
193.0728059697
 30
0.0
 11
183.9708479737
 21
193.9575356077
 31
0.0
  0
LWPOLYLINE
  5
8DD
330
1F
100
AcDbEntity
  8
0
  6
Continuous
 62
     7
370
    25
100
AcDbPolyline
 90
        3
 70
   128
 43
0.0
 10
182.3606349508
 20
193.050173548
 10
182.2030810207
 20
192.9367711261
 10
182.1466277177
 20
192.9070255999
  0
LINE
  5
8DE
330
1F
100
AcDbEntity
  8
0
  6
Continuous
 62
     7
370
    25
100
AcDbLine
 10
179.4100092351
 20
212.5538180056
 30
0.0
 11
179.4100092351
 21
213.2342686822
 31
0.0
  0
LINE
  5
8DF
330
1F
100
AcDbEntity
  8
0
  6
Continuous
 62
     7
370
    25
100
AcDbLine
 10
179.4100092351
 20
212.5538180056
 30
0.0
 11
167.6248962153
 21
219.3572189375
 31
0.0
  0
LINE
  5
8E0
330
1F
100
AcDbEntity
  8
0
  6
Continuous
 62
     7
370
    25
100
AcDbLine
 10
167.6248962153
 20
219.3572189375
 30
0.0
 11
167.6248962153
 21
220.037669614
 31
0.0
  0
LINE
  5
8E1
330
1F
100
AcDbEntity
  8
0
  6
Continuous
 62
     7
370
    25
100
AcDbLine
 10
179.4100092351
 20
213.2342686822
 30
0.0
 11
167.6248962153
 21
220.037669614
 31
0.0
  0
SPLINE
  5
8E2
330
1F
100
AcDbEntity
  8
0
  6
Continuous
 62
     7
370
    25
100
AcDbSpline
210
0.0
220
0.0
230
1.0
 70
     8
 71
     3
 72
    11
 73
     7
 74
     0
 42
0.00000001
 43
0.00000001
 40
0.0
 40
0.0
 40
0.0
 40
0.0
 40
0.2818483591011732
 40
0.5594618925107103
 40
0.7793051550732691
 40
1.0
 40
1.0
 40
1.0
 40
1.0
 10
178.9969518833865
 20
219.8724840751935
 30
0.0
 10
178.98624379883
 20
219.8663080361873
 30
0.0
 10
178.9649885207427
 20
219.8540487543462
 30
0.0
 10
178.9247024782962
 20
219.8433520480908
 30
0.0
 10
178.8847952192191
 20
219.8485944756245
 30
0.0
 10
178.8666490683806
 20
219.8575508857711
 30
0.0
 10
178.8575584542494
 20
219.8620377474406
 30
0.0
  0
LINE
  5
8E3
330
1F
100
AcDbEntity
  8
0
  6
Continuous
 62
     7
370
    25
100
AcDbLine
 10
179.045124005
 20
219.9002932491
 30
0.0
 11
178.9969518834
 21
219.8724840752
 31
0.0
  0
LINE
  5
8E4
330
1F
100
AcDbEntity
  8
0
  6
Continuous
 62
     7
370
    25
100
AcDbLine
 10
179.0874295389
 20
219.8758707842
 30
0.0
 11
179.045124005
 21
219.9002932491
 31
0.0
  0
LINE
  5
8E5
330
1F
100
AcDbEntity
  8
0
  6
Continuous
 62
     7
370
    25
100
AcDbLine
 10
179.1244468811
 20
219.897240441
 30
0.0
 11
179.0874295389
 21
219.8758707842
 31
0.0
  0
LINE
  5
8E6
330
1F
100
AcDbEntity
  8
0
  6
Continuous
 62
     7
370
    25
100
AcDbLine
 10
179.0821413472
 20
219.9216629058
 30
0.0
 11
179.1244468811
 21
219.897240441
 31
0.0
  0
LINE
  5
8E7
330
1F
100
AcDbEntity
  8
0
  6
Continuous
 62
     7
370
    25
100
AcDbLine
 10
179.3465509342
 20
220.0743033114
 30
0.0
 11
179.0821413472
 21
219.9216629058
 31
0.0
  0
LINE
  5
8E8
330
1F
100
AcDbEntity
  8
0
  6
Continuous
 62
     7
370
    25
100
AcDbLine
 10
179.309533592
 20
220.0956729681
 30
0.0
 11
179.3465509342
 21
220.0743033114
 31
0.0
  0
LINE
  5
8E9
330
1F
100
AcDbEntity
  8
0
  6
Continuous
 62
     7
370
    25
100
AcDbLine
 10
179.044958749
 20
219.9431279629
 30
0.0
 11
179.309533592
 21
220.0956729681
 31
0.0
  0
LINE
  5
8EA
330
1F
100
AcDbEntity
  8
0
  6
Continuous
 62
     7
370
    25
100
AcDbLine
 10
178.9816657041
 20
219.9796662599
 30
0.0
 11
179.044958749
 21
219.9431279629
 31
0.0
  0
LINE
  5
8EB
330
1F
100
AcDbEntity
  8
0
  6
Continuous
 62
     7
370
    25
100
AcDbLine
 10
178.944648362
 20
219.9582966032
 30
0.0
 11
178.9816657041
 21
219.9796662599
 31
0.0
  0
LINE
  5
8EC
330
1F
100
AcDbEntity
  8
0
  6
Continuous
 62
     7
370
    25
100
AcDbLine
 10
179.0078587788
 20
219.9218060062
 30
0.0
 11
178.944648362
 21
219.9582966032
 31
0.0
  0
LINE
  5
8ED
330
1F
100
AcDbEntity
  8
0
  6
Continuous
 62
     7
370
    25
100
AcDbLine
 10
178.9660490129
 20
219.8976697421
 30
0.0
 11
179.0078587788
 21
219.9218060062
 31
0.0
  0
SPLINE
  5
8EE
330
1F
100
AcDbEntity
  8
0
  6
Continuous
 62
     7
370
    25
100
AcDbSpline
210
0.0
220
0.0
230
1.0
 70
     8
 71
     3
 72
    11
 73
     7
 74
     0
 42
0.00000001
 43
0.00000001
 40
0.0
 40
0.0
 40
0.0
 40
0.0
 40
0.2494945815073741
 40
0.3748109098639671
 40
0.4992548459666636
 40
1.0
 40
1.0
 40
1.0
 40
1.0
 10
178.8869740208011
 20
219.8877958158725
 30
0.0
 10
178.8931483913958
 20
219.8847985370168
 30
0.0
 10
178.9024240295538
 20
219.8802957826554
 30
0.0
 10
178.9182627207779
 20
219.8782767565282
 30
0.0
 10
178.942481920444
 20
219.8803801111286
 30
0.0
 10
178.955567843686
 20
219.8899803952613
 30
0.0
 10
178.966049012908
 20
219.8976697421047
 30
0.0
  0
SPLINE
  5
8EF
330
1F
100
AcDbEntity
  8
0
  6
Continuous
 62
     7
370
    25
100
AcDbSpline
210
0.0
220
0.0
230
1.0
 70
     8
 71
     3
 72
     9
 73
     5
 74
     0
 42
0.00000001
 43
0.00000001
 40
0.0
 40
0.0
 40
0.0
 40
0.0
 40
0.5602412893438062
 40
1.0
 40
1.0
 40
1.0
 40
1.0
 10
178.8587152461924
 20
219.9147940875993
 30
0.0
 10
178.862765837597
 20
219.9093128296214
 30
0.0
 10
178.86999592128
 20
219.8995290845064
 30
0.0
 10
178.8817882441154
 20
219.8913796157468
 30
0.0
 10
178.8869740208011
 20
219.8877958158725
 30
0.0
  0
LINE
  5
8F0
330
1F
100
AcDbEntity
  8
0
  6
Continuous
 62
     7
370
    25
100
AcDbLine
 10
178.8202106001
 20
219.8925658285
 30
0.0
 11
178.8587152462
 21
219.9147940876
 31
0.0
  0
SPLINE
  5
8F1
330
1F
100
AcDbEntity
  8
0
  6
Continuous
 62
     7
370
    25
100
AcDbSpline
210
0.0
220
0.0
230
1.0
 70
     8
 71
     3
 72
     9
 73
     5
 74
     0
 42
0.00000001
 43
0.00000001
 40
0.0
 40
0.0
 40
0.0
 40
0.0
 40
0.5597208339291481
 40
1.0
 40
1.0
 40
1.0
 40
1.0
 10
178.8575584542494
 20
219.8620377474406
 30
0.0
 10
178.8495996118589
 20
219.8673366124136
 30
0.0
 10
178.8353803048257
 20
219.8768035906852
 30
0.0
 10
178.8248478295286
 20
219.8877474675607
 30
0.0
 10
178.8202106000882
 20
219.8925658285451
 30
0.0
  0
SPLINE
  5
8F2
330
1F
100
AcDbEntity
  8
0
  6
Continuous
 62
     7
370
    25
100
AcDbSpline
210
0.0
220
0.0
230
1.0
 70
     8
 71
     3
 72
     9
 73
     5
 74
     0
 42
0.00000001
 43
0.00000001
 40
0.0
 40
0.0
 40
0.0
 40
0.0
 40
0.5592850765151508
 40
1.0
 40
1.0
 40
1.0
 40
1.0
 10
178.8793722451754
 20
220.1709437681166
 30
0.0
 10
178.8549764355579
 20
220.1593807522307
 30
0.0
 10
178.8113568028483
 20
220.1387061153212
 30
0.0
 10
178.7556766810788
 20
220.1347939965994
 30
0.0
 10
178.7311376204735
 20
220.1330698674963
 30
0.0
  0
SPLINE
  5
8F3
330
1F
100
AcDbEntity
  8
0
  6
Continuous
 62
     7
370
    25
100
AcDbSpline
210
0.0
220
0.0
230
1.0
 70
     8
 71
     3
 72
    11
 73
     7
 74
     0
 42
0.00000001
 43
0.00000001
 40
0.0
 40
0.0
 40
0.0
 40
0.0
 40
0.279775638137971
 40
0.5591787501349693
 40
0.779591646520472
 40
1.0
 40
1.0
 40
1.0
 40
1.0
 10
178.8783807092242
 20
220.3506778456192
 30
0.0
 10
178.8991531786681
 20
220.3359937364581
 30
0.0
 10
178.9406704586506
 20
220.3066450702834
 30
0.0
 10
178.9486509537589
 20
220.2526094045408
 30
0.0
 10
178.9286044604412
 20
220.2051146941013
 30
0.0
 10
178.8957828708491
 20
220.1823339985223
 30
0.0
 10
178.8793722451754
 20
220.1709437681166
 30
0.0
  0
SPLINE
  5
8F4
330
1F
100
AcDbEntity
  8
0
  6
Continuous
 62
     7
370
    25
100
AcDbSpline
210
0.0
220
0.0
230
1.0
 70
     8
 71
     3
 72
    11
 73
     7
 74
     0
 42
0.00000001
 43
0.00000001
 40
0.0
 40
0.0
 40
0.0
 40
0.0
 40
0.2795212190096245
 40
0.5593812344206202
 40
0.7795068288935377
 40
1.0
 40
1.0
 40
1.0
 40
1.0
 10
178.5673689325365
 20
220.351059446633
 30
0.0
 10
178.5931170541789
 20
220.3626554097552
 30
0.0
 10
178.644644505724
 20
220.3858613909989
 30
0.0
 10
178.7376949285555
 20
220.3915891833481
 30
0.0
 10
178.8200334166833
 20
220.3795848281059
 30
0.0
 10
178.8589207980595
 20
220.3603188638521
 30
0.0
 10
178.8783807092242
 20
220.3506778456192
 30
0.0
  0
SPLINE
  5
8F5
330
1F
100
AcDbEntity
  8
0
  6
Continuous
 62
     7
370
    25
100
AcDbSpline
210
0.0
220
0.0
230
1.0
 70
     8
 71
     3
 72
     9
 73
     5
 74
     0
 42
0.00000001
 43
0.00000001
 40
0.0
 40
0.0
 40
0.0
 40
0.0
 40
0.5592164975841688
 40
1.0
 40
1.0
 40
1.0
 40
1.0
 10
178.5015144197787
 20
220.2653423189068
 30
0.0
 10
178.5061486956957
 20
220.2833992762114
 30
0.0
 10
178.5144357829633
 20
220.3156890197768
 30
0.0
 10
178.5511749248846
 20
220.3402384588819
 30
0.0
 10
178.5673689325365
 20
220.351059446633
 30
0.0
  0
SPLINE
  5
8F6
330
1F
100
AcDbEntity
  8
0
  6
Continuous
 62
     7
370
    25
100
AcDbSpline
210
0.0
220
0.0
230
1.0
 70
     8
 71
     3
 72
     9
 73
     5
 74
     0
 42
0.00000001
 43
0.00000001
 40
0.0
 40
0.0
 40
0.0
 40
0.0
 40
0.5591815471097275
 40
1.0
 40
1.0
 40
1.0
 40
1.0
 10
178.5663773965853
 20
220.1705621671028
 30
0.0
 10
178.544467615421
 20
220.1861584015508
 30
0.0
 10
178.5052857409876
 20
220.2140495838129
 30
0.0
 10
178.5026682556262
 20
220.2496493049235
 30
0.0
 10
178.5015144197787
 20
220.2653423189068
 30
0.0
  0
SPLINE
  5
8F7
330
1F
100
AcDbEntity
  8
0
  6
Continuous
 62
     7
370
    25
100
AcDbSpline
210
0.0
220
0.0
230
1.0
 70
     8
 71
     3
 72
     9
 73
     5
 74
     0
 42
0.00000001
 43
0.00000001
 40
0.0
 40
0.0
 40
0.0
 40
0.0
 40
0.5588802587660593
 40
1.0
 40
1.0
 40
1.0
 40
1.0
 10
178.7311376204735
 20
220.1330698674963
 30
0.0
 10
178.6963576672467
 20
220.1344965959798
 30
0.0
 10
178.6341261736819
 20
220.1370494299028
 30
0.0
 10
178.5871149676328
 20
220.1603040812972
 30
0.0
 10
178.5663773965853
 20
220.1705621671028
 30
0.0
  0
LINE
  5
8F8
330
1F
100
AcDbEntity
  8
0
  6
Continuous
 62
     7
370
    25
100
AcDbLine
 10
178.008638424
 20
220.4986436387
 30
0.0
 11
177.9557565066
 21
220.5291717198
 31
0.0
  0
LINE
  5
8F9
330
1F
100
AcDbEntity
  8
0
  6
Continuous
 62
     7
370
    25
100
AcDbLine
 10
178.0456557662
 20
220.5200132955
 30
0.0
 11
178.008638424
 21
220.4986436387
 31
0.0
  0
LINE
  5
8FA
330
1F
100
AcDbEntity
  8
0
  6
Continuous
 62
     7
370
    25
100
AcDbLine
 10
177.9927738488
 20
220.5505413766
 30
0.0
 11
178.0456557662
 21
220.5200132955
 31
0.0
  0
LINE
  5
8FB
330
1F
100
AcDbEntity
  8
0
  6
Continuous
 62
     7
370
    25
100
AcDbLine
 10
178.2571834358
 20
220.7031817821
 30
0.0
 11
177.9927738488
 21
220.5505413766
 31
0.0
  0
LINE
  5
8FC
330
1F
100
AcDbEntity
  8
0
  6
Continuous
 62
     7
370
    25
100
AcDbLine
 10
178.2201660936
 20
220.7245514389
 30
0.0
 11
178.2571834358
 21
220.7031817821
 31
0.0
  0
LINE
  5
8FD
330
1F
100
AcDbEntity
  8
0
  6
Continuous
 62
     7
370
    25
100
AcDbLine
 10
177.9557565066
 20
220.5719110334
 30
0.0
 11
178.2201660936
 21
220.7245514389
 31
0.0
  0
LINE
  5
8FE
330
1F
100
AcDbEntity
  8
0
  6
Continuous
 62
     7
370
    25
100
AcDbLine
 10
177.9028745893
 20
220.6024391145
 30
0.0
 11
177.9557565066
 21
220.5719110334
 31
0.0
  0
LINE
  5
8FF
330
1F
100
AcDbEntity
  8
0
  6
Continuous
 62
     7
370
    25
100
AcDbLine
 10
177.8658572471
 20
220.5810694577
 30
0.0
 11
177.9028745893
 21
220.6024391145
 31
0.0
  0
LINE
  5
900
330
1F
100
AcDbEntity
  8
0
  6
Continuous
 62
     7
370
    25
100
AcDbLine
 10
177.9187391645
 20
220.5505413766
 30
0.0
 11
177.8658572471
 21
220.5810694577
 31
0.0
  0
LINE
  5
901
330
1F
100
AcDbEntity
  8
0
  6
Continuous
 62
     7
370
    25
100
AcDbLine
 10
177.7971107545
 20
220.4803267901
 30
0.0
 11
177.9187391645
 21
220.5505413766
 31
0.0
  0
LINE
  5
902
330
1F
100
AcDbEntity
  8
0
  6
Continuous
 62
     7
370
    25
100
AcDbLine
 10
177.8341280966
 20
220.4589571333
 30
0.0
 11
177.7971107545
 21
220.4803267901
 31
0.0
  0
LINE
  5
903
330
1F
100
AcDbEntity
  8
0
  6
Continuous
 62
     7
370
    25
100
AcDbLine
 10
177.9557565066
 20
220.5291717198
 30
0.0
 11
177.8341280966
 21
220.4589571333
 31
0.0
  0
LINE
  5
904
330
1F
100
AcDbEntity
  8
0
  6
Continuous
 62
     7
370
    25
100
AcDbLine
 10
167.6248962153
 20
220.037669614
 30
0.0
 11
179.4100092351
 21
226.8410705459
 31
0.0
  0
LINE
  5
905
330
1F
100
AcDbEntity
  8
0
  6
Continuous
 62
     7
370
    25
100
AcDbLine
 10
179.4100092351
 20
226.8410705459
 30
0.0
 11
191.1951222548
 21
220.037669614
 31
0.0
  0
LINE
  5
906
330
1F
100
AcDbEntity
  8
0
  6
Continuous
 62
     7
370
    25
100
AcDbLine
 10
191.1951222548
 20
220.037669614
 30
0.0
 11
179.4100092351
 21
213.2342686822
 31
0.0
  0
LINE
  5
907
330
1F
100
AcDbEntity
  8
0
  6
Continuous
 62
     7
370
    25
100
AcDbLine
 10
178.6062040906
 20
220.5016964468
 30
0.0
 11
178.6432214328
 21
220.4803267901
 31
0.0
  0
LINE
  5
908
330
1F
100
AcDbEntity
  8
0
  6
Continuous
 62
     7
370
    25
100
AcDbLine
 10
178.497217764
 20
220.4387799797
 30
0.0
 11
178.6062040906
 21
220.5016964468
 31
0.0
  0
SPLINE
  5
909
330
1F
100
AcDbEntity
  8
0
  6
Continuous
 62
     7
370
    25
100
AcDbSpline
210
0.0
220
0.0
230
1.0
 70
     8
 71
     3
 72
     9
 73
     5
 74
     0
 42
0.00000001
 43
0.00000001
 40
0.0
 40
0.0
 40
0.0
 40
0.0
 40
0.5596575716580792
 40
0.9999999999999999
 40
0.9999999999999999
 40
0.9999999999999999
 40
0.9999999999999999
 10
178.4106236242536
 20
220.3953728643612
 30
0.0
 10
178.427712189841
 20
220.4028563132029
 30
0.0
 10
178.4582461564177
 20
220.4162277910864
 30
0.0
 10
178.4853033386583
 20
220.4318853098482
 30
0.0
 10
178.4972177639902
 20
220.4387799796817
 30
0.0
  0
SPLINE
  5
90A
330
1F
100
AcDbEntity
  8
0
  6
Continuous
 62
     7
370
    25
100
AcDbSpline
210
0.0
220
0.0
230
1.0
 70
     8
 71
     3
 72
    11
 73
     7
 74
     0
 42
0.00000001
 43
0.00000001
 40
0.0
 40
0.0
 40
0.0
 40
0.0
 40
0.2795525166743227
 40
0.559372985134389
 40
0.7797025609570686
 40
1.0
 40
1.0
 40
1.0
 40
1.0
 10
178.2282636372319
 20
220.4084903992108
 30
0.0
 10
178.2426928994932
 20
220.4017333107624
 30
0.0
 10
178.2715652544997
 20
220.3882126571793
 30
0.0
 10
178.3234066406756
 20
220.3827408641613
 30
0.0
 10
178.3711659805363
 20
220.3845606874435
 30
0.0
 10
178.3974717158771
 20
220.3917689806323
 30
0.0
 10
178.4106236242536
 20
220.3953728643612
 30
0.0
  0
SPLINE
  5
90B
330
1F
100
AcDbEntity
  8
0
  6
Continuous
 62
     7
370
    25
100
AcDbSpline
210
0.0
220
0.0
230
1.0
 70
     8
 71
     3
 72
    10
 73
     6
 74
     0
 42
0.00000001
 43
0.00000001
 40
0.0
 40
0.0
 40
0.0
 40
0.0
 40
0.2811922632050926
 40
0.5613306654452397
 40
1.0
 40
1.0
 40
1.0
 40
1.0
 10
178.209837594139
 20
220.4876249094488
 30
0.0
 10
178.2032017890363
 20
220.480379499694
 30
0.0
 10
178.1899550487041
 20
220.4659158347525
 30
0.0
 10
178.1903724031824
 20
220.4352105590082
 30
0.0
 10
178.2139033333975
 20
220.4186170056099
 30
0.0
 10
178.2282636372319
 20
220.4084903992108
 30
0.0
  0
SPLINE
  5
90C
330
1F
100
AcDbEntity
  8
0
  6
Continuous
 62
     7
370
    25
100
AcDbSpline
210
0.0
220
0.0
230
1.0
 70
     8
 71
     3
 72
     9
 73
     5
 74
     0
 42
0.00000001
 43
0.00000001
 40
0.0
 40
0.0
 40
0.0
 40
0.0
 40
0.5602545479400364
 40
0.9999999999999999
 40
0.9999999999999999
 40
0.9999999999999999
 40
0.9999999999999999
 10
178.2740395469781
 20
220.5297441213477
 30
0.0
 10
178.2610894788875
 20
220.5223603495379
 30
0.0
 10
178.2379748640427
 20
220.5091810333914
 30
0.0
 10
178.218431638632
 20
220.4942088562529
 30
0.0
 10
178.209837594139
 20
220.4876249094488
 30
0.0
  0
LINE
  5
90D
330
1F
100
AcDbEntity
  8
0
  6
Continuous
 62
     7
370
    25
100
AcDbLine
 10
178.415829188
 20
220.6115975388
 30
0.0
 11
178.274039547
 21
220.5297441213
 31
0.0
  0
LINE
  5
90E
330
1F
100
AcDbEntity
  8
0
  6
Continuous
 62
     7
370
    25
100
AcDbLine
 10
178.3788118458
 20
220.6329671956
 30
0.0
 11
178.415829188
 21
220.6115975388
 31
0.0
  0
LINE
  5
90F
330
1F
100
AcDbEntity
  8
0
  6
Continuous
 62
     7
370
    25
100
AcDbLine
 10
178.2248758894
 20
220.5441018595
 30
0.0
 11
178.3788118458
 21
220.6329671956
 31
0.0
  0
SPLINE
  5
910
330
1F
100
AcDbEntity
  8
0
  6
Continuous
 62
     7
370
    25
100
AcDbSpline
210
0.0
220
0.0
230
1.0
 70
     8
 71
     3
 72
    11
 73
     7
 74
     0
 42
0.00000001
 43
0.00000001
 40
0.0
 40
0.0
 40
0.0
 40
0.0
 40
0.1870208022165948
 40
0.3738904523117974
 40
0.5606099218830614
 40
1.0
 40
1.0
 40
1.0
 40
1.0
 10
178.1848013113717
 20
220.3908413523223
 30
0.0
 10
178.1724654117066
 20
220.3993263304853
 30
0.0
 10
178.1478035823763
 20
220.4162894291653
 30
0.0
 10
178.1340494187515
 20
220.4493046419586
 30
0.0
 10
178.1462223656711
 20
220.4978903518053
 30
0.0
 10
178.1924407978249
 20
220.5250451864716
 30
0.0
 10
178.2248758893987
 20
220.5441018594921
 30
0.0
  0
SPLINE
  5
911
330
1F
100
AcDbEntity
  8
0
  6
Continuous
 62
     7
370
    25
100
AcDbSpline
210
0.0
220
0.0
230
1.0
 70
     8
 71
     3
 72
     9
 73
     5
 74
     0
 42
0.00000001
 43
0.00000001
 40
0.0
 40
0.0
 40
0.0
 40
0.0
 40
0.559140597920005
 40
1.0
 40
1.0
 40
1.0
 40
1.0
 10
178.359146382788
 20
220.3590730679229
 30
0.0
 10
178.3226000738937
 20
220.3582836231296
 30
0.0
 10
178.2572385010973
 20
220.3568717335329
 30
0.0
 10
178.2069649007578
 20
220.3804476762934
 30
0.0
 10
178.1848013113717
 20
220.3908413523223
 30
0.0
  0
LINE
  5
912
330
1F
100
AcDbEntity
  8
0
  6
Continuous
 62
     7
370
    25
100
AcDbLine
 10
178.3047771615
 20
220.3276863845
 30
0.0
 11
178.3591463828
 21
220.3590730679
 31
0.0
  0
LINE
  5
913
330
1F
100
AcDbEntity
  8
0
  6
Continuous
 62
     7
370
    25
100
AcDbLine
 10
178.3417945036
 20
220.3063167278
 30
0.0
 11
178.3047771615
 21
220.3276863845
 31
0.0
  0
LINE
  5
914
330
1F
100
AcDbEntity
  8
0
  6
Continuous
 62
     7
370
    25
100
AcDbLine
 10
178.6432214328
 20
220.4803267901
 30
0.0
 11
178.3417945036
 21
220.3063167278
 31
0.0
  0
LINE
  5
915
330
1F
100
AcDbEntity
  8
0
  6
Continuous
 62
     7
370
    25
100
AcDbLine
 10
179.1614642233
 20
220.1811515952
 30
0.0
 11
179.1984815655
 21
220.1597819385
 31
0.0
  0
LINE
  5
916
330
1F
100
AcDbEntity
  8
0
  6
Continuous
 62
     7
370
    25
100
AcDbLine
 10
179.0601623003
 20
220.1226712399
 30
0.0
 11
179.1614642233
 21
220.1811515952
 31
0.0
  0
SPLINE
  5
917
330
1F
100
AcDbEntity
  8
0
  6
Continuous
 62
     7
370
    25
100
AcDbSpline
210
0.0
220
0.0
230
1.0
 70
     8
 71
     3
 72
     9
 73
     5
 74
     0
 42
0.00000001
 43
0.00000001
 40
0.0
 40
0.0
 40
0.0
 40
0.0
 40
0.5596360420325427
 40
1.0
 40
1.0
 40
1.0
 40
1.0
 10
178.9501018096931
 20
220.0667666913475
 30
0.0
 10
178.9717666422966
 20
220.0764593995901
 30
0.0
 10
179.0104790035034
 20
220.0937790636479
 30
0.0
 10
179.0449725747263
 20
220.1138380050442
 30
0.0
 10
179.0601623002744
 20
220.1226712398701
 30
0.0
  0
SPLINE
  5
918
330
1F
100
AcDbEntity
  8
0
  6
Continuous
 62
     7
370
    25
100
AcDbSpline
210
0.0
220
0.0
230
1.0
 70
     8
 71
     3
 72
    10
 73
     6
 74
     0
 42
0.00000001
 43
0.00000001
 40
0.0
 40
0.0
 40
0.0
 40
0.0
 40
0.2783358042949878
 40
0.5587680788558439
 40
0.9999999999999999
 40
0.9999999999999999
 40
0.9999999999999999
 40
0.9999999999999999
 10
178.82525090784
 20
220.0638569836173
 30
0.0
 10
178.8358635454586
 20
220.0599198586667
 30
0.0
 10
178.8571687567975
 20
220.0520159537039
 30
0.0
 10
178.9038986539881
 20
220.0530713149346
 30
0.0
 10
178.9325711748761
 20
220.0615703224218
 30
0.0
 10
178.9501018096931
 20
220.0667666913475
 30
0.0
  0
SPLINE
  5
919
330
1F
100
AcDbEntity
  8
0
  6
Continuous
 62
     7
370
    25
100
AcDbSpline
210
0.0
220
0.0
230
1.0
 70
     8
 71
     3
 72
     9
 73
     5
 74
     0
 42
0.00000001
 43
0.00000001
 40
0.0
 40
0.0
 40
0.0
 40
0.0
 40
0.5603956879101161
 40
1.0
 40
1.0
 40
1.0
 40
1.0
 10
178.8116999165071
 20
220.0778808208746
 30
0.0
 10
178.813512247117
 20
220.0750223152757
 30
0.0
 10
178.8167462666661
 20
220.069921445193
 30
0.0
 10
178.8226538907976
 20
220.0657088559941
 30
0.0
 10
178.82525090784
 20
220.0638569836173
 30
0.0
  0
LINE
  5
91A
330
1F
100
AcDbEntity
  8
0
  6
Continuous
 62
     7
370
    25
100
AcDbLine
 10
178.7593137671
 20
220.0711074029
 30
0.0
 11
178.8116999165
 21
220.0778808209
 31
0.0
  0
SPLINE
  5
91B
330
1F
100
AcDbEntity
  8
0
  6
Continuous
 62
     7
370
    25
100
AcDbSpline
210
0.0
220
0.0
230
1.0
 70
     8
 71
     3
 72
     9
 73
     5
 74
     0
 42
0.00000001
 43
0.00000001
 40
0.0
 40
0.0
 40
0.0
 40
0.0
 40
0.5592431007362946
 40
1.0
 40
1.0
 40
1.0
 40
1.0
 10
178.7812101860083
 20
220.0465418376158
 30
0.0
 10
178.7755735402768
 20
220.0506773522245
 30
0.0
 10
178.765494478552
 20
220.0580721946521
 30
0.0
 10
178.7612045726915
 20
220.0671196670148
 30
0.0
 10
178.7593137670863
 20
220.0711074028796
 30
0.0
  0
SPLINE
  5
91C
330
1F
100
AcDbEntity
  8
0
  6
Continuous
 62
     7
370
    25
100
AcDbSpline
210
0.0
220
0.0
230
1.0
 70
     8
 71
     3
 72
    10
 73
     6
 74
     0
 42
0.00000001
 43
0.00000001
 40
0.0
 40
0.0
 40
0.0
 40
0.0
 40
0.5587877107919313
 40
0.7794811133762299
 40
1.0
 40
1.0
 40
1.0
 40
1.0
 10
178.9044085279428
 20
220.0327565009921
 30
0.0
 10
178.8798958542057
 20
220.0305619623436
 30
0.0
 10
178.8457018913689
 20
220.0275006898854
 30
0.0
 10
178.8034493417732
 20
220.0358190374102
 30
0.0
 10
178.7886212829127
 20
220.042968513509
 30
0.0
 10
178.7812101860083
 20
220.0465418376158
 30
0.0
  0
LINE
  5
91D
330
1F
100
AcDbEntity
  8
0
  6
Continuous
 62
     7
370
    25
100
AcDbLine
 10
178.8600372941
 20
220.0071415329
 30
0.0
 11
178.9044085279
 21
220.032756501
 31
0.0
  0
LINE
  5
91E
330
1F
100
AcDbEntity
  8
0
  6
Continuous
 62
     7
370
    25
100
AcDbLine
 10
178.8970546363
 20
219.9857718762
 30
0.0
 11
178.8600372941
 21
220.0071415329
 31
0.0
  0
LINE
  5
91F
330
1F
100
AcDbEntity
  8
0
  6
Continuous
 62
     7
370
    25
100
AcDbLine
 10
179.1984815655
 20
220.1597819385
 30
0.0
 11
178.8970546363
 21
219.9857718762
 31
0.0
  0
LWPOLYLINE
  5
920
330
1F
100
AcDbEntity
  8
0
  6
Continuous
 62
     7
370
    25
100
AcDbPolyline
 90
       17
 70
   128
 43
0.0
 10
178.5968364367
 20
221.3235123902
 10
178.4832882646
 20
221.2797133042
 10
178.3493490633
 20
221.2643331105
 10
178.2154098619
 20
221.2797133042
 10
178.1018616899
 20
221.3235123902
 10
178.0259912269
 20
221.3890623546
 10
177.9993490633
 20
221.4663838097
 10
178.0259912269
 20
221.5437052648
 10
178.1018616899
 20
221.6092552293
 10
178.2154098619
 20
221.6530543153
 10
178.3493490633
 20
221.668434509
 10
178.4832882646
 20
221.6530543153
 10
178.5968364367
 20
221.6092552293
 10
178.6727068996
 20
221.5437052648
 10
178.6993490633
 20
221.4663838097
 10
178.6727068996
 20
221.3890623546
 10
178.5968364367
 20
221.3235123902
  0
LWPOLYLINE
  5
921
330
1F
100
AcDbEntity
  8
0
  6
Continuous
 62
     7
370
    25
100
AcDbPolyline
 90
       17
 70
   128
 43
0.0
 10
182.1323703426
 20
219.2824921106
 10
182.0188221705
 20
219.2386930246
 10
181.8848829692
 20
219.2233128309
 10
181.7509437679
 20
219.2386930246
 10
181.6373955958
 20
219.2824921106
 10
181.5615251328
 20
219.3480420751
 10
181.5348829692
 20
219.4253635302
 10
181.5615251328
 20
219.5026849853
 10
181.6373955958
 20
219.5682349497
 10
181.7509437679
 20
219.6120340357
 10
181.8848829692
 20
219.6274142294
 10
182.0188221705
 20
219.6120340357
 10
182.1323703426
 20
219.5682349497
 10
182.2082408056
 20
219.5026849853
 10
182.2348829692
 20
219.4253635302
 10
182.2082408056
 20
219.3480420751
 10
182.1323703426
 20
219.2824921106
  0
LWPOLYLINE
  5
922
330
1F
100
AcDbEntity
  8
0
  6
Continuous
 62
     7
370
    25
100
AcDbPolyline
 90
       17
 70
   128
 43
0.0
 10
180.9538590406
 20
222.6841925765
 10
180.8403108686
 20
222.6403934906
 10
180.7063716672
 20
222.6250132969
 10
180.5724324659
 20
222.6403934906
 10
180.4588842938
 20
222.6841925765
 10
180.3830138308
 20
222.749742541
 10
180.3563716672
 20
222.8270639961
 10
180.3830138308
 20
222.9043854512
 10
180.4588842938
 20
222.9699354157
 10
180.5724324659
 20
223.0137345017
 10
180.7063716672
 20
223.0291146953
 10
180.8403108686
 20
223.0137345017
 10
180.9538590406
 20
222.9699354157
 10
181.0297295036
 20
222.9043854512
 10
181.0563716672
 20
222.8270639961
 10
181.0297295036
 20
222.749742541
 10
180.9538590406
 20
222.6841925765
  0
LWPOLYLINE
  5
923
330
1F
100
AcDbEntity
  8
0
  6
Continuous
 62
     7
370
    25
100
AcDbPolyline
 90
       17
 70
   128
 43
0.0
 10
184.4893929466
 20
220.643172297
 10
184.3758447745
 20
220.599373211
 10
184.2419055732
 20
220.5839930173
 10
184.1079663718
 20
220.599373211
 10
183.9944181997
 20
220.643172297
 10
183.9185477368
 20
220.7087222615
 10
183.8919055732
 20
220.7860437165
 10
183.9185477368
 20
220.8633651716
 10
183.9944181997
 20
220.9289151361
 10
184.1079663718
 20
220.9727142221
 10
184.2419055732
 20
220.9880944158
 10
184.3758447745
 20
220.9727142221
 10
184.4893929466
 20
220.9289151361
 10
184.5652634095
 20
220.8633651716
 10
184.5919055732
 20
220.7860437165
 10
184.5652634095
 20
220.7087222615
 10
184.4893929466
 20
220.643172297
  0
LINE
  5
924
330
1F
100
AcDbEntity
  8
0
  6
Continuous
 62
     7
370
    25
100
AcDbLine
 10
191.1951222548
 20
219.3572189375
 30
0.0
 11
191.1951222548
 21
220.037669614
 31
0.0
  0
LINE
  5
925
330
1F
100
AcDbEntity
  8
0
  6
Continuous
 62
     7
370
    25
100
AcDbLine
 10
191.1951222548
 20
219.3572189375
 30
0.0
 11
179.4100092351
 21
212.5538180056
 31
0.0
  0
LINE
  5
926
330
1F
100
AcDbEntity
  8
0
  6
Continuous
 62
     7
370
    25
100
AcDbLine
 10
178.8202106001
 20
219.8924297384
 30
0.0
 11
178.8587152462
 21
219.9146579975
 31
0.0
  0
SPLINE
  5
927
330
1F
100
AcDbEntity
  8
0
  6
Continuous
 62
     7
370
    25
100
AcDbSpline
210
0.0
220
0.0
230
1.0
 70
     8
 71
     3
 72
     9
 73
     5
 74
     0
 42
0.00000001
 43
0.00000001
 40
0.0
 40
0.0
 40
0.0
 40
0.0
 40
0.5602412893438062
 40
1.0
 40
1.0
 40
1.0
 40
1.0
 10
178.8587152461924
 20
219.914657997464
 30
0.0
 10
178.862765837597
 20
219.9091767394861
 30
0.0
 10
178.86999592128
 20
219.899392994371
 30
0.0
 10
178.8817882441154
 20
219.8912435256114
 30
0.0
 10
178.8869740208011
 20
219.8876597257372
 30
0.0
  0
SPLINE
  5
928
330
1F
100
AcDbEntity
  8
0
  6
Continuous
 62
     7
370
    25
100
AcDbSpline
210
0.0
220
0.0
230
1.0
 70
     8
 71
     3
 72
    11
 73
     7
 74
     0
 42
0.00000001
 43
0.00000001
 40
0.0
 40
0.0
 40
0.0
 40
0.0
 40
0.2494945815073741
 40
0.3748109098639671
 40
0.4992548459666636
 40
1.0
 40
1.0
 40
1.0
 40
1.0
 10
178.8869740208011
 20
219.8876597257372
 30
0.0
 10
178.8931483913958
 20
219.8846624468815
 30
0.0
 10
178.9024240295538
 20
219.8801596925201
 30
0.0
 10
178.9182627207779
 20
219.8781406663929
 30
0.0
 10
178.942481920444
 20
219.8802440209933
 30
0.0
 10
178.955567843686
 20
219.889844305126
 30
0.0
 10
178.966049012908
 20
219.8975336519694
 30
0.0
  0
LINE
  5
929
330
1F
100
AcDbEntity
  8
0
  6
Continuous
 62
     7
370
    25
100
AcDbLine
 10
178.9660490129
 20
219.897533652
 30
0.0
 11
179.0078587788
 21
219.9216699161
 31
0.0
  0
LINE
  5
92A
330
1F
100
AcDbEntity
  8
0
  6
Continuous
 62
     7
370
    25
100
AcDbLine
 10
178.9447662322
 20
219.9582285581
 30
0.0
 11
178.9816657041
 21
219.9795301698
 31
0.0
  0
LINE
  5
92B
330
1F
100
AcDbEntity
  8
0
  6
Continuous
 62
     7
370
    25
100
AcDbLine
 10
178.9816657041
 20
219.9795301698
 30
0.0
 11
179.044958749
 21
219.9429918727
 31
0.0
  0
LINE
  5
92C
330
1F
100
AcDbEntity
  8
0
  6
Continuous
 62
     7
370
    25
100
AcDbLine
 10
179.044958749
 20
219.9429918727
 30
0.0
 11
179.309533592
 21
220.095536878
 31
0.0
  0
LINE
  5
92D
330
1F
100
AcDbEntity
  8
0
  6
Continuous
 62
     7
370
    25
100
AcDbLine
 10
179.309533592
 20
220.095536878
 30
0.0
 11
179.3464330639
 21
220.0742352663
 31
0.0
  0
LINE
  5
92E
330
1F
100
AcDbEntity
  8
0
  6
Continuous
 62
     7
370
    25
100
AcDbLine
 10
179.0821413472
 20
219.9215268157
 30
0.0
 11
179.1243290108
 21
219.8971723959
 31
0.0
  0
LINE
  5
92F
330
1F
100
AcDbEntity
  8
0
  6
Continuous
 62
     7
370
    25
100
AcDbLine
 10
178.9660490129
 20
219.897533652
 30
0.0
 11
178.9660490129
 21
219.8976697421
 31
0.0
  0
LINE
  5
930
330
1F
100
AcDbEntity
  8
0
  6
Continuous
 62
     7
370
    25
100
AcDbLine
 10
178.8869740208
 20
219.8876597257
 30
0.0
 11
178.8869740208
 21
219.8877958159
 31
0.0
  0
LINE
  5
931
330
1F
100
AcDbEntity
  8
0
  6
Continuous
 62
     7
370
    25
100
AcDbLine
 10
178.8587152462
 20
219.9146579975
 30
0.0
 11
178.8587152462
 21
219.9147940876
 31
0.0
  0
LINE
  5
932
330
1F
100
AcDbEntity
  8
0
  6
Continuous
 62
     7
370
    25
100
AcDbLine
 10
179.0821413472
 20
219.9215268157
 30
0.0
 11
179.0821413472
 21
219.9216629058
 31
0.0
  0
LINE
  5
933
330
1F
100
AcDbEntity
  8
0
  6
Continuous
 62
     7
370
    25
100
AcDbLine
 10
179.0078587788
 20
219.9216699161
 30
0.0
 11
179.0078587788
 21
219.9218060062
 31
0.0
  0
LINE
  5
934
330
1F
100
AcDbEntity
  8
0
  6
Continuous
 62
     7
370
    25
100
AcDbLine
 10
179.309533592
 20
220.095536878
 30
0.0
 11
179.309533592
 21
220.0956729681
 31
0.0
  0
LINE
  5
935
330
1F
100
AcDbEntity
  8
0
  6
Continuous
 62
     7
370
    25
100
AcDbLine
 10
179.044958749
 20
219.9429918727
 30
0.0
 11
179.044958749
 21
219.9431279629
 31
0.0
  0
LINE
  5
936
330
1F
100
AcDbEntity
  8
0
  6
Continuous
 62
     7
370
    25
100
AcDbLine
 10
178.9816657041
 20
219.9795301698
 30
0.0
 11
178.9816657041
 21
219.9796662599
 31
0.0
  0
LINE
  5
937
330
1F
100
AcDbEntity
  8
0
  6
Continuous
 62
     7
370
    25
100
AcDbLine
 10
178.8601551644
 20
220.0070734879
 30
0.0
 11
178.9044085279
 21
220.0326204109
 31
0.0
  0
LINE
  5
938
330
1F
100
AcDbEntity
  8
0
  6
Continuous
 62
     7
370
    25
100
AcDbLine
 10
178.7593137671
 20
220.0709713127
 30
0.0
 11
178.8116999165
 21
220.0777447307
 31
0.0
  0
SPLINE
  5
939
330
1F
100
AcDbEntity
  8
0
  6
Continuous
 62
     7
370
    25
100
AcDbSpline
210
0.0
220
0.0
230
1.0
 70
     8
 71
     3
 72
     9
 73
     5
 74
     0
 42
0.00000001
 43
0.00000001
 40
0.0
 40
0.0
 40
0.0
 40
0.0
 40
0.5603956879101161
 40
1.0
 40
1.0
 40
1.0
 40
1.0
 10
178.8116999165071
 20
220.0777447307393
 30
0.0
 10
178.813512247117
 20
220.0748862251404
 30
0.0
 10
178.8167462666661
 20
220.0697853550577
 30
0.0
 10
178.8226538907976
 20
220.0655727658588
 30
0.0
 10
178.82525090784
 20
220.063720893482
 30
0.0
  0
SPLINE
  5
93A
330
1F
100
AcDbEntity
  8
0
  6
Continuous
 62
     7
370
    25
100
AcDbSpline
210
0.0
220
0.0
230
1.0
 70
     8
 71
     3
 72
    10
 73
     6
 74
     0
 42
0.00000001
 43
0.00000001
 40
0.0
 40
0.0
 40
0.0
 40
0.0
 40
0.2783358042949878
 40
0.5587680788558439
 40
0.9999999999999999
 40
0.9999999999999999
 40
0.9999999999999999
 40
0.9999999999999999
 10
178.82525090784
 20
220.063720893482
 30
0.0
 10
178.8358635454586
 20
220.0597837685313
 30
0.0
 10
178.8571687567975
 20
220.0518798635686
 30
0.0
 10
178.9038986539881
 20
220.0529352247993
 30
0.0
 10
178.9325711748761
 20
220.0614342322865
 30
0.0
 10
178.9501018096931
 20
220.0666306012122
 30
0.0
  0
SPLINE
  5
93B
330
1F
100
AcDbEntity
  8
0
  6
Continuous
 62
     7
370
    25
100
AcDbSpline
210
0.0
220
0.0
230
1.0
 70
     8
 71
     3
 72
     9
 73
     5
 74
     0
 42
0.00000001
 43
0.00000001
 40
0.0
 40
0.0
 40
0.0
 40
0.0
 40
0.5596360420325427
 40
1.0
 40
1.0
 40
1.0
 40
1.0
 10
178.9501018096931
 20
220.0666306012122
 30
0.0
 10
178.9717666422966
 20
220.0763233094548
 30
0.0
 10
179.0104790035034
 20
220.0936429735126
 30
0.0
 10
179.0449725747263
 20
220.1137019149089
 30
0.0
 10
179.0601623002744
 20
220.1225351497348
 30
0.0
  0
LINE
  5
93C
330
1F
100
AcDbEntity
  8
0
  6
Continuous
 62
     7
370
    25
100
AcDbLine
 10
179.0601623003
 20
220.1225351497
 30
0.0
 11
179.1614642233
 21
220.1810155051
 31
0.0
  0
LINE
  5
93D
330
1F
100
AcDbEntity
  8
0
  6
Continuous
 62
     7
370
    25
100
AcDbLine
 10
179.1614642233
 20
220.1810155051
 30
0.0
 11
179.1983636952
 21
220.1597138934
 31
0.0
  0
LINE
  5
93E
330
1F
100
AcDbEntity
  8
0
  6
Continuous
 62
     7
370
    25
100
AcDbLine
 10
178.9044085279
 20
220.0326204109
 30
0.0
 11
178.9044085279
 21
220.032756501
 31
0.0
  0
LINE
  5
93F
330
1F
100
AcDbEntity
  8
0
  6
Continuous
 62
     7
370
    25
100
AcDbLine
 10
178.9501018097
 20
220.0666306012
 30
0.0
 11
178.9501018097
 21
220.0667666913
 31
0.0
  0
LINE
  5
940
330
1F
100
AcDbEntity
  8
0
  6
Continuous
 62
     7
370
    25
100
AcDbLine
 10
178.8252509078
 20
220.0637208935
 30
0.0
 11
178.8252509078
 21
220.0638569836
 31
0.0
  0
LINE
  5
941
330
1F
100
AcDbEntity
  8
0
  6
Continuous
 62
     7
370
    25
100
AcDbLine
 10
178.8116999165
 20
220.0777447307
 30
0.0
 11
178.8116999165
 21
220.0778808209
 31
0.0
  0
LINE
  5
942
330
1F
100
AcDbEntity
  8
0
  6
Continuous
 62
     7
370
    25
100
AcDbLine
 10
179.0601623003
 20
220.1225351497
 30
0.0
 11
179.0601623003
 21
220.1226712399
 31
0.0
  0
SPLINE
  5
943
330
1F
100
AcDbEntity
  8
0
  6
Continuous
 62
     7
370
    25
100
AcDbSpline
210
0.0
220
0.0
230
1.0
 70
     8
 71
     3
 72
     9
 73
     5
 74
     0
 42
0.00000001
 43
0.00000001
 40
0.0
 40
0.0
 40
0.0
 40
0.0
 40
0.5592164975841688
 40
1.0
 40
1.0
 40
1.0
 40
1.0
 10
178.5015144197787
 20
220.2652062287715
 30
0.0
 10
178.5061486956957
 20
220.2832631860761
 30
0.0
 10
178.5144357829633
 20
220.3155529296415
 30
0.0
 10
178.5511749248846
 20
220.3401023687466
 30
0.0
 10
178.5673689325365
 20
220.3509233564977
 30
0.0
  0
SPLINE
  5
944
330
1F
100
AcDbEntity
  8
0
  6
Continuous
 62
     7
370
    25
100
AcDbSpline
210
0.0
220
0.0
230
1.0
 70
     8
 71
     3
 72
    11
 73
     7
 74
     0
 42
0.00000001
 43
0.00000001
 40
0.0
 40
0.0
 40
0.0
 40
0.0
 40
0.2795212190096245
 40
0.5593812344206202
 40
0.7795068288935377
 40
1.0
 40
1.0
 40
1.0
 40
1.0
 10
178.5673689325365
 20
220.3509233564977
 30
0.0
 10
178.5931170541789
 20
220.3625193196199
 30
0.0
 10
178.644644505724
 20
220.3857253008636
 30
0.0
 10
178.7376949285555
 20
220.3914530932128
 30
0.0
 10
178.8200334166833
 20
220.3794487379705
 30
0.0
 10
178.8589207980595
 20
220.3601827737168
 30
0.0
 10
178.8783807092242
 20
220.3505417554839
 30
0.0
  0
SPLINE
  5
945
330
1F
100
AcDbEntity
  8
0
  6
Continuous
 62
     7
370
    25
100
AcDbSpline
210
0.0
220
0.0
230
1.0
 70
     8
 71
     3
 72
     9
 73
     5
 74
     0
 42
0.00000001
 43
0.00000001
 40
0.0
 40
0.0
 40
0.0
 40
0.0
 40
0.6894970130472194
 40
1.0
 40
1.0
 40
1.0
 40
1.0
 10
178.8783807092242
 20
220.3505417554839
 30
0.0
 10
178.9009666176196
 20
220.3360939623544
 30
0.0
 10
178.9337236970092
 20
220.3151398568889
 30
0.0
 10
178.9361897946766
 20
220.2877397352352
 30
0.0
 10
178.9369555253684
 20
220.2792319156188
 30
0.0
  0
SPLINE
  5
946
330
1F
100
AcDbEntity
  8
0
  6
Continuous
 62
     7
370
    25
100
AcDbSpline
210
0.0
220
0.0
230
1.0
 70
     8
 71
     3
 72
    10
 73
     6
 74
     0
 42
0.00000001
 43
0.00000001
 40
0.0
 40
0.0
 40
0.0
 40
0.0
 40
0.2757829105166759
 40
0.6378150568314113
 40
1.0
 40
1.0
 40
1.0
 40
1.0
 10
178.5608815149543
 20
220.2769907143088
 30
0.0
 10
178.5580787235218
 20
220.2685595416735
 30
0.0
 10
178.5515965866358
 20
220.2490604043143
 30
0.0
 10
178.5664447624685
 20
220.2177841472036
 30
0.0
 10
178.5911865106371
 20
220.2003961609107
 30
0.0
 10
178.6035599947546
 20
220.1917003334871
 30
0.0
  0
SPLINE
  5
947
330
1F
100
AcDbEntity
  8
0
  6
Continuous
 62
     7
370
    25
100
AcDbSpline
210
0.0
220
0.0
230
1.0
 70
     8
 71
     3
 72
    11
 73
     7
 74
     0
 42
0.00000001
 43
0.00000001
 40
0.0
 40
0.0
 40
0.0
 40
0.0
 40
0.2794841610042991
 40
0.5592560945586723
 40
0.7795472410484148
 40
0.9999999999999999
 40
0.9999999999999999
 40
0.9999999999999999
 40
0.9999999999999999
 10
178.6035599947546
 20
220.1917003334871
 30
0.0
 10
178.6233231799677
 20
220.1827739983092
 30
0.0
 10
178.6628698996765
 20
220.1649121368985
 30
0.0
 10
178.7343709384413
 20
220.1616417910878
 30
0.0
 10
178.79747274452
 20
220.1704029616262
 30
0.0
 10
178.827555762539
 20
220.1850128249115
 30
0.0
 10
178.8426027869857
 20
220.1923204351346
 30
0.0
  0
SPLINE
  5
948
330
1F
100
AcDbEntity
  8
0
  6
Continuous
 62
     7
370
    25
100
AcDbSpline
210
0.0
220
0.0
230
1.0
 70
     8
 71
     3
 72
     9
 73
     5
 74
     0
 42
0.00000001
 43
0.00000001
 40
0.0
 40
0.0
 40
0.0
 40
0.0
 40
0.7198864973795592
 40
1.0
 40
1.0
 40
1.0
 40
1.0
 10
178.8426027869857
 20
220.1923204351346
 30
0.0
 10
178.8593749182442
 20
220.2034553476564
 30
0.0
 10
178.8826732177949
 20
220.2189229422875
 30
0.0
 10
178.8850944867526
 20
220.2387744050907
 30
0.0
 10
178.8857727168811
 20
220.2443350678687
 30
0.0
  0
LINE
  5
949
330
1F
100
AcDbEntity
  8
0
  6
Continuous
 62
     7
370
    25
100
AcDbLine
 10
179.1614642233
 20
220.1810155051
 30
0.0
 11
179.1614642233
 21
220.1811515952
 31
0.0
  0
LINE
  5
94A
330
1F
100
AcDbEntity
  8
0
  6
Continuous
 62
     7
370
    25
100
AcDbLine
 10
178.842602787
 20
220.1923204351
 30
0.0
 11
178.842602787
 21
220.1924565253
 31
0.0
  0
LINE
  5
94B
330
1F
100
AcDbEntity
  8
0
  6
Continuous
 62
     7
370
    25
100
AcDbLine
 10
178.6035599948
 20
220.1917003335
 30
0.0
 11
178.6035599948
 21
220.1918364236
 31
0.0
  0
SPLINE
  5
94C
330
1F
100
AcDbEntity
  8
0
  6
Continuous
 62
     7
370
    25
100
AcDbSpline
210
0.0
220
0.0
230
1.0
 70
     8
 71
     3
 72
    11
 73
     7
 74
     0
 42
0.00000001
 43
0.00000001
 40
0.0
 40
0.0
 40
0.0
 40
0.0
 40
0.2794841610042991
 40
0.5592560945586723
 40
0.7795472410484148
 40
0.9999999999999999
 40
0.9999999999999999
 40
0.9999999999999999
 40
0.9999999999999999
 10
178.6035599947546
 20
220.1918364236224
 30
0.0
 10
178.6233231799677
 20
220.1829100884445
 30
0.0
 10
178.6628698996765
 20
220.1650482270338
 30
0.0
 10
178.7343709384413
 20
220.1617778812231
 30
0.0
 10
178.79747274452
 20
220.1705390517616
 30
0.0
 10
178.827555762539
 20
220.1851489150469
 30
0.0
 10
178.8426027869857
 20
220.1924565252699
 30
0.0
  0
SPLINE
  5
94D
330
1F
100
AcDbEntity
  8
0
  6
Continuous
 62
     7
370
    25
100
AcDbSpline
210
0.0
220
0.0
230
1.0
 70
     8
 71
     3
 72
    11
 73
     7
 74
     0
 42
0.00000001
 43
0.00000001
 40
0.0
 40
0.0
 40
0.0
 40
0.0
 40
0.2797454251698295
 40
0.5591127150244045
 40
0.7796058487770651
 40
1.0
 40
1.0
 40
1.0
 40
1.0
 10
178.8415286230386
 20
220.3292127885926
 30
0.0
 10
178.822061012346
 20
220.3381528801997
 30
0.0
 10
178.7831521055685
 20
220.3560209789825
 30
0.0
 10
178.7121962278781
 20
220.3606775008979
 30
0.0
 10
178.649773987991
 20
220.351258309083
 30
0.0
 10
178.6196785162445
 20
220.3369736275147
 30
0.0
 10
178.6046341587018
 20
220.3298328902401
 30
0.0
  0
SPLINE
  5
94E
330
1F
100
AcDbEntity
  8
0
  6
Continuous
 62
     7
370
    25
100
AcDbSpline
210
0.0
220
0.0
230
1.0
 70
     8
 71
     3
 72
    11
 73
     7
 74
     0
 42
0.00000001
 43
0.00000001
 40
0.0
 40
0.0
 40
0.0
 40
0.0
 40
0.2796181048413448
 40
0.5591671821896997
 40
0.7795122911402558
 40
1.0
 40
1.0
 40
1.0
 40
1.0
 10
178.8426027869857
 20
220.1924565252699
 30
0.0
 10
178.8578263515087
 20
220.2037873237674
 30
0.0
 10
178.888269722413
 20
220.2264461236024
 30
0.0
 10
178.8962929591562
 20
220.2674231464096
 30
0.0
 10
178.8789815317653
 20
220.3033371537006
 30
0.0
 10
178.8540156179257
 20
220.3205857171158
 30
0.0
 10
178.8415286230386
 20
220.3292127885926
 30
0.0
  0
SPLINE
  5
94F
330
1F
100
AcDbEntity
  8
0
  6
Continuous
 62
     7
370
    25
100
AcDbSpline
210
0.0
220
0.0
230
1.0
 70
     8
 71
     3
 72
    11
 73
     7
 74
     0
 42
0.00000001
 43
0.00000001
 40
0.0
 40
0.0
 40
0.0
 40
0.0
 40
0.2795862054458392
 40
0.5593981391285061
 40
0.7796525900078323
 40
1.0
 40
1.0
 40
1.0
 40
1.0
 10
178.6046341587018
 20
220.3298328902401
 30
0.0
 10
178.5890297260328
 20
220.3184836590885
 30
0.0
 10
178.5578082622154
 20
220.2957760338085
 30
0.0
 10
178.5515846185628
 20
220.2545673202389
 30
0.0
 10
178.5658328134589
 20
220.2180075718862
 30
0.0
 10
178.5909824989448
 20
220.2005613666561
 30
0.0
 10
178.6035599947546
 20
220.1918364236224
 30
0.0
  0
LINE
  5
950
330
1F
100
AcDbEntity
  8
0
  6
Continuous
 62
     7
370
    25
100
AcDbLine
 10
178.5015144198
 20
220.2652062288
 30
0.0
 11
178.5015144198
 21
220.2653423189
 31
0.0
  0
LINE
  5
951
330
1F
100
AcDbEntity
  8
0
  6
Continuous
 62
     7
370
    25
100
AcDbLine
 10
178.8783807092
 20
220.3505417555
 30
0.0
 11
178.8783807092
 21
220.3506778456
 31
0.0
  0
LINE
  5
952
330
1F
100
AcDbEntity
  8
0
  6
Continuous
 62
     7
370
    25
100
AcDbLine
 10
178.5673689325
 20
220.3509233565
 30
0.0
 11
178.5673689325
 21
220.3510594466
 31
0.0
  0
LINE
  5
953
330
1F
100
AcDbEntity
  8
0
  6
Continuous
 62
     7
370
    25
100
AcDbLine
 10
178.3048950318
 20
220.3276183395
 30
0.0
 11
178.3591463828
 21
220.3589369778
 31
0.0
  0
SPLINE
  5
954
330
1F
100
AcDbEntity
  8
0
  6
Continuous
 62
     7
370
    25
100
AcDbSpline
210
0.0
220
0.0
230
1.0
 70
     8
 71
     3
 72
     9
 73
     5
 74
     0
 42
0.00000001
 43
0.00000001
 40
0.0
 40
0.0
 40
0.0
 40
0.0
 40
0.1235027886347321
 40
1.0
 40
1.0
 40
1.0
 40
1.0
 10
178.1430707198883
 20
220.4709707666337
 30
0.0
 10
178.143777261842
 20
220.4746021566086
 30
0.0
 10
178.1494981201445
 20
220.5040054600892
 30
0.0
 10
178.1896675213019
 20
220.5253006205753
 30
0.0
 10
178.2248758893987
 20
220.5439657693568
 30
0.0
  0
LINE
  5
955
330
1F
100
AcDbEntity
  8
0
  6
Continuous
 62
     7
370
    25
100
AcDbLine
 10
178.2248758894
 20
220.5439657694
 30
0.0
 11
178.3788118458
 21
220.6328311054
 31
0.0
  0
LINE
  5
956
330
1F
100
AcDbEntity
  8
0
  6
Continuous
 62
     7
370
    25
100
AcDbLine
 10
178.3788118458
 20
220.6328311054
 30
0.0
 11
178.4157113177
 21
220.6115294937
 31
0.0
  0
SPLINE
  5
957
330
1F
100
AcDbEntity
  8
0
  6
Continuous
 62
     7
370
    25
100
AcDbSpline
210
0.0
220
0.0
230
1.0
 70
     8
 71
     3
 72
     9
 73
     5
 74
     0
 42
0.00000001
 43
0.00000001
 40
0.0
 40
0.0
 40
0.0
 40
0.0
 40
0.3336334820910721
 40
1.0
 40
1.0
 40
1.0
 40
1.0
 10
178.193425762285
 20
220.4598120918398
 30
0.0
 10
178.1926263041645
 20
220.4533100900738
 30
0.0
 10
178.1902300874675
 20
220.4338216330844
 30
0.0
 10
178.2130543277266
 20
220.4185384863486
 30
0.0
 10
178.2282636372319
 20
220.4083543090755
 30
0.0
  0
SPLINE
  5
958
330
1F
100
AcDbEntity
  8
0
  6
Continuous
 62
     7
370
    25
100
AcDbSpline
210
0.0
220
0.0
230
1.0
 70
     8
 71
     3
 72
    11
 73
     7
 74
     0
 42
0.00000001
 43
0.00000001
 40
0.0
 40
0.0
 40
0.0
 40
0.0
 40
0.2795525166743227
 40
0.559372985134389
 40
0.7797025609570686
 40
1.0
 40
1.0
 40
1.0
 40
1.0
 10
178.2282636372319
 20
220.4083543090755
 30
0.0
 10
178.2426928994932
 20
220.4015972206271
 30
0.0
 10
178.2715652544997
 20
220.388076567044
 30
0.0
 10
178.3234066406756
 20
220.382604774026
 30
0.0
 10
178.3711659805363
 20
220.3844245973082
 30
0.0
 10
178.3974717158771
 20
220.391632890497
 30
0.0
 10
178.4106236242536
 20
220.3952367742259
 30
0.0
  0
SPLINE
  5
959
330
1F
100
AcDbEntity
  8
0
  6
Continuous
 62
     7
370
    25
100
AcDbSpline
210
0.0
220
0.0
230
1.0
 70
     8
 71
     3
 72
     9
 73
     5
 74
     0
 42
0.00000001
 43
0.00000001
 40
0.0
 40
0.0
 40
0.0
 40
0.0
 40
0.5596575716580792
 40
0.9999999999999999
 40
0.9999999999999999
 40
0.9999999999999999
 40
0.9999999999999999
 10
178.4106236242536
 20
220.3952367742259
 30
0.0
 10
178.427712189841
 20
220.4027202230676
 30
0.0
 10
178.4582461564177
 20
220.4160917009511
 30
0.0
 10
178.4853033386583
 20
220.4317492197129
 30
0.0
 10
178.4972177639902
 20
220.4386438895464
 30
0.0
  0
LINE
  5
95A
330
1F
100
AcDbEntity
  8
0
  6
Continuous
 62
     7
370
    25
100
AcDbLine
 10
178.497217764
 20
220.4386438895
 30
0.0
 11
178.6062040906
 21
220.5015603567
 31
0.0
  0
LINE
  5
95B
330
1F
100
AcDbEntity
  8
0
  6
Continuous
 62
     7
370
    25
100
AcDbLine
 10
178.6062040906
 20
220.5015603567
 30
0.0
 11
178.6431035625
 21
220.480258745
 31
0.0
  0
LINE
  5
95C
330
1F
100
AcDbEntity
  8
0
  6
Continuous
 62
     7
370
    25
100
AcDbLine
 10
178.3591463828
 20
220.3589369778
 30
0.0
 11
178.3591463828
 21
220.3590730679
 31
0.0
  0
LINE
  5
95D
330
1F
100
AcDbEntity
  8
0
  6
Continuous
 62
     7
370
    25
100
AcDbLine
 10
178.4106236243
 20
220.3952367742
 30
0.0
 11
178.4106236243
 21
220.3953728644
 31
0.0
  0
LINE
  5
95E
330
1F
100
AcDbEntity
  8
0
  6
Continuous
 62
     7
370
    25
100
AcDbLine
 10
178.2282636372
 20
220.4083543091
 30
0.0
 11
178.2282636372
 21
220.4084903992
 31
0.0
  0
LINE
  5
95F
330
1F
100
AcDbEntity
  8
0
  6
Continuous
 62
     7
370
    25
100
AcDbLine
 10
178.2248758894
 20
220.5439657694
 30
0.0
 11
178.2248758894
 21
220.5441018595
 31
0.0
  0
LINE
  5
960
330
1F
100
AcDbEntity
  8
0
  6
Continuous
 62
     7
370
    25
100
AcDbLine
 10
178.497217764
 20
220.4386438895
 30
0.0
 11
178.497217764
 21
220.4387799797
 31
0.0
  0
LINE
  5
961
330
1F
100
AcDbEntity
  8
0
  6
Continuous
 62
     7
370
    25
100
AcDbLine
 10
177.7972286247
 20
220.480258745
 30
0.0
 11
177.9187391645
 21
220.5504052865
 31
0.0
  0
LINE
  5
962
330
1F
100
AcDbEntity
  8
0
  6
Continuous
 62
     7
370
    25
100
AcDbLine
 10
177.8659751174
 20
220.5810014126
 30
0.0
 11
177.9028745893
 21
220.6023030243
 31
0.0
  0
LINE
  5
963
330
1F
100
AcDbEntity
  8
0
  6
Continuous
 62
     7
370
    25
100
AcDbLine
 10
177.9028745893
 20
220.6023030243
 30
0.0
 11
177.9557565066
 21
220.5717749432
 31
0.0
  0
LINE
  5
964
330
1F
100
AcDbEntity
  8
0
  6
Continuous
 62
     7
370
    25
100
AcDbLine
 10
177.9557565066
 20
220.5717749432
 30
0.0
 11
178.2201660936
 21
220.7244153488
 31
0.0
  0
LINE
  5
965
330
1F
100
AcDbEntity
  8
0
  6
Continuous
 62
     7
370
    25
100
AcDbLine
 10
178.2201660936
 20
220.7244153488
 30
0.0
 11
178.2570655655
 21
220.7031137371
 31
0.0
  0
LINE
  5
966
330
1F
100
AcDbEntity
  8
0
  6
Continuous
 62
     7
370
    25
100
AcDbLine
 10
177.9927738488
 20
220.5504052865
 30
0.0
 11
178.0455378959
 21
220.5199452504
 31
0.0
  0
LINE
  5
967
330
1F
100
AcDbEntity
  8
0
  6
Continuous
 62
     7
370
    25
100
AcDbLine
 10
178.6062040906
 20
220.5015603567
 30
0.0
 11
178.6062040906
 21
220.5016964468
 31
0.0
  0
LINE
  5
968
330
1F
100
AcDbEntity
  8
0
  6
Continuous
 62
     7
370
    25
100
AcDbLine
 10
177.9187391645
 20
220.5504052865
 30
0.0
 11
177.9187391645
 21
220.5505413766
 31
0.0
  0
LINE
  5
969
330
1F
100
AcDbEntity
  8
0
  6
Continuous
 62
     7
370
    25
100
AcDbLine
 10
177.9927738488
 20
220.5504052865
 30
0.0
 11
177.9927738488
 21
220.5505413766
 31
0.0
  0
LINE
  5
96A
330
1F
100
AcDbEntity
  8
0
  6
Continuous
 62
     7
370
    25
100
AcDbLine
 10
178.3788118458
 20
220.6328311054
 30
0.0
 11
178.3788118458
 21
220.6329671956
 31
0.0
  0
LINE
  5
96B
330
1F
100
AcDbEntity
  8
0
  6
Continuous
 62
     7
370
    25
100
AcDbLine
 10
177.9557565066
 20
220.5717749432
 30
0.0
 11
177.9557565066
 21
220.5719110334
 31
0.0
  0
LINE
  5
96C
330
1F
100
AcDbEntity
  8
0
  6
Continuous
 62
     7
370
    25
100
AcDbLine
 10
177.9028745893
 20
220.6023030243
 30
0.0
 11
177.9028745893
 21
220.6024391145
 31
0.0
  0
LINE
  5
96D
330
1F
100
AcDbEntity
  8
0
  6
Continuous
 62
     7
370
    25
100
AcDbLine
 10
178.2201660936
 20
220.7244153488
 30
0.0
 11
178.2201660936
 21
220.7245514389
 31
0.0
  0
LINE
  5
96E
330
1F
100
AcDbEntity
  8
0
  6
Continuous
 62
     7
370
    25
100
AcDbLine
 10
179.410009235
 20
173.0876787645
 30
0.0
 11
191.1951222548
 21
179.8910796963
 31
0.0
  0
LINE
  5
96F
330
1F
100
AcDbEntity
  8
0
  6
Continuous
 62
     7
370
    25
100
AcDbLine
 10
167.6248962153
 20
179.8910796963
 30
0.0
 11
174.6955809135
 21
175.809260304
 31
0.0
  0
LINE
  5
970
330
1F
100
AcDbEntity
  8
0
  6
Continuous
 62
     7
370
    25
100
AcDbLine
 10
175.4266410343
 20
184.3949311132
 30
0.0
 11
172.3393245368
 21
182.6126612358
 31
0.0
  0
LINE
  5
971
330
1F
100
AcDbEntity
  8
0
  6
Continuous
 62
     7
370
    25
100
AcDbLine
 10
167.6248962153
 20
179.8910796963
 30
0.0
 11
167.6248962153
 21
179.2106290198
 31
0.0
  0
LINE
  5
972
330
1F
100
AcDbEntity
  8
0
  6
Continuous
 62
     7
370
    25
100
AcDbLine
 10
179.410009235
 20
173.0876787645
 30
0.0
 11
179.410009235
 21
172.4072280879
 31
0.0
  0
LINE
  5
973
330
1F
100
AcDbEntity
  8
0
  6
Continuous
 62
     7
370
    25
100
AcDbLine
 10
167.6248962153
 20
179.2106290198
 30
0.0
 11
174.1062294841
 21
175.4690349657
 31
0.0
  0
LINE
  5
974
330
1F
100
AcDbEntity
  8
0
  6
Continuous
 62
     7
370
    25
100
AcDbLine
 10
178.8206578056
 20
172.7474534262
 30
0.0
 11
179.410009235
 21
172.4072280879
 31
0.0
  0
LINE
  5
975
330
1F
100
AcDbEntity
  8
0
  6
Continuous
 62
     7
370
    25
100
AcDbLine
 10
191.1951222548
 20
179.8910796963
 30
0.0
 11
191.1951222548
 21
179.2106290198
 31
0.0
  0
LINE
  5
976
330
1F
100
AcDbEntity
  8
0
  6
Continuous
 62
     7
370
    25
100
AcDbLine
 10
179.410009235
 20
172.4072280879
 30
0.0
 11
191.1951222548
 21
179.2106290198
 31
0.0
  0
LINE
  5
977
330
1F
100
AcDbEntity
  8
0
  6
Continuous
 62
     7
370
    25
100
AcDbLine
 10
153.4827605915
 20
230.243102762
 30
0.0
 11
165.2678736113
 21
237.0465036938
 31
0.0
  0
LINE
  5
978
330
1F
100
AcDbEntity
  8
0
  6
Continuous
 62
     7
370
    25
100
AcDbLine
 10
165.2678736113
 20
236.0462411993
 30
0.0
 11
165.2678736113
 21
237.0465036938
 31
0.0
  0
LINE
  5
979
330
1F
100
AcDbEntity
  8
0
  6
Continuous
 62
     7
370
    25
100
AcDbLine
 10
165.2678736113
 20
236.0462411993
 30
0.0
 11
153.4827605915
 21
229.2428402674
 31
0.0
  0
LINE
  5
97A
330
1F
100
AcDbEntity
  8
0
  6
Continuous
 62
     7
370
    25
100
AcDbLine
 10
153.4827605915
 20
229.2428402674
 30
0.0
 11
153.4827605915
 21
230.243102762
 31
0.0
  0
LWPOLYLINE
  5
97B
330
1F
100
AcDbEntity
  8
0
  6
Continuous
 62
     7
370
    25
100
AcDbPolyline
 90
       17
 70
   128
 43
0.0
 10
152.8935049406
 20
230.1750024026
 10
152.9114467068
 20
230.0604859613
 10
152.9625405343
 20
229.9426884876
 10
153.0390078509
 20
229.8395435792
 10
153.129207201
 20
229.7667541134
 10
153.219406551
 20
229.7354016264
 10
153.2958738676
 20
229.7502592503
 10
153.3469676951
 20
229.8090650464
 10
153.3649094613
 20
229.9028663654
 10
153.3469676951
 20
230.0173828067
 10
153.2958738676
 20
230.1351802804
 10
153.219406551
 20
230.2383251888
 10
153.129207201
 20
230.3111146546
 10
153.0390078509
 20
230.3424671416
 10
152.9625405343
 20
230.3276095177
 10
152.9114467068
 20
230.2688037216
 10
152.8935049406
 20
230.1750024026
  0
LWPOLYLINE
  5
97C
330
1F
100
AcDbEntity
  8
0
  6
Continuous
 62
     7
370
    25
100
AcDbPolyline
 90
       17
 70
   128
 43
0.0
 10
151.2435891178
 20
231.1274785331
 10
151.261530884
 20
231.0129620917
 10
151.3126247115
 20
230.8951646181
 10
151.3890920282
 20
230.7920197097
 10
151.4792913782
 20
230.7192302438
 10
151.5694907282
 20
230.6878777569
 10
151.6459580448
 20
230.7027353807
 10
151.6970518723
 20
230.7615411768
 10
151.7149936386
 20
230.8553424958
 10
151.6970518723
 20
230.9698589372
 10
151.6459580448
 20
231.0876564108
 10
151.5694907282
 20
231.1908013192
 10
151.4792913782
 20
231.2635907851
 10
151.3890920282
 20
231.2949432721
 10
151.3126247115
 20
231.2800856482
 10
151.261530884
 20
231.2212798521
 10
151.2435891178
 20
231.1274785331
  0
LWPOLYLINE
  5
97D
330
1F
100
AcDbEntity
  8
0
  6
Continuous
 62
     7
370
    25
100
AcDbPolyline
 90
       17
 70
   128
 43
0.0
 10
151.2435891178
 20
229.2222166387
 10
151.261530884
 20
229.1077001973
 10
151.3126247115
 20
228.9899027237
 10
151.3890920282
 20
228.8867578153
 10
151.4792913782
 20
228.8139683494
 10
151.5694907282
 20
228.7826158625
 10
151.6459580448
 20
228.7974734863
 10
151.6970518723
 20
228.8562792824
 10
151.7149936386
 20
228.9500806014
 10
151.6970518723
 20
229.0645970428
 10
151.6459580448
 20
229.1823945164
 10
151.5694907282
 20
229.2855394248
 10
151.4792913782
 20
229.3583288907
 10
151.3890920282
 20
229.3896813777
 10
151.3126247115
 20
229.3748237538
 10
151.261530884
 20
229.3160179577
 10
151.2435891178
 20
229.2222166387
  0
LWPOLYLINE
  5
97E
330
1F
100
AcDbEntity
  8
0
  6
Continuous
 62
     7
370
    25
100
AcDbPolyline
 90
       17
 70
   128
 43
0.0
 10
152.8935049406
 20
228.2697405082
 10
152.9114467068
 20
228.1552240669
 10
152.9625405343
 20
228.0374265932
 10
153.0390078509
 20
227.9342816848
 10
153.129207201
 20
227.861492219
 10
153.219406551
 20
227.830139732
 10
153.2958738676
 20
227.8449973559
 10
153.3469676951
 20
227.903803152
 10
153.3649094613
 20
227.997604471
 10
153.3469676951
 20
228.1121209123
 10
153.2958738676
 20
228.229918386
 10
153.219406551
 20
228.3330632944
 10
153.129207201
 20
228.4058527602
 10
153.0390078509
 20
228.4372052472
 10
152.9625405343
 20
228.4223476233
 10
152.9114467068
 20
228.3635418272
 10
152.8935049406
 20
228.2697405082
  0
LWPOLYLINE
  5
97F
330
1F
100
AcDbEntity
  8
0
  6
Continuous
 62
     7
370
    25
100
AcDbPolyline
 90
       17
 70
   128
 43
0.0
 10
152.0508693596
 20
229.7088146221
 10
152.0701567584
 20
229.5857094476
 10
152.1250826229
 20
229.4590771634
 10
152.2072849883
 20
229.3481963869
 10
152.3042492896
 20
229.2699477111
 10
152.4012135908
 20
229.2362437876
 10
152.4834159562
 20
229.2522157333
 10
152.5383418208
 20
229.3154319641
 10
152.5576292195
 20
229.416268382
 10
152.5383418208
 20
229.5393735565
 10
152.4834159562
 20
229.6660058406
 10
152.4012135908
 20
229.7768866172
 10
152.3042492896
 20
229.855135293
 10
152.2072849883
 20
229.8888392164
 10
152.1250826229
 20
229.8728672708
 10
152.0701567584
 20
229.80965104
 10
152.0508693596
 20
229.7088146221
  0
LINE
  5
980
330
1F
100
AcDbEntity
  8
0
  6
Continuous
 62
     7
370
    25
100
AcDbLine
 10
153.4827605915
 20
227.5213000557
 30
0.0
 11
153.4827605915
 21
228.5215625503
 31
0.0
  0
LINE
  5
981
330
1F
100
AcDbEntity
  8
0
  6
Continuous
 62
     7
370
    25
100
AcDbLine
 10
152.6165547846
 20
228.0213500242
 30
0.0
 11
153.4827605915
 21
227.5213000557
 31
0.0
  0
LINE
  5
982
330
1F
100
AcDbEntity
  8
0
  6
Continuous
 62
     7
370
    25
100
AcDbLine
 10
152.6165547846
 20
228.0213500242
 30
0.0
 11
152.6165547846
 21
228.2254852272
 31
0.0
  0
LINE
  5
983
330
1F
100
AcDbEntity
  8
0
  6
Continuous
 62
     7
370
    25
100
AcDbLine
 10
152.6165547846
 20
228.2254852272
 30
0.0
 11
152.7933314799
 21
228.1234342132
 31
0.0
  0
LINE
  5
984
330
1F
100
AcDbEntity
  8
0
  6
Continuous
 62
     7
370
    25
100
AcDbLine
 10
152.7933314799
 20
228.1234342132
 30
0.0
 11
152.7933314799
 21
228.5317046191
 31
0.0
  0
ARC
  5
985
330
1F
100
AcDbEntity
  8
0
  6
Continuous
 62
     7
370
    25
100
AcDbCircle
 10
151.7670172421
 20
227.8834317222
 30
0.0
 40
1.213910484190464
100
AcDbArc
 50
32.2786145967
 51
87.726761936
  0
LINE
  5
986
330
1F
100
AcDbEntity
  8
0
  6
Continuous
 62
     7
370
    25
100
AcDbLine
 10
151.8151670992
 20
229.0963868965
 30
0.0
 11
151.8151670992
 21
228.6881164905
 31
0.0
  0
LINE
  5
987
330
1F
100
AcDbEntity
  8
0
  6
Continuous
 62
     7
370
    25
100
AcDbLine
 10
151.8151670992
 20
228.6881164905
 30
0.0
 11
151.9919437945
 21
228.5860654766
 31
0.0
  0
LINE
  5
988
330
1F
100
AcDbEntity
  8
0
  6
Continuous
 62
     7
370
    25
100
AcDbLine
 10
151.9919437945
 20
228.5860654766
 30
0.0
 11
151.9919437945
 21
228.3819302736
 31
0.0
  0
LINE
  5
989
330
1F
100
AcDbEntity
  8
0
  6
Continuous
 62
     7
370
    25
100
AcDbLine
 10
151.1257379876
 20
228.8819802421
 30
0.0
 11
151.9919437945
 21
228.3819302736
 31
0.0
  0
LINE
  5
98A
330
1F
100
AcDbEntity
  8
0
  6
Continuous
 62
     7
370
    25
100
AcDbLine
 10
151.1257379876
 20
229.8822427366
 30
0.0
 11
151.1257379876
 21
228.8819802421
 31
0.0
  0
LINE
  5
98B
330
1F
100
AcDbEntity
  8
0
  6
Continuous
 62
     7
370
    25
100
AcDbLine
 10
151.1257379876
 20
229.8822427366
 30
0.0
 11
151.3025146829
 21
229.7801917227
 31
0.0
  0
LINE
  5
98C
330
1F
100
AcDbEntity
  8
0
  6
Continuous
 62
     7
370
    25
100
AcDbLine
 10
151.3025146829
 20
229.7801917227
 30
0.0
 11
151.3025146829
 21
229.5760565197
 31
0.0
  0
LINE
  5
98D
330
1F
100
AcDbEntity
  8
0
  6
Continuous
 62
     7
370
    25
100
AcDbLine
 10
151.3025146829
 20
229.5760565197
 30
0.0
 11
151.6560680735
 21
229.3719544917
 31
0.0
  0
ARC
  5
98E
330
1F
100
AcDbEntity
  8
0
  6
Continuous
 62
     7
370
    25
100
AcDbCircle
 10
150.5812300669
 20
229.9367285533
 30
0.0
 40
1.214185521668813
100
AcDbArc
 50
332.2803007999
 51
27.7196992001
  0
LINE
  5
98F
330
1F
100
AcDbEntity
  8
0
  6
Continuous
 62
     7
370
    25
100
AcDbLine
 10
151.6560680735
 20
230.5015026148
 30
0.0
 11
151.3025146829
 21
230.7056046428
 31
0.0
  0
LINE
  5
990
330
1F
100
AcDbEntity
  8
0
  6
Continuous
 62
     7
370
    25
100
AcDbLine
 10
151.3025146829
 20
230.7056046428
 30
0.0
 11
151.3025146829
 21
230.5014694398
 31
0.0
  0
LINE
  5
991
330
1F
100
AcDbEntity
  8
0
  6
Continuous
 62
     7
370
    25
100
AcDbLine
 10
151.3025146829
 20
230.5014694398
 30
0.0
 11
151.1257379876
 21
230.6035204538
 31
0.0
  0
LINE
  5
992
330
1F
100
AcDbEntity
  8
0
  6
Continuous
 62
     7
370
    25
100
AcDbLine
 10
151.1257379876
 20
231.6037829484
 30
0.0
 11
151.1257379876
 21
230.6035204538
 31
0.0
  0
LINE
  5
993
330
1F
100
AcDbEntity
  8
0
  6
Continuous
 62
     7
370
    25
100
AcDbLine
 10
151.9919437945
 20
231.1037329799
 30
0.0
 11
151.1257379876
 21
231.6037829484
 31
0.0
  0
LINE
  5
994
330
1F
100
AcDbEntity
  8
0
  6
Continuous
 62
     7
370
    25
100
AcDbLine
 10
151.9919437945
 20
231.1037329799
 30
0.0
 11
151.9919437945
 21
230.8995977769
 31
0.0
  0
LINE
  5
995
330
1F
100
AcDbEntity
  8
0
  6
Continuous
 62
     7
370
    25
100
AcDbLine
 10
151.9919437945
 20
230.8995977769
 30
0.0
 11
151.8151670992
 21
231.0016487909
 31
0.0
  0
LINE
  5
996
330
1F
100
AcDbEntity
  8
0
  6
Continuous
 62
     7
370
    25
100
AcDbLine
 10
151.8151670992
 20
231.0016487909
 30
0.0
 11
151.8151670992
 21
230.5933783849
 31
0.0
  0
ARC
  5
997
330
1F
100
AcDbEntity
  8
0
  6
Continuous
 62
     7
370
    25
100
AcDbCircle
 10
152.841481337
 20
231.2416512819
 30
0.0
 40
1.213910484190836
100
AcDbArc
 50
212.2786145967
 51
267.726761936
  0
LINE
  5
998
330
1F
100
AcDbEntity
  8
0
  6
Continuous
 62
     7
370
    25
100
AcDbLine
 10
152.7933314799
 20
230.0286961076
 30
0.0
 11
152.7933314799
 21
230.4369665135
 31
0.0
  0
LINE
  5
999
330
1F
100
AcDbEntity
  8
0
  6
Continuous
 62
     7
370
    25
100
AcDbLine
 10
152.7933314799
 20
230.4369665135
 30
0.0
 11
152.6165547846
 21
230.5390175275
 31
0.0
  0
LINE
  5
99A
330
1F
100
AcDbEntity
  8
0
  6
Continuous
 62
     7
370
    25
100
AcDbLine
 10
152.6165547846
 20
230.5390175275
 30
0.0
 11
152.6165547846
 21
230.7431527305
 31
0.0
  0
LINE
  5
99B
330
1F
100
AcDbEntity
  8
0
  6
Continuous
 62
     7
370
    25
100
AcDbLine
 10
153.4827605915
 20
230.243102762
 30
0.0
 11
152.6165547846
 21
230.7431527305
 31
0.0
  0
LINE
  5
99C
330
1F
100
AcDbEntity
  8
0
  6
Continuous
 62
     7
370
    25
100
AcDbLine
 10
153.4827605915
 20
229.2428402674
 30
0.0
 11
153.3059838962
 21
229.3448912814
 31
0.0
  0
LINE
  5
99D
330
1F
100
AcDbEntity
  8
0
  6
Continuous
 62
     7
370
    25
100
AcDbLine
 10
153.3059838962
 20
229.3448912814
 30
0.0
 11
153.3059838962
 21
229.5490264844
 31
0.0
  0
LINE
  5
99E
330
1F
100
AcDbEntity
  8
0
  6
Continuous
 62
     7
370
    25
100
AcDbLine
 10
153.3059838962
 20
229.5490264844
 30
0.0
 11
152.9524305057
 21
229.7531285123
 31
0.0
  0
ARC
  5
99F
330
1F
100
AcDbEntity
  8
0
  6
Continuous
 62
     7
370
    25
100
AcDbCircle
 10
154.0272685123
 20
229.1883544508
 30
0.0
 40
1.214185521668864
100
AcDbArc
 50
152.2803007999
 51
207.7196992001
  0
LINE
  5
9A0
330
1F
100
AcDbEntity
  8
0
  6
Continuous
 62
     7
370
    25
100
AcDbLine
 10
152.9524305057
 20
228.6235803892
 30
0.0
 11
153.3059838962
 21
228.4194783613
 31
0.0
  0
LINE
  5
9A1
330
1F
100
AcDbEntity
  8
0
  6
Continuous
 62
     7
370
    25
100
AcDbLine
 10
153.3059838962
 20
228.4194783613
 30
0.0
 11
153.3059838962
 21
228.6236135642
 31
0.0
  0
LINE
  5
9A2
330
1F
100
AcDbEntity
  8
0
  6
Continuous
 62
     7
370
    25
100
AcDbLine
 10
153.3059838962
 20
228.6236135642
 30
0.0
 11
153.4827605915
 21
228.5215625503
 31
0.0
  0
LINE
  5
9A3
330
1F
100
AcDbEntity
  8
0
  6
Continuous
 62
     7
370
    25
100
AcDbLine
 10
165.2678736113
 20
237.0465036938
 30
0.0
 11
164.4016678044
 21
237.5465536623
 31
0.0
  0
LINE
  5
9A4
330
1F
100
AcDbEntity
  8
0
  6
Continuous
 62
     7
370
    25
100
AcDbLine
 10
153.7084635462
 20
231.3734982413
 30
0.0
 11
152.6165547846
 21
230.7431527305
 31
0.0
  0
ARC
  5
9A5
330
1F
100
AcDbEntity
  8
0
  6
Continuous
 62
     7
370
    25
100
AcDbCircle
 10
153.5868737023
 20
231.784131687
 30
0.0
 40
0.4282568352164735
100
AcDbArc
 50
286.4941858632
 51
313.5004376041
  0
LINE
  5
9A6
330
1F
100
AcDbEntity
  8
0
  6
Continuous
 62
     7
370
    25
100
AcDbLine
 10
157.9511042333
 20
233.8227225767
 30
0.0
 11
153.8816686269
 21
231.4734874061
 31
0.0
  0
ARC
  5
9A7
330
1F
100
AcDbEntity
  8
0
  6
Continuous
 62
     7
370
    25
100
AcDbCircle
 10
157.8295143894
 20
234.2333560225
 30
0.0
 40
0.4282568352157059
100
AcDbArc
 50
286.4941858631
 51
313.5004376041
  0
LINE
  5
9A8
330
1F
100
AcDbEntity
  8
0
  6
Continuous
 62
     7
370
    25
100
AcDbLine
 10
163.136553962
 20
236.8162189868
 30
0.0
 11
158.1243093141
 21
233.9227117415
 31
0.0
  0
ARC
  5
9A9
330
1F
100
AcDbEntity
  8
0
  6
Continuous
 62
     7
370
    25
100
AcDbCircle
 10
163.0149641181
 20
237.2268524325
 30
0.0
 40
0.4282568352146001
100
AcDbArc
 50
286.4941858631
 51
313.5004376042
  0
LINE
  5
9AA
330
1F
100
AcDbEntity
  8
0
  6
Continuous
 62
     7
370
    25
100
AcDbLine
 10
164.4016678044
 20
237.5465536623
 30
0.0
 11
163.3097590428
 21
236.9162081515
 31
0.0
  0
LWPOLYLINE
  5
9AB
330
1F
100
AcDbEntity
  8
0
  6
Continuous
 62
     7
370
    25
100
AcDbPolyline
 90
        3
 70
   128
 43
0.0
 10
164.651210049
 20
235.6902489023
 10
164.6785457146
 20
235.5927973255
 10
164.7375435254
 20
235.4269813211
  0
LINE
  5
9AC
330
1F
100
AcDbEntity
  8
0
  6
Continuous
 62
     7
370
    25
100
AcDbLine
 10
164.7375435254
 20
235.4269813211
 30
0.0
 11
152.9524305057
 21
228.6235803892
 31
0.0
  0
LWPOLYLINE
  5
9AD
330
1F
100
AcDbEntity
  8
0
  6
Continuous
 62
     7
370
    25
100
AcDbPolyline
 90
        3
 70
   128
 43
0.0
 10
163.600280119
 20
237.3967793168
 10
163.7143791011
 20
237.2627828821
 10
163.7849549926
 20
237.1905329342
  0
LINE
  5
9AE
330
1F
100
AcDbEntity
  8
0
  6
Continuous
 62
     7
370
    25
100
AcDbLine
 10
163.600280119
 20
237.3967793168
 30
0.0
 11
151.8151670992
 21
230.5933783849
 31
0.0
  0
LINE
  5
9AF
330
1F
100
AcDbEntity
  8
0
  6
Continuous
 62
     7
370
    25
100
AcDbLine
 10
153.4827605915
 20
227.5213000557
 30
0.0
 11
165.2678736113
 21
234.3247009876
 31
0.0
  0
LINE
  5
9B0
330
1F
100
AcDbEntity
  8
0
  6
Continuous
 62
     7
370
    25
100
AcDbLine
 10
165.2678736113
 20
235.3249634821
 30
0.0
 11
153.4827605915
 21
228.5215625503
 31
0.0
  0
LINE
  5
9B1
330
1F
100
AcDbEntity
  8
0
  6
Continuous
 62
     7
370
    25
100
AcDbLine
 10
165.2678736113
 20
234.3247009876
 30
0.0
 11
165.2678736113
 21
235.3249634821
 31
0.0
  0
LINE
  5
9B2
330
1F
100
AcDbEntity
  8
0
  6
Continuous
 62
     7
370
    25
100
AcDbLine
 10
165.091096916
 20
235.4270144961
 30
0.0
 11
165.2678736113
 21
235.3249634821
 31
0.0
  0
LINE
  5
9B3
330
1F
100
AcDbEntity
  8
0
  6
Continuous
 62
     7
370
    25
100
AcDbLine
 10
165.091096916
 20
235.4270144961
 30
0.0
 11
153.3059838962
 21
228.6236135642
 31
0.0
  0
ARC
  5
9B4
330
1F
100
AcDbEntity
  8
0
  6
Continuous
 62
     7
370
    25
100
AcDbCircle
 10
157.6212881679
 20
233.8726585452
 30
0.0
 40
0.4282568352174249
100
AcDbArc
 50
106.4941858632
 51
133.5004376041
  0
LINE
  5
9B5
330
1F
100
AcDbEntity
  8
0
  6
Continuous
 62
     7
370
    25
100
AcDbLine
 10
157.3264932433
 20
234.1833028261
 30
0.0
 11
153.2570576369
 21
231.8340676554
 31
0.0
  0
ARC
  5
9B6
330
1F
100
AcDbEntity
  8
0
  6
Continuous
 62
     7
370
    25
100
AcDbCircle
 10
153.3786474808
 20
231.4234342097
 30
0.0
 40
0.4282568352163593
100
AcDbArc
 50
106.4941858632
 51
133.5004376041
  0
LINE
  5
9B7
330
1F
100
AcDbEntity
  8
0
  6
Continuous
 62
     7
370
    25
100
AcDbLine
 10
153.0838525561
 20
231.7340784907
 30
0.0
 11
151.9919437945
 21
231.1037329799
 31
0.0
  0
LINE
  5
9B8
330
1F
100
AcDbEntity
  8
0
  6
Continuous
 62
     7
370
    25
100
AcDbLine
 10
151.1257379876
 20
231.6037829484
 30
0.0
 11
162.9108510074
 21
238.4071838802
 31
0.0
  0
LINE
  5
9B9
330
1F
100
AcDbEntity
  8
0
  6
Continuous
 62
     7
370
    25
100
AcDbLine
 10
163.7770568143
 20
237.9071339117
 30
0.0
 11
162.9108510074
 21
238.4071838802
 31
0.0
  0
LINE
  5
9BA
330
1F
100
AcDbEntity
  8
0
  6
Continuous
 62
     7
370
    25
100
AcDbLine
 10
163.7770568143
 20
237.9071339117
 30
0.0
 11
162.6851480527
 21
237.2767884009
 31
0.0
  0
ARC
  5
9BB
330
1F
100
AcDbEntity
  8
0
  6
Continuous
 62
     7
370
    25
100
AcDbCircle
 10
162.8067378966
 20
236.8661549552
 30
0.0
 40
0.4282568352152258
100
AcDbArc
 50
106.4941858632
 51
133.5004376041
  0
LINE
  5
9BC
330
1F
100
AcDbEntity
  8
0
  6
Continuous
 62
     7
370
    25
100
AcDbLine
 10
162.511942972
 20
237.1767992361
 30
0.0
 11
157.499698324
 21
234.2832919909
 31
0.0
  0
LINE
  5
9BD
330
1F
100
AcDbEntity
  8
0
  6
Continuous
 62
     7
370
    25
100
AcDbLine
 10
153.0838525561
 20
231.5299432877
 30
0.0
 11
153.0838525561
 21
231.7340784907
 31
0.0
  0
LINE
  5
9BE
330
1F
100
AcDbEntity
  8
0
  6
Continuous
 62
     7
370
    25
100
AcDbLine
 10
153.0838525561
 20
231.5299432877
 30
0.0
 11
151.9919437945
 21
230.8995977769
 31
0.0
  0
LINE
  5
9BF
330
1F
100
AcDbEntity
  8
0
  6
Continuous
 62
     7
370
    25
100
AcDbLine
 10
164.7375435254
 20
235.4269813211
 30
0.0
 11
164.9142914872
 21
235.3249468946
 31
0.0
  0
LINE
  5
9C0
330
1F
100
AcDbEntity
  8
0
  6
Continuous
 62
     7
370
    25
100
AcDbLine
 10
163.600280119
 20
237.6009476948
 30
0.0
 11
163.600280119
 21
237.3967793168
 31
0.0
  0
LINE
  5
9C1
330
1F
100
AcDbEntity
  8
0
  6
Continuous
 62
     7
370
    25
100
AcDbLine
 10
153.2570576369
 20
231.8340676554
 30
0.0
 11
153.2570576369
 21
231.6299324525
 31
0.0
  0
ARC
  5
9C2
330
1F
100
AcDbEntity
  8
0
  6
Continuous
 62
     7
370
    25
100
AcDbCircle
 10
153.3786474808
 20
231.2192990067
 30
0.0
 40
0.4282568352165232
100
AcDbArc
 50
106.4941858632
 51
133.5004376041
  0
LINE
  5
9C3
330
1F
100
AcDbEntity
  8
0
  6
Continuous
 62
     7
370
    25
100
AcDbLine
 10
157.3264932433
 20
233.9791676232
 30
0.0
 11
157.3264932433
 21
234.1833028261
 31
0.0
  0
LINE
  5
9C4
330
1F
100
AcDbEntity
  8
0
  6
Continuous
 62
     7
370
    25
100
AcDbLine
 10
157.3264932433
 20
233.9791676232
 30
0.0
 11
153.2570576369
 21
231.6299324525
 31
0.0
  0
LINE
  5
9C5
330
1F
100
AcDbEntity
  8
0
  6
Continuous
 62
     7
370
    25
100
AcDbLine
 10
152.7933314799
 20
228.3275362411
 30
0.0
 11
152.6165547846
 21
228.2254852272
 31
0.0
  0
LINE
  5
9C6
330
1F
100
AcDbEntity
  8
0
  6
Continuous
 62
     7
370
    25
100
AcDbLine
 10
151.4793201117
 20
230.6035370413
 30
0.0
 11
151.3025146829
 21
230.5014694398
 31
0.0
  0
LINE
  5
9C7
330
1F
100
AcDbEntity
  8
0
  6
Continuous
 62
     7
370
    25
100
AcDbLine
 10
152.305576349
 20
228.9712237243
 30
0.0
 11
151.8151670992
 21
228.6881164905
 31
0.0
  0
LINE
  5
9C8
330
1F
100
AcDbEntity
  8
0
  6
Continuous
 62
     7
370
    25
100
AcDbLine
 10
151.7928444445
 20
229.8591178659
 30
0.0
 11
151.3025146829
 21
229.5760565197
 31
0.0
  0
LINE
  5
9C9
330
1F
100
AcDbEntity
  8
0
  6
Continuous
 62
     7
370
    25
100
AcDbLine
 10
152.4680189812
 20
228.8608978318
 30
0.0
 11
151.9919437945
 21
228.5860654766
 31
0.0
  0
LINE
  5
9CA
330
1F
100
AcDbEntity
  8
0
  6
Continuous
 62
     7
370
    25
100
AcDbLine
 10
152.6086566064
 20
228.7379510017
 30
0.0
 11
151.9919437945
 21
228.3819302736
 31
0.0
  0
LINE
  5
9CB
330
1F
100
AcDbEntity
  8
0
  6
Continuous
 62
     7
370
    25
100
AcDbLine
 10
151.778535692
 20
230.0549928019
 30
0.0
 11
151.3025146829
 21
229.7801917227
 31
0.0
  0
LINE
  5
9CC
330
1F
100
AcDbEntity
  8
0
  6
Continuous
 62
     7
370
    25
100
AcDbLine
 10
151.7424015499
 20
230.2382350337
 30
0.0
 11
151.1257379876
 21
229.8822427366
 31
0.0
  0
LINE
  5
9CD
330
1F
100
AcDbEntity
  8
0
  6
Continuous
 62
     7
370
    25
100
AcDbLine
 10
157.499698324
 20
234.2832919909
 30
0.0
 11
157.499698324
 21
234.0791567879
 31
0.0
  0
ARC
  5
9CE
330
1F
100
AcDbEntity
  8
0
  6
Continuous
 62
     7
370
    25
100
AcDbCircle
 10
157.6212881679
 20
233.6685233422
 30
0.0
 40
0.4282568352163481
100
AcDbArc
 50
106.4941858632
 51
133.5004376041
  0
LINE
  5
9CF
330
1F
100
AcDbEntity
  8
0
  6
Continuous
 62
     7
370
    25
100
AcDbLine
 10
162.511942972
 20
236.9726640332
 30
0.0
 11
162.511942972
 21
237.1767992361
 31
0.0
  0
LINE
  5
9D0
330
1F
100
AcDbEntity
  8
0
  6
Continuous
 62
     7
370
    25
100
AcDbLine
 10
162.511942972
 20
236.9726640332
 30
0.0
 11
157.499698324
 21
234.0791567879
 31
0.0
  0
LINE
  5
9D1
330
1F
100
AcDbEntity
  8
0
  6
Continuous
 62
     7
370
    25
100
AcDbLine
 10
162.6851480527
 20
237.2767884009
 30
0.0
 11
162.6851480527
 21
237.072653198
 31
0.0
  0
ARC
  5
9D2
330
1F
100
AcDbEntity
  8
0
  6
Continuous
 62
     7
370
    25
100
AcDbCircle
 10
162.8067378966
 20
236.6620197522
 30
0.0
 40
0.4282568352155538
100
AcDbArc
 50
106.4941858632
 51
133.5004376041
  0
LINE
  5
9D3
330
1F
100
AcDbEntity
  8
0
  6
Continuous
 62
     7
370
    25
100
AcDbLine
 10
163.7770568143
 20
237.9071339117
 30
0.0
 11
163.7770568143
 21
237.7029987088
 31
0.0
  0
LINE
  5
9D4
330
1F
100
AcDbEntity
  8
0
  6
Continuous
 62
     7
370
    25
100
AcDbLine
 10
163.7770568143
 20
237.7029987088
 30
0.0
 11
162.6851480527
 21
237.072653198
 31
0.0
  0
LINE
  5
9D5
330
1F
100
AcDbEntity
  8
0
  6
Continuous
 62
     7
370
    25
100
AcDbLine
 10
161.147298304
 20
192.4798042548
 30
0.0
 11
162.9108510074
 21
193.49788156
 31
0.0
  0
LINE
  5
9D6
330
1F
100
AcDbEntity
  8
0
  6
Continuous
 62
     7
370
    25
100
AcDbLine
 10
163.7771976086
 20
192.9977503128
 30
0.0
 11
162.0136449052
 21
191.9796730075
 31
0.0
  0
LINE
  5
9D7
330
1F
100
AcDbEntity
  8
0
  6
Continuous
 62
     7
370
    25
100
AcDbLine
 10
162.0446452004
 20
193.9979315285
 30
0.0
 11
160.6288098403
 21
193.1805871728
 31
0.0
  0
LINE
  5
9D8
330
1F
100
AcDbEntity
  8
0
  6
Continuous
 62
     7
370
    25
100
AcDbLine
 10
164.0483854666
 20
192.8411968946
 30
0.0
 11
162.2848327632
 21
191.8231195893
 31
0.0
  0
LINE
  5
9D9
330
1F
100
AcDbEntity
  8
0
  6
Continuous
 62
     7
370
    25
100
AcDbLine
 10
161.7736738015
 20
194.1543599874
 30
0.0
 11
160.3578384415
 21
193.3370156317
 31
0.0
  0
LINE
  5
9DA
330
1F
100
AcDbEntity
  8
0
  6
Continuous
 62
     7
370
    25
100
AcDbLine
 10
163.5047040215
 20
191.1189029016
 30
0.0
 11
165.2678736113
 21
192.1367590401
 31
0.0
  0
LINE
  5
9DB
330
1F
100
AcDbEntity
  8
0
  6
Continuous
 62
     7
370
    25
100
AcDbLine
 10
164.4019101237
 20
192.6371114542
 30
0.0
 11
162.6383574203
 21
191.6190341489
 31
0.0
  0
LINE
  5
9DC
330
1F
100
AcDbEntity
  8
0
  6
Continuous
 62
     7
370
    25
100
AcDbLine
 10
165.2678736113
 20
192.1367590401
 30
0.0
 11
165.2678736113
 21
192.1372013737
 31
0.0
  0
LINE
  5
9DD
330
1F
100
AcDbEntity
  8
0
  6
Continuous
 62
     7
370
    25
100
AcDbLine
 10
164.2251334284
 20
192.7391624682
 30
0.0
 11
162.461580725
 21
191.7210851629
 31
0.0
  0
LINE
  5
9DE
330
1F
100
AcDbEntity
  8
0
  6
Continuous
 62
     7
370
    25
100
AcDbLine
 10
161.4200342104
 20
194.3585117779
 30
0.0
 11
159.4754905621
 21
193.2359506242
 31
0.0
  0
LINE
  5
9DF
330
1F
100
AcDbEntity
  8
0
  6
Continuous
 62
     7
370
    25
100
AcDbLine
 10
159.1379930433
 20
194.0412173907
 30
0.0
 11
160.5538284034
 21
194.8585617464
 31
0.0
  0
LINE
  5
9E0
330
1F
100
AcDbEntity
  8
0
  6
Continuous
 62
     7
370
    25
100
AcDbLine
 10
161.5968396392
 20
194.2564441764
 30
0.0
 11
159.5909793504
 21
193.0984856796
 31
0.0
  0
LINE
  5
9E1
330
1F
100
AcDbEntity
  8
0
  6
Continuous
 62
     7
370
    25
100
AcDbLine
 10
158.1968057994
 20
171.6879408717
 30
0.0
 11
158.1968057994
 21
172.6882033663
 31
0.0
  0
LINE
  5
9E2
330
1F
100
AcDbEntity
  8
0
  6
Continuous
 62
     7
370
    25
100
AcDbLine
 10
158.1968057994
 20
169.96640066
 30
0.0
 11
158.1968057994
 21
170.9666631545
 31
0.0
  0
LINE
  5
9E3
330
1F
100
AcDbEntity
  8
0
  6
Continuous
 62
     7
370
    25
100
AcDbLine
 10
158.1968057994
 20
169.96640066
 30
0.0
 11
158.5445231427
 21
170.1671336096
 31
0.0
  0
LINE
  5
9E4
330
1F
100
AcDbEntity
  8
0
  6
Continuous
 62
     7
370
    25
100
AcDbLine
 10
158.1968057995
 20
183.93605305
 30
0.0
 11
158.1968057995
 21
184.9363155445
 31
0.0
  0
LINE
  5
9E5
330
1F
100
AcDbEntity
  8
0
  6
Continuous
 62
     7
370
    25
100
AcDbLine
 10
158.1968057995
 20
182.2145128382
 30
0.0
 11
158.1968057995
 21
183.2147753328
 31
0.0
  0
LINE
  5
9E6
330
1F
100
AcDbEntity
  8
0
  6
Continuous
 62
     7
370
    25
100
AcDbLine
 10
158.1968057995
 20
182.2145128382
 30
0.0
 11
158.5445231428
 21
182.4152457878
 31
0.0
  0
LINE
  5
9E7
330
1F
100
AcDbEntity
  8
0
  6
Continuous
 62
     7
370
    25
100
AcDbLine
 10
126.3770006461
 20
208.5653817904
 30
0.0
 11
126.3770006461
 21
209.565644285
 31
0.0
  0
LINE
  5
9E8
330
1F
100
AcDbEntity
  8
0
  6
Continuous
 62
     7
370
    25
100
AcDbLine
 10
126.3770006461
 20
206.8438415787
 30
0.0
 11
126.3770006461
 21
207.8441040733
 31
0.0
  0
LINE
  5
9E9
330
1F
100
AcDbEntity
  8
0
  6
Continuous
 62
     7
370
    25
100
AcDbLine
 10
126.3770006461
 20
209.565644285
 30
0.0
 11
129.323278901
 21
211.266494518
 31
0.0
  0
LINE
  5
9EA
330
1F
100
AcDbEntity
  8
0
  6
Continuous
 62
     7
370
    25
100
AcDbLine
 10
129.323278901
 20
210.2662320234
 30
0.0
 11
129.323278901
 21
211.266494518
 31
0.0
  0
LINE
  5
9EB
330
1F
100
AcDbEntity
  8
0
  6
Continuous
 62
     7
370
    25
100
AcDbLine
 10
129.323278901
 20
210.2662320234
 30
0.0
 11
126.3770006461
 21
208.5653817904
 31
0.0
  0
LINE
  5
9EC
330
1F
100
AcDbEntity
  8
0
  6
Continuous
 62
     7
370
    25
100
AcDbLine
 10
128.457073094
 20
211.7665444865
 30
0.0
 11
126.3770006461
 21
210.565744222
 31
0.0
  0
LINE
  5
9ED
330
1F
100
AcDbEntity
  8
0
  6
Continuous
 62
     7
370
    25
100
AcDbLine
 10
129.323278901
 20
211.266494518
 30
0.0
 11
128.457073094
 21
211.7665444865
 31
0.0
  0
LWPOLYLINE
  5
9EE
330
1F
100
AcDbEntity
  8
0
  6
Continuous
 62
     7
370
    25
100
AcDbPolyline
 90
        3
 70
   128
 43
0.0
 10
128.7066153387
 20
209.9102397264
 10
128.7339510042
 20
209.8127881496
 10
128.7929488151
 20
209.6469721452
  0
LINE
  5
9EF
330
1F
100
AcDbEntity
  8
0
  6
Continuous
 62
     7
370
    25
100
AcDbLine
 10
128.7929488151
 20
209.6469721452
 30
0.0
 11
126.3770006461
 21
208.2522749542
 31
0.0
  0
LWPOLYLINE
  5
9F0
330
1F
100
AcDbEntity
  8
0
  6
Continuous
 62
     7
370
    25
100
AcDbPolyline
 90
        3
 70
   128
 43
0.0
 10
127.6556854087
 20
211.6167701409
 10
127.7697843908
 20
211.4827737062
 10
127.8403602822
 20
211.4105237583
  0
LINE
  5
9F1
330
1F
100
AcDbEntity
  8
0
  6
Continuous
 62
     7
370
    25
100
AcDbLine
 10
127.6556854087
 20
211.6167701409
 30
0.0
 11
126.3770006461
 21
210.8786011398
 31
0.0
  0
LINE
  5
9F2
330
1F
100
AcDbEntity
  8
0
  6
Continuous
 62
     7
370
    25
100
AcDbLine
 10
126.3770006461
 20
206.8438415787
 30
0.0
 11
129.323278901
 21
208.5446918117
 31
0.0
  0
LINE
  5
9F3
330
1F
100
AcDbEntity
  8
0
  6
Continuous
 62
     7
370
    25
100
AcDbLine
 10
129.323278901
 20
209.5449543062
 30
0.0
 11
126.3770006461
 21
207.8441040733
 31
0.0
  0
LINE
  5
9F4
330
1F
100
AcDbEntity
  8
0
  6
Continuous
 62
     7
370
    25
100
AcDbLine
 10
129.323278901
 20
208.5446918117
 30
0.0
 11
129.323278901
 21
209.5449543062
 31
0.0
  0
LINE
  5
9F5
330
1F
100
AcDbEntity
  8
0
  6
Continuous
 62
     7
370
    25
100
AcDbLine
 10
129.1465022057
 20
209.6470053202
 30
0.0
 11
129.323278901
 21
209.5449543062
 31
0.0
  0
LINE
  5
9F6
330
1F
100
AcDbEntity
  8
0
  6
Continuous
 62
     7
370
    25
100
AcDbLine
 10
129.1465022057
 20
209.6470053202
 30
0.0
 11
126.3770006461
 21
208.0482061012
 31
0.0
  0
LINE
  5
9F7
330
1F
100
AcDbEntity
  8
0
  6
Continuous
 62
     7
370
    25
100
AcDbLine
 10
126.3770006461
 20
212.2870046577
 30
0.0
 11
126.966256297
 21
212.6271747043
 31
0.0
  0
LINE
  5
9F8
330
1F
100
AcDbEntity
  8
0
  6
Continuous
 62
     7
370
    25
100
AcDbLine
 10
127.832462104
 20
212.1271247358
 30
0.0
 11
126.966256297
 21
212.6271747043
 31
0.0
  0
LINE
  5
9F9
330
1F
100
AcDbEntity
  8
0
  6
Continuous
 62
     7
370
    25
100
AcDbLine
 10
127.832462104
 20
212.1271247358
 30
0.0
 11
126.3770006461
 21
211.2869047208
 31
0.0
  0
LINE
  5
9FA
330
1F
100
AcDbEntity
  8
0
  6
Continuous
 62
     7
370
    25
100
AcDbLine
 10
127.832462104
 20
212.1271247358
 30
0.0
 11
127.832462104
 21
211.9229895329
 31
0.0
  0
LINE
  5
9FB
330
1F
100
AcDbEntity
  8
0
  6
Continuous
 62
     7
370
    25
100
AcDbLine
 10
127.832462104
 20
211.9229895329
 30
0.0
 11
126.3770006461
 21
211.0827695178
 31
0.0
  0
LINE
  5
9FC
330
1F
100
AcDbEntity
  8
0
  6
Continuous
 62
     7
370
    25
100
AcDbLine
 10
128.7929488151
 20
209.6469721452
 30
0.0
 11
128.9696967769
 21
209.5449377187
 31
0.0
  0
LINE
  5
9FD
330
1F
100
AcDbEntity
  8
0
  6
Continuous
 62
     7
370
    25
100
AcDbLine
 10
127.6556854087
 20
211.8209385189
 30
0.0
 11
127.6556854087
 21
211.6167701409
 31
0.0
  0
LINE
  5
9FE
330
1F
100
AcDbEntity
  8
0
  6
Continuous
 62
     7
370
    25
100
AcDbLine
 10
126.3770006461
 20
206.0132494198
 30
0.0
 11
126.966256297
 21
206.3534194663
 31
0.0
  0
LINE
  5
9FF
330
1F
100
AcDbEntity
  8
0
  6
Continuous
 62
     7
370
    25
100
AcDbLine
 10
127.1939004513
 20
206.2220032933
 30
0.0
 11
126.966256297
 21
206.3534194663
 31
0.0
  0
LINE
  5
A00
330
1F
100
AcDbEntity
  8
0
  6
Continuous
 62
     7
370
    25
100
AcDbLine
 10
126.3770006461
 20
190.0572587669
 30
0.0
 11
126.3770006461
 21
191.0575212614
 31
0.0
  0
LINE
  5
A01
330
1F
100
AcDbEntity
  8
0
  6
Continuous
 62
     7
370
    25
100
AcDbLine
 10
126.3770006461
 20
188.3357185551
 30
0.0
 11
126.3770006461
 21
189.3359810497
 31
0.0
  0
LINE
  5
A02
330
1F
100
AcDbEntity
  8
0
  6
Continuous
 62
     7
370
    25
100
AcDbLine
 10
126.3770006461
 20
191.0575212614
 30
0.0
 11
127.9065600592
 21
191.9405171156
 31
0.0
  0
LINE
  5
A03
330
1F
100
AcDbEntity
  8
0
  6
Continuous
 62
     7
370
    25
100
AcDbLine
 10
127.0403542523
 20
192.4405670841
 30
0.0
 11
126.3770006461
 21
192.0576211984
 31
0.0
  0
LINE
  5
A04
330
1F
100
AcDbEntity
  8
0
  6
Continuous
 62
     7
370
    25
100
AcDbLine
 10
128.7729066604
 20
191.4403858683
 30
0.0
 11
126.3770006461
 21
190.0572587669
 31
0.0
  0
LWPOLYLINE
  5
A05
330
1F
100
AcDbEntity
  8
0
  6
Continuous
 62
     7
370
    25
100
AcDbPolyline
 90
        3
 70
   128
 43
0.0
 10
128.7066153387
 20
191.4021167028
 10
128.7339510042
 20
191.3046651261
 10
128.7929488151
 20
191.1388491216
  0
LINE
  5
A06
330
1F
100
AcDbEntity
  8
0
  6
Continuous
 62
     7
370
    25
100
AcDbLine
 10
128.7929488151
 20
191.1388491216
 30
0.0
 11
126.3770006461
 21
189.7441519306
 31
0.0
  0
LINE
  5
A07
330
1F
100
AcDbEntity
  8
0
  6
Continuous
 62
     7
370
    25
100
AcDbLine
 10
126.7693828534
 20
192.596995543
 30
0.0
 11
126.3770006461
 21
192.3704781162
 31
0.0
  0
LINE
  5
A08
330
1F
100
AcDbEntity
  8
0
  6
Continuous
 62
     7
370
    25
100
AcDbLine
 10
126.3770006461
 20
188.3357185551
 30
0.0
 11
129.323278901
 21
190.0365687881
 31
0.0
  0
LINE
  5
A09
330
1F
100
AcDbEntity
  8
0
  6
Continuous
 62
     7
370
    25
100
AcDbLine
 10
129.323278901
 20
191.0368312827
 30
0.0
 11
126.3770006461
 21
189.3359810497
 31
0.0
  0
LINE
  5
A0A
330
1F
100
AcDbEntity
  8
0
  6
Continuous
 62
     7
370
    25
100
AcDbLine
 10
129.323278901
 20
190.0365687881
 30
0.0
 11
129.323278901
 21
191.0368312827
 31
0.0
  0
LINE
  5
A0B
330
1F
100
AcDbEntity
  8
0
  6
Continuous
 62
     7
370
    25
100
AcDbLine
 10
129.1465022057
 20
191.1388822966
 30
0.0
 11
129.323278901
 21
191.0368312827
 31
0.0
  0
LINE
  5
A0C
330
1F
100
AcDbEntity
  8
0
  6
Continuous
 62
     7
370
    25
100
AcDbLine
 10
129.1465022057
 20
191.1388822966
 30
0.0
 11
126.3770006461
 21
189.5400830777
 31
0.0
  0
LINE
  5
A0D
330
1F
100
AcDbEntity
  8
0
  6
Continuous
 62
     7
370
    25
100
AcDbLine
 10
126.4157432622
 20
192.8011473334
 30
0.0
 11
126.3770006461
 21
192.7787816972
 31
0.0
  0
LINE
  5
A0E
330
1F
100
AcDbEntity
  8
0
  6
Continuous
 62
     7
370
    25
100
AcDbLine
 10
126.5925486911
 20
192.699079732
 30
0.0
 11
126.3770006461
 21
192.5746464942
 31
0.0
  0
LINE
  5
A0F
330
1F
100
AcDbEntity
  8
0
  6
Continuous
 62
     7
370
    25
100
AcDbLine
 10
128.7929488151
 20
191.1388491216
 30
0.0
 11
128.9696967769
 21
191.0368146952
 31
0.0
  0
LINE
  5
A10
330
1F
100
AcDbEntity
  8
0
  6
Continuous
 62
     7
370
    25
100
AcDbLine
 10
158.1968057994
 20
177.9480870962
 30
0.0
 11
158.1968057994
 21
178.9483495907
 31
0.0
  0
LINE
  5
A11
330
1F
100
AcDbEntity
  8
0
  6
Continuous
 62
     7
370
    25
100
AcDbLine
 10
158.1968057994
 20
176.2265468844
 30
0.0
 11
158.1968057994
 21
177.226809379
 31
0.0
  0
LINE
  5
A12
330
1F
100
AcDbEntity
  8
0
  6
Continuous
 62
     7
370
    25
100
AcDbLine
 10
158.1968057994
 20
178.9483495907
 30
0.0
 11
161.1430840544
 21
180.6491998237
 31
0.0
  0
LINE
  5
A13
330
1F
100
AcDbEntity
  8
0
  6
Continuous
 62
     7
370
    25
100
AcDbLine
 10
161.1430840544
 20
180.234124911
 30
0.0
 11
161.1430840544
 21
180.6491998237
 31
0.0
  0
LINE
  5
A14
330
1F
100
AcDbEntity
  8
0
  6
Continuous
 62
     7
370
    25
100
AcDbLine
 10
160.2768782474
 20
181.1492497922
 30
0.0
 11
158.1968057995
 21
179.9484495277
 31
0.0
  0
LINE
  5
A15
330
1F
100
AcDbEntity
  8
0
  6
Continuous
 62
     7
370
    25
100
AcDbLine
 10
161.1430840544
 20
180.6491998237
 30
0.0
 11
160.2768782474
 21
181.1492497922
 31
0.0
  0
LWPOLYLINE
  5
A16
330
1F
100
AcDbEntity
  8
0
  6
Continuous
 62
     7
370
    25
100
AcDbPolyline
 90
        3
 70
   128
 43
0.0
 10
159.4754905621
 20
180.9994754466
 10
159.5895895442
 20
180.8654790119
 10
159.6601654356
 20
180.793229064
  0
LINE
  5
A17
330
1F
100
AcDbEntity
  8
0
  6
Continuous
 62
     7
370
    25
100
AcDbLine
 10
159.4754905621
 20
180.9994754466
 30
0.0
 11
158.1968057995
 21
180.2613064456
 31
0.0
  0
LINE
  5
A18
330
1F
100
AcDbEntity
  8
0
  6
Continuous
 62
     7
370
    25
100
AcDbLine
 10
158.1968057995
 20
181.6697099635
 30
0.0
 11
158.7860614504
 21
182.0098800101
 31
0.0
  0
LINE
  5
A19
330
1F
100
AcDbEntity
  8
0
  6
Continuous
 62
     7
370
    25
100
AcDbLine
 10
159.6522672574
 20
181.5098300416
 30
0.0
 11
158.7860614504
 21
182.0098800101
 31
0.0
  0
LINE
  5
A1A
330
1F
100
AcDbEntity
  8
0
  6
Continuous
 62
     7
370
    25
100
AcDbLine
 10
159.6522672574
 20
181.5098300416
 30
0.0
 11
158.1968057995
 21
180.6696100265
 31
0.0
  0
LINE
  5
A1B
330
1F
100
AcDbEntity
  8
0
  6
Continuous
 62
     7
370
    25
100
AcDbLine
 10
159.6522672574
 20
181.5098300416
 30
0.0
 11
159.6522672574
 21
181.3056948386
 31
0.0
  0
LINE
  5
A1C
330
1F
100
AcDbEntity
  8
0
  6
Continuous
 62
     7
370
    25
100
AcDbLine
 10
159.6522672574
 20
181.3056948386
 30
0.0
 11
158.1968057995
 21
180.4654748235
 31
0.0
  0
LINE
  5
A1D
330
1F
100
AcDbEntity
  8
0
  6
Continuous
 62
     7
370
    25
100
AcDbLine
 10
159.4754905621
 20
181.2036438246
 30
0.0
 11
159.4754905621
 21
180.9994754466
 31
0.0
  0
LINE
  5
A1E
330
1F
100
AcDbEntity
  8
0
  6
Continuous
 62
     7
370
    25
100
AcDbLine
 10
158.1968057995
 20
190.1825902609
 30
0.0
 11
158.1968057995
 21
191.1828527555
 31
0.0
  0
LINE
  5
A1F
330
1F
100
AcDbEntity
  8
0
  6
Continuous
 62
     7
370
    25
100
AcDbLine
 10
158.1968057995
 20
188.4610500492
 30
0.0
 11
158.1968057995
 21
189.4613125437
 31
0.0
  0
LINE
  5
A20
330
1F
100
AcDbEntity
  8
0
  6
Continuous
 62
     7
370
    25
100
AcDbLine
 10
158.1968057995
 20
191.1828527555
 30
0.0
 11
161.1430840544
 21
192.8837029884
 31
0.0
  0
LINE
  5
A21
330
1F
100
AcDbEntity
  8
0
  6
Continuous
 62
     7
370
    25
100
AcDbLine
 10
161.1430840544
 20
192.4822370892
 30
0.0
 11
161.1430840544
 21
192.8837029884
 31
0.0
  0
LINE
  5
A22
330
1F
100
AcDbEntity
  8
0
  6
Continuous
 62
     7
370
    25
100
AcDbLine
 10
160.2768782474
 20
193.3837529569
 30
0.0
 11
158.1968057995
 21
192.1829526924
 31
0.0
  0
LINE
  5
A23
330
1F
100
AcDbEntity
  8
0
  6
Continuous
 62
     7
370
    25
100
AcDbLine
 10
161.1430840544
 20
192.8837029884
 30
0.0
 11
160.2768782474
 21
193.3837529569
 31
0.0
  0
LWPOLYLINE
  5
A24
330
1F
100
AcDbEntity
  8
0
  6
Continuous
 62
     7
370
    25
100
AcDbPolyline
 90
        3
 70
   128
 43
0.0
 10
159.4754905621
 20
193.2339786114
 10
159.5895895442
 20
193.0999821766
 10
159.6601654356
 20
193.0277322288
  0
LINE
  5
A25
330
1F
100
AcDbEntity
  8
0
  6
Continuous
 62
     7
370
    25
100
AcDbLine
 10
159.4754905621
 20
193.2339786114
 30
0.0
 11
158.1968057995
 21
192.4958096103
 31
0.0
  0
LINE
  5
A26
330
1F
100
AcDbEntity
  8
0
  6
Continuous
 62
     7
370
    25
100
AcDbLine
 10
158.1968057995
 20
193.9042131282
 30
0.0
 11
158.7860614504
 21
194.2443831748
 31
0.0
  0
LINE
  5
A27
330
1F
100
AcDbEntity
  8
0
  6
Continuous
 62
     7
370
    25
100
AcDbLine
 10
159.6522672574
 20
193.7443332063
 30
0.0
 11
158.7860614504
 21
194.2443831748
 31
0.0
  0
LINE
  5
A28
330
1F
100
AcDbEntity
  8
0
  6
Continuous
 62
     7
370
    25
100
AcDbLine
 10
159.6522672574
 20
193.7443332063
 30
0.0
 11
158.1968057995
 21
192.9041131912
 31
0.0
  0
LINE
  5
A29
330
1F
100
AcDbEntity
  8
0
  6
Continuous
 62
     7
370
    25
100
AcDbLine
 10
159.6522672574
 20
193.7443332063
 30
0.0
 11
159.6522672574
 21
193.5401980033
 31
0.0
  0
LINE
  5
A2A
330
1F
100
AcDbEntity
  8
0
  6
Continuous
 62
     7
370
    25
100
AcDbLine
 10
159.6522672574
 20
193.5401980033
 30
0.0
 11
158.1968057995
 21
192.6999779882
 31
0.0
  0
LINE
  5
A2B
330
1F
100
AcDbEntity
  8
0
  6
Continuous
 62
     7
370
    25
100
AcDbLine
 10
159.4754905621
 20
193.4381469893
 30
0.0
 11
159.4754905621
 21
193.2339786114
 31
0.0
  0
LWPOLYLINE
  5
A2C
330
1F
100
AcDbEntity
  8
0
  6
Continuous
 62
     7
370
    25
100
AcDbPolyline
 90
       12
 70
   128
 43
0.0
 10
151.7251604899
 20
160.9587630704
 10
151.6857949527
 20
160.8623077329
 10
151.6678531865
 20
160.7477912915
 10
151.6857949527
 20
160.6539899725
 10
151.7368887802
 20
160.5951841764
 10
151.8133560968
 20
160.5803265525
 10
151.9035554468
 20
160.6116790395
 10
151.9937547969
 20
160.6844685053
 10
152.0702221135
 20
160.7876134137
 10
152.121315941
 20
160.9054108874
 10
152.1392577072
 20
161.0199273288
 10
152.1392577072
 20
161.0199273288
  0
LWPOLYLINE
  5
A2D
330
1F
100
AcDbEntity
  8
0
  6
Continuous
 62
     7
370
    25
100
AcDbPolyline
 90
       17
 70
   128
 43
0.0
 10
154.8380485888
 20
161.625275195
 10
154.8568874433
 20
161.52678381
 10
154.9105359622
 20
161.4650377241
 10
154.9908266447
 20
161.449437219
 10
155.0855359622
 20
161.4823573304
 10
155.1802452797
 20
161.5587862695
 10
155.2605359622
 20
161.6670884233
 10
155.314184481
 20
161.7907757706
 10
155.3330233356
 20
161.9110180341
 10
155.314184481
 20
162.009509419
 10
155.2605359622
 20
162.071255505
 10
155.1802452797
 20
162.08685601
 10
155.0855359622
 20
162.0539358987
 10
154.9908266447
 20
161.9775069595
 10
154.9105359622
 20
161.8692048057
 10
154.8568874433
 20
161.7455174584
 10
154.8380485888
 20
161.625275195
  0
LWPOLYLINE
  5
A2E
330
1F
100
AcDbEntity
  8
0
  6
Continuous
 62
     7
370
    25
100
AcDbPolyline
 90
       17
 70
   128
 43
0.0
 10
152.9760007316
 20
160.5503378477
 10
152.9571618771
 20
160.6488292327
 10
152.9035133582
 20
160.7105753186
 10
152.8232226758
 20
160.7261758236
 10
152.7285133582
 20
160.6932557123
 10
152.6338040407
 20
160.6168267732
 10
152.5535133582
 20
160.5085246194
 10
152.4998648394
 20
160.384837272
 10
152.4810259848
 20
160.2645950086
 10
152.4998648394
 20
160.1661036236
 10
152.5535133582
 20
160.1043575377
 10
152.6338040407
 20
160.0887570327
 10
152.7285133582
 20
160.121677144
 10
152.8232226758
 20
160.1981060831
 10
152.9035133582
 20
160.3064082369
 10
152.9571618771
 20
160.4300955843
 10
152.9760007316
 20
160.5503378477
  0
LWPOLYLINE
  5
A2F
330
1F
100
AcDbEntity
  8
0
  6
Continuous
 62
     7
370
    25
100
AcDbPolyline
 90
       11
 70
   128
 43
0.0
 10
155.6747916202
 20
163.0610139624
 10
155.6747916132
 20
163.0609476083
 10
155.6927333794
 20
162.9671462893
 10
155.7438272069
 20
162.9083404932
 10
155.8202945235
 20
162.8934828694
 10
155.9104938736
 20
162.9248353563
 10
156.0006932236
 20
162.9976248222
 10
156.0771605402
 20
163.1007697306
 10
156.1282543677
 20
163.2185672042
 10
156.146196134
 20
163.3330836456
 10
156.146196134
 20
163.3330836456
  0
LWPOLYLINE
  5
A30
330
1F
100
AcDbEntity
  8
0
  6
Continuous
 62
     7
370
    25
100
AcDbPolyline
 90
       17
 70
   128
 43
0.0
 10
156.146196134
 20
161.4278217512
 10
156.1282543677
 20
161.5216230702
 10
156.0771605402
 20
161.5804288663
 10
156.0006932236
 20
161.5952864901
 10
155.9104938736
 20
161.5639340032
 10
155.8202945235
 20
161.4911445373
 10
155.7438272069
 20
161.3879996289
 10
155.6927333794
 20
161.2702021553
 10
155.6747916132
 20
161.1556857139
 10
155.6927333794
 20
161.0618843949
 10
155.7438272069
 20
161.0030785988
 10
155.8202945235
 20
160.988220975
 10
155.9104938736
 20
161.0195734619
 10
156.0006932236
 20
161.0923629278
 10
156.0771605402
 20
161.1955078362
 10
156.1282543677
 20
161.3133053098
 10
156.146196134
 20
161.4278217512
  0
LWPOLYLINE
  5
A31
330
1F
100
AcDbEntity
  8
0
  6
Continuous
 62
     7
370
    25
100
AcDbPolyline
 90
       17
 70
   128
 43
0.0
 10
152.1392577072
 20
159.1146654344
 10
152.121315941
 20
159.2084667534
 10
152.0702221135
 20
159.2672725495
 10
151.9937547969
 20
159.2821301733
 10
151.9035554468
 20
159.2507776863
 10
151.8133560968
 20
159.1779882205
 10
151.7368887802
 20
159.0748433121
 10
151.6857949527
 20
158.9570458385
 10
151.6678531865
 20
158.8425293971
 10
151.6857949527
 20
158.7487280781
 10
151.7368887802
 20
158.689922282
 10
151.8133560968
 20
158.6750646581
 10
151.9035554468
 20
158.7064171451
 10
151.9937547969
 20
158.7792066109
 10
152.0702221135
 20
158.8823515193
 10
152.121315941
 20
159.000148993
 10
152.1392577072
 20
159.1146654344
  0
LINE
  5
A32
330
1F
100
AcDbEntity
  8
0
  6
Continuous
 62
     7
370
    25
100
AcDbLine
 10
156.2640472642
 20
162.8091255663
 30
0.0
 11
156.2640472642
 21
163.4011840049
 31
0.0
  0
LINE
  5
A33
330
1F
100
AcDbEntity
  8
0
  6
Continuous
 62
     7
370
    25
100
AcDbLine
 10
156.0872705689
 20
162.7070745523
 30
0.0
 11
156.2640472642
 21
162.8091255663
 31
0.0
  0
LINE
  5
A34
330
1F
100
AcDbEntity
  8
0
  6
Continuous
 62
     7
370
    25
100
AcDbLine
 10
156.0872705689
 20
162.9112097553
 30
0.0
 11
156.0872705689
 21
162.7070745523
 31
0.0
  0
LINE
  5
A35
330
1F
100
AcDbEntity
  8
0
  6
Continuous
 62
     7
370
    25
100
AcDbLine
 10
155.7533628106
 20
162.7184489095
 30
0.0
 11
156.0872705689
 21
162.9112097553
 31
0.0
  0
LWPOLYLINE
  5
A36
330
1F
100
AcDbEntity
  8
0
  6
Continuous
 62
     7
370
    25
100
AcDbPolyline
 90
        9
 70
   128
 43
0.0
 10
155.7533628106
 20
161.5889007864
 10
155.669821626
 20
161.6628615018
 10
155.607880959
 20
161.765380243
 10
155.569792396
 20
161.8927303818
 10
155.556940483
 20
162.0402826518
 10
155.569792396
 20
162.2026734247
 10
155.607880959
 20
162.3739996823
 10
155.669821626
 20
162.5480335954
 10
155.7533628106
 20
162.7184489095
  0
LINE
  5
A37
330
1F
100
AcDbEntity
  8
0
  6
Continuous
 62
     7
370
    25
100
AcDbLine
 10
156.0872705689
 20
161.7816616322
 30
0.0
 11
155.7533628106
 21
161.5889007864
 31
0.0
  0
LINE
  5
A38
330
1F
100
AcDbEntity
  8
0
  6
Continuous
 62
     7
370
    25
100
AcDbLine
 10
156.0872705689
 20
161.9857968351
 30
0.0
 11
156.0872705689
 21
161.7816616322
 31
0.0
  0
LINE
  5
A39
330
1F
100
AcDbEntity
  8
0
  6
Continuous
 62
     7
370
    25
100
AcDbLine
 10
156.2640472642
 20
162.0878478491
 30
0.0
 11
156.0872705689
 21
161.9857968351
 31
0.0
  0
LINE
  5
A3A
330
1F
100
AcDbEntity
  8
0
  6
Continuous
 62
     7
370
    25
100
AcDbLine
 10
156.2640472642
 20
161.0875853546
 30
0.0
 11
156.2640472642
 21
162.0878478491
 31
0.0
  0
LINE
  5
A3B
330
1F
100
AcDbEntity
  8
0
  6
Continuous
 62
     7
370
    25
100
AcDbLine
 10
155.3978414572
 20
160.5875353861
 30
0.0
 11
156.2640472642
 21
161.0875853546
 31
0.0
  0
LINE
  5
A3C
330
1F
100
AcDbEntity
  8
0
  6
Continuous
 62
     7
370
    25
100
AcDbLine
 10
155.3978414572
 20
160.791670589
 30
0.0
 11
155.3978414572
 21
160.5875353861
 31
0.0
  0
LINE
  5
A3D
330
1F
100
AcDbEntity
  8
0
  6
Continuous
 62
     7
370
    25
100
AcDbLine
 10
155.5746181525
 20
160.893721603
 30
0.0
 11
155.3978414572
 21
160.791670589
 31
0.0
  0
LINE
  5
A3E
330
1F
100
AcDbEntity
  8
0
  6
Continuous
 62
     7
370
    25
100
AcDbLine
 10
155.5746181525
 20
161.2793059579
 30
0.0
 11
155.5746181525
 21
160.893721603
 31
0.0
  0
LWPOLYLINE
  5
A3F
330
1F
100
AcDbEntity
  8
0
  6
Continuous
 62
     7
370
    25
100
AcDbPolyline
 90
        9
 70
   128
 43
0.0
 10
154.5964537719
 20
160.7146236805
 10
154.7022659647
 20
160.8721780357
 10
154.82201029
 20
161.0128317594
 10
154.9513339577
 20
161.1314719904
 10
155.0855359622
 20
161.2237860733
 10
155.2197379667
 20
161.2864183266
 10
155.3490616344
 20
161.3170920242
 10
155.4688059597
 20
161.3146921556
 10
155.5746181525
 20
161.2793059579
  0
LINE
  5
A40
330
1F
100
AcDbEntity
  8
0
  6
Continuous
 62
     7
370
    25
100
AcDbLine
 10
154.5964537719
 20
160.3290393257
 30
0.0
 11
154.5964537719
 21
160.7146236805
 31
0.0
  0
LINE
  5
A41
330
1F
100
AcDbEntity
  8
0
  6
Continuous
 62
     7
370
    25
100
AcDbLine
 10
154.7732304672
 20
160.4310903397
 30
0.0
 11
154.5964537719
 21
160.3290393257
 31
0.0
  0
LINE
  5
A42
330
1F
100
AcDbEntity
  8
0
  6
Continuous
 62
     7
370
    25
100
AcDbLine
 10
154.7732304672
 20
160.2269551367
 30
0.0
 11
154.7732304672
 21
160.4310903397
 31
0.0
  0
LINE
  5
A43
330
1F
100
AcDbEntity
  8
0
  6
Continuous
 62
     7
370
    25
100
AcDbLine
 10
153.0408188533
 20
159.2268551997
 30
0.0
 11
154.7732304672
 21
160.2269551367
 31
0.0
  0
LINE
  5
A44
330
1F
100
AcDbEntity
  8
0
  6
Continuous
 62
     7
370
    25
100
AcDbLine
 10
153.0408188533
 20
159.4309904027
 30
0.0
 11
153.0408188533
 21
159.2268551997
 31
0.0
  0
LINE
  5
A45
330
1F
100
AcDbEntity
  8
0
  6
Continuous
 62
     7
370
    25
100
AcDbLine
 10
153.2175955486
 20
159.5330414167
 30
0.0
 11
153.0408188533
 21
159.4309904027
 31
0.0
  0
LINE
  5
A46
330
1F
100
AcDbEntity
  8
0
  6
Continuous
 62
     7
370
    25
100
AcDbLine
 10
153.2175955486
 20
159.9186257715
 30
0.0
 11
153.2175955486
 21
159.5330414167
 31
0.0
  0
LWPOLYLINE
  5
A47
330
1F
100
AcDbEntity
  8
0
  6
Continuous
 62
     7
370
    25
100
AcDbPolyline
 90
        9
 70
   128
 43
0.0
 10
152.2394311679
 20
159.3539434942
 10
152.3452433607
 20
159.5114978493
 10
152.464987686
 20
159.652151573
 10
152.5943113538
 20
159.770791804
 10
152.7285133582
 20
159.8631058869
 10
152.8627153627
 20
159.9257381402
 10
152.9920390305
 20
159.9564118378
 10
153.1117833557
 20
159.9540119693
 10
153.2175955486
 20
159.9186257715
  0
LINE
  5
A48
330
1F
100
AcDbEntity
  8
0
  6
Continuous
 62
     7
370
    25
100
AcDbLine
 10
152.2394311679
 20
158.9683591393
 30
0.0
 11
152.2394311679
 21
159.3539434942
 31
0.0
  0
LINE
  5
A49
330
1F
100
AcDbEntity
  8
0
  6
Continuous
 62
     7
370
    25
100
AcDbLine
 10
152.4162078632
 20
159.0704101533
 30
0.0
 11
152.2394311679
 21
158.9683591393
 31
0.0
  0
LINE
  5
A4A
330
1F
100
AcDbEntity
  8
0
  6
Continuous
 62
     7
370
    25
100
AcDbLine
 10
152.4162078632
 20
158.8662749503
 30
0.0
 11
152.4162078632
 21
159.0704101533
 31
0.0
  0
LINE
  5
A4B
330
1F
100
AcDbEntity
  8
0
  6
Continuous
 62
     7
370
    25
100
AcDbLine
 10
151.5500020563
 20
158.3662249818
 30
0.0
 11
152.4162078632
 21
158.8662749503
 31
0.0
  0
LINE
  5
A4C
330
1F
100
AcDbEntity
  8
0
  6
Continuous
 62
     7
370
    25
100
AcDbLine
 10
151.5500020563
 20
159.3664874764
 30
0.0
 11
151.5500020563
 21
158.3662249818
 31
0.0
  0
LINE
  5
A4D
330
1F
100
AcDbEntity
  8
0
  6
Continuous
 62
     7
370
    25
100
AcDbLine
 10
151.7267787516
 20
159.4685384904
 30
0.0
 11
151.5500020563
 21
159.3664874764
 31
0.0
  0
LINE
  5
A4E
330
1F
100
AcDbEntity
  8
0
  6
Continuous
 62
     7
370
    25
100
AcDbLine
 10
151.7267787516
 20
159.2644032874
 30
0.0
 11
151.7267787516
 21
159.4685384904
 31
0.0
  0
LINE
  5
A4F
330
1F
100
AcDbEntity
  8
0
  6
Continuous
 62
     7
370
    25
100
AcDbLine
 10
152.0606865098
 20
159.4571641332
 30
0.0
 11
151.7267787516
 21
159.2644032874
 31
0.0
  0
LWPOLYLINE
  5
A50
330
1F
100
AcDbEntity
  8
0
  6
Continuous
 62
     7
370
    25
100
AcDbPolyline
 90
        9
 70
   128
 43
0.0
 10
152.0606865098
 20
160.5867122563
 10
152.1442276944
 20
160.5127515408
 10
152.2061683615
 20
160.4102327997
 10
152.2442569244
 20
160.2828826608
 10
152.2571088374
 20
160.1353303909
 10
152.2442569244
 20
159.972939618
 10
152.2061683615
 20
159.8016133604
 10
152.1442276944
 20
159.6275794473
 10
152.0606865098
 20
159.4571641332
  0
LINE
  5
A51
330
1F
100
AcDbEntity
  8
0
  6
Continuous
 62
     7
370
    25
100
AcDbLine
 10
151.7267787516
 20
160.3939514105
 30
0.0
 11
152.0606865098
 21
160.5867122563
 31
0.0
  0
LINE
  5
A52
330
1F
100
AcDbEntity
  8
0
  6
Continuous
 62
     7
370
    25
100
AcDbLine
 10
151.7267787516
 20
160.1898162075
 30
0.0
 11
151.7267787516
 21
160.3939514105
 31
0.0
  0
LINE
  5
A53
330
1F
100
AcDbEntity
  8
0
  6
Continuous
 62
     7
370
    25
100
AcDbLine
 10
151.5500020563
 20
160.0877651935
 30
0.0
 11
151.7267787516
 21
160.1898162075
 31
0.0
  0
LINE
  5
A54
330
1F
100
AcDbEntity
  8
0
  6
Continuous
 62
     7
370
    25
100
AcDbLine
 10
151.5500020563
 20
160.9587630704
 30
0.0
 11
151.5500020563
 21
160.0877651935
 31
0.0
  0
LINE
  5
A55
330
1F
100
AcDbEntity
  8
0
  6
Continuous
 62
     7
370
    25
100
AcDbLine
 10
152.2394311679
 20
160.8963070848
 30
0.0
 11
152.2394311679
 21
161.0778225867
 31
0.0
  0
LWPOLYLINE
  5
A56
330
1F
100
AcDbEntity
  8
0
  6
Continuous
 62
     7
370
    25
100
AcDbPolyline
 90
        9
 70
   128
 43
0.0
 10
153.2175955486
 20
161.4609893621
 10
153.1117833557
 20
161.303435007
 10
152.9920390305
 20
161.1627812833
 10
152.8627153627
 20
161.0441410523
 10
152.7285133582
 20
160.9518269694
 10
152.5943113538
 20
160.8891947161
 10
152.464987686
 20
160.8585210185
 10
152.3452433607
 20
160.860920887
 10
152.2394311679
 20
160.8963070848
  0
LINE
  5
A57
330
1F
100
AcDbEntity
  8
0
  6
Continuous
 62
     7
370
    25
100
AcDbLine
 10
153.2175955486
 20
161.6425048641
 30
0.0
 11
153.2175955486
 21
161.4609893621
 31
0.0
  0
LINE
  5
A58
330
1F
100
AcDbEntity
  8
0
  6
Continuous
 62
     7
370
    25
100
AcDbLine
 10
154.5964537719
 20
162.2569872712
 30
0.0
 11
154.5964537719
 21
162.4385027731
 31
0.0
  0
LWPOLYLINE
  5
A59
330
1F
100
AcDbEntity
  8
0
  6
Continuous
 62
     7
370
    25
100
AcDbPolyline
 90
        9
 70
   128
 43
0.0
 10
155.5746181525
 20
162.8216695485
 10
155.4688059597
 20
162.6641151933
 10
155.3490616344
 20
162.5234614696
 10
155.2197379667
 20
162.4048212387
 10
155.0855359622
 20
162.3125071558
 10
154.9513339577
 20
162.2498749024
 10
154.82201029
 20
162.2192012049
 10
154.7022659647
 20
162.2216010734
 10
154.5964537719
 20
162.2569872712
  0
LINE
  5
A5A
330
1F
100
AcDbEntity
  8
0
  6
Continuous
 62
     7
370
    25
100
AcDbLine
 10
155.5746181525
 20
163.0031850504
 30
0.0
 11
155.5746181525
 21
162.8216695485
 31
0.0
  0
LINE
  5
A5B
330
1F
100
AcDbEntity
  8
0
  6
Continuous
 62
     7
370
    25
100
AcDbLine
 10
153.3943722438
 20
161.3542501388
 30
0.0
 11
153.3943722438
 21
161.744555878
 31
0.0
  0
LWPOLYLINE
  5
A5C
330
1F
100
AcDbEntity
  8
0
  6
Continuous
 62
     7
370
    25
100
AcDbPolyline
 90
        9
 70
   128
 43
0.0
 10
153.3943722438
 20
161.3542501388
 10
153.3116426502
 20
161.1846086431
 10
153.2503283834
 20
161.0114852668
 10
153.2126348595
 20
160.8411070938
 10
153.199917879
 20
160.6796024654
 10
153.2126348595
 20
160.5327805503
 10
153.2503283834
 20
160.4059223935
 10
153.3116426502
 20
160.3035909628
 10
153.3943722438
 20
160.2294670228
  0
LINE
  5
A5D
330
1F
100
AcDbEntity
  8
0
  6
Continuous
 62
     7
370
    25
100
AcDbLine
 10
153.3943722438
 20
159.7711825659
 30
0.0
 11
153.3943722438
 21
160.2294670228
 31
0.0
  0
ARC
  5
A5E
330
1F
100
AcDbEntity
  8
0
  6
Continuous
 62
     7
370
    25
100
AcDbCircle
 10
153.4662179718
 20
159.7595280331
 30
0.0
 40
0.0727848662381031
100
AcDbArc
 50
170.7859630096
 51
309.2032852357
  0
LINE
  5
A5F
330
1F
100
AcDbEntity
  8
0
  6
Continuous
 62
     7
370
    25
100
AcDbLine
 10
154.3018259464
 20
160.1589543024
 30
0.0
 11
153.512223374
 21
159.7031264399
 31
0.0
  0
ARC
  5
A60
330
1F
100
AcDbEntity
  8
0
  6
Continuous
 62
     7
370
    25
100
AcDbCircle
 10
154.1638077263
 20
160.3747219224
 30
0.0
 40
0.2561341345953727
100
AcDbArc
 50
302.60547834
 51
357.3945215143
  0
LINE
  5
A61
330
1F
100
AcDbEntity
  8
0
  6
Continuous
 62
     7
370
    25
100
AcDbLine
 10
154.4196770766
 20
160.8213629039
 30
0.0
 11
154.4196770766
 21
160.363078447
 31
0.0
  0
LWPOLYLINE
  5
A62
330
1F
100
AcDbEntity
  8
0
  6
Continuous
 62
     7
370
    25
100
AcDbPolyline
 90
        9
 70
   128
 43
0.0
 10
154.4196770766
 20
160.8213629039
 10
154.5024066702
 20
160.9910043996
 10
154.563720937
 20
161.1641277758
 10
154.6014144609
 20
161.3345059489
 10
154.6141314414
 20
161.4960105772
 10
154.6014144609
 20
161.6428324924
 10
154.563720937
 20
161.7696906492
 10
154.5024066702
 20
161.8720220799
 10
154.4196770766
 20
161.9461460199
  0
LINE
  5
A63
330
1F
100
AcDbEntity
  8
0
  6
Continuous
 62
     7
370
    25
100
AcDbLine
 10
154.4196770766
 20
162.3364517591
 30
0.0
 11
154.4196770766
 21
161.9461460199
 31
0.0
  0
LINE
  5
A64
330
1F
100
AcDbEntity
  8
0
  6
Continuous
 62
     7
370
    25
100
AcDbLine
 10
147.0834442218
 20
163.6665166413
 30
0.0
 11
146.8359568483
 21
163.8093880608
 31
0.0
  0
LINE
  5
A65
330
1F
100
AcDbEntity
  8
0
  6
Continuous
 62
     7
370
    25
100
AcDbLine
 10
147.0834442218
 20
163.9522594804
 30
0.0
 11
146.8359568483
 21
163.8093880608
 31
0.0
  0
LINE
  5
A66
330
1F
100
AcDbEntity
  8
0
  6
Continuous
 62
     7
370
    25
100
AcDbLine
 10
152.0920597881
 20
161.7752043572
 30
0.0
 11
151.9153405599
 21
161.8772221962
 31
0.0
  0
LINE
  5
A67
330
1F
100
AcDbEntity
  8
0
  6
Continuous
 62
     7
370
    25
100
AcDbLine
 10
148.3208236218
 20
163.9522926554
 30
0.0
 11
148.1441043935
 21
164.0543104944
 31
0.0
  0
LINE
  5
A68
330
1F
100
AcDbEntity
  8
0
  6
Continuous
 62
     7
370
    25
100
AcDbLine
 10
151.5500020563
 20
160.0877651935
 30
0.0
 11
146.8359568483
 21
162.8091255663
 31
0.0
  0
LINE
  5
A69
330
1F
100
AcDbEntity
  8
0
  6
Continuous
 62
     7
370
    25
100
AcDbLine
 10
146.8359568483
 20
163.8093880608
 30
0.0
 11
146.8359568483
 21
162.8091255663
 31
0.0
  0
LINE
  5
A6A
330
1F
100
AcDbEntity
  8
0
  6
Continuous
 62
     7
370
    25
100
AcDbLine
 10
152.0606865098
 20
159.4571641332
 30
0.0
 11
147.3466413019
 21
162.1785245059
 31
0.0
  0
LWPOLYLINE
  5
A6B
330
1F
100
AcDbEntity
  8
0
  6
Continuous
 62
     7
370
    25
100
AcDbPolyline
 90
        3
 70
   128
 43
0.0
 10
147.4671348823
 20
162.4447542431
 10
147.4301824865
 20
162.34893982
 10
147.3466413019
 20
162.1785245059
  0
LINE
  5
A6C
330
1F
100
AcDbEntity
  8
0
  6
Continuous
 62
     7
370
    25
100
AcDbLine
 10
153.2175955486
 20
161.4609893621
 30
0.0
 11
153.0603814783
 21
161.5517471131
 31
0.0
  0
LINE
  5
A6D
330
1F
100
AcDbEntity
  8
0
  6
Continuous
 62
     7
370
    25
100
AcDbLine
 10
152.3826800126
 20
161.9429758417
 30
0.0
 11
152.2059607843
 21
162.0449936807
 31
0.0
  0
LINE
  5
A6E
330
1F
100
AcDbEntity
  8
0
  6
Continuous
 62
     7
370
    25
100
AcDbLine
 10
150.6918062776
 20
162.9190964716
 30
0.0
 11
149.7719874953
 21
163.450096552
 31
0.0
  0
LINE
  5
A6F
330
1F
100
AcDbEntity
  8
0
  6
Continuous
 62
     7
370
    25
100
AcDbLine
 10
148.6114438462
 20
164.1200641399
 30
0.0
 11
148.5035503406
 21
164.1823497349
 31
0.0
  0
LWPOLYLINE
  5
A70
330
1F
100
AcDbEntity
  8
0
  6
Continuous
 62
     7
370
    25
100
AcDbPolyline
 90
        3
 70
   128
 43
0.0
 10
148.5035503406
 20
164.1823497349
 10
148.3977381478
 20
164.0247953797
 10
148.357080177
 20
163.9732231192
  0
LINE
  5
A71
330
1F
100
AcDbEntity
  8
0
  6
Continuous
 62
     7
370
    25
100
AcDbLine
 10
151.5500020563
 20
158.3662249818
 30
0.0
 11
146.8359568483
 21
161.0875853546
 31
0.0
  0
LINE
  5
A72
330
1F
100
AcDbEntity
  8
0
  6
Continuous
 62
     7
370
    25
100
AcDbLine
 10
146.8359568483
 20
162.0878478491
 30
0.0
 11
146.8359568483
 21
161.0875853546
 31
0.0
  0
LINE
  5
A73
330
1F
100
AcDbEntity
  8
0
  6
Continuous
 62
     7
370
    25
100
AcDbLine
 10
151.5500020563
 20
159.3664874764
 30
0.0
 11
146.8359568483
 21
162.0878478491
 31
0.0
  0
LINE
  5
A74
330
1F
100
AcDbEntity
  8
0
  6
Continuous
 62
     7
370
    25
100
AcDbLine
 10
151.7267787516
 20
159.4685384904
 30
0.0
 11
147.0127335436
 21
162.1898988631
 31
0.0
  0
LINE
  5
A75
330
1F
100
AcDbEntity
  8
0
  6
Continuous
 62
     7
370
    25
100
AcDbLine
 10
147.0127335436
 20
162.1898988631
 30
0.0
 11
146.8359568483
 21
162.0878478491
 31
0.0
  0
LINE
  5
A76
330
1F
100
AcDbEntity
  8
0
  6
Continuous
 62
     7
370
    25
100
AcDbLine
 10
152.7166707782
 20
162.1357846066
 30
0.0
 11
152.6129072163
 21
162.1956860359
 31
0.0
  0
LINE
  5
A77
330
1F
100
AcDbEntity
  8
0
  6
Continuous
 62
     7
370
    25
100
AcDbLine
 10
151.5196101409
 20
162.8268330032
 30
0.0
 11
149.7339518707
 21
163.8576715805
 31
0.0
  0
LINE
  5
A78
330
1F
100
AcDbEntity
  8
0
  6
Continuous
 62
     7
370
    25
100
AcDbLine
 10
148.9454346118
 20
164.3128729048
 30
0.0
 11
148.84167105
 21
164.3727743341
 31
0.0
  0
LINE
  5
A79
330
1F
100
AcDbEntity
  8
0
  6
Continuous
 62
     7
370
    25
100
AcDbLine
 10
153.1223930315
 20
163.9017660092
 30
0.0
 11
152.1814272157
 21
164.4449740122
 31
0.0
  0
LINE
  5
A7A
330
1F
100
AcDbEntity
  8
0
  6
Continuous
 62
     7
370
    25
100
AcDbLine
 10
152.5398653494
 20
162.0337170051
 30
0.0
 11
152.3632109649
 21
162.1356974106
 31
0.0
  0
LINE
  5
A7B
330
1F
100
AcDbEntity
  8
0
  6
Continuous
 62
     7
370
    25
100
AcDbLine
 10
151.1426331391
 20
162.8403219911
 30
0.0
 11
149.6523656672
 21
163.7006350903
 31
0.0
  0
LINE
  5
A7C
330
1F
100
AcDbEntity
  8
0
  6
Continuous
 62
     7
370
    25
100
AcDbLine
 10
148.768629183
 20
164.2108053033
 30
0.0
 11
148.5919747986
 21
164.3127857088
 31
0.0
  0
LINE
  5
A7D
330
1F
100
AcDbEntity
  8
0
  6
Continuous
 62
     7
370
    25
100
AcDbLine
 10
147.3466413019
 20
162.1785245059
 30
0.0
 11
147.1895389725
 21
162.0878312616
 31
0.0
  0
LINE
  5
A7E
330
1F
100
AcDbEntity
  8
0
  6
Continuous
 62
     7
370
    25
100
AcDbLine
 10
148.5035503406
 20
164.2618142228
 30
0.0
 11
148.5035503406
 21
164.1823497349
 31
0.0
  0
LINE
  5
A7F
330
1F
100
AcDbEntity
  8
0
  6
Continuous
 62
     7
370
    25
100
AcDbLine
 10
152.4162078632
 20
159.0704101533
 30
0.0
 11
152.2394311679
 21
159.1724611673
 31
0.0
  0
LINE
  5
A80
330
1F
100
AcDbEntity
  8
0
  6
Continuous
 62
     7
370
    25
100
AcDbLine
 10
154.4196770766
 20
161.9461460199
 30
0.0
 11
154.0816257626
 21
162.1412988895
 31
0.0
  0
LINE
  5
A81
330
1F
100
AcDbEntity
  8
0
  6
Continuous
 62
     7
370
    25
100
AcDbLine
 10
153.2175955486
 20
159.5330414167
 30
0.0
 11
152.6883225616
 21
159.8385842084
 31
0.0
  0
LINE
  5
A82
330
1F
100
AcDbEntity
  8
0
  6
Continuous
 62
     7
370
    25
100
AcDbLine
 10
155.5746181525
 20
162.8216695485
 30
0.0
 11
155.4174040822
 21
162.9124272995
 31
0.0
  0
LINE
  5
A83
330
1F
100
AcDbEntity
  8
0
  6
Continuous
 62
     7
370
    25
100
AcDbLine
 10
154.6922458742
 20
163.3310522223
 30
0.0
 11
154.5629833883
 21
163.405673867
 31
0.0
  0
LINE
  5
A84
330
1F
100
AcDbEntity
  8
0
  6
Continuous
 62
     7
370
    25
100
AcDbLine
 10
150.9210097079
 20
165.5081405205
 30
0.0
 11
150.8605729446
 21
165.5430299213
 31
0.0
  0
LINE
  5
A85
330
1F
100
AcDbEntity
  8
0
  6
Continuous
 62
     7
370
    25
100
AcDbLine
 10
150.8605729446
 20
165.5430299213
 30
0.0
 11
150.8372857875
 21
165.5049602012
 31
0.0
  0
LINE
  5
A86
330
1F
100
AcDbEntity
  8
0
  6
Continuous
 62
     7
370
    25
100
AcDbLine
 10
153.3943722438
 20
161.413258785
 30
0.0
 11
154.4196770766
 21
160.8213629039
 31
0.0
  0
LINE
  5
A87
330
1F
100
AcDbEntity
  8
0
  6
Continuous
 62
     7
370
    25
100
AcDbLine
 10
153.0408188533
 20
159.4309904027
 30
0.0
 11
152.5368716936
 21
159.7219129055
 31
0.0
  0
LINE
  5
A88
330
1F
100
AcDbEntity
  8
0
  6
Continuous
 62
     7
370
    25
100
AcDbLine
 10
153.0408188533
 20
159.2268551997
 30
0.0
 11
152.4096070939
 21
159.5912459921
 31
0.0
  0
LINE
  5
A89
330
1F
100
AcDbEntity
  8
0
  6
Continuous
 62
     7
370
    25
100
AcDbLine
 10
155.0736933821
 20
163.496464793
 30
0.0
 11
154.8969741539
 21
163.598482632
 31
0.0
  0
LINE
  5
A8A
330
1F
100
AcDbEntity
  8
0
  6
Continuous
 62
     7
370
    25
100
AcDbLine
 10
151.3024572158
 20
165.6735530912
 30
0.0
 11
151.1257379875
 21
165.7755709302
 31
0.0
  0
LINE
  5
A8B
330
1F
100
AcDbEntity
  8
0
  6
Continuous
 62
     7
370
    25
100
AcDbLine
 10
154.8968879533
 20
163.3943971915
 30
0.0
 11
154.7201687251
 21
163.4964150305
 31
0.0
  0
LINE
  5
A8C
330
1F
100
AcDbEntity
  8
0
  6
Continuous
 62
     7
370
    25
100
AcDbLine
 10
151.125651787
 20
165.5714854897
 30
0.0
 11
150.9489325587
 21
165.6735033287
 31
0.0
  0
LINE
  5
A8D
330
1F
100
AcDbEntity
  8
0
  6
Continuous
 62
     7
370
    25
100
AcDbLine
 10
155.9398991891
 20
163.9965147615
 30
0.0
 11
155.8863111659
 21
164.0274504688
 31
0.0
  0
LINE
  5
A8E
330
1F
100
AcDbEntity
  8
0
  6
Continuous
 62
     7
370
    25
100
AcDbLine
 10
152.1686630228
 20
166.1736030597
 30
0.0
 11
152.1150749995
 21
166.204538767
 31
0.0
  0
LINE
  5
A8F
330
1F
100
AcDbEntity
  8
0
  6
Continuous
 62
     7
370
    25
100
AcDbLine
 10
150.8605729446
 20
165.6224944092
 30
0.0
 11
150.8605729446
 21
165.5430299213
 31
0.0
  0
LINE
  5
A90
330
1F
100
AcDbEntity
  8
0
  6
Continuous
 62
     7
370
    25
100
AcDbLine
 10
154.7732304672
 20
160.4310903397
 30
0.0
 11
154.5964537719
 21
160.5331413536
 31
0.0
  0
LINE
  5
A91
330
1F
100
AcDbEntity
  8
0
  6
Continuous
 62
     7
370
    25
100
AcDbLine
 10
156.0872705689
 20
162.7070745523
 30
0.0
 11
155.9104651401
 21
162.8091421538
 31
0.0
  0
LINE
  5
A92
330
1F
100
AcDbEntity
  8
0
  6
Continuous
 62
     7
370
    25
100
AcDbLine
 10
155.5746181525
 20
160.893721603
 30
0.0
 11
155.0453451655
 21
161.1992643947
 31
0.0
  0
LINE
  5
A93
330
1F
100
AcDbEntity
  8
0
  6
Continuous
 62
     7
370
    25
100
AcDbLine
 10
156.0872705689
 20
161.7816616322
 30
0.0
 11
155.5580743489
 21
162.0871601072
 31
0.0
  0
LINE
  5
A94
330
1F
100
AcDbEntity
  8
0
  6
Continuous
 62
     7
370
    25
100
AcDbLine
 10
155.3978414572
 20
160.791670589
 30
0.0
 11
154.8938942975
 21
161.0825930919
 31
0.0
  0
LINE
  5
A95
330
1F
100
AcDbEntity
  8
0
  6
Continuous
 62
     7
370
    25
100
AcDbLine
 10
155.3978414572
 20
160.5875353861
 30
0.0
 11
154.7666296979
 21
160.9519261785
 31
0.0
  0
LINE
  5
A96
330
1F
100
AcDbEntity
  8
0
  6
Continuous
 62
     7
370
    25
100
AcDbLine
 10
156.2640472642
 20
162.0878478491
 30
0.0
 11
155.6328692302
 21
162.4522191723
 31
0.0
  0
LINE
  5
A97
330
1F
100
AcDbEntity
  8
0
  6
Continuous
 62
     7
370
    25
100
AcDbLine
 10
156.0872705689
 20
161.9857968351
 30
0.0
 11
155.5833693333
 21
162.2766928266
 31
0.0
  0
LINE
  5
A98
330
1F
100
AcDbEntity
  8
0
  6
Continuous
 62
     7
370
    25
100
AcDbLine
 10
113.1423187249
 20
205.9532507103
 30
0.0
 11
113.1187484988
 21
205.9396439084
 31
0.0
  0
LINE
  5
A99
330
1F
100
AcDbEntity
  8
0
  6
Continuous
 62
     7
370
    25
100
AcDbLine
 10
113.1187484988
 20
205.9396439084
 30
0.0
 11
113.1187484988
 21
206.939906403
 31
0.0
  0
LINE
  5
A9A
330
1F
100
AcDbEntity
  8
0
  6
Continuous
 62
     7
370
    25
100
AcDbLine
 10
113.1187484988
 20
206.939906403
 30
0.0
 11
113.1423187249
 21
206.9535132048
 31
0.0
  0
LINE
  5
A9B
330
1F
100
AcDbEntity
  8
0
  6
Continuous
 62
     7
370
    25
100
AcDbLine
 10
111.9396625264
 20
207.6205782463
 30
0.0
 11
113.1187484988
 21
206.939906403
 31
0.0
  0
LINE
  5
A9C
330
1F
100
AcDbEntity
  8
0
  6
Continuous
 62
     7
370
    25
100
AcDbLine
 10
112.8058683334
 20
208.1206282148
 30
0.0
 11
113.1423187249
 21
207.9263995381
 31
0.0
  0
LINE
  5
A9D
330
1F
100
AcDbEntity
  8
0
  6
Continuous
 62
     7
370
    25
100
AcDbLine
 10
111.0733159252
 20
207.120446999
 30
0.0
 11
113.1187484988
 21
205.9396439084
 31
0.0
  0
LINE
  5
A9E
330
1F
100
AcDbEntity
  8
0
  6
Continuous
 62
     7
370
    25
100
AcDbLine
 10
113.0964885578
 20
208.2883996993
 30
0.0
 11
113.1423187249
 21
208.261942507
 31
0.0
  0
LWPOLYLINE
  5
A9F
330
1F
100
AcDbEntity
  8
0
  6
Continuous
 62
     7
370
    25
100
AcDbPolyline
 90
       17
 70
   128
 43
0.0
 10
155.6747916132
 20
184.2910087173
 10
155.6927333795
 20
184.1972073983
 10
155.7438272069
 20
184.1384016022
 10
155.8202945236
 20
184.1235439784
 10
155.9104938736
 20
184.1548964653
 10
156.0006932236
 20
184.2276859312
 10
156.0771605403
 20
184.3308308396
 10
156.1282543678
 20
184.4486283132
 10
156.146196134
 20
184.5631447546
 10
156.1282543678
 20
184.6569460736
 10
156.0771605403
 20
184.7157518697
 10
156.0006932236
 20
184.7306094935
 10
155.9104938736
 20
184.6992570066
 10
155.8202945236
 20
184.6264675407
 10
155.7438272069
 20
184.5233226323
 10
155.6927333795
 20
184.4055251587
 10
155.6747916132
 20
184.2910087173
  0
LWPOLYLINE
  5
AA0
330
1F
100
AcDbEntity
  8
0
  6
Continuous
 62
     7
370
    25
100
AcDbPolyline
 90
       17
 70
   128
 43
0.0
 10
152.9760007317
 20
183.6856608511
 10
152.9571618771
 20
183.7841522361
 10
152.9035133583
 20
183.845898322
 10
152.8232226758
 20
183.861498827
 10
152.7285133583
 20
183.8285787157
 10
152.6338040408
 20
183.7521497766
 10
152.5535133583
 20
183.6438476228
 10
152.4998648394
 20
183.5201602754
 10
152.4810259849
 20
183.399918012
 10
152.4998648394
 20
183.301426627
 10
152.5535133583
 20
183.2396805411
 10
152.6338040408
 20
183.2240800361
 10
152.7285133583
 20
183.2570001474
 10
152.8232226758
 20
183.3334290865
 10
152.9035133583
 20
183.4417312403
 10
152.9571618771
 20
183.5654185877
 10
152.9760007317
 20
183.6856608511
  0
LWPOLYLINE
  5
AA1
330
1F
100
AcDbEntity
  8
0
  6
Continuous
 62
     7
370
    25
100
AcDbPolyline
 90
       17
 70
   128
 43
0.0
 10
154.8380485888
 20
184.7605981984
 10
154.8568874434
 20
184.6621068134
 10
154.9105359622
 20
184.6003607275
 10
154.9908266447
 20
184.5847602225
 10
155.0855359622
 20
184.6176803338
 10
155.1802452798
 20
184.6941092729
 10
155.2605359622
 20
184.8024114267
 10
155.3141844811
 20
184.926098774
 10
155.3330233356
 20
185.0463410375
 10
155.3141844811
 20
185.1448324224
 10
155.2605359622
 20
185.2065785084
 10
155.1802452798
 20
185.2221790134
 10
155.0855359622
 20
185.1892589021
 10
154.9908266447
 20
185.1128299629
 10
154.9105359622
 20
185.0045278091
 10
154.8568874434
 20
184.8808404618
 10
154.8380485888
 20
184.7605981984
  0
LWPOLYLINE
  5
AA2
330
1F
100
AcDbEntity
  8
0
  6
Continuous
 62
     7
370
    25
100
AcDbPolyline
 90
       17
 70
   128
 43
0.0
 10
151.6678531865
 20
181.9778524005
 10
151.6857949527
 20
181.8840510815
 10
151.7368887802
 20
181.8252452854
 10
151.8133560969
 20
181.8103876615
 10
151.9035554469
 20
181.8417401485
 10
151.9937547969
 20
181.9145296143
 10
152.0702221136
 20
182.0176745227
 10
152.121315941
 20
182.1354719964
 10
152.1392577073
 20
182.2499884378
 10
152.121315941
 20
182.3437897568
 10
152.0702221136
 20
182.4025955529
 10
151.9937547969
 20
182.4174531767
 10
151.9035554469
 20
182.3861006898
 10
151.8133560969
 20
182.3133112239
 10
151.7368887802
 20
182.2101663155
 10
151.6857949527
 20
182.0923688419
 10
151.6678531865
 20
181.9778524005
  0
LWPOLYLINE
  5
AA3
330
1F
100
AcDbEntity
  8
0
  6
Continuous
 62
     7
370
    25
100
AcDbPolyline
 90
       17
 70
   128
 43
0.0
 10
151.6678531865
 20
183.8831142949
 10
151.6857949527
 20
183.7893129759
 10
151.7368887802
 20
183.7305071798
 10
151.8133560969
 20
183.7156495559
 10
151.9035554469
 20
183.7470020429
 10
151.9937547969
 20
183.8197915087
 10
152.0702221136
 20
183.9229364171
 10
152.121315941
 20
184.0407338908
 10
152.1392577073
 20
184.1552503322
 10
152.121315941
 20
184.2490516512
 10
152.0702221136
 20
184.3078574473
 10
151.9937547969
 20
184.3227150711
 10
151.9035554469
 20
184.2913625842
 10
151.8133560969
 20
184.2185731183
 10
151.7368887802
 20
184.1154282099
 10
151.6857949527
 20
183.9976307363
 10
151.6678531865
 20
183.8831142949
  0
LWPOLYLINE
  5
AA4
330
1F
100
AcDbEntity
  8
0
  6
Continuous
 62
     7
370
    25
100
AcDbPolyline
 90
       17
 70
   128
 43
0.0
 10
155.6747916132
 20
186.1962706117
 10
155.6927333795
 20
186.1024692927
 10
155.7438272069
 20
186.0436634966
 10
155.8202945236
 20
186.0288058728
 10
155.9104938736
 20
186.0601583597
 10
156.0006932236
 20
186.1329478256
 10
156.0771605403
 20
186.236092734
 10
156.1282543678
 20
186.3538902076
 10
156.146196134
 20
186.468406649
 10
156.1282543678
 20
186.562207968
 10
156.0771605403
 20
186.6210137641
 10
156.0006932236
 20
186.6358713879
 10
155.9104938736
 20
186.604518901
 10
155.8202945236
 20
186.5317294351
 10
155.7438272069
 20
186.4285845267
 10
155.6927333795
 20
186.3107870531
 10
155.6747916132
 20
186.1962706117
  0
LINE
  5
AA5
330
1F
100
AcDbEntity
  8
0
  6
Continuous
 62
     7
370
    25
100
AcDbLine
 10
151.5500020563
 20
181.5015479852
 30
0.0
 11
152.4162078633
 21
182.0015979537
 31
0.0
  0
LINE
  5
AA6
330
1F
100
AcDbEntity
  8
0
  6
Continuous
 62
     7
370
    25
100
AcDbLine
 10
151.5500020563
 20
182.5018104798
 30
0.0
 11
151.5500020563
 21
181.5015479852
 31
0.0
  0
LINE
  5
AA7
330
1F
100
AcDbEntity
  8
0
  6
Continuous
 62
     7
370
    25
100
AcDbLine
 10
151.7267787516
 20
182.6038614938
 30
0.0
 11
151.5500020563
 21
182.5018104798
 31
0.0
  0
LINE
  5
AA8
330
1F
100
AcDbEntity
  8
0
  6
Continuous
 62
     7
370
    25
100
AcDbLine
 10
151.7267787516
 20
182.3997262908
 30
0.0
 11
151.7267787516
 21
182.6038614938
 31
0.0
  0
LINE
  5
AA9
330
1F
100
AcDbEntity
  8
0
  6
Continuous
 62
     7
370
    25
100
AcDbLine
 10
152.0606865099
 20
182.5924871366
 30
0.0
 11
151.7267787516
 21
182.3997262908
 31
0.0
  0
LWPOLYLINE
  5
AAA
330
1F
100
AcDbEntity
  8
0
  6
Continuous
 62
     7
370
    25
100
AcDbPolyline
 90
        9
 70
   128
 43
0.0
 10
152.0606865099
 20
183.7220352597
 10
152.1442276944
 20
183.6480745442
 10
152.2061683615
 20
183.5455558031
 10
152.2442569245
 20
183.4182056642
 10
152.2571088375
 20
183.2706533943
 10
152.2442569245
 20
183.1082626214
 10
152.2061683615
 20
182.9369363638
 10
152.1442276944
 20
182.7629024507
 10
152.0606865099
 20
182.5924871366
  0
LINE
  5
AAB
330
1F
100
AcDbEntity
  8
0
  6
Continuous
 62
     7
370
    25
100
AcDbLine
 10
151.7267787516
 20
183.5292744139
 30
0.0
 11
152.0606865099
 21
183.7220352597
 31
0.0
  0
LINE
  5
AAC
330
1F
100
AcDbEntity
  8
0
  6
Continuous
 62
     7
370
    25
100
AcDbLine
 10
151.7267787516
 20
183.3251392109
 30
0.0
 11
151.7267787516
 21
183.5292744139
 31
0.0
  0
LINE
  5
AAD
330
1F
100
AcDbEntity
  8
0
  6
Continuous
 62
     7
370
    25
100
AcDbLine
 10
151.5500020563
 20
183.223088197
 30
0.0
 11
151.7267787516
 21
183.3251392109
 31
0.0
  0
LINE
  5
AAE
330
1F
100
AcDbEntity
  8
0
  6
Continuous
 62
     7
370
    25
100
AcDbLine
 10
151.5500020563
 20
184.2233506915
 30
0.0
 11
151.5500020563
 21
183.223088197
 31
0.0
  0
LINE
  5
AAF
330
1F
100
AcDbEntity
  8
0
  6
Continuous
 62
     7
370
    25
100
AcDbLine
 10
152.4162078633
 20
184.72340066
 30
0.0
 11
151.5500020563
 21
184.2233506915
 31
0.0
  0
LINE
  5
AB0
330
1F
100
AcDbEntity
  8
0
  6
Continuous
 62
     7
370
    25
100
AcDbLine
 10
152.4162078633
 20
184.519265457
 30
0.0
 11
152.4162078633
 21
184.72340066
 31
0.0
  0
LINE
  5
AB1
330
1F
100
AcDbEntity
  8
0
  6
Continuous
 62
     7
370
    25
100
AcDbLine
 10
152.239431168
 20
184.4172144431
 30
0.0
 11
152.4162078633
 21
184.519265457
 31
0.0
  0
LINE
  5
AB2
330
1F
100
AcDbEntity
  8
0
  6
Continuous
 62
     7
370
    25
100
AcDbLine
 10
152.239431168
 20
184.0316300882
 30
0.0
 11
152.239431168
 21
184.4172144431
 31
0.0
  0
LWPOLYLINE
  5
AB3
330
1F
100
AcDbEntity
  8
0
  6
Continuous
 62
     7
370
    25
100
AcDbPolyline
 90
        9
 70
   128
 43
0.0
 10
153.2175955486
 20
184.5963123656
 10
153.1117833558
 20
184.4387580104
 10
152.9920390305
 20
184.2981042867
 10
152.8627153627
 20
184.1794640557
 10
152.7285133583
 20
184.0871499728
 10
152.5943113538
 20
184.0245177195
 10
152.4649876861
 20
183.9938440219
 10
152.3452433608
 20
183.9962438904
 10
152.239431168
 20
184.0316300882
  0
LINE
  5
AB4
330
1F
100
AcDbEntity
  8
0
  6
Continuous
 62
     7
370
    25
100
AcDbLine
 10
153.2175955486
 20
184.9818967204
 30
0.0
 11
153.2175955486
 21
184.5963123656
 31
0.0
  0
LINE
  5
AB5
330
1F
100
AcDbEntity
  8
0
  6
Continuous
 62
     7
370
    25
100
AcDbLine
 10
153.0408188533
 20
184.8798457064
 30
0.0
 11
153.2175955486
 21
184.9818967204
 31
0.0
  0
LINE
  5
AB6
330
1F
100
AcDbEntity
  8
0
  6
Continuous
 62
     7
370
    25
100
AcDbLine
 10
153.0408188533
 20
185.0839809094
 30
0.0
 11
153.0408188533
 21
184.8798457064
 31
0.0
  0
LINE
  5
AB7
330
1F
100
AcDbEntity
  8
0
  6
Continuous
 62
     7
370
    25
100
AcDbLine
 10
154.7732304672
 20
186.0840808464
 30
0.0
 11
153.0408188533
 21
185.0839809094
 31
0.0
  0
LINE
  5
AB8
330
1F
100
AcDbEntity
  8
0
  6
Continuous
 62
     7
370
    25
100
AcDbLine
 10
154.7732304672
 20
185.8799456434
 30
0.0
 11
154.7732304672
 21
186.0840808464
 31
0.0
  0
LINE
  5
AB9
330
1F
100
AcDbEntity
  8
0
  6
Continuous
 62
     7
370
    25
100
AcDbLine
 10
154.5964537719
 20
185.7778946294
 30
0.0
 11
154.7732304672
 21
185.8799456434
 31
0.0
  0
LINE
  5
ABA
330
1F
100
AcDbEntity
  8
0
  6
Continuous
 62
     7
370
    25
100
AcDbLine
 10
154.5964537719
 20
185.3923102746
 30
0.0
 11
154.5964537719
 21
185.7778946294
 31
0.0
  0
LWPOLYLINE
  5
ABB
330
1F
100
AcDbEntity
  8
0
  6
Continuous
 62
     7
370
    25
100
AcDbPolyline
 90
        9
 70
   128
 43
0.0
 10
155.5746181526
 20
185.9569925519
 10
155.4688059597
 20
185.7994381967
 10
155.3490616345
 20
185.6587844731
 10
155.2197379667
 20
185.5401442421
 10
155.0855359622
 20
185.4478301592
 10
154.9513339578
 20
185.3851979058
 10
154.82201029
 20
185.3545242083
 10
154.7022659647
 20
185.3569240768
 10
154.5964537719
 20
185.3923102746
  0
LINE
  5
ABC
330
1F
100
AcDbEntity
  8
0
  6
Continuous
 62
     7
370
    25
100
AcDbLine
 10
155.5746181526
 20
186.3425769068
 30
0.0
 11
155.5746181526
 21
185.9569925519
 31
0.0
  0
LINE
  5
ABD
330
1F
100
AcDbEntity
  8
0
  6
Continuous
 62
     7
370
    25
100
AcDbLine
 10
155.3978414573
 20
186.2405258928
 30
0.0
 11
155.5746181526
 21
186.3425769068
 31
0.0
  0
LINE
  5
ABE
330
1F
100
AcDbEntity
  8
0
  6
Continuous
 62
     7
370
    25
100
AcDbLine
 10
155.3978414573
 20
186.4446610958
 30
0.0
 11
155.3978414573
 21
186.2405258928
 31
0.0
  0
LINE
  5
ABF
330
1F
100
AcDbEntity
  8
0
  6
Continuous
 62
     7
370
    25
100
AcDbLine
 10
156.2640472642
 20
186.9447110643
 30
0.0
 11
155.3978414573
 21
186.4446610958
 31
0.0
  0
LINE
  5
AC0
330
1F
100
AcDbEntity
  8
0
  6
Continuous
 62
     7
370
    25
100
AcDbLine
 10
156.2640472642
 20
185.9444485697
 30
0.0
 11
156.2640472642
 21
186.9447110643
 31
0.0
  0
LINE
  5
AC1
330
1F
100
AcDbEntity
  8
0
  6
Continuous
 62
     7
370
    25
100
AcDbLine
 10
156.0872705689
 20
185.8423975557
 30
0.0
 11
156.2640472642
 21
185.9444485697
 31
0.0
  0
LINE
  5
AC2
330
1F
100
AcDbEntity
  8
0
  6
Continuous
 62
     7
370
    25
100
AcDbLine
 10
156.0872705689
 20
186.0465327587
 30
0.0
 11
156.0872705689
 21
185.8423975557
 31
0.0
  0
LINE
  5
AC3
330
1F
100
AcDbEntity
  8
0
  6
Continuous
 62
     7
370
    25
100
AcDbLine
 10
155.7533628106
 20
185.8537719129
 30
0.0
 11
156.0872705689
 21
186.0465327587
 31
0.0
  0
LWPOLYLINE
  5
AC4
330
1F
100
AcDbEntity
  8
0
  6
Continuous
 62
     7
370
    25
100
AcDbPolyline
 90
        9
 70
   128
 43
0.0
 10
155.7533628106
 20
184.7242237898
 10
155.6698216261
 20
184.7981845052
 10
155.607880959
 20
184.9007032464
 10
155.569792396
 20
185.0280533852
 10
155.556940483
 20
185.1756056552
 10
155.569792396
 20
185.3379964281
 10
155.607880959
 20
185.5093226857
 10
155.6698216261
 20
185.6833565988
 10
155.7533628106
 20
185.8537719129
  0
LINE
  5
AC5
330
1F
100
AcDbEntity
  8
0
  6
Continuous
 62
     7
370
    25
100
AcDbLine
 10
156.0872705689
 20
184.9169846356
 30
0.0
 11
155.7533628106
 21
184.7242237898
 31
0.0
  0
LINE
  5
AC6
330
1F
100
AcDbEntity
  8
0
  6
Continuous
 62
     7
370
    25
100
AcDbLine
 10
156.0872705689
 20
185.1211198385
 30
0.0
 11
156.0872705689
 21
184.9169846356
 31
0.0
  0
LINE
  5
AC7
330
1F
100
AcDbEntity
  8
0
  6
Continuous
 62
     7
370
    25
100
AcDbLine
 10
156.2640472642
 20
185.2231708525
 30
0.0
 11
156.0872705689
 21
185.1211198385
 31
0.0
  0
LINE
  5
AC8
330
1F
100
AcDbEntity
  8
0
  6
Continuous
 62
     7
370
    25
100
AcDbLine
 10
156.2640472642
 20
184.222908358
 30
0.0
 11
156.2640472642
 21
185.2231708525
 31
0.0
  0
LINE
  5
AC9
330
1F
100
AcDbEntity
  8
0
  6
Continuous
 62
     7
370
    25
100
AcDbLine
 10
155.3978414573
 20
183.7228583895
 30
0.0
 11
156.2640472642
 21
184.222908358
 31
0.0
  0
LINE
  5
ACA
330
1F
100
AcDbEntity
  8
0
  6
Continuous
 62
     7
370
    25
100
AcDbLine
 10
155.3978414573
 20
183.9269935924
 30
0.0
 11
155.3978414573
 21
183.7228583895
 31
0.0
  0
LINE
  5
ACB
330
1F
100
AcDbEntity
  8
0
  6
Continuous
 62
     7
370
    25
100
AcDbLine
 10
155.5746181526
 20
184.0290446064
 30
0.0
 11
155.3978414573
 21
183.9269935924
 31
0.0
  0
LINE
  5
ACC
330
1F
100
AcDbEntity
  8
0
  6
Continuous
 62
     7
370
    25
100
AcDbLine
 10
155.5746181526
 20
184.4146289613
 30
0.0
 11
155.5746181526
 21
184.0290446064
 31
0.0
  0
LWPOLYLINE
  5
ACD
330
1F
100
AcDbEntity
  8
0
  6
Continuous
 62
     7
370
    25
100
AcDbPolyline
 90
        9
 70
   128
 43
0.0
 10
154.5964537719
 20
183.8499466839
 10
154.7022659647
 20
184.0075010391
 10
154.82201029
 20
184.1481547628
 10
154.9513339578
 20
184.2667949938
 10
155.0855359622
 20
184.3591090767
 10
155.2197379667
 20
184.42174133
 10
155.3490616345
 20
184.4524150276
 10
155.4688059597
 20
184.450015159
 10
155.5746181526
 20
184.4146289613
  0
LINE
  5
ACE
330
1F
100
AcDbEntity
  8
0
  6
Continuous
 62
     7
370
    25
100
AcDbLine
 10
154.5964537719
 20
183.4643623291
 30
0.0
 11
154.5964537719
 21
183.8499466839
 31
0.0
  0
LINE
  5
ACF
330
1F
100
AcDbEntity
  8
0
  6
Continuous
 62
     7
370
    25
100
AcDbLine
 10
154.7732304672
 20
183.5664133431
 30
0.0
 11
154.5964537719
 21
183.4643623291
 31
0.0
  0
LINE
  5
AD0
330
1F
100
AcDbEntity
  8
0
  6
Continuous
 62
     7
370
    25
100
AcDbLine
 10
154.7732304672
 20
183.3622781401
 30
0.0
 11
154.7732304672
 21
183.5664133431
 31
0.0
  0
LINE
  5
AD1
330
1F
100
AcDbEntity
  8
0
  6
Continuous
 62
     7
370
    25
100
AcDbLine
 10
153.0408188533
 20
182.3621782031
 30
0.0
 11
154.7732304672
 21
183.3622781401
 31
0.0
  0
LINE
  5
AD2
330
1F
100
AcDbEntity
  8
0
  6
Continuous
 62
     7
370
    25
100
AcDbLine
 10
153.0408188533
 20
182.5663134061
 30
0.0
 11
153.0408188533
 21
182.3621782031
 31
0.0
  0
LINE
  5
AD3
330
1F
100
AcDbEntity
  8
0
  6
Continuous
 62
     7
370
    25
100
AcDbLine
 10
153.2175955486
 20
182.6683644201
 30
0.0
 11
153.0408188533
 21
182.5663134061
 31
0.0
  0
LINE
  5
AD4
330
1F
100
AcDbEntity
  8
0
  6
Continuous
 62
     7
370
    25
100
AcDbLine
 10
153.2175955486
 20
183.0539487749
 30
0.0
 11
153.2175955486
 21
182.6683644201
 31
0.0
  0
LWPOLYLINE
  5
AD5
330
1F
100
AcDbEntity
  8
0
  6
Continuous
 62
     7
370
    25
100
AcDbPolyline
 90
        9
 70
   128
 43
0.0
 10
152.239431168
 20
182.4892664976
 10
152.3452433608
 20
182.6468208527
 10
152.4649876861
 20
182.7874745764
 10
152.5943113538
 20
182.9061148074
 10
152.7285133583
 20
182.9984288903
 10
152.8627153627
 20
183.0610611436
 10
152.9920390305
 20
183.0917348412
 10
153.1117833558
 20
183.0893349727
 10
153.2175955486
 20
183.0539487749
  0
LINE
  5
AD6
330
1F
100
AcDbEntity
  8
0
  6
Continuous
 62
     7
370
    25
100
AcDbLine
 10
152.239431168
 20
182.1036821427
 30
0.0
 11
152.239431168
 21
182.4892664976
 31
0.0
  0
LINE
  5
AD7
330
1F
100
AcDbEntity
  8
0
  6
Continuous
 62
     7
370
    25
100
AcDbLine
 10
152.4162078633
 20
182.2057331567
 30
0.0
 11
152.239431168
 21
182.1036821427
 31
0.0
  0
LINE
  5
AD8
330
1F
100
AcDbEntity
  8
0
  6
Continuous
 62
     7
370
    25
100
AcDbLine
 10
152.4162078633
 20
182.0015979537
 30
0.0
 11
152.4162078633
 21
182.2057331567
 31
0.0
  0
ARC
  5
AD9
330
1F
100
AcDbEntity
  8
0
  6
Continuous
 62
     7
370
    25
100
AcDbCircle
 10
153.4662179718
 20
182.8948510365
 30
0.0
 40
0.072784866238117
100
AcDbArc
 50
170.7859630096
 51
309.2032852357
  0
LINE
  5
ADA
330
1F
100
AcDbEntity
  8
0
  6
Continuous
 62
     7
370
    25
100
AcDbLine
 10
154.3018259464
 20
183.2942773058
 30
0.0
 11
153.5122233741
 21
182.8384494434
 31
0.0
  0
ARC
  5
ADB
330
1F
100
AcDbEntity
  8
0
  6
Continuous
 62
     7
370
    25
100
AcDbCircle
 10
154.1638077264
 20
183.5100449258
 30
0.0
 40
0.2561341345950914
100
AcDbArc
 50
302.60547834
 51
357.3945215144
  0
LINE
  5
ADC
330
1F
100
AcDbEntity
  8
0
  6
Continuous
 62
     7
370
    25
100
AcDbLine
 10
154.4196770766
 20
183.9566859073
 30
0.0
 11
154.4196770766
 21
183.4984014504
 31
0.0
  0
LWPOLYLINE
  5
ADD
330
1F
100
AcDbEntity
  8
0
  6
Continuous
 62
     7
370
    25
100
AcDbPolyline
 90
        9
 70
   128
 43
0.0
 10
154.4196770766
 20
183.9566859073
 10
154.5024066703
 20
184.126327403
 10
154.5637209371
 20
184.2994507792
 10
154.6014144609
 20
184.4698289523
 10
154.6141314414
 20
184.6313335807
 10
154.6014144609
 20
184.7781554958
 10
154.5637209371
 20
184.9050136526
 10
154.5024066703
 20
185.0073450833
 10
154.4196770766
 20
185.0814690233
  0
LINE
  5
ADE
330
1F
100
AcDbEntity
  8
0
  6
Continuous
 62
     7
370
    25
100
AcDbLine
 10
154.4196770766
 20
185.5397534801
 30
0.0
 11
154.4196770766
 21
185.0814690233
 31
0.0
  0
ARC
  5
ADF
330
1F
100
AcDbEntity
  8
0
  6
Continuous
 62
     7
370
    25
100
AcDbCircle
 10
154.3478313487
 20
185.5514080129
 30
0.0
 40
0.0727848662380878
100
AcDbArc
 50
350.7859630096
 51
129.2032852357
  0
LINE
  5
AE0
330
1F
100
AcDbEntity
  8
0
  6
Continuous
 62
     7
370
    25
100
AcDbLine
 10
153.5122233741
 20
185.1519817437
 30
0.0
 11
154.3018259464
 21
185.6078096061
 31
0.0
  0
ARC
  5
AE1
330
1F
100
AcDbEntity
  8
0
  6
Continuous
 62
     7
370
    25
100
AcDbCircle
 10
153.6502415941
 20
184.9362141237
 30
0.0
 40
0.2561341345953401
100
AcDbArc
 50
122.60547834
 51
177.3945215143
  0
LINE
  5
AE2
330
1F
100
AcDbEntity
  8
0
  6
Continuous
 62
     7
370
    25
100
AcDbLine
 10
153.3943722439
 20
184.4895731422
 30
0.0
 11
153.3943722439
 21
184.9478575991
 31
0.0
  0
LWPOLYLINE
  5
AE3
330
1F
100
AcDbEntity
  8
0
  6
Continuous
 62
     7
370
    25
100
AcDbPolyline
 90
        9
 70
   128
 43
0.0
 10
153.3943722439
 20
184.4895731422
 10
153.3116426502
 20
184.3199316465
 10
153.2503283834
 20
184.1468082702
 10
153.2126348596
 20
183.9764300972
 10
153.1999178791
 20
183.8149254688
 10
153.2126348596
 20
183.6681035537
 10
153.2503283834
 20
183.5412453969
 10
153.3116426502
 20
183.4389139662
 10
153.3943722439
 20
183.3647900262
  0
LINE
  5
AE4
330
1F
100
AcDbEntity
  8
0
  6
Continuous
 62
     7
370
    25
100
AcDbLine
 10
153.3943722439
 20
182.9065055693
 30
0.0
 11
153.3943722439
 21
183.3647900262
 31
0.0
  0
LINE
  5
AE5
330
1F
100
AcDbEntity
  8
0
  6
Continuous
 62
     7
370
    25
100
AcDbLine
 10
151.5500020563
 20
184.2233506915
 30
0.0
 11
146.8359568484
 21
186.9447110643
 31
0.0
  0
LINE
  5
AE6
330
1F
100
AcDbEntity
  8
0
  6
Continuous
 62
     7
370
    25
100
AcDbLine
 10
147.7021626553
 20
187.4447610327
 30
0.0
 11
146.8359568484
 21
186.9447110643
 31
0.0
  0
LINE
  5
AE7
330
1F
100
AcDbEntity
  8
0
  6
Continuous
 62
     7
370
    25
100
AcDbLine
 10
152.4162078633
 20
184.72340066
 30
0.0
 11
147.7021626553
 21
187.4447610327
 31
0.0
  0
LINE
  5
AE8
330
1F
100
AcDbEntity
  8
0
  6
Continuous
 62
     7
370
    25
100
AcDbLine
 10
151.5500020563
 20
183.223088197
 30
0.0
 11
146.8359568484
 21
185.9444485697
 31
0.0
  0
LINE
  5
AE9
330
1F
100
AcDbEntity
  8
0
  6
Continuous
 62
     7
370
    25
100
AcDbLine
 10
146.8359568484
 20
186.9447110643
 30
0.0
 11
146.8359568484
 21
185.9444485697
 31
0.0
  0
LINE
  5
AEA
330
1F
100
AcDbEntity
  8
0
  6
Continuous
 62
     7
370
    25
100
AcDbLine
 10
152.0606865099
 20
182.5924871366
 30
0.0
 11
147.346641302
 21
185.3138475094
 31
0.0
  0
LWPOLYLINE
  5
AEB
330
1F
100
AcDbEntity
  8
0
  6
Continuous
 62
     7
370
    25
100
AcDbPolyline
 90
        3
 70
   128
 43
0.0
 10
147.4671348824
 20
185.5800772465
 10
147.4301824865
 20
185.4842628235
 10
147.346641302
 20
185.3138475094
  0
LINE
  5
AEC
330
1F
100
AcDbEntity
  8
0
  6
Continuous
 62
     7
370
    25
100
AcDbLine
 10
153.2175955486
 20
184.5963123656
 30
0.0
 11
148.5035503407
 21
187.3176727383
 31
0.0
  0
LWPOLYLINE
  5
AED
330
1F
100
AcDbEntity
  8
0
  6
Continuous
 62
     7
370
    25
100
AcDbPolyline
 90
        3
 70
   128
 43
0.0
 10
148.5035503407
 20
187.3176727383
 10
148.3977381479
 20
187.1601183831
 10
148.3267736453
 20
187.0727578321
  0
LINE
  5
AEE
330
1F
100
AcDbEntity
  8
0
  6
Continuous
 62
     7
370
    25
100
AcDbLine
 10
151.5500020563
 20
181.5015479852
 30
0.0
 11
146.8359568484
 21
184.222908358
 31
0.0
  0
LINE
  5
AEF
330
1F
100
AcDbEntity
  8
0
  6
Continuous
 62
     7
370
    25
100
AcDbLine
 10
146.8359568484
 20
185.2231708525
 30
0.0
 11
146.8359568484
 21
184.222908358
 31
0.0
  0
LINE
  5
AF0
330
1F
100
AcDbEntity
  8
0
  6
Continuous
 62
     7
370
    25
100
AcDbLine
 10
151.5500020563
 20
182.5018104798
 30
0.0
 11
146.8359568484
 21
185.2231708525
 31
0.0
  0
LINE
  5
AF1
330
1F
100
AcDbEntity
  8
0
  6
Continuous
 62
     7
370
    25
100
AcDbLine
 10
151.7267787516
 20
182.6038614938
 30
0.0
 11
147.0127335437
 21
185.3252218665
 31
0.0
  0
LINE
  5
AF2
330
1F
100
AcDbEntity
  8
0
  6
Continuous
 62
     7
370
    25
100
AcDbLine
 10
147.0127335437
 20
185.3252218665
 30
0.0
 11
146.8359568484
 21
185.2231708525
 31
0.0
  0
LINE
  5
AF3
330
1F
100
AcDbEntity
  8
0
  6
Continuous
 62
     7
370
    25
100
AcDbLine
 10
154.7732304672
 20
186.0840808464
 30
0.0
 11
150.0591852593
 21
188.8054412191
 31
0.0
  0
LINE
  5
AF4
330
1F
100
AcDbEntity
  8
0
  6
Continuous
 62
     7
370
    25
100
AcDbLine
 10
153.0408188533
 20
185.0839809094
 30
0.0
 11
148.3267736454
 21
187.8053412821
 31
0.0
  0
LINE
  5
AF5
330
1F
100
AcDbEntity
  8
0
  6
Continuous
 62
     7
370
    25
100
AcDbLine
 10
150.0591852593
 20
188.8054412191
 30
0.0
 11
148.3267736454
 21
187.8053412821
 31
0.0
  0
LINE
  5
AF6
330
1F
100
AcDbEntity
  8
0
  6
Continuous
 62
     7
370
    25
100
AcDbLine
 10
153.0408188533
 20
184.8798457064
 30
0.0
 11
148.3267736454
 21
187.6012060792
 31
0.0
  0
LINE
  5
AF7
330
1F
100
AcDbEntity
  8
0
  6
Continuous
 62
     7
370
    25
100
AcDbLine
 10
148.3267736454
 20
187.8053412821
 30
0.0
 11
148.3267736454
 21
187.6012060792
 31
0.0
  0
LINE
  5
AF8
330
1F
100
AcDbEntity
  8
0
  6
Continuous
 62
     7
370
    25
100
AcDbLine
 10
147.346641302
 20
185.3138475094
 30
0.0
 11
147.1895389725
 21
185.223154265
 31
0.0
  0
LINE
  5
AF9
330
1F
100
AcDbEntity
  8
0
  6
Continuous
 62
     7
370
    25
100
AcDbLine
 10
148.5035503407
 20
187.4991550652
 30
0.0
 11
148.5035503407
 21
187.3176727383
 31
0.0
  0
LINE
  5
AFA
330
1F
100
AcDbEntity
  8
0
  6
Continuous
 62
     7
370
    25
100
AcDbLine
 10
152.4162078633
 20
182.2057331567
 30
0.0
 11
152.239431168
 21
182.3077841707
 31
0.0
  0
LINE
  5
AFB
330
1F
100
AcDbEntity
  8
0
  6
Continuous
 62
     7
370
    25
100
AcDbLine
 10
154.4196770766
 20
185.0814690233
 30
0.0
 11
153.9048778008
 21
185.3786563194
 31
0.0
  0
LINE
  5
AFC
330
1F
100
AcDbEntity
  8
0
  6
Continuous
 62
     7
370
    25
100
AcDbLine
 10
153.2175955486
 20
182.6683644201
 30
0.0
 11
152.6883225616
 21
182.9739072118
 31
0.0
  0
LINE
  5
AFD
330
1F
100
AcDbEntity
  8
0
  6
Continuous
 62
     7
370
    25
100
AcDbLine
 10
155.5746181526
 20
185.9569925519
 30
0.0
 11
150.8605729446
 21
188.6783529247
 31
0.0
  0
LWPOLYLINE
  5
AFE
330
1F
100
AcDbEntity
  8
0
  6
Continuous
 62
     7
370
    25
100
AcDbPolyline
 90
        3
 70
   128
 43
0.0
 10
150.8605729446
 20
188.6783529247
 10
150.7547607518
 20
188.5207985695
 10
150.6837962493
 20
188.4334380185
  0
LINE
  5
AFF
330
1F
100
AcDbEntity
  8
0
  6
Continuous
 62
     7
370
    25
100
AcDbLine
 10
153.3943722439
 20
184.5485817884
 30
0.0
 11
154.4196770766
 21
183.9566859073
 31
0.0
  0
LINE
  5
B00
330
1F
100
AcDbEntity
  8
0
  6
Continuous
 62
     7
370
    25
100
AcDbLine
 10
153.0408188533
 20
182.5663134061
 30
0.0
 11
152.5368716936
 21
182.8572359089
 31
0.0
  0
LINE
  5
B01
330
1F
100
AcDbEntity
  8
0
  6
Continuous
 62
     7
370
    25
100
AcDbLine
 10
153.0408188533
 20
182.3621782031
 30
0.0
 11
152.409607094
 21
182.7265689955
 31
0.0
  0
LINE
  5
B02
330
1F
100
AcDbEntity
  8
0
  6
Continuous
 62
     7
370
    25
100
AcDbLine
 10
156.2640472642
 20
186.9447110643
 30
0.0
 11
151.5500020563
 21
189.666071437
 31
0.0
  0
LINE
  5
B03
330
1F
100
AcDbEntity
  8
0
  6
Continuous
 62
     7
370
    25
100
AcDbLine
 10
155.3978414573
 20
186.4446610958
 30
0.0
 11
150.6837962493
 21
189.1660214685
 31
0.0
  0
LINE
  5
B04
330
1F
100
AcDbEntity
  8
0
  6
Continuous
 62
     7
370
    25
100
AcDbLine
 10
151.5500020563
 20
189.666071437
 30
0.0
 11
150.6837962493
 21
189.1660214685
 31
0.0
  0
LINE
  5
B05
330
1F
100
AcDbEntity
  8
0
  6
Continuous
 62
     7
370
    25
100
AcDbLine
 10
155.3978414573
 20
186.2405258928
 30
0.0
 11
150.6837962493
 21
188.9618862655
 31
0.0
  0
LINE
  5
B06
330
1F
100
AcDbEntity
  8
0
  6
Continuous
 62
     7
370
    25
100
AcDbLine
 10
150.6837962493
 20
189.1660214685
 30
0.0
 11
150.6837962493
 21
188.9618862655
 31
0.0
  0
LINE
  5
B07
330
1F
100
AcDbEntity
  8
0
  6
Continuous
 62
     7
370
    25
100
AcDbLine
 10
150.8605729446
 20
188.8598352516
 30
0.0
 11
150.8605729446
 21
188.6783529247
 31
0.0
  0
LINE
  5
B08
330
1F
100
AcDbEntity
  8
0
  6
Continuous
 62
     7
370
    25
100
AcDbLine
 10
154.7732304672
 20
183.5664133431
 30
0.0
 11
154.5964537719
 21
183.668464357
 31
0.0
  0
LINE
  5
B09
330
1F
100
AcDbEntity
  8
0
  6
Continuous
 62
     7
370
    25
100
AcDbLine
 10
156.0872705689
 20
185.8423975557
 30
0.0
 11
155.9104651401
 21
185.9444651572
 31
0.0
  0
LINE
  5
B0A
330
1F
100
AcDbEntity
  8
0
  6
Continuous
 62
     7
370
    25
100
AcDbLine
 10
155.5746181526
 20
184.0290446064
 30
0.0
 11
155.0453451656
 21
184.3345873981
 31
0.0
  0
LINE
  5
B0B
330
1F
100
AcDbEntity
  8
0
  6
Continuous
 62
     7
370
    25
100
AcDbLine
 10
156.0872705689
 20
184.9169846356
 30
0.0
 11
155.558074349
 21
185.2224831106
 31
0.0
  0
LINE
  5
B0C
330
1F
100
AcDbEntity
  8
0
  6
Continuous
 62
     7
370
    25
100
AcDbLine
 10
155.3978414573
 20
183.9269935924
 30
0.0
 11
154.8938942976
 21
184.2179160953
 31
0.0
  0
LINE
  5
B0D
330
1F
100
AcDbEntity
  8
0
  6
Continuous
 62
     7
370
    25
100
AcDbLine
 10
155.3978414573
 20
183.7228583895
 30
0.0
 11
154.7666296979
 21
184.0872491819
 31
0.0
  0
LINE
  5
B0E
330
1F
100
AcDbEntity
  8
0
  6
Continuous
 62
     7
370
    25
100
AcDbLine
 10
156.0872705689
 20
185.1211198385
 30
0.0
 11
155.5833693333
 21
185.41201583
 31
0.0
  0
LINE
  5
B0F
330
1F
100
AcDbEntity
  8
0
  6
Continuous
 62
     7
370
    25
100
AcDbLine
 10
156.2640472642
 20
185.2231708525
 30
0.0
 11
155.6328692302
 21
185.5875421757
 31
0.0
  0
LINE
  5
B10
330
1F
100
AcDbEntity
  8
0
  6
Continuous
 62
     7
370
    25
100
AcDbLine
 10
113.1423187249
 20
181.0965228743
 30
0.0
 11
113.1423187249
 21
182.0967853689
 31
0.0
  0
LINE
  5
B11
330
1F
100
AcDbEntity
  8
0
  6
Continuous
 62
     7
370
    25
100
AcDbLine
 10
113.1423187249
 20
182.818063086
 30
0.0
 11
113.1423187249
 21
183.8183255806
 31
0.0
  0
LINE
  5
B12
330
1F
100
AcDbEntity
  8
0
  6
Continuous
 62
     7
370
    25
100
AcDbLine
 10
108.4282735169
 20
186.5396859533
 30
0.0
 11
108.5755299564
 21
186.4546766203
 31
0.0
  0
LINE
  5
B13
330
1F
100
AcDbEntity
  8
0
  6
Continuous
 62
     7
370
    25
100
AcDbLine
 10
112.1700469007
 20
184.3796061575
 30
0.0
 11
112.3467661227
 21
184.2775883221
 31
0.0
  0
LINE
  5
B14
330
1F
100
AcDbEntity
  8
0
  6
Continuous
 62
     7
370
    25
100
AcDbLine
 10
113.0244675947
 20
183.8863595899
 30
0.0
 11
113.1423187249
 21
183.8183255806
 31
0.0
  0
LINE
  5
B15
330
1F
100
AcDbEntity
  8
0
  6
Continuous
 62
     7
370
    25
100
AcDbLine
 10
111.6453277828
 20
183.682257562
 30
0.0
 11
113.1423187249
 21
182.818063086
 31
0.0
  0
LINE
  5
B16
330
1F
100
AcDbEntity
  8
0
  6
Continuous
 62
     7
370
    25
100
AcDbLine
 10
108.4282735169
 20
186.4022717971
 30
0.0
 11
108.4282735169
 21
186.5396859533
 31
0.0
  0
LINE
  5
B17
330
1F
100
AcDbEntity
  8
0
  6
Continuous
 62
     7
370
    25
100
AcDbLine
 10
108.4282735169
 20
186.5396859533
 30
0.0
 11
109.2944793239
 21
187.0397359218
 31
0.0
  0
LINE
  5
B18
330
1F
100
AcDbEntity
  8
0
  6
Continuous
 62
     7
370
    25
100
AcDbLine
 10
109.2944793239
 20
187.0397359218
 30
0.0
 11
109.4417357696
 21
186.9547265852
 31
0.0
  0
LINE
  5
B19
330
1F
100
AcDbEntity
  8
0
  6
Continuous
 62
     7
370
    25
100
AcDbLine
 10
110.3035103616
 20
186.4572347027
 30
0.0
 11
111.8629615605
 21
185.5569826879
 31
0.0
  0
LINE
  5
B1A
330
1F
100
AcDbEntity
  8
0
  6
Continuous
 62
     7
370
    25
100
AcDbLine
 10
113.0394805232
 20
184.8777927477
 30
0.0
 11
113.1423187249
 21
184.8184255176
 31
0.0
  0
LINE
  5
B1B
330
1F
100
AcDbEntity
  8
0
  6
Continuous
 62
     7
370
    25
100
AcDbLine
 10
108.9389579705
 20
184.9088223984
 30
0.0
 11
113.1423187249
 21
182.4822738855
 31
0.0
  0
LWPOLYLINE
  5
B1C
330
1F
100
AcDbEntity
  8
0
  6
Continuous
 62
     7
370
    25
100
AcDbPolyline
 90
        3
 70
   128
 43
0.0
 10
108.9389579705
 20
184.9088223984
 10
109.0224991551
 20
185.0792377125
 10
109.0321324847
 20
185.1025414423
  0
LINE
  5
B1D
330
1F
100
AcDbEntity
  8
0
  6
Continuous
 62
     7
370
    25
100
AcDbLine
 10
110.4655526538
 20
186.6992326475
 30
0.0
 11
112.4248789641
 21
185.5681376445
 31
0.0
  0
LINE
  5
B1E
330
1F
100
AcDbEntity
  8
0
  6
Continuous
 62
     7
370
    25
100
AcDbLine
 10
108.4282735169
 20
183.817883247
 30
0.0
 11
113.1423187249
 21
181.0965228743
 31
0.0
  0
LINE
  5
B1F
330
1F
100
AcDbEntity
  8
0
  6
Continuous
 62
     7
370
    25
100
AcDbLine
 10
108.4282735169
 20
183.817883247
 30
0.0
 11
108.4282735169
 21
184.8181457416
 31
0.0
  0
LINE
  5
B20
330
1F
100
AcDbEntity
  8
0
  6
Continuous
 62
     7
370
    25
100
AcDbLine
 10
108.4282735169
 20
184.8181457416
 30
0.0
 11
113.1423187249
 21
182.0967853689
 31
0.0
  0
LINE
  5
B21
330
1F
100
AcDbEntity
  8
0
  6
Continuous
 62
     7
370
    25
100
AcDbLine
 10
108.4282735169
 20
184.8181457416
 30
0.0
 11
108.6050502122
 21
184.9201967556
 31
0.0
  0
LINE
  5
B22
330
1F
100
AcDbEntity
  8
0
  6
Continuous
 62
     7
370
    25
100
AcDbLine
 10
108.6050502122
 20
184.9201967556
 30
0.0
 11
113.1423187249
 21
182.3008873968
 31
0.0
  0
LINE
  5
B23
330
1F
100
AcDbEntity
  8
0
  6
Continuous
 62
     7
370
    25
100
AcDbLine
 10
111.6515019279
 20
188.4004161082
 30
0.0
 11
111.7987583736
 21
188.3154067716
 31
0.0
  0
LINE
  5
B24
330
1F
100
AcDbEntity
  8
0
  6
Continuous
 62
     7
370
    25
100
AcDbLine
 10
110.744704608
 20
186.9236991843
 30
0.0
 11
112.9215637937
 21
185.6670251255
 31
0.0
  0
LINE
  5
B25
330
1F
100
AcDbEntity
  8
0
  6
Continuous
 62
     7
370
    25
100
AcDbLine
 10
110.0764410405
 20
187.4911528122
 30
0.0
 11
110.081816374
 21
187.4942559261
 31
0.0
  0
LINE
  5
B26
330
1F
100
AcDbEntity
  8
0
  6
Continuous
 62
     7
370
    25
100
AcDbLine
 10
111.3728034727
 20
188.2395269147
 30
0.0
 11
111.6515019279
 21
188.4004161082
 31
0.0
  0
LINE
  5
B27
330
1F
100
AcDbEntity
  8
0
  6
Continuous
 62
     7
370
    25
100
AcDbLine
 10
110.5857130958
 20
186.8113478277
 30
0.0
 11
112.6735044134
 21
185.6060915546
 31
0.0
  0
LINE
  5
B28
330
1F
100
AcDbEntity
  8
0
  6
Continuous
 62
     7
370
    25
100
AcDbLine
 10
108.7818556411
 20
184.8181291541
 30
0.0
 11
108.9389579705
 21
184.9088223984
 31
0.0
  0
LINE
  5
B29
330
1F
100
AcDbEntity
  8
0
  6
Continuous
 62
     7
370
    25
100
AcDbLine
 10
112.2761129179
 20
188.5909776843
 30
0.0
 11
112.2761129179
 21
188.7609963576
 31
0.0
  0
LINE
  5
B2A
330
1F
100
AcDbEntity
  8
0
  6
Continuous
 62
     7
370
    25
100
AcDbLine
 10
112.2761129179
 20
188.7609963576
 30
0.0
 11
112.4233693636
 21
188.6759870209
 31
0.0
  0
LINE
  5
B2B
330
1F
100
AcDbEntity
  8
0
  6
Continuous
 62
     7
370
    25
100
AcDbLine
 10
112.2761129179
 20
188.7609963576
 30
0.0
 11
112.5566901081
 21
188.9229701218
 31
0.0
  0
LINE
  5
B2C
330
1F
100
AcDbEntity
  8
0
  6
Continuous
 62
     7
370
    25
100
AcDbLine
 10
136.6712968688
 20
153.8583083641
 30
0.0
 11
135.8050910619
 21
153.3582583956
 31
0.0
  0
LINE
  5
B2D
330
1F
100
AcDbEntity
  8
0
  6
Continuous
 62
     7
370
    25
100
AcDbLine
 10
138.1621136658
 20
154.718938582
 30
0.0
 11
137.2959078589
 21
154.2188886135
 31
0.0
  0
LINE
  5
B2E
330
1F
100
AcDbEntity
  8
0
  6
Continuous
 62
     7
370
    25
100
AcDbLine
 10
135.8050910619
 20
151.6367181839
 30
0.0
 11
135.9818677572
 21
151.7387691979
 31
0.0
  0
LINE
  5
B2F
330
1F
100
AcDbEntity
  8
0
  6
Continuous
 62
     7
370
    25
100
AcDbLine
 10
135.8050910619
 20
153.3582583956
 30
0.0
 11
123.7842757817
 21
160.2977273461
 31
0.0
  0
LINE
  5
B30
330
1F
100
AcDbEntity
  8
0
  6
Continuous
 62
     7
370
    25
100
AcDbLine
 10
124.6504815887
 20
160.7977773146
 30
0.0
 11
123.7842757817
 21
160.2977273461
 31
0.0
  0
LINE
  5
B31
330
1F
100
AcDbEntity
  8
0
  6
Continuous
 62
     7
370
    25
100
AcDbLine
 10
124.6504815887
 20
160.7977773146
 30
0.0
 11
136.6712968688
 21
153.8583083641
 31
0.0
  0
LINE
  5
B32
330
1F
100
AcDbEntity
  8
0
  6
Continuous
 62
     7
370
    25
100
AcDbLine
 10
123.7842757817
 20
159.2974648516
 30
0.0
 11
135.8050910619
 21
152.3579959011
 31
0.0
  0
LINE
  5
B33
330
1F
100
AcDbEntity
  8
0
  6
Continuous
 62
     7
370
    25
100
AcDbLine
 10
123.7842757817
 20
160.2977273461
 30
0.0
 11
123.7842757817
 21
159.2974648516
 31
0.0
  0
LWPOLYLINE
  5
B34
330
1F
100
AcDbEntity
  8
0
  6
Continuous
 62
     7
370
    25
100
AcDbPolyline
 90
        3
 70
   128
 43
0.0
 10
124.3146058676
 20
158.6782049734
 10
124.3736036785
 20
158.8440209778
 10
124.400939344
 20
158.9414725545
  0
LINE
  5
B35
330
1F
100
AcDbEntity
  8
0
  6
Continuous
 62
     7
370
    25
100
AcDbLine
 10
124.3146058676
 20
158.6782049734
 30
0.0
 11
136.1586157189
 21
151.8408036244
 31
0.0
  0
LWPOLYLINE
  5
B36
330
1F
100
AcDbEntity
  8
0
  6
Continuous
 62
     7
370
    25
100
AcDbPolyline
 90
        3
 70
   128
 43
0.0
 10
125.2671944005
 20
160.4417565865
 10
125.3377702919
 20
160.5140065343
 10
125.451869274
 20
160.6480029691
  0
LINE
  5
B37
330
1F
100
AcDbEntity
  8
0
  6
Continuous
 62
     7
370
    25
100
AcDbLine
 10
125.451869274
 20
160.6480029691
 30
0.0
 11
136.9422682677
 21
154.0147368231
 31
0.0
  0
LINE
  5
B38
330
1F
100
AcDbEntity
  8
0
  6
Continuous
 62
     7
370
    25
100
AcDbLine
 10
135.8050910619
 20
150.6364556893
 30
0.0
 11
123.7842757817
 21
157.5759246398
 31
0.0
  0
LINE
  5
B39
330
1F
100
AcDbEntity
  8
0
  6
Continuous
 62
     7
370
    25
100
AcDbLine
 10
123.7842757817
 20
158.5761871344
 30
0.0
 11
123.7842757817
 21
157.5759246398
 31
0.0
  0
LINE
  5
B3A
330
1F
100
AcDbEntity
  8
0
  6
Continuous
 62
     7
370
    25
100
AcDbLine
 10
123.7842757817
 20
158.5761871344
 30
0.0
 11
135.8050910619
 21
151.6367181839
 31
0.0
  0
LINE
  5
B3B
330
1F
100
AcDbEntity
  8
0
  6
Continuous
 62
     7
370
    25
100
AcDbLine
 10
123.7842757817
 20
158.5761871344
 30
0.0
 11
123.961052477
 21
158.6782381484
 31
0.0
  0
LINE
  5
B3C
330
1F
100
AcDbEntity
  8
0
  6
Continuous
 62
     7
370
    25
100
AcDbLine
 10
123.961052477
 20
158.6782381484
 30
0.0
 11
135.9818677572
 21
151.7387691979
 31
0.0
  0
LINE
  5
B3D
330
1F
100
AcDbEntity
  8
0
  6
Continuous
 62
     7
370
    25
100
AcDbLine
 10
125.2750925787
 20
160.954222361
 30
0.0
 11
125.2750925787
 21
161.158357564
 31
0.0
  0
LINE
  5
B3E
330
1F
100
AcDbEntity
  8
0
  6
Continuous
 62
     7
370
    25
100
AcDbLine
 10
125.2750925787
 20
161.158357564
 30
0.0
 11
137.2959078589
 21
154.2188886135
 31
0.0
  0
LINE
  5
B3F
330
1F
100
AcDbEntity
  8
0
  6
Continuous
 62
     7
370
    25
100
AcDbLine
 10
125.2750925787
 20
160.954222361
 30
0.0
 11
137.11910243
 21
154.1168210121
 31
0.0
  0
LINE
  5
B40
330
1F
100
AcDbEntity
  8
0
  6
Continuous
 62
     7
370
    25
100
AcDbLine
 10
138.1621136658
 20
154.718938582
 30
0.0
 11
126.1412983857
 21
161.6584075325
 31
0.0
  0
LINE
  5
B41
330
1F
100
AcDbEntity
  8
0
  6
Continuous
 62
     7
370
    25
100
AcDbLine
 10
126.1412983857
 20
161.6584075325
 30
0.0
 11
125.2750925787
 21
161.158357564
 31
0.0
  0
LINE
  5
B42
330
1F
100
AcDbEntity
  8
0
  6
Continuous
 62
     7
370
    25
100
AcDbLine
 10
124.1378579058
 20
158.5761705469
 30
0.0
 11
124.3146058676
 21
158.6782049734
 31
0.0
  0
LINE
  5
B43
330
1F
100
AcDbEntity
  8
0
  6
Continuous
 62
     7
370
    25
100
AcDbLine
 10
125.451869274
 20
160.6480029691
 30
0.0
 11
125.451869274
 21
160.8521713471
 31
0.0
  0
LWPOLYLINE
  5
B44
330
1F
100
AcDbEntity
  8
0
  6
Continuous
 62
     7
370
    25
100
AcDbPolyline
 90
       17
 70
   128
 43
0.0
 10
118.9523794436
 20
161.453929521
 10
118.9344376774
 20
161.54773084
 10
118.8833438499
 20
161.6065366361
 10
118.8068765332
 20
161.62139426
 10
118.7166771832
 20
161.590041773
 10
118.6264778332
 20
161.5172523072
 10
118.5500105165
 20
161.4141073988
 10
118.4989166891
 20
161.2963099251
 10
118.4809749228
 20
161.1817934838
 10
118.4989166891
 20
161.0879921648
 10
118.5500105165
 20
161.0291863686
 10
118.6264778332
 20
161.0143287448
 10
118.7166771832
 20
161.0456812318
 10
118.8068765332
 20
161.1184706976
 10
118.8833438499
 20
161.221615606
 10
118.9344376774
 20
161.3394130797
 10
118.9523794436
 20
161.453929521
  0
LWPOLYLINE
  5
B45
330
1F
100
AcDbEntity
  8
0
  6
Continuous
 62
     7
370
    25
100
AcDbPolyline
 90
       17
 70
   128
 43
0.0
 10
120.6022952664
 20
162.4064056515
 10
120.5843535001
 20
162.5002069705
 10
120.5332596726
 20
162.5590127666
 10
120.456792356
 20
162.5738703904
 10
120.366593006
 20
162.5425179035
 10
120.2763936559
 20
162.4697284376
 10
120.1999263393
 20
162.3665835292
 10
120.1488325118
 20
162.2487860556
 10
120.1308907456
 20
162.1342696142
 10
120.1488325118
 20
162.0404682952
 10
120.1999263393
 20
161.9816624991
 10
120.2763936559
 20
161.9668048753
 10
120.366593006
 20
161.9981573622
 10
120.456792356
 20
162.0709468281
 10
120.5332596726
 20
162.1740917365
 10
120.5843535001
 20
162.2918892101
 10
120.6022952664
 20
162.4064056515
  0
LWPOLYLINE
  5
B46
330
1F
100
AcDbEntity
  8
0
  6
Continuous
 62
     7
370
    25
100
AcDbPolyline
 90
       17
 70
   128
 43
0.0
 10
120.6022952664
 20
164.3116675459
 10
120.5843535001
 20
164.4054688649
 10
120.5332596726
 20
164.464274661
 10
120.456792356
 20
164.4791322848
 10
120.366593006
 20
164.4477797979
 10
120.2763936559
 20
164.374990332
 10
120.1999263393
 20
164.2718454236
 10
120.1488325118
 20
164.15404795
 10
120.1308907456
 20
164.0395315086
 10
120.1488325118
 20
163.9457301896
 10
120.1999263393
 20
163.8869243935
 10
120.2763936559
 20
163.8720667697
 10
120.366593006
 20
163.9034192566
 10
120.456792356
 20
163.9762087225
 10
120.5332596726
 20
164.0793536309
 10
120.5843535001
 20
164.1971511045
 10
120.6022952664
 20
164.3116675459
  0
LWPOLYLINE
  5
B47
330
1F
100
AcDbEntity
  8
0
  6
Continuous
 62
     7
370
    25
100
AcDbPolyline
 90
       17
 70
   128
 43
0.0
 10
118.9523794436
 20
163.3591914154
 10
118.9344376774
 20
163.4529927344
 10
118.8833438499
 20
163.5117985305
 10
118.8068765332
 20
163.5266561544
 10
118.7166771832
 20
163.4953036674
 10
118.6264778332
 20
163.4225142016
 10
118.5500105165
 20
163.3193692932
 10
118.4989166891
 20
163.2015718195
 10
118.4809749228
 20
163.0870553782
 10
118.4989166891
 20
162.9932540592
 10
118.5500105165
 20
162.934448263
 10
118.6264778332
 20
162.9195906392
 10
118.7166771832
 20
162.9509431262
 10
118.8068765332
 20
163.023732592
 10
118.8833438499
 20
163.1268775004
 10
118.9344376774
 20
163.2446749741
 10
118.9523794436
 20
163.3591914154
  0
LWPOLYLINE
  5
B48
330
1F
100
AcDbEntity
  8
0
  6
Continuous
 62
     7
370
    25
100
AcDbPolyline
 90
       17
 70
   128
 43
0.0
 10
119.7950150245
 20
162.8930036349
 10
119.7757276258
 20
162.9938400528
 10
119.7208017613
 20
163.0570562836
 10
119.6385993959
 20
163.0730282292
 10
119.5416350946
 20
163.0393243057
 10
119.4446707933
 20
162.96107563
 10
119.3624684279
 20
162.8501948534
 10
119.3075425634
 20
162.7235625693
 10
119.2882551647
 20
162.6004573948
 10
119.3075425634
 20
162.4996209769
 10
119.3624684279
 20
162.436404746
 10
119.4446707933
 20
162.4204328004
 10
119.5416350946
 20
162.4541367239
 10
119.6385993959
 20
162.5323853997
 10
119.7208017613
 20
162.6432661762
 10
119.7757276258
 20
162.7698984604
 10
119.7950150245
 20
162.8930036349
  0
LINE
  5
B49
330
1F
100
AcDbEntity
  8
0
  6
Continuous
 62
     7
370
    25
100
AcDbLine
 10
118.3631237926
 20
163.4272917748
 30
0.0
 11
118.3631237926
 21
162.4270292802
 31
0.0
  0
LINE
  5
B4A
330
1F
100
AcDbEntity
  8
0
  6
Continuous
 62
     7
370
    25
100
AcDbLine
 10
119.2293295996
 20
163.9273417433
 30
0.0
 11
118.3631237926
 21
163.4272917748
 31
0.0
  0
LINE
  5
B4B
330
1F
100
AcDbEntity
  8
0
  6
Continuous
 62
     7
370
    25
100
AcDbLine
 10
119.2293295996
 20
163.9273417433
 30
0.0
 11
119.2293295996
 21
163.7232065403
 31
0.0
  0
LINE
  5
B4C
330
1F
100
AcDbEntity
  8
0
  6
Continuous
 62
     7
370
    25
100
AcDbLine
 10
119.2293295996
 20
163.7232065403
 30
0.0
 11
119.0525529043
 21
163.6211555263
 31
0.0
  0
LINE
  5
B4D
330
1F
100
AcDbEntity
  8
0
  6
Continuous
 62
     7
370
    25
100
AcDbLine
 10
119.0525529043
 20
163.6211555263
 30
0.0
 11
119.0525529043
 21
163.2128851204
 31
0.0
  0
ARC
  5
B4E
330
1F
100
AcDbEntity
  8
0
  6
Continuous
 62
     7
370
    25
100
AcDbCircle
 10
119.0044030471
 20
164.4258402947
 30
0.0
 40
1.213910484190428
100
AcDbArc
 50
272.273238064
 51
327.7213854033
  0
LINE
  5
B4F
330
1F
100
AcDbEntity
  8
0
  6
Continuous
 62
     7
370
    25
100
AcDbLine
 10
120.0307172849
 20
163.7775673977
 30
0.0
 11
120.0307172849
 21
164.1858378037
 31
0.0
  0
LINE
  5
B50
330
1F
100
AcDbEntity
  8
0
  6
Continuous
 62
     7
370
    25
100
AcDbLine
 10
120.0307172849
 20
164.1858378037
 30
0.0
 11
119.8539405896
 21
164.0837867897
 31
0.0
  0
LINE
  5
B51
330
1F
100
AcDbEntity
  8
0
  6
Continuous
 62
     7
370
    25
100
AcDbLine
 10
119.8539405896
 20
164.0837867897
 30
0.0
 11
119.8539405896
 21
164.2879219927
 31
0.0
  0
LINE
  5
B52
330
1F
100
AcDbEntity
  8
0
  6
Continuous
 62
     7
370
    25
100
AcDbLine
 10
120.7201463966
 20
164.7879719612
 30
0.0
 11
119.8539405896
 21
164.2879219927
 31
0.0
  0
LINE
  5
B53
330
1F
100
AcDbEntity
  8
0
  6
Continuous
 62
     7
370
    25
100
AcDbLine
 10
120.7201463966
 20
163.7877094666
 30
0.0
 11
120.7201463966
 21
164.7879719612
 31
0.0
  0
LINE
  5
B54
330
1F
100
AcDbEntity
  8
0
  6
Continuous
 62
     7
370
    25
100
AcDbLine
 10
120.7201463966
 20
163.7877094666
 30
0.0
 11
120.5433697013
 21
163.6856584526
 31
0.0
  0
LINE
  5
B55
330
1F
100
AcDbEntity
  8
0
  6
Continuous
 62
     7
370
    25
100
AcDbLine
 10
120.5433697013
 20
163.6856584526
 30
0.0
 11
120.5433697013
 21
163.8897936556
 31
0.0
  0
LINE
  5
B56
330
1F
100
AcDbEntity
  8
0
  6
Continuous
 62
     7
370
    25
100
AcDbLine
 10
120.5433697013
 20
163.8897936556
 30
0.0
 11
120.1898163107
 21
163.6856916276
 31
0.0
  0
ARC
  5
B57
330
1F
100
AcDbEntity
  8
0
  6
Continuous
 62
     7
370
    25
100
AcDbCircle
 10
121.2646543173
 20
163.1209175661
 30
0.0
 40
1.214185521668788
100
AcDbArc
 50
152.2803007999
 51
207.7196992001
  0
LINE
  5
B58
330
1F
100
AcDbEntity
  8
0
  6
Continuous
 62
     7
370
    25
100
AcDbLine
 10
120.1898163107
 20
162.5561435045
 30
0.0
 11
120.5433697013
 21
162.7602455325
 31
0.0
  0
LINE
  5
B59
330
1F
100
AcDbEntity
  8
0
  6
Continuous
 62
     7
370
    25
100
AcDbLine
 10
120.5433697013
 20
162.7602455325
 30
0.0
 11
120.5433697013
 21
162.9643807354
 31
0.0
  0
LINE
  5
B5A
330
1F
100
AcDbEntity
  8
0
  6
Continuous
 62
     7
370
    25
100
AcDbLine
 10
120.5433697013
 20
162.9643807354
 30
0.0
 11
120.7201463966
 21
163.0664317494
 31
0.0
  0
LINE
  5
B5B
330
1F
100
AcDbEntity
  8
0
  6
Continuous
 62
     7
370
    25
100
AcDbLine
 10
120.7201463966
 20
162.0661692549
 30
0.0
 11
120.7201463966
 21
163.0664317494
 31
0.0
  0
LINE
  5
B5C
330
1F
100
AcDbEntity
  8
0
  6
Continuous
 62
     7
370
    25
100
AcDbLine
 10
119.8539405896
 20
161.5661192864
 30
0.0
 11
120.7201463966
 21
162.0661692549
 31
0.0
  0
LINE
  5
B5D
330
1F
100
AcDbEntity
  8
0
  6
Continuous
 62
     7
370
    25
100
AcDbLine
 10
119.8539405896
 20
161.5661192864
 30
0.0
 11
119.8539405896
 21
161.7702544893
 31
0.0
  0
LINE
  5
B5E
330
1F
100
AcDbEntity
  8
0
  6
Continuous
 62
     7
370
    25
100
AcDbLine
 10
119.8539405896
 20
161.7702544893
 30
0.0
 11
120.0307172849
 21
161.8723055033
 31
0.0
  0
LINE
  5
B5F
330
1F
100
AcDbEntity
  8
0
  6
Continuous
 62
     7
370
    25
100
AcDbLine
 10
120.0307172849
 20
161.8723055033
 30
0.0
 11
120.0307172849
 21
162.2805759093
 31
0.0
  0
ARC
  5
B60
330
1F
100
AcDbEntity
  8
0
  6
Continuous
 62
     7
370
    25
100
AcDbCircle
 10
120.0788671421
 20
161.067620735
 30
0.0
 40
1.213910484190359
100
AcDbArc
 50
92.273238064
 51
147.7213854033
  0
LINE
  5
B61
330
1F
100
AcDbEntity
  8
0
  6
Continuous
 62
     7
370
    25
100
AcDbLine
 10
119.0525529043
 20
161.7158936319
 30
0.0
 11
119.0525529043
 21
161.307623226
 31
0.0
  0
LINE
  5
B62
330
1F
100
AcDbEntity
  8
0
  6
Continuous
 62
     7
370
    25
100
AcDbLine
 10
119.0525529043
 20
161.307623226
 30
0.0
 11
119.2293295996
 21
161.40967424
 31
0.0
  0
LINE
  5
B63
330
1F
100
AcDbEntity
  8
0
  6
Continuous
 62
     7
370
    25
100
AcDbLine
 10
119.2293295996
 20
161.40967424
 30
0.0
 11
119.2293295996
 21
161.205539037
 31
0.0
  0
LINE
  5
B64
330
1F
100
AcDbEntity
  8
0
  6
Continuous
 62
     7
370
    25
100
AcDbLine
 10
118.3631237926
 20
160.7054890685
 30
0.0
 11
119.2293295996
 21
161.205539037
 31
0.0
  0
LINE
  5
B65
330
1F
100
AcDbEntity
  8
0
  6
Continuous
 62
     7
370
    25
100
AcDbLine
 10
118.3631237926
 20
161.7057515631
 30
0.0
 11
118.3631237926
 21
160.7054890685
 31
0.0
  0
LINE
  5
B66
330
1F
100
AcDbEntity
  8
0
  6
Continuous
 62
     7
370
    25
100
AcDbLine
 10
118.3631237926
 20
161.7057515631
 30
0.0
 11
118.5399004879
 21
161.807802577
 31
0.0
  0
LINE
  5
B67
330
1F
100
AcDbEntity
  8
0
  6
Continuous
 62
     7
370
    25
100
AcDbLine
 10
118.5399004879
 20
161.807802577
 30
0.0
 11
118.5399004879
 21
161.6036673741
 31
0.0
  0
LINE
  5
B68
330
1F
100
AcDbEntity
  8
0
  6
Continuous
 62
     7
370
    25
100
AcDbLine
 10
118.5399004879
 20
161.6036673741
 30
0.0
 11
118.8934538785
 21
161.807769402
 31
0.0
  0
ARC
  5
B69
330
1F
100
AcDbEntity
  8
0
  6
Continuous
 62
     7
370
    25
100
AcDbCircle
 10
117.8186158719
 20
162.3725434636
 30
0.0
 40
1.214185521668762
100
AcDbArc
 50
332.2803007999
 51
27.7196992001
  0
LINE
  5
B6A
330
1F
100
AcDbEntity
  8
0
  6
Continuous
 62
     7
370
    25
100
AcDbLine
 10
118.8934538785
 20
162.9373175251
 30
0.0
 11
118.5399004879
 21
162.7332154972
 31
0.0
  0
LINE
  5
B6B
330
1F
100
AcDbEntity
  8
0
  6
Continuous
 62
     7
370
    25
100
AcDbLine
 10
118.5399004879
 20
162.7332154972
 30
0.0
 11
118.5399004879
 21
162.5290802942
 31
0.0
  0
LINE
  5
B6C
330
1F
100
AcDbEntity
  8
0
  6
Continuous
 62
     7
370
    25
100
AcDbLine
 10
118.5399004879
 20
162.5290802942
 30
0.0
 11
118.3631237926
 21
162.4270292802
 31
0.0
  0
LINE
  5
B6D
330
1F
100
AcDbEntity
  8
0
  6
Continuous
 62
     7
370
    25
100
AcDbLine
 10
118.3631237926
 20
163.4272917748
 30
0.0
 11
106.3423085124
 21
170.3667607253
 31
0.0
  0
LINE
  5
B6E
330
1F
100
AcDbEntity
  8
0
  6
Continuous
 62
     7
370
    25
100
AcDbLine
 10
107.2085143194
 20
170.8668106938
 30
0.0
 11
106.3423085124
 21
170.3667607253
 31
0.0
  0
LINE
  5
B6F
330
1F
100
AcDbEntity
  8
0
  6
Continuous
 62
     7
370
    25
100
AcDbLine
 10
107.2085143194
 20
170.8668106938
 30
0.0
 11
119.2293295996
 21
163.9273417433
 31
0.0
  0
LINE
  5
B70
330
1F
100
AcDbEntity
  8
0
  6
Continuous
 62
     7
370
    25
100
AcDbLine
 10
106.3423085124
 20
169.3664982307
 30
0.0
 11
118.3631237926
 21
162.4270292802
 31
0.0
  0
LWPOLYLINE
  5
B71
330
1F
100
AcDbEntity
  8
0
  6
Continuous
 62
     7
370
    25
100
AcDbPolyline
 90
        3
 70
   128
 43
0.0
 10
106.8726385983
 20
168.7472383525
 10
106.9316364092
 20
168.9130543569
 10
106.9561875449
 20
168.9996053357
  0
LINE
  5
B72
330
1F
100
AcDbEntity
  8
0
  6
Continuous
 62
     7
370
    25
100
AcDbLine
 10
106.8726385983
 20
168.7472383525
 30
0.0
 11
118.8934538785
 21
161.807769402
 31
0.0
  0
LWPOLYLINE
  5
B73
330
1F
100
AcDbEntity
  8
0
  6
Continuous
 62
     7
370
    25
100
AcDbPolyline
 90
        3
 70
   128
 43
0.0
 10
107.8252271312
 20
170.5107899656
 10
107.8958030226
 20
170.5830399135
 10
108.0099020047
 20
170.7170363482
  0
LINE
  5
B74
330
1F
100
AcDbEntity
  8
0
  6
Continuous
 62
     7
370
    25
100
AcDbLine
 10
108.0099020047
 20
170.7170363482
 30
0.0
 11
120.0307172849
 21
163.7775673977
 31
0.0
  0
LINE
  5
B75
330
1F
100
AcDbEntity
  8
0
  6
Continuous
 62
     7
370
    25
100
AcDbLine
 10
118.3631237926
 20
160.7054890685
 30
0.0
 11
106.3423085124
 21
167.644958019
 31
0.0
  0
LINE
  5
B76
330
1F
100
AcDbEntity
  8
0
  6
Continuous
 62
     7
370
    25
100
AcDbLine
 10
106.3423085124
 20
168.6452205135
 30
0.0
 11
118.3631237926
 21
161.7057515631
 31
0.0
  0
LINE
  5
B77
330
1F
100
AcDbEntity
  8
0
  6
Continuous
 62
     7
370
    25
100
AcDbLine
 10
106.3423085124
 20
168.6452205135
 30
0.0
 11
106.5190852077
 21
168.7472715275
 31
0.0
  0
LINE
  5
B78
330
1F
100
AcDbEntity
  8
0
  6
Continuous
 62
     7
370
    25
100
AcDbLine
 10
106.5190852077
 20
168.7472715275
 30
0.0
 11
118.5399004879
 21
161.807802577
 31
0.0
  0
LINE
  5
B79
330
1F
100
AcDbEntity
  8
0
  6
Continuous
 62
     7
370
    25
100
AcDbLine
 10
107.8331253094
 20
171.0232557402
 30
0.0
 11
107.8331253094
 21
171.2273909432
 31
0.0
  0
LINE
  5
B7A
330
1F
100
AcDbEntity
  8
0
  6
Continuous
 62
     7
370
    25
100
AcDbLine
 10
107.8331253094
 20
171.2273909432
 30
0.0
 11
119.8539405896
 21
164.2879219927
 31
0.0
  0
LINE
  5
B7B
330
1F
100
AcDbEntity
  8
0
  6
Continuous
 62
     7
370
    25
100
AcDbLine
 10
107.8331253094
 20
171.0232557402
 30
0.0
 11
119.8539405896
 21
164.0837867897
 31
0.0
  0
LINE
  5
B7C
330
1F
100
AcDbEntity
  8
0
  6
Continuous
 62
     7
370
    25
100
AcDbLine
 10
120.7201463966
 20
164.7879719612
 30
0.0
 11
108.6993311164
 21
171.7274409116
 31
0.0
  0
LINE
  5
B7D
330
1F
100
AcDbEntity
  8
0
  6
Continuous
 62
     7
370
    25
100
AcDbLine
 10
108.6993311164
 20
171.7274409116
 30
0.0
 11
107.8331253094
 21
171.2273909432
 31
0.0
  0
LINE
  5
B7E
330
1F
100
AcDbEntity
  8
0
  6
Continuous
 62
     7
370
    25
100
AcDbLine
 10
106.6958906366
 20
168.645203926
 30
0.0
 11
106.8726385983
 21
168.7472383525
 31
0.0
  0
LINE
  5
B7F
330
1F
100
AcDbEntity
  8
0
  6
Continuous
 62
     7
370
    25
100
AcDbLine
 10
108.0099020047
 20
170.7170363482
 30
0.0
 11
108.0099020047
 21
170.9212047262
 31
0.0
  0
LINE
  5
B80
330
1F
100
AcDbEntity
  8
0
  6
Continuous
 62
     7
370
    25
100
AcDbLine
 10
119.0525529043
 20
161.5117252539
 30
0.0
 11
119.2293295996
 21
161.40967424
 31
0.0
  0
LINE
  5
B81
330
1F
100
AcDbEntity
  8
0
  6
Continuous
 62
     7
370
    25
100
AcDbLine
 10
120.3665642725
 20
163.7877260541
 30
0.0
 11
120.5433697013
 21
163.6856584526
 31
0.0
  0
LINE
  5
B82
330
1F
100
AcDbEntity
  8
0
  6
Continuous
 62
     7
370
    25
100
AcDbLine
 10
119.5403080351
 20
162.1554127371
 30
0.0
 11
120.0307172849
 21
161.8723055033
 31
0.0
  0
LINE
  5
B83
330
1F
100
AcDbEntity
  8
0
  6
Continuous
 62
     7
370
    25
100
AcDbLine
 10
120.0530399397
 20
163.0433068787
 30
0.0
 11
120.5433697013
 21
162.7602455325
 31
0.0
  0
LINE
  5
B84
330
1F
100
AcDbEntity
  8
0
  6
Continuous
 62
     7
370
    25
100
AcDbLine
 10
119.377865403
 20
162.0450868446
 30
0.0
 11
119.8539405896
 21
161.7702544893
 31
0.0
  0
LINE
  5
B85
330
1F
100
AcDbEntity
  8
0
  6
Continuous
 62
     7
370
    25
100
AcDbLine
 10
119.2372277778
 20
161.9221400145
 30
0.0
 11
119.8539405896
 21
161.5661192864
 31
0.0
  0
LINE
  5
B86
330
1F
100
AcDbEntity
  8
0
  6
Continuous
 62
     7
370
    25
100
AcDbLine
 10
120.0673486922
 20
163.2391818147
 30
0.0
 11
120.5433697013
 21
162.9643807354
 31
0.0
  0
LINE
  5
B87
330
1F
100
AcDbEntity
  8
0
  6
Continuous
 62
     7
370
    25
100
AcDbLine
 10
120.1034828342
 20
163.4224240465
 30
0.0
 11
120.7201463966
 21
163.0664317494
 31
0.0
  0
LINE
  5
B88
330
1F
100
AcDbEntity
  8
0
  6
Continuous
 62
     7
370
    25
100
AcDbLine
 10
176.4636352017
 20
225.1401650212
 30
0.0
 11
162.9108510074
 21
232.9640208012
 31
0.0
  0
LINE
  5
B89
330
1F
100
AcDbEntity
  8
0
  6
Continuous
 62
     7
370
    25
100
AcDbLine
 10
158.1964226859
 20
235.6856023407
 30
0.0
 11
154.6612718935
 21
237.7264014535
 31
0.0
  0
LINE
  5
B8A
330
1F
100
AcDbEntity
  8
0
  6
Continuous
 62
     7
370
    25
100
AcDbLine
 10
157.0182944975
 20
235.3654587726
 30
0.0
 11
157.3300760847
 21
235.1854710934
 31
0.0
  0
LINE
  5
B8B
330
1F
100
AcDbEntity
  8
0
  6
Continuous
 62
     7
370
    25
100
AcDbLine
 10
162.0445044062
 20
232.4638895539
 30
0.0
 11
175.5972886005
 21
224.640033774
 31
0.0
  0
LINE
  5
B8C
330
1F
100
AcDbEntity
  8
0
  6
Continuous
 62
     7
370
    25
100
AcDbLine
 10
155.5274777005
 20
238.226451422
 30
0.0
 11
154.6612718935
 21
237.7264014535
 31
0.0
  0
LINE
  5
B8D
330
1F
100
AcDbEntity
  8
0
  6
Continuous
 62
     7
370
    25
100
AcDbLine
 10
155.5274777005
 20
238.226451422
 30
0.0
 11
159.0626284928
 21
236.1856523092
 31
0.0
  0
LINE
  5
B8E
330
1F
100
AcDbEntity
  8
0
  6
Continuous
 62
     7
370
    25
100
AcDbLine
 10
163.7770568143
 20
233.4640707697
 30
0.0
 11
177.3298410087
 21
225.6402149897
 31
0.0
  0
LINE
  5
B8F
330
1F
100
AcDbEntity
  8
0
  6
Continuous
 62
     7
370
    25
100
AcDbLine
 10
189.7043054578
 20
218.4965887196
 30
0.0
 11
188.8380996509
 21
217.9965387511
 31
0.0
  0
LWPOLYLINE
  5
B90
330
1F
100
AcDbEntity
  8
0
  6
Continuous
 62
     7
370
    25
100
AcDbPolyline
 90
       17
 70
   128
 43
0.0
 10
189.4273553019
 20
216.0231764974
 10
189.4094135356
 20
216.1169778163
 10
189.3583197081
 20
216.1757836125
 10
189.2818523915
 20
216.1906412363
 10
189.1916530415
 20
216.1592887493
 10
189.1014536914
 20
216.0864992835
 10
189.0249863748
 20
215.9833543751
 10
188.9738925473
 20
215.8655569015
 10
188.9559507811
 20
215.7510404601
 10
188.9738925473
 20
215.6572391411
 10
189.0249863748
 20
215.598433345
 10
189.1014536914
 20
215.5835757211
 10
189.1916530415
 20
215.6149282081
 10
189.2818523915
 20
215.6877176739
 10
189.3583197081
 20
215.7908625823
 10
189.4094135356
 20
215.908660056
 10
189.4273553019
 20
216.0231764974
  0
LWPOLYLINE
  5
B91
330
1F
100
AcDbEntity
  8
0
  6
Continuous
 62
     7
370
    25
100
AcDbPolyline
 90
       17
 70
   128
 43
0.0
 10
191.0772711246
 20
216.9756526278
 10
191.0593293584
 20
217.0694539468
 10
191.0082355309
 20
217.1282597429
 10
190.9317682143
 20
217.1431173668
 10
190.8415688642
 20
217.1117648798
 10
190.7513695142
 20
217.038975414
 10
190.6749021976
 20
216.9358305056
 10
190.6238083701
 20
216.8180330319
 10
190.6058666038
 20
216.7035165905
 10
190.6238083701
 20
216.6097152715
 10
190.6749021976
 20
216.5509094754
 10
190.7513695142
 20
216.5360518516
 10
190.8415688642
 20
216.5674043385
 10
190.9317682143
 20
216.6401938044
 10
191.0082355309
 20
216.7433387128
 10
191.0593293584
 20
216.8611361864
 10
191.0772711246
 20
216.9756526278
  0
LWPOLYLINE
  5
B92
330
1F
100
AcDbEntity
  8
0
  6
Continuous
 62
     7
370
    25
100
AcDbPolyline
 90
       17
 70
   128
 43
0.0
 10
191.0772711246
 20
218.8809145222
 10
191.0593293584
 20
218.9747158412
 10
191.0082355309
 20
219.0335216373
 10
190.9317682143
 20
219.0483792612
 10
190.8415688642
 20
219.0170267742
 10
190.7513695142
 20
218.9442373084
 10
190.6749021976
 20
218.8410924
 10
190.6238083701
 20
218.7232949263
 10
190.6058666038
 20
218.6087784849
 10
190.6238083701
 20
218.5149771659
 10
190.6749021976
 20
218.4561713698
 10
190.7513695142
 20
218.441313746
 10
190.8415688642
 20
218.4726662329
 10
190.9317682143
 20
218.5454556988
 10
191.0082355309
 20
218.6486006072
 10
191.0593293584
 20
218.7663980808
 10
191.0772711246
 20
218.8809145222
  0
LWPOLYLINE
  5
B93
330
1F
100
AcDbEntity
  8
0
  6
Continuous
 62
     7
370
    25
100
AcDbPolyline
 90
       17
 70
   128
 43
0.0
 10
189.4273553019
 20
217.9284383918
 10
189.4094135356
 20
218.0222397107
 10
189.3583197081
 20
218.0810455069
 10
189.2818523915
 20
218.0959031307
 10
189.1916530415
 20
218.0645506437
 10
189.1014536914
 20
217.9917611779
 10
189.0249863748
 20
217.8886162695
 10
188.9738925473
 20
217.7708187959
 10
188.9559507811
 20
217.6563023545
 10
188.9738925473
 20
217.5625010355
 10
189.0249863748
 20
217.5036952394
 10
189.1014536914
 20
217.4888376155
 10
189.1916530415
 20
217.5201901025
 10
189.2818523915
 20
217.5929795683
 10
189.3583197081
 20
217.6961244767
 10
189.4094135356
 20
217.8139219504
 10
189.4273553019
 20
217.9284383918
  0
LWPOLYLINE
  5
B94
330
1F
100
AcDbEntity
  8
0
  6
Continuous
 62
     7
370
    25
100
AcDbPolyline
 90
       17
 70
   128
 43
0.0
 10
190.2699908828
 20
217.4622506112
 10
190.2507034841
 20
217.5630870291
 10
190.1957776195
 20
217.6263032599
 10
190.1135752541
 20
217.6422752056
 10
190.0166109528
 20
217.6085712821
 10
189.9196466516
 20
217.5303226063
 10
189.8374442862
 20
217.4194418298
 10
189.7825184216
 20
217.2928095456
 10
189.7632310229
 20
217.1697043711
 10
189.7825184216
 20
217.0688679532
 10
189.8374442862
 20
217.0056517224
 10
189.9196466516
 20
216.9896797767
 10
190.0166109528
 20
217.0233837002
 10
190.1135752541
 20
217.101632376
 10
190.1957776195
 20
217.2125131525
 10
190.2507034841
 20
217.3391454367
 10
190.2699908828
 20
217.4622506112
  0
LINE
  5
B95
330
1F
100
AcDbEntity
  8
0
  6
Continuous
 62
     7
370
    25
100
AcDbLine
 10
188.8380996509
 20
215.2747360448
 30
0.0
 11
189.7043054578
 21
215.7747860133
 31
0.0
  0
LINE
  5
B96
330
1F
100
AcDbEntity
  8
0
  6
Continuous
 62
     7
370
    25
100
AcDbLine
 10
188.8380996509
 20
216.2749985394
 30
0.0
 11
189.0148763462
 21
216.3770495534
 31
0.0
  0
LINE
  5
B97
330
1F
100
AcDbEntity
  8
0
  6
Continuous
 62
     7
370
    25
100
AcDbLine
 10
189.0148763462
 20
216.3770495534
 30
0.0
 11
189.0148763462
 21
216.1729143504
 31
0.0
  0
LINE
  5
B98
330
1F
100
AcDbEntity
  8
0
  6
Continuous
 62
     7
370
    25
100
AcDbLine
 10
189.0148763462
 20
216.1729143504
 30
0.0
 11
189.3684297368
 21
216.3770163783
 31
0.0
  0
LWPOLYLINE
  5
B99
330
1F
100
AcDbEntity
  8
0
  6
Continuous
 62
     7
370
    25
100
AcDbPolyline
 90
        9
 70
   128
 43
0.0
 10
189.3684297368
 20
216.3770163783
 10
189.443998508
 20
216.5463086344
 10
189.4996560717
 20
216.7172788586
 10
189.5337327945
 20
216.8847982316
 10
189.5452064321
 20
217.0438414539
 10
189.5337327945
 20
217.1896374962
 10
189.4996560717
 20
217.3178127225
 10
189.443998508
 20
217.4245220915
 10
189.3684297368
 20
217.5065645014
  0
LINE
  5
B9A
330
1F
100
AcDbEntity
  8
0
  6
Continuous
 62
     7
370
    25
100
AcDbLine
 10
189.3684297368
 20
217.5065645014
 30
0.0
 11
189.0148763462
 21
217.3024624735
 31
0.0
  0
LINE
  5
B9B
330
1F
100
AcDbEntity
  8
0
  6
Continuous
 62
     7
370
    25
100
AcDbLine
 10
189.0148763462
 20
217.3024624735
 30
0.0
 11
189.0148763462
 21
217.0983272705
 31
0.0
  0
LINE
  5
B9C
330
1F
100
AcDbEntity
  8
0
  6
Continuous
 62
     7
370
    25
100
AcDbLine
 10
189.0148763462
 20
217.0983272705
 30
0.0
 11
188.8380996509
 21
216.9962762565
 31
0.0
  0
LINE
  5
B9D
330
1F
100
AcDbEntity
  8
0
  6
Continuous
 62
     7
370
    25
100
AcDbLine
 10
189.7043054578
 20
218.4965887196
 30
0.0
 11
189.7043054578
 21
218.2924535166
 31
0.0
  0
LINE
  5
B9E
330
1F
100
AcDbEntity
  8
0
  6
Continuous
 62
     7
370
    25
100
AcDbLine
 10
189.7043054578
 20
218.2924535166
 30
0.0
 11
189.5275287625
 21
218.1904025026
 31
0.0
  0
LINE
  5
B9F
330
1F
100
AcDbEntity
  8
0
  6
Continuous
 62
     7
370
    25
100
AcDbLine
 10
189.5275287625
 20
218.1904025026
 30
0.0
 11
189.5275287625
 21
217.7821320967
 31
0.0
  0
LWPOLYLINE
  5
BA0
330
1F
100
AcDbEntity
  8
0
  6
Continuous
 62
     7
370
    25
100
AcDbPolyline
 90
        9
 70
   128
 43
0.0
 10
189.5275287625
 20
217.7821320967
 10
189.6363539701
 20
217.757691524
 10
189.7565862478
 20
217.7628288403
 10
189.8846188295
 20
217.7973899346
 10
190.0166109528
 20
217.8603380324
 10
190.1486030762
 20
217.9497847965
 10
190.2766356579
 20
218.0630469744
 10
190.3968679356
 20
218.1967268911
 10
190.5056931432
 20
218.346814374
  0
LINE
  5
BA1
330
1F
100
AcDbEntity
  8
0
  6
Continuous
 62
     7
370
    25
100
AcDbLine
 10
190.5056931432
 20
218.346814374
 30
0.0
 11
190.5056931432
 21
218.75508478
 31
0.0
  0
LINE
  5
BA2
330
1F
100
AcDbEntity
  8
0
  6
Continuous
 62
     7
370
    25
100
AcDbLine
 10
190.5056931432
 20
218.75508478
 30
0.0
 11
190.3289164479
 21
218.653033766
 31
0.0
  0
LINE
  5
BA3
330
1F
100
AcDbEntity
  8
0
  6
Continuous
 62
     7
370
    25
100
AcDbLine
 10
190.3289164479
 20
218.653033766
 30
0.0
 11
190.3289164479
 21
218.857168969
 31
0.0
  0
LINE
  5
BA4
330
1F
100
AcDbEntity
  8
0
  6
Continuous
 62
     7
370
    25
100
AcDbLine
 10
191.1951222548
 20
219.3572189375
 30
0.0
 11
190.3289164479
 21
218.857168969
 31
0.0
  0
LINE
  5
BA5
330
1F
100
AcDbEntity
  8
0
  6
Continuous
 62
     7
370
    25
100
AcDbLine
 10
191.1951222548
 20
218.3569564429
 30
0.0
 11
191.1951222548
 21
219.3572189375
 31
0.0
  0
LINE
  5
BA6
330
1F
100
AcDbEntity
  8
0
  6
Continuous
 62
     7
370
    25
100
AcDbLine
 10
191.1951222548
 20
218.3569564429
 30
0.0
 11
191.0183455595
 21
218.2549054289
 31
0.0
  0
LINE
  5
BA7
330
1F
100
AcDbEntity
  8
0
  6
Continuous
 62
     7
370
    25
100
AcDbLine
 10
191.0183455595
 20
218.2549054289
 30
0.0
 11
191.0183455595
 21
218.4590406319
 31
0.0
  0
LINE
  5
BA8
330
1F
100
AcDbEntity
  8
0
  6
Continuous
 62
     7
370
    25
100
AcDbLine
 10
191.0183455595
 20
218.4590406319
 30
0.0
 11
190.6647921689
 21
218.254938604
 31
0.0
  0
LWPOLYLINE
  5
BA9
330
1F
100
AcDbEntity
  8
0
  6
Continuous
 62
     7
370
    25
100
AcDbPolyline
 90
        9
 70
   128
 43
0.0
 10
190.6647921689
 20
218.254938604
 10
190.5892233977
 20
218.0856463479
 10
190.533565834
 20
217.9146761237
 10
190.4994891112
 20
217.7471567507
 10
190.4880154736
 20
217.5881135284
 10
190.4994891112
 20
217.4423174861
 10
190.533565834
 20
217.3141422598
 10
190.5892233977
 20
217.2074328908
 10
190.6647921689
 20
217.1253904808
  0
LINE
  5
BAA
330
1F
100
AcDbEntity
  8
0
  6
Continuous
 62
     7
370
    25
100
AcDbLine
 10
190.6647921689
 20
217.1253904808
 30
0.0
 11
191.0183455595
 21
217.3294925088
 31
0.0
  0
LINE
  5
BAB
330
1F
100
AcDbEntity
  8
0
  6
Continuous
 62
     7
370
    25
100
AcDbLine
 10
191.0183455595
 20
217.3294925088
 30
0.0
 11
191.0183455595
 21
217.5336277118
 31
0.0
  0
LINE
  5
BAC
330
1F
100
AcDbEntity
  8
0
  6
Continuous
 62
     7
370
    25
100
AcDbLine
 10
191.0183455595
 20
217.5336277118
 30
0.0
 11
191.1951222548
 21
217.6356787257
 31
0.0
  0
LINE
  5
BAD
330
1F
100
AcDbEntity
  8
0
  6
Continuous
 62
     7
370
    25
100
AcDbLine
 10
191.1951222548
 20
216.6354162312
 30
0.0
 11
191.1951222548
 21
217.6356787257
 31
0.0
  0
LINE
  5
BAE
330
1F
100
AcDbEntity
  8
0
  6
Continuous
 62
     7
370
    25
100
AcDbLine
 10
190.3289164479
 20
216.1353662627
 30
0.0
 11
191.1951222548
 21
216.6354162312
 31
0.0
  0
LINE
  5
BAF
330
1F
100
AcDbEntity
  8
0
  6
Continuous
 62
     7
370
    25
100
AcDbLine
 10
190.3289164479
 20
216.1353662627
 30
0.0
 11
190.3289164479
 21
216.3395014657
 31
0.0
  0
LINE
  5
BB0
330
1F
100
AcDbEntity
  8
0
  6
Continuous
 62
     7
370
    25
100
AcDbLine
 10
190.3289164479
 20
216.3395014657
 30
0.0
 11
190.5056931432
 21
216.4415524796
 31
0.0
  0
LINE
  5
BB1
330
1F
100
AcDbEntity
  8
0
  6
Continuous
 62
     7
370
    25
100
AcDbLine
 10
190.5056931432
 20
216.4415524796
 30
0.0
 11
190.5056931432
 21
216.8498228856
 31
0.0
  0
LWPOLYLINE
  5
BB2
330
1F
100
AcDbEntity
  8
0
  6
Continuous
 62
     7
370
    25
100
AcDbPolyline
 90
        9
 70
   128
 43
0.0
 10
190.5056931432
 20
216.8498228856
 10
190.3968679356
 20
216.8742634583
 10
190.2766356579
 20
216.869126142
 10
190.1486030762
 20
216.8345650477
 10
190.0166109528
 20
216.7716169499
 10
189.8846188295
 20
216.6821701858
 10
189.7565862478
 20
216.5689080079
 10
189.6363539701
 20
216.4352280912
 10
189.5275287625
 20
216.2851406082
  0
LINE
  5
BB3
330
1F
100
AcDbEntity
  8
0
  6
Continuous
 62
     7
370
    25
100
AcDbLine
 10
189.5275287625
 20
216.2851406082
 30
0.0
 11
189.5275287625
 21
215.8768702023
 31
0.0
  0
LINE
  5
BB4
330
1F
100
AcDbEntity
  8
0
  6
Continuous
 62
     7
370
    25
100
AcDbLine
 10
189.5275287625
 20
215.8768702023
 30
0.0
 11
189.7043054578
 21
215.9789212163
 31
0.0
  0
LINE
  5
BB5
330
1F
100
AcDbEntity
  8
0
  6
Continuous
 62
     7
370
    25
100
AcDbLine
 10
189.7043054578
 20
215.9789212163
 30
0.0
 11
189.7043054578
 21
215.7747860133
 31
0.0
  0
LINE
  5
BB6
330
1F
100
AcDbEntity
  8
0
  6
Continuous
 62
     7
370
    25
100
AcDbLine
 10
156.7471066394
 20
235.2089053544
 30
0.0
 11
157.0588882266
 21
235.0289176753
 31
0.0
  0
LINE
  5
BB7
330
1F
100
AcDbEntity
  8
0
  6
Continuous
 62
     7
370
    25
100
AcDbLine
 10
161.7733165481
 20
232.3073361358
 30
0.0
 11
175.3261007424
 21
224.4834803558
 31
0.0
  0
LINE
  5
BB8
330
1F
100
AcDbEntity
  8
0
  6
Continuous
 62
     7
370
    25
100
AcDbLine
 10
188.5669117928
 20
216.8397228384
 30
0.0
 11
189.3684297368
 21
216.3770163783
 31
0.0
  0
LWPOLYLINE
  5
BB9
330
1F
100
AcDbEntity
  8
0
  6
Continuous
 62
     7
370
    25
100
AcDbPolyline
 90
        3
 70
   128
 43
0.0
 10
156.1630330403
 20
237.859553134
 10
156.2200401782
 20
237.9265895935
 10
156.3288653858
 20
238.0766770764
  0
LINE
  5
BBA
330
1F
100
AcDbEntity
  8
0
  6
Continuous
 62
     7
370
    25
100
AcDbLine
 10
156.3288653858
 20
238.0766770764
 30
0.0
 11
159.3335998917
 21
236.3420807681
 31
0.0
  0
LINE
  5
BBB
330
1F
100
AcDbEntity
  8
0
  6
Continuous
 62
     7
370
    25
100
AcDbLine
 10
164.0480282132
 20
233.6204992286
 30
0.0
 11
177.6008124076
 21
225.7966434486
 31
0.0
  0
LINE
  5
BBC
330
1F
100
AcDbEntity
  8
0
  6
Continuous
 62
     7
370
    25
100
AcDbLine
 10
189.9752768567
 20
218.6530171785
 30
0.0
 11
190.5056931432
 21
218.346814374
 31
0.0
  0
LINE
  5
BBD
330
1F
100
AcDbEntity
  8
0
  6
Continuous
 62
     7
370
    25
100
AcDbLine
 10
188.2242206184
 20
216.6293833615
 30
0.0
 11
188.8380996509
 21
216.2749985394
 31
0.0
  0
LINE
  5
BBE
330
1F
100
AcDbEntity
  8
0
  6
Continuous
 62
     7
370
    25
100
AcDbLine
 10
174.1062294842
 20
223.7792636681
 30
0.0
 11
160.5534452898
 21
231.603119448
 31
0.0
  0
LINE
  5
BBF
330
1F
100
AcDbEntity
  8
0
  6
Continuous
 62
     7
370
    25
100
AcDbLine
 10
156.404415465
 20
234.9985658775
 30
0.0
 11
156.7053635695
 21
234.8248322348
 31
0.0
  0
LINE
  5
BC0
330
1F
100
AcDbEntity
  8
0
  6
Continuous
 62
     7
370
    25
100
AcDbLine
 10
161.419791891
 20
232.1032506953
 30
0.0
 11
174.9725760854
 21
224.2793949154
 31
0.0
  0
LINE
  5
BC1
330
1F
100
AcDbEntity
  8
0
  6
Continuous
 62
     7
370
    25
100
AcDbLine
 10
188.390163831
 20
216.7376884119
 30
0.0
 11
189.0148763462
 21
216.3770495534
 31
0.0
  0
LINE
  5
BC2
330
1F
100
AcDbEntity
  8
0
  6
Continuous
 62
     7
370
    25
100
AcDbLine
 10
178.8206578057
 20
226.5008452076
 30
0.0
 11
165.2678736113
 21
234.3247009876
 31
0.0
  0
LINE
  5
BC3
330
1F
100
AcDbEntity
  8
0
  6
Continuous
 62
     7
370
    25
100
AcDbLine
 10
160.5534452898
 20
237.0462825271
 30
0.0
 11
157.0182944975
 21
239.0870816399
 31
0.0
  0
LINE
  5
BC4
330
1F
100
AcDbEntity
  8
0
  6
Continuous
 62
     7
370
    25
100
AcDbLine
 10
156.1520886905
 20
238.5870316714
 30
0.0
 11
159.6872394829
 21
236.5462325586
 31
0.0
  0
LINE
  5
BC5
330
1F
100
AcDbEntity
  8
0
  6
Continuous
 62
     7
370
    25
100
AcDbLine
 10
164.4016678044
 20
233.8246510191
 30
0.0
 11
177.9544519987
 21
226.0007952391
 31
0.0
  0
LINE
  5
BC6
330
1F
100
AcDbEntity
  8
0
  6
Continuous
 62
     7
370
    25
100
AcDbLine
 10
157.0182944975
 20
239.0870816399
 30
0.0
 11
156.1520886905
 21
238.5870316714
 31
0.0
  0
LINE
  5
BC7
330
1F
100
AcDbEntity
  8
0
  6
Continuous
 62
     7
370
    25
100
AcDbLine
 10
156.1520886905
 20
238.3828964684
 30
0.0
 11
159.510434054
 21
236.4441649571
 31
0.0
  0
LINE
  5
BC8
330
1F
100
AcDbEntity
  8
0
  6
Continuous
 62
     7
370
    25
100
AcDbLine
 10
164.2248623755
 20
233.7225834176
 30
0.0
 11
177.7776465699
 21
225.8987276376
 31
0.0
  0
LINE
  5
BC9
330
1F
100
AcDbEntity
  8
0
  6
Continuous
 62
     7
370
    25
100
AcDbLine
 10
190.1521110191
 20
218.7551013675
 30
0.0
 11
190.3289164479
 21
218.653033766
 31
0.0
  0
LINE
  5
BCA
330
1F
100
AcDbEntity
  8
0
  6
Continuous
 62
     7
370
    25
100
AcDbLine
 10
156.1520886905
 20
238.3828964684
 30
0.0
 11
156.1520886905
 21
238.5870316714
 31
0.0
  0
LINE
  5
BCB
330
1F
100
AcDbEntity
  8
0
  6
Continuous
 62
     7
370
    25
100
AcDbLine
 10
156.3288653858
 20
238.0766770764
 30
0.0
 11
156.3288653858
 21
238.2808454544
 31
0.0
  0
LINE
  5
BCC
330
1F
100
AcDbEntity
  8
0
  6
Continuous
 62
     7
370
    25
100
AcDbLine
 10
189.5275287625
 20
216.0809722303
 30
0.0
 11
189.7043054578
 21
215.9789212163
 31
0.0
  0
LINE
  5
BCD
330
1F
100
AcDbEntity
  8
0
  6
Continuous
 62
     7
370
    25
100
AcDbLine
 10
190.8415401307
 20
218.3569730304
 30
0.0
 11
191.0183455595
 21
218.2549054289
 31
0.0
  0
LINE
  5
BCE
330
1F
100
AcDbEntity
  8
0
  6
Continuous
 62
     7
370
    25
100
AcDbLine
 10
156.5703586776
 20
235.106870928
 30
0.0
 11
156.8821402648
 21
234.9268832488
 31
0.0
  0
LINE
  5
BCF
330
1F
100
AcDbEntity
  8
0
  6
Continuous
 62
     7
370
    25
100
AcDbLine
 10
161.5965685863
 20
232.2053017093
 30
0.0
 11
175.1493527807
 21
224.3814459294
 31
0.0
  0
LINE
  5
BD0
330
1F
100
AcDbEntity
  8
0
  6
Continuous
 62
     7
370
    25
100
AcDbLine
 10
189.9763379085
 20
216.747142752
 30
0.0
 11
190.5056931432
 21
216.4415524796
 31
0.0
  0
LINE
  5
BD1
330
1F
100
AcDbEntity
  8
0
  6
Continuous
 62
     7
370
    25
100
AcDbLine
 10
190.4890677535
 20
217.6350380825
 30
0.0
 11
191.0183455595
 21
217.3294925088
 31
0.0
  0
LINE
  5
BD2
330
1F
100
AcDbEntity
  8
0
  6
Continuous
 62
     7
370
    25
100
AcDbLine
 10
189.6933611081
 20
216.5022645507
 30
0.0
 11
190.3289164479
 21
216.1353662627
 31
0.0
  0
LINE
  5
BD3
330
1F
100
AcDbEntity
  8
0
  6
Continuous
 62
     7
370
    25
100
AcDbLine
 10
189.8233261155
 20
216.6313725519
 30
0.0
 11
190.3289164479
 21
216.3395014657
 31
0.0
  0
LINE
  5
BD4
330
1F
100
AcDbEntity
  8
0
  6
Continuous
 62
     7
370
    25
100
AcDbLine
 10
190.5128033758
 20
217.8254710024
 30
0.0
 11
191.0183455595
 21
217.5336277118
 31
0.0
  0
LINE
  5
BD5
330
1F
100
AcDbEntity
  8
0
  6
Continuous
 62
     7
370
    25
100
AcDbLine
 10
190.5596045279
 20
218.0025553003
 30
0.0
 11
191.1951222548
 21
217.6356787257
 31
0.0
  0
LINE
  5
BD6
330
1F
100
AcDbEntity
  8
0
  6
Continuous
 62
     7
370
    25
100
AcDbLine
 10
188.8380996509
 20
181.2522022162
 30
0.0
 11
184.7368803199
 21
183.6197857406
 31
0.0
  0
LINE
  5
BD7
330
1F
100
AcDbEntity
  8
0
  6
Continuous
 62
     7
370
    25
100
AcDbLine
 10
175.4266410343
 20
188.9944724767
 30
0.0
 11
159.3705281815
 21
198.2634691305
 31
0.0
  0
LINE
  5
BD8
330
1F
100
AcDbEntity
  8
0
  6
Continuous
 62
     7
370
    25
100
AcDbLine
 10
160.2367339884
 20
198.763519099
 30
0.0
 11
175.4266410343
 21
189.9945724137
 31
0.0
  0
LINE
  5
BD9
330
1F
100
AcDbEntity
  8
0
  6
Continuous
 62
     7
370
    25
100
AcDbLine
 10
184.7368803199
 20
184.6198856775
 30
0.0
 11
189.7043054578
 21
181.7522521847
 31
0.0
  0
LINE
  5
BDA
330
1F
100
AcDbEntity
  8
0
  6
Continuous
 62
     7
370
    25
100
AcDbLine
 10
189.7043054578
 20
181.7522521847
 30
0.0
 11
188.8380996509
 21
181.2522022162
 31
0.0
  0
LINE
  5
BDB
330
1F
100
AcDbEntity
  8
0
  6
Continuous
 62
     7
370
    25
100
AcDbLine
 10
158.5041815803
 20
197.7633378833
 30
0.0
 11
175.4266410343
 21
187.9942099822
 31
0.0
  0
LINE
  5
BDC
330
1F
100
AcDbEntity
  8
0
  6
Continuous
 62
     7
370
    25
100
AcDbLine
 10
184.7368803199
 20
182.619523246
 30
0.0
 11
185.6147304457
 21
182.1127511554
 31
0.0
  0
LWPOLYLINE
  5
BDD
330
1F
100
AcDbEntity
  8
0
  6
Continuous
 62
     7
370
    25
100
AcDbPolyline
 90
       17
 70
   128
 43
0.0
 10
189.4273553019
 20
179.2788399625
 10
189.4094135356
 20
179.3726412815
 10
189.3583197081
 20
179.4314470776
 10
189.2818523915
 20
179.4463047015
 10
189.1916530415
 20
179.4149522145
 10
189.1014536914
 20
179.3421627486
 10
189.0249863748
 20
179.2390178402
 10
188.9738925473
 20
179.1212203666
 10
188.9559507811
 20
179.0067039252
 10
188.9738925473
 20
178.9129026062
 10
189.0249863748
 20
178.8540968101
 10
189.1014536914
 20
178.8392391863
 10
189.1916530415
 20
178.8705916732
 10
189.2818523915
 20
178.9433811391
 10
189.3583197081
 20
179.0465260475
 10
189.4094135356
 20
179.1643235211
 10
189.4273553019
 20
179.2788399625
  0
LWPOLYLINE
  5
BDE
330
1F
100
AcDbEntity
  8
0
  6
Continuous
 62
     7
370
    25
100
AcDbPolyline
 90
       17
 70
   128
 43
0.0
 10
191.0772711246
 20
180.231316093
 10
191.0593293584
 20
180.325117412
 10
191.0082355309
 20
180.3839232081
 10
190.9317682143
 20
180.3987808319
 10
190.8415688642
 20
180.3674283449
 10
190.7513695142
 20
180.2946388791
 10
190.6749021976
 20
180.1914939707
 10
190.6238083701
 20
180.0736964971
 10
190.6058666038
 20
179.9591800557
 10
190.6238083701
 20
179.8653787367
 10
190.6749021976
 20
179.8065729406
 10
190.7513695142
 20
179.7917153167
 10
190.8415688642
 20
179.8230678037
 10
190.9317682143
 20
179.8958572695
 10
191.0082355309
 20
179.9990021779
 10
191.0593293584
 20
180.1167996516
 10
191.0772711246
 20
180.231316093
  0
LWPOLYLINE
  5
BDF
330
1F
100
AcDbEntity
  8
0
  6
Continuous
 62
     7
370
    25
100
AcDbPolyline
 90
       17
 70
   128
 43
0.0
 10
191.0772711246
 20
182.1365779874
 10
191.0593293584
 20
182.2303793064
 10
191.0082355309
 20
182.2891851025
 10
190.9317682143
 20
182.3040427263
 10
190.8415688642
 20
182.2726902393
 10
190.7513695142
 20
182.1999007735
 10
190.6749021976
 20
182.0967558651
 10
190.6238083701
 20
181.9789583915
 10
190.6058666038
 20
181.8644419501
 10
190.6238083701
 20
181.7706406311
 10
190.6749021976
 20
181.711834835
 10
190.7513695142
 20
181.6969772111
 10
190.8415688642
 20
181.7283296981
 10
190.9317682143
 20
181.8011191639
 10
191.0082355309
 20
181.9042640723
 10
191.0593293584
 20
182.022061546
 10
191.0772711246
 20
182.1365779874
  0
LWPOLYLINE
  5
BE0
330
1F
100
AcDbEntity
  8
0
  6
Continuous
 62
     7
370
    25
100
AcDbPolyline
 90
       17
 70
   128
 43
0.0
 10
189.4273553019
 20
181.1841018569
 10
189.4094135356
 20
181.2779031759
 10
189.3583197081
 20
181.336708972
 10
189.2818523915
 20
181.3515665959
 10
189.1916530415
 20
181.3202141089
 10
189.1014536914
 20
181.247424643
 10
189.0249863748
 20
181.1442797346
 10
188.9738925473
 20
181.026482261
 10
188.9559507811
 20
180.9119658196
 10
188.9738925473
 20
180.8181645006
 10
189.0249863748
 20
180.7593587045
 10
189.1014536914
 20
180.7445010807
 10
189.1916530415
 20
180.7758535676
 10
189.2818523915
 20
180.8486430335
 10
189.3583197081
 20
180.9517879419
 10
189.4094135356
 20
181.0695854155
 10
189.4273553019
 20
181.1841018569
  0
LWPOLYLINE
  5
BE1
330
1F
100
AcDbEntity
  8
0
  6
Continuous
 62
     7
370
    25
100
AcDbPolyline
 90
       17
 70
   128
 43
0.0
 10
190.2699908828
 20
180.7179140763
 10
190.2507034841
 20
180.8187504942
 10
190.1957776195
 20
180.8819667251
 10
190.1135752541
 20
180.8979386707
 10
190.0166109528
 20
180.8642347472
 10
189.9196466516
 20
180.7859860714
 10
189.8374442862
 20
180.6751052949
 10
189.7825184216
 20
180.5484730107
 10
189.7632310229
 20
180.4253678363
 10
189.7825184216
 20
180.3245314183
 10
189.8374442862
 20
180.2613151875
 10
189.9196466516
 20
180.2453432419
 10
190.0166109528
 20
180.2790471654
 10
190.1135752541
 20
180.3572958411
 10
190.1957776195
 20
180.4681766177
 10
190.2507034841
 20
180.5948089018
 10
190.2699908828
 20
180.7179140763
  0
LINE
  5
BE2
330
1F
100
AcDbEntity
  8
0
  6
Continuous
 62
     7
370
    25
100
AcDbLine
 10
188.8380996509
 20
178.53039951
 30
0.0
 11
189.7043054578
 21
179.0304494784
 31
0.0
  0
LINE
  5
BE3
330
1F
100
AcDbEntity
  8
0
  6
Continuous
 62
     7
370
    25
100
AcDbLine
 10
188.8380996509
 20
179.5306620045
 30
0.0
 11
189.0148763462
 21
179.6327130185
 31
0.0
  0
LINE
  5
BE4
330
1F
100
AcDbEntity
  8
0
  6
Continuous
 62
     7
370
    25
100
AcDbLine
 10
189.0148763462
 20
179.6327130185
 30
0.0
 11
189.0148763462
 21
179.4285778155
 31
0.0
  0
LINE
  5
BE5
330
1F
100
AcDbEntity
  8
0
  6
Continuous
 62
     7
370
    25
100
AcDbLine
 10
189.0148763462
 20
179.4285778155
 30
0.0
 11
189.3684297368
 21
179.6326798435
 31
0.0
  0
LWPOLYLINE
  5
BE6
330
1F
100
AcDbEntity
  8
0
  6
Continuous
 62
     7
370
    25
100
AcDbPolyline
 90
        9
 70
   128
 43
0.0
 10
189.3684297368
 20
179.6326798435
 10
189.443998508
 20
179.8019720996
 10
189.4996560717
 20
179.9729423237
 10
189.5337327945
 20
180.1404616967
 10
189.5452064321
 20
180.299504919
 10
189.5337327945
 20
180.4453009614
 10
189.4996560717
 20
180.5734761876
 10
189.443998508
 20
180.6801855566
 10
189.3684297368
 20
180.7622279666
  0
LINE
  5
BE7
330
1F
100
AcDbEntity
  8
0
  6
Continuous
 62
     7
370
    25
100
AcDbLine
 10
189.3684297368
 20
180.7622279666
 30
0.0
 11
189.0148763462
 21
180.5581259386
 31
0.0
  0
LINE
  5
BE8
330
1F
100
AcDbEntity
  8
0
  6
Continuous
 62
     7
370
    25
100
AcDbLine
 10
189.0148763462
 20
180.5581259386
 30
0.0
 11
189.0148763462
 21
180.3539907357
 31
0.0
  0
LINE
  5
BE9
330
1F
100
AcDbEntity
  8
0
  6
Continuous
 62
     7
370
    25
100
AcDbLine
 10
189.0148763462
 20
180.3539907357
 30
0.0
 11
188.8380996509
 21
180.2519397217
 31
0.0
  0
LINE
  5
BEA
330
1F
100
AcDbEntity
  8
0
  6
Continuous
 62
     7
370
    25
100
AcDbLine
 10
189.7043054578
 20
181.7522521847
 30
0.0
 11
189.7043054578
 21
181.5481169818
 31
0.0
  0
LINE
  5
BEB
330
1F
100
AcDbEntity
  8
0
  6
Continuous
 62
     7
370
    25
100
AcDbLine
 10
189.7043054578
 20
181.5481169818
 30
0.0
 11
189.5275287625
 21
181.4460659678
 31
0.0
  0
LINE
  5
BEC
330
1F
100
AcDbEntity
  8
0
  6
Continuous
 62
     7
370
    25
100
AcDbLine
 10
189.5275287625
 20
181.4460659678
 30
0.0
 11
189.5275287625
 21
181.0377955618
 31
0.0
  0
LWPOLYLINE
  5
BED
330
1F
100
AcDbEntity
  8
0
  6
Continuous
 62
     7
370
    25
100
AcDbPolyline
 90
        9
 70
   128
 43
0.0
 10
189.5275287625
 20
181.0377955618
 10
189.6363539701
 20
181.0133549891
 10
189.7565862478
 20
181.0184923054
 10
189.8846188295
 20
181.0530533998
 10
190.0166109528
 20
181.1160014975
 10
190.1486030762
 20
181.2054482616
 10
190.2766356579
 20
181.3187104395
 10
190.3968679356
 20
181.4523903563
 10
190.5056931432
 20
181.6024778392
  0
LINE
  5
BEE
330
1F
100
AcDbEntity
  8
0
  6
Continuous
 62
     7
370
    25
100
AcDbLine
 10
190.5056931432
 20
181.6024778392
 30
0.0
 11
190.5056931432
 21
182.0107482451
 31
0.0
  0
LINE
  5
BEF
330
1F
100
AcDbEntity
  8
0
  6
Continuous
 62
     7
370
    25
100
AcDbLine
 10
190.5056931432
 20
182.0107482451
 30
0.0
 11
190.3289164479
 21
181.9086972312
 31
0.0
  0
LINE
  5
BF0
330
1F
100
AcDbEntity
  8
0
  6
Continuous
 62
     7
370
    25
100
AcDbLine
 10
190.3289164479
 20
181.9086972312
 30
0.0
 11
190.3289164479
 21
182.1128324341
 31
0.0
  0
LINE
  5
BF1
330
1F
100
AcDbEntity
  8
0
  6
Continuous
 62
     7
370
    25
100
AcDbLine
 10
191.1951222548
 20
182.6128824026
 30
0.0
 11
190.3289164479
 21
182.1128324341
 31
0.0
  0
LINE
  5
BF2
330
1F
100
AcDbEntity
  8
0
  6
Continuous
 62
     7
370
    25
100
AcDbLine
 10
191.1951222548
 20
181.6126199081
 30
0.0
 11
191.1951222548
 21
182.6128824026
 31
0.0
  0
LINE
  5
BF3
330
1F
100
AcDbEntity
  8
0
  6
Continuous
 62
     7
370
    25
100
AcDbLine
 10
191.1951222548
 20
181.6126199081
 30
0.0
 11
191.0183455595
 21
181.5105688941
 31
0.0
  0
LINE
  5
BF4
330
1F
100
AcDbEntity
  8
0
  6
Continuous
 62
     7
370
    25
100
AcDbLine
 10
191.0183455595
 20
181.5105688941
 30
0.0
 11
191.0183455595
 21
181.714704097
 31
0.0
  0
LINE
  5
BF5
330
1F
100
AcDbEntity
  8
0
  6
Continuous
 62
     7
370
    25
100
AcDbLine
 10
191.0183455595
 20
181.714704097
 30
0.0
 11
190.6647921689
 21
181.5106020691
 31
0.0
  0
LWPOLYLINE
  5
BF6
330
1F
100
AcDbEntity
  8
0
  6
Continuous
 62
     7
370
    25
100
AcDbPolyline
 90
        9
 70
   128
 43
0.0
 10
190.6647921689
 20
181.5106020691
 10
190.5892233977
 20
181.341309813
 10
190.533565834
 20
181.1703395888
 10
190.4994891112
 20
181.0028202158
 10
190.4880154736
 20
180.8437769936
 10
190.4994891112
 20
180.6979809512
 10
190.533565834
 20
180.5698057249
 10
190.5892233977
 20
180.463096356
 10
190.6647921689
 20
180.381053946
  0
LINE
  5
BF7
330
1F
100
AcDbEntity
  8
0
  6
Continuous
 62
     7
370
    25
100
AcDbLine
 10
190.6647921689
 20
180.381053946
 30
0.0
 11
191.0183455595
 21
180.5851559739
 31
0.0
  0
LINE
  5
BF8
330
1F
100
AcDbEntity
  8
0
  6
Continuous
 62
     7
370
    25
100
AcDbLine
 10
191.0183455595
 20
180.5851559739
 30
0.0
 11
191.0183455595
 21
180.7892911769
 31
0.0
  0
LINE
  5
BF9
330
1F
100
AcDbEntity
  8
0
  6
Continuous
 62
     7
370
    25
100
AcDbLine
 10
191.0183455595
 20
180.7892911769
 30
0.0
 11
191.1951222548
 21
180.8913421909
 31
0.0
  0
LINE
  5
BFA
330
1F
100
AcDbEntity
  8
0
  6
Continuous
 62
     7
370
    25
100
AcDbLine
 10
191.1951222548
 20
179.8910796963
 30
0.0
 11
191.1951222548
 21
180.8913421909
 31
0.0
  0
LINE
  5
BFB
330
1F
100
AcDbEntity
  8
0
  6
Continuous
 62
     7
370
    25
100
AcDbLine
 10
190.3289164479
 20
179.3910297278
 30
0.0
 11
191.1951222548
 21
179.8910796963
 31
0.0
  0
LINE
  5
BFC
330
1F
100
AcDbEntity
  8
0
  6
Continuous
 62
     7
370
    25
100
AcDbLine
 10
190.3289164479
 20
179.3910297278
 30
0.0
 11
190.3289164479
 21
179.5951649308
 31
0.0
  0
LINE
  5
BFD
330
1F
100
AcDbEntity
  8
0
  6
Continuous
 62
     7
370
    25
100
AcDbLine
 10
190.3289164479
 20
179.5951649308
 30
0.0
 11
190.5056931432
 21
179.6972159448
 31
0.0
  0
LINE
  5
BFE
330
1F
100
AcDbEntity
  8
0
  6
Continuous
 62
     7
370
    25
100
AcDbLine
 10
190.5056931432
 20
179.6972159448
 30
0.0
 11
190.5056931432
 21
180.1054863507
 31
0.0
  0
LWPOLYLINE
  5
BFF
330
1F
100
AcDbEntity
  8
0
  6
Continuous
 62
     7
370
    25
100
AcDbPolyline
 90
        9
 70
   128
 43
0.0
 10
190.5056931432
 20
180.1054863507
 10
190.3968679356
 20
180.1299269234
 10
190.2766356579
 20
180.1247896072
 10
190.1486030762
 20
180.0902285128
 10
190.0166109528
 20
180.027280415
 10
189.8846188295
 20
179.9378336509
 10
189.7565862478
 20
179.8245714731
 10
189.6363539701
 20
179.6908915563
 10
189.5275287625
 20
179.5408040734
  0
LINE
  5
C00
330
1F
100
AcDbEntity
  8
0
  6
Continuous
 62
     7
370
    25
100
AcDbLine
 10
189.5275287625
 20
179.5408040734
 30
0.0
 11
189.5275287625
 21
179.1325336674
 31
0.0
  0
LINE
  5
C01
330
1F
100
AcDbEntity
  8
0
  6
Continuous
 62
     7
370
    25
100
AcDbLine
 10
189.5275287625
 20
179.1325336674
 30
0.0
 11
189.7043054578
 21
179.2345846814
 31
0.0
  0
LINE
  5
C02
330
1F
100
AcDbEntity
  8
0
  6
Continuous
 62
     7
370
    25
100
AcDbLine
 10
189.7043054578
 20
179.2345846814
 30
0.0
 11
189.7043054578
 21
179.0304494784
 31
0.0
  0
LINE
  5
C03
330
1F
100
AcDbEntity
  8
0
  6
Continuous
 62
     7
370
    25
100
AcDbLine
 10
158.2329937222
 20
197.6067844651
 30
0.0
 11
175.4266410343
 21
187.6811031459
 31
0.0
  0
LINE
  5
C04
330
1F
100
AcDbEntity
  8
0
  6
Continuous
 62
     7
370
    25
100
AcDbLine
 10
184.7368803199
 20
182.3064164097
 30
0.0
 11
185.3435425876
 21
181.9561977372
 31
0.0
  0
LINE
  5
C05
330
1F
100
AcDbEntity
  8
0
  6
Continuous
 62
     7
370
    25
100
AcDbLine
 10
188.5669117928
 20
180.0953863036
 30
0.0
 11
189.3684297368
 21
179.6326798435
 31
0.0
  0
LINE
  5
C06
330
1F
100
AcDbEntity
  8
0
  6
Continuous
 62
     7
370
    25
100
AcDbLine
 10
160.5077053873
 20
198.9199475579
 30
0.0
 11
175.4266410343
 21
190.3074293315
 31
0.0
  0
LINE
  5
C07
330
1F
100
AcDbEntity
  8
0
  6
Continuous
 62
     7
370
    25
100
AcDbLine
 10
184.7368803199
 20
184.9327425954
 30
0.0
 11
190.5056931432
 21
181.6024778392
 31
0.0
  0
LINE
  5
C08
330
1F
100
AcDbEntity
  8
0
  6
Continuous
 62
     7
370
    25
100
AcDbLine
 10
188.2242206184
 20
179.8850468267
 30
0.0
 11
188.8380996509
 21
179.5306620045
 31
0.0
  0
LINE
  5
C09
330
1F
100
AcDbEntity
  8
0
  6
Continuous
 62
     7
370
    25
100
AcDbLine
 10
184.1236713293
 20
181.2519810495
 30
0.0
 11
183.9708479737
 21
181.3402040948
 31
0.0
  0
LINE
  5
C0A
330
1F
100
AcDbEntity
  8
0
  6
Continuous
 62
     7
370
    25
100
AcDbLine
 10
175.4266410343
 20
186.2726697704
 30
0.0
 11
158.1968057995
 21
196.2192419328
 31
0.0
  0
LINE
  5
C0B
330
1F
100
AcDbEntity
  8
0
  6
Continuous
 62
     7
370
    25
100
AcDbLine
 10
158.1968057995
 20
197.2195044273
 30
0.0
 11
175.4266410343
 21
187.272932265
 31
0.0
  0
LINE
  5
C0C
330
1F
100
AcDbEntity
  8
0
  6
Continuous
 62
     7
370
    25
100
AcDbLine
 10
184.5174066019
 20
182.0249450094
 30
0.0
 11
184.9900179305
 21
181.7521122968
 31
0.0
  0
LINE
  5
C0D
330
1F
100
AcDbEntity
  8
0
  6
Continuous
 62
     7
370
    25
100
AcDbLine
 10
188.390163831
 20
179.9933518771
 30
0.0
 11
189.0148763462
 21
179.6327130185
 31
0.0
  0
LINE
  5
C0E
330
1F
100
AcDbEntity
  8
0
  6
Continuous
 62
     7
370
    25
100
AcDbLine
 10
191.1951222548
 20
182.6128824026
 30
0.0
 11
184.7368803199
 21
186.3411461133
 31
0.0
  0
LINE
  5
C0F
330
1F
100
AcDbEntity
  8
0
  6
Continuous
 62
     7
370
    25
100
AcDbLine
 10
175.4266410343
 20
191.7158328495
 30
0.0
 11
161.7275507854
 21
199.6241493169
 31
0.0
  0
LINE
  5
C10
330
1F
100
AcDbEntity
  8
0
  6
Continuous
 62
     7
370
    25
100
AcDbLine
 10
160.8613449785
 20
199.1240993484
 30
0.0
 11
175.4266410343
 21
190.7157329125
 31
0.0
  0
LINE
  5
C11
330
1F
100
AcDbEntity
  8
0
  6
Continuous
 62
     7
370
    25
100
AcDbLine
 10
184.7368803199
 20
185.3410461763
 30
0.0
 11
190.3289164479
 21
182.1128324341
 31
0.0
  0
LINE
  5
C12
330
1F
100
AcDbEntity
  8
0
  6
Continuous
 62
     7
370
    25
100
AcDbLine
 10
160.6845395496
 20
199.0220317469
 30
0.0
 11
175.4266410343
 21
190.5115977095
 31
0.0
  0
LINE
  5
C13
330
1F
100
AcDbEntity
  8
0
  6
Continuous
 62
     7
370
    25
100
AcDbLine
 10
184.7368803199
 20
185.1369109733
 30
0.0
 11
190.3289164479
 21
181.9086972312
 31
0.0
  0
LINE
  5
C14
330
1F
100
AcDbEntity
  8
0
  6
Continuous
 62
     7
370
    25
100
AcDbLine
 10
189.5275287625
 20
179.3366356954
 30
0.0
 11
189.7043054578
 21
179.2345846814
 31
0.0
  0
LINE
  5
C15
330
1F
100
AcDbEntity
  8
0
  6
Continuous
 62
     7
370
    25
100
AcDbLine
 10
190.8415401307
 20
181.6126364956
 30
0.0
 11
191.0183455595
 21
181.5105688941
 31
0.0
  0
LINE
  5
C16
330
1F
100
AcDbEntity
  8
0
  6
Continuous
 62
     7
370
    25
100
AcDbLine
 10
158.1968057995
 20
197.4236064553
 30
0.0
 11
175.4266410343
 21
187.477034293
 31
0.0
  0
LINE
  5
C17
330
1F
100
AcDbEntity
  8
0
  6
Continuous
 62
     7
370
    25
100
AcDbLine
 10
184.6941832972
 20
182.1269960234
 30
0.0
 11
185.1667946258
 21
181.8541633108
 31
0.0
  0
LINE
  5
C18
330
1F
100
AcDbEntity
  8
0
  6
Continuous
 62
     7
370
    25
100
AcDbLine
 10
189.9763379085
 20
180.0028062171
 30
0.0
 11
190.5056931432
 21
179.6972159448
 31
0.0
  0
LINE
  5
C19
330
1F
100
AcDbEntity
  8
0
  6
Continuous
 62
     7
370
    25
100
AcDbLine
 10
190.4890677535
 20
180.8907015476
 30
0.0
 11
191.0183455595
 21
180.5851559739
 31
0.0
  0
LINE
  5
C1A
330
1F
100
AcDbEntity
  8
0
  6
Continuous
 62
     7
370
    25
100
AcDbLine
 10
189.8233261155
 20
179.8870360171
 30
0.0
 11
190.3289164479
 21
179.5951649308
 31
0.0
  0
LINE
  5
C1B
330
1F
100
AcDbEntity
  8
0
  6
Continuous
 62
     7
370
    25
100
AcDbLine
 10
189.6933611081
 20
179.7579280158
 30
0.0
 11
190.3289164479
 21
179.3910297278
 31
0.0
  0
LINE
  5
C1C
330
1F
100
AcDbEntity
  8
0
  6
Continuous
 62
     7
370
    25
100
AcDbLine
 10
190.5128033758
 20
181.0811344675
 30
0.0
 11
191.0183455595
 21
180.7892911769
 31
0.0
  0
LINE
  5
C1D
330
1F
100
AcDbEntity
  8
0
  6
Continuous
 62
     7
370
    25
100
AcDbLine
 10
190.5596045279
 20
181.2582187655
 30
0.0
 11
191.1951222548
 21
180.8913421909
 31
0.0
  0
LINE
  5
C1E
330
1F
100
AcDbEntity
  8
0
  6
Continuous
 62
     7
370
    25
100
AcDbLine
 10
126.966256297
 20
197.9265060022
 30
0.0
 11
142.2869032227
 21
206.7709272136
 31
0.0
  0
LINE
  5
C1F
330
1F
100
AcDbEntity
  8
0
  6
Continuous
 62
     7
370
    25
100
AcDbLine
 10
126.966256297
 20
197.9265060022
 30
0.0
 11
126.1000504901
 21
198.4265559707
 31
0.0
  0
LINE
  5
C20
330
1F
100
AcDbEntity
  8
0
  6
Continuous
 62
     7
370
    25
100
AcDbLine
 10
141.4206974158
 20
207.2709771821
 30
0.0
 11
126.1000504901
 21
198.4265559707
 31
0.0
  0
LINE
  5
C21
330
1F
100
AcDbEntity
  8
0
  6
Continuous
 62
     7
370
    25
100
AcDbLine
 10
142.2869032227
 20
206.7709272136
 30
0.0
 11
141.4206974158
 21
207.2709771821
 31
0.0
  0
LINE
  5
C22
330
1F
100
AcDbEntity
  8
0
  6
Continuous
 62
     7
370
    25
100
AcDbLine
 10
125.4754395
 20
198.78713622
 30
0.0
 11
124.6092336931
 21
199.2871861885
 31
0.0
  0
LINE
  5
C23
330
1F
100
AcDbEntity
  8
0
  6
Continuous
 62
     7
370
    25
100
AcDbLine
 10
142.2869032227
 20
205.770664719
 30
0.0
 11
142.2869032227
 21
206.7709272136
 31
0.0
  0
LINE
  5
C24
330
1F
100
AcDbEntity
  8
0
  6
Continuous
 62
     7
370
    25
100
AcDbLine
 10
142.2869032227
 20
205.770664719
 30
0.0
 11
127.8326028982
 21
197.4263747549
 31
0.0
  0
LWPOLYLINE
  5
C25
330
1F
100
AcDbEntity
  8
0
  6
Continuous
 62
     7
370
    25
100
AcDbPolyline
 90
        3
 70
   128
 43
0.0
 10
141.6730241903
 20
205.403771824
 10
141.697575326
 20
205.3172208453
 10
141.7565731368
 20
205.1514048408
  0
LINE
  5
C26
330
1F
100
AcDbEntity
  8
0
  6
Continuous
 62
     7
370
    25
100
AcDbLine
 10
141.7565731368
 20
205.1514048408
 30
0.0
 11
128.1037907563
 21
197.2698213367
 31
0.0
  0
LWPOLYLINE
  5
C27
330
1F
100
AcDbEntity
  8
0
  6
Continuous
 62
     7
370
    25
100
AcDbPolyline
 90
        3
 70
   128
 43
0.0
 10
140.6193097304
 20
207.1212028365
 10
140.7334087125
 20
206.9872064018
 10
140.803984604
 20
206.9149564539
  0
LINE
  5
C28
330
1F
100
AcDbEntity
  8
0
  6
Continuous
 62
     7
370
    25
100
AcDbLine
 10
140.6193097304
 20
207.1212028365
 30
0.0
 11
125.8290790912
 21
198.5829844296
 31
0.0
  0
LINE
  5
C29
330
1F
100
AcDbEntity
  8
0
  6
Continuous
 62
     7
370
    25
100
AcDbLine
 10
129.3236620146
 20
196.565604649
 30
0.0
 11
142.2869032227
 21
204.0491245073
 31
0.0
  0
LINE
  5
C2A
330
1F
100
AcDbEntity
  8
0
  6
Continuous
 62
     7
370
    25
100
AcDbLine
 10
142.2869032227
 20
205.0493870018
 30
0.0
 11
128.4573154134
 21
197.0657358963
 31
0.0
  0
LINE
  5
C2B
330
1F
100
AcDbEntity
  8
0
  6
Continuous
 62
     7
370
    25
100
AcDbLine
 10
142.2869032227
 20
204.0491245073
 30
0.0
 11
142.2869032227
 21
205.0493870018
 31
0.0
  0
LINE
  5
C2C
330
1F
100
AcDbEntity
  8
0
  6
Continuous
 62
     7
370
    25
100
AcDbLine
 10
142.1101265274
 20
205.1514380158
 30
0.0
 11
142.2869032227
 21
205.0493870018
 31
0.0
  0
LINE
  5
C2D
330
1F
100
AcDbEntity
  8
0
  6
Continuous
 62
     7
370
    25
100
AcDbLine
 10
142.1101265274
 20
205.1514380158
 30
0.0
 11
128.2805387181
 21
197.1677869103
 31
0.0
  0
LINE
  5
C2E
330
1F
100
AcDbEntity
  8
0
  6
Continuous
 62
     7
370
    25
100
AcDbLine
 10
124.6092336931
 20
199.2871861885
 30
0.0
 11
139.9298806188
 21
208.1316073999
 31
0.0
  0
LINE
  5
C2F
330
1F
100
AcDbEntity
  8
0
  6
Continuous
 62
     7
370
    25
100
AcDbLine
 10
140.7960864257
 20
207.6315574315
 30
0.0
 11
139.9298806188
 21
208.1316073999
 31
0.0
  0
LINE
  5
C30
330
1F
100
AcDbEntity
  8
0
  6
Continuous
 62
     7
370
    25
100
AcDbLine
 10
140.7960864257
 20
207.6315574315
 30
0.0
 11
125.4754395
 21
198.78713622
 31
0.0
  0
LINE
  5
C31
330
1F
100
AcDbEntity
  8
0
  6
Continuous
 62
     7
370
    25
100
AcDbLine
 10
140.7960864257
 20
207.6315574315
 30
0.0
 11
140.7960864257
 21
207.4274222285
 31
0.0
  0
LINE
  5
C32
330
1F
100
AcDbEntity
  8
0
  6
Continuous
 62
     7
370
    25
100
AcDbLine
 10
140.7960864257
 20
207.4274222285
 30
0.0
 11
125.6522449288
 21
198.6850686185
 31
0.0
  0
LINE
  5
C33
330
1F
100
AcDbEntity
  8
0
  6
Continuous
 62
     7
370
    25
100
AcDbLine
 10
141.7565731368
 20
205.1514048408
 30
0.0
 11
141.9333210986
 21
205.0493704143
 31
0.0
  0
LINE
  5
C34
330
1F
100
AcDbEntity
  8
0
  6
Continuous
 62
     7
370
    25
100
AcDbLine
 10
140.6193097304
 20
207.3253712145
 30
0.0
 11
140.6193097304
 21
207.1212028365
 31
0.0
  0
LINE
  5
C35
330
1F
100
AcDbEntity
  8
0
  6
Continuous
 62
     7
370
    25
100
AcDbLine
 10
127.0075041926
 20
161.158357564
 30
0.0
 11
126.1412983857
 21
161.6584075325
 31
0.0
  0
LINE
  5
C36
330
1F
100
AcDbEntity
  8
0
  6
Continuous
 62
     7
370
    25
100
AcDbLine
 10
128.4983209896
 20
160.2977273461
 30
0.0
 11
127.6321151827
 21
160.7977773146
 31
0.0
  0
LINE
  5
C37
330
1F
100
AcDbEntity
  8
0
  6
Continuous
 62
     7
370
    25
100
AcDbLine
 10
128.4983209896
 20
160.2977273461
 30
0.0
 11
143.8189679153
 21
169.1421485575
 31
0.0
  0
LINE
  5
C38
330
1F
100
AcDbEntity
  8
0
  6
Continuous
 62
     7
370
    25
100
AcDbLine
 10
142.9527621084
 20
169.642198526
 30
0.0
 11
127.6321151827
 21
160.7977773146
 31
0.0
  0
LINE
  5
C39
330
1F
100
AcDbEntity
  8
0
  6
Continuous
 62
     7
370
    25
100
AcDbLine
 10
143.8189679153
 20
169.1421485575
 30
0.0
 11
142.9527621084
 21
169.642198526
 31
0.0
  0
LINE
  5
C3A
330
1F
100
AcDbEntity
  8
0
  6
Continuous
 62
     7
370
    25
100
AcDbLine
 10
143.8189679153
 20
168.141886063
 30
0.0
 11
143.8189679153
 21
169.1421485575
 31
0.0
  0
LINE
  5
C3B
330
1F
100
AcDbEntity
  8
0
  6
Continuous
 62
     7
370
    25
100
AcDbLine
 10
143.8189679153
 20
168.141886063
 30
0.0
 11
129.3646675908
 21
159.7975960988
 31
0.0
  0
LWPOLYLINE
  5
C3C
330
1F
100
AcDbEntity
  8
0
  6
Continuous
 62
     7
370
    25
100
AcDbPolyline
 90
        3
 70
   128
 43
0.0
 10
143.2050888829
 20
167.774993168
 10
143.2296400186
 20
167.6884421892
 10
143.2886378294
 20
167.5226261848
  0
LINE
  5
C3D
330
1F
100
AcDbEntity
  8
0
  6
Continuous
 62
     7
370
    25
100
AcDbLine
 10
143.2886378294
 20
167.5226261848
 30
0.0
 11
129.6358554489
 21
159.6410426807
 31
0.0
  0
LWPOLYLINE
  5
C3E
330
1F
100
AcDbEntity
  8
0
  6
Continuous
 62
     7
370
    25
100
AcDbPolyline
 90
        3
 70
   128
 43
0.0
 10
142.151374423
 20
169.4924241805
 10
142.2654734051
 20
169.3584277457
 10
142.3360492966
 20
169.2861777979
  0
LINE
  5
C3F
330
1F
100
AcDbEntity
  8
0
  6
Continuous
 62
     7
370
    25
100
AcDbLine
 10
142.151374423
 20
169.4924241805
 30
0.0
 11
127.3611437838
 21
160.9542057735
 31
0.0
  0
LINE
  5
C40
330
1F
100
AcDbEntity
  8
0
  6
Continuous
 62
     7
370
    25
100
AcDbLine
 10
130.8557267072
 20
158.936825993
 30
0.0
 11
143.8189679153
 21
166.4203458513
 31
0.0
  0
LINE
  5
C41
330
1F
100
AcDbEntity
  8
0
  6
Continuous
 62
     7
370
    25
100
AcDbLine
 10
143.8189679153
 20
167.4206083458
 30
0.0
 11
129.989380106
 21
159.4369572403
 31
0.0
  0
LINE
  5
C42
330
1F
100
AcDbEntity
  8
0
  6
Continuous
 62
     7
370
    25
100
AcDbLine
 10
143.8189679153
 20
166.4203458513
 30
0.0
 11
143.8189679153
 21
167.4206083458
 31
0.0
  0
LINE
  5
C43
330
1F
100
AcDbEntity
  8
0
  6
Continuous
 62
     7
370
    25
100
AcDbLine
 10
143.64219122
 20
167.5226593598
 30
0.0
 11
143.8189679153
 21
167.4206083458
 31
0.0
  0
LINE
  5
C44
330
1F
100
AcDbEntity
  8
0
  6
Continuous
 62
     7
370
    25
100
AcDbLine
 10
143.64219122
 20
167.5226593598
 30
0.0
 11
129.8126034107
 21
159.5390082542
 31
0.0
  0
LINE
  5
C45
330
1F
100
AcDbEntity
  8
0
  6
Continuous
 62
     7
370
    25
100
AcDbLine
 10
142.3281511183
 20
170.0027787754
 30
0.0
 11
142.3281511183
 21
169.7986435724
 31
0.0
  0
LINE
  5
C46
330
1F
100
AcDbEntity
  8
0
  6
Continuous
 62
     7
370
    25
100
AcDbLine
 10
142.3281511183
 20
169.7986435724
 30
0.0
 11
127.1843096214
 21
161.0562899625
 31
0.0
  0
LINE
  5
C47
330
1F
100
AcDbEntity
  8
0
  6
Continuous
 62
     7
370
    25
100
AcDbLine
 10
142.3281511183
 20
170.0027787754
 30
0.0
 11
127.0075041926
 21
161.158357564
 31
0.0
  0
LINE
  5
C48
330
1F
100
AcDbEntity
  8
0
  6
Continuous
 62
     7
370
    25
100
AcDbLine
 10
126.1412983857
 20
161.6584075325
 30
0.0
 11
141.4619453114
 21
170.5028287439
 31
0.0
  0
LINE
  5
C49
330
1F
100
AcDbEntity
  8
0
  6
Continuous
 62
     7
370
    25
100
AcDbLine
 10
142.3281511183
 20
170.0027787754
 30
0.0
 11
141.4619453114
 21
170.5028287439
 31
0.0
  0
LINE
  5
C4A
330
1F
100
AcDbEntity
  8
0
  6
Continuous
 62
     7
370
    25
100
AcDbLine
 10
143.2886378294
 20
167.5226261848
 30
0.0
 11
143.4653857912
 21
167.4205917583
 31
0.0
  0
LINE
  5
C4B
330
1F
100
AcDbEntity
  8
0
  6
Continuous
 62
     7
370
    25
100
AcDbLine
 10
142.151374423
 20
169.6965925585
 30
0.0
 11
142.151374423
 21
169.4924241805
 31
0.0
  0
LINE
  5
C4C
330
1F
100
AcDbEntity
  8
0
  6
Continuous
 62
     7
370
    25
100
AcDbLine
 10
120.7201463966
 20
164.7879719612
 30
0.0
 11
136.0407933223
 21
173.6323931726
 31
0.0
  0
LINE
  5
C4D
330
1F
100
AcDbEntity
  8
0
  6
Continuous
 62
     7
370
    25
100
AcDbLine
 10
136.0407933223
 20
172.632130678
 30
0.0
 11
136.0407933223
 21
173.6323931726
 31
0.0
  0
LINE
  5
C4E
330
1F
100
AcDbEntity
  8
0
  6
Continuous
 62
     7
370
    25
100
AcDbLine
 10
136.0407933223
 20
172.632130678
 30
0.0
 11
120.7201463966
 21
163.7877094666
 31
0.0
  0
LINE
  5
C4F
330
1F
100
AcDbEntity
  8
0
  6
Continuous
 62
     7
370
    25
100
AcDbLine
 10
120.7201463966
 20
164.7879719612
 30
0.0
 11
119.8539405896
 21
165.2880219296
 31
0.0
  0
LINE
  5
C50
330
1F
100
AcDbEntity
  8
0
  6
Continuous
 62
     7
370
    25
100
AcDbLine
 10
135.1745875153
 20
174.1324431411
 30
0.0
 11
119.8539405896
 21
165.2880219296
 31
0.0
  0
LINE
  5
C51
330
1F
100
AcDbEntity
  8
0
  6
Continuous
 62
     7
370
    25
100
AcDbLine
 10
136.0407933223
 20
173.6323931726
 30
0.0
 11
135.1745875153
 21
174.1324431411
 31
0.0
  0
LINE
  5
C52
330
1F
100
AcDbEntity
  8
0
  6
Continuous
 62
     7
370
    25
100
AcDbLine
 10
119.2293295996
 20
165.648602179
 30
0.0
 11
118.3631237926
 21
166.1486521475
 31
0.0
  0
LINE
  5
C53
330
1F
100
AcDbEntity
  8
0
  6
Continuous
 62
     7
370
    25
100
AcDbLine
 10
120.5433697013
 20
163.1684827634
 30
0.0
 11
120.7201463966
 21
163.0664317494
 31
0.0
  0
LWPOLYLINE
  5
C54
330
1F
100
AcDbEntity
  8
0
  6
Continuous
 62
     7
370
    25
100
AcDbPolyline
 90
        3
 70
   128
 43
0.0
 10
135.4269142898
 20
172.265237783
 10
135.4514654255
 20
172.1786868042
 10
135.5104632364
 20
172.0128707998
  0
LINE
  5
C55
330
1F
100
AcDbEntity
  8
0
  6
Continuous
 62
     7
370
    25
100
AcDbLine
 10
135.5104632364
 20
172.0128707998
 30
0.0
 11
120.3666217395
 21
163.2705171899
 31
0.0
  0
LWPOLYLINE
  5
C56
330
1F
100
AcDbEntity
  8
0
  6
Continuous
 62
     7
370
    25
100
AcDbPolyline
 90
        3
 70
   128
 43
0.0
 10
134.37319983
 20
173.9826687955
 10
134.4872988121
 20
173.8486723608
 10
134.5578747035
 20
173.7764224129
  0
LINE
  5
C57
330
1F
100
AcDbEntity
  8
0
  6
Continuous
 62
     7
370
    25
100
AcDbLine
 10
134.37319983
 20
173.9826687955
 30
0.0
 11
119.5829691907
 21
165.4444503886
 31
0.0
  0
LINE
  5
C58
330
1F
100
AcDbEntity
  8
0
  6
Continuous
 62
     7
370
    25
100
AcDbLine
 10
120.7201463966
 20
162.0661692549
 30
0.0
 11
136.0407933223
 21
170.9105904663
 31
0.0
  0
LINE
  5
C59
330
1F
100
AcDbEntity
  8
0
  6
Continuous
 62
     7
370
    25
100
AcDbLine
 10
136.0407933223
 20
171.9108529608
 30
0.0
 11
120.7201463966
 21
163.0664317494
 31
0.0
  0
LINE
  5
C5A
330
1F
100
AcDbEntity
  8
0
  6
Continuous
 62
     7
370
    25
100
AcDbLine
 10
136.0407933223
 20
170.9105904663
 30
0.0
 11
136.0407933223
 21
171.9108529608
 31
0.0
  0
LINE
  5
C5B
330
1F
100
AcDbEntity
  8
0
  6
Continuous
 62
     7
370
    25
100
AcDbLine
 10
135.864016627
 20
172.0129039748
 30
0.0
 11
136.0407933223
 21
171.9108529608
 31
0.0
  0
LINE
  5
C5C
330
1F
100
AcDbEntity
  8
0
  6
Continuous
 62
     7
370
    25
100
AcDbLine
 10
135.864016627
 20
172.0129039748
 30
0.0
 11
120.5433697013
 21
163.1684827634
 31
0.0
  0
LINE
  5
C5D
330
1F
100
AcDbEntity
  8
0
  6
Continuous
 62
     7
370
    25
100
AcDbLine
 10
118.3631237926
 20
166.1486521475
 30
0.0
 11
133.6837707183
 21
174.9930733589
 31
0.0
  0
LINE
  5
C5E
330
1F
100
AcDbEntity
  8
0
  6
Continuous
 62
     7
370
    25
100
AcDbLine
 10
134.5499765253
 20
174.4930233904
 30
0.0
 11
133.6837707183
 21
174.9930733589
 31
0.0
  0
LINE
  5
C5F
330
1F
100
AcDbEntity
  8
0
  6
Continuous
 62
     7
370
    25
100
AcDbLine
 10
134.5499765253
 20
174.4930233904
 30
0.0
 11
119.2293295996
 21
165.648602179
 31
0.0
  0
LINE
  5
C60
330
1F
100
AcDbEntity
  8
0
  6
Continuous
 62
     7
370
    25
100
AcDbLine
 10
134.5499765253
 20
174.4930233904
 30
0.0
 11
134.5499765253
 21
174.2888881875
 31
0.0
  0
LINE
  5
C61
330
1F
100
AcDbEntity
  8
0
  6
Continuous
 62
     7
370
    25
100
AcDbLine
 10
134.5499765253
 20
174.2888881875
 30
0.0
 11
119.4061350284
 21
165.5465345775
 31
0.0
  0
LINE
  5
C62
330
1F
100
AcDbEntity
  8
0
  6
Continuous
 62
     7
370
    25
100
AcDbLine
 10
135.5104632364
 20
172.0128707998
 30
0.0
 11
135.6872111982
 21
171.9108363733
 31
0.0
  0
LINE
  5
C63
330
1F
100
AcDbEntity
  8
0
  6
Continuous
 62
     7
370
    25
100
AcDbLine
 10
134.37319983
 20
174.1868371735
 30
0.0
 11
134.37319983
 21
173.9826687955
 31
0.0
  0
LINE
  5
C64
330
1F
100
AcDbEntity
  8
0
  6
Continuous
 62
     7
370
    25
100
AcDbLine
 10
122.2522110892
 20
200.6478663749
 30
0.0
 11
137.5728580149
 21
209.4922875863
 31
0.0
  0
LINE
  5
C65
330
1F
100
AcDbEntity
  8
0
  6
Continuous
 62
     7
370
    25
100
AcDbLine
 10
122.2522110892
 20
200.6478663749
 30
0.0
 11
121.3860052822
 21
201.1479163434
 31
0.0
  0
LINE
  5
C66
330
1F
100
AcDbEntity
  8
0
  6
Continuous
 62
     7
370
    25
100
AcDbLine
 10
136.706652208
 20
209.9923375548
 30
0.0
 11
121.3860052822
 21
201.1479163434
 31
0.0
  0
LINE
  5
C67
330
1F
100
AcDbEntity
  8
0
  6
Continuous
 62
     7
370
    25
100
AcDbLine
 10
137.5728580149
 20
209.4922875863
 30
0.0
 11
136.706652208
 21
209.9923375548
 31
0.0
  0
LINE
  5
C68
330
1F
100
AcDbEntity
  8
0
  6
Continuous
 62
     7
370
    25
100
AcDbLine
 10
120.7613942922
 20
201.5084965928
 30
0.0
 11
119.8951884852
 21
202.0085465613
 31
0.0
  0
LINE
  5
C69
330
1F
100
AcDbEntity
  8
0
  6
Continuous
 62
     7
370
    25
100
AcDbLine
 10
137.5728580149
 20
208.4920250918
 30
0.0
 11
137.5728580149
 21
209.4922875863
 31
0.0
  0
LINE
  5
C6A
330
1F
100
AcDbEntity
  8
0
  6
Continuous
 62
     7
370
    25
100
AcDbLine
 10
137.5728580149
 20
208.4920250918
 30
0.0
 11
123.1185576903
 21
200.1477351276
 31
0.0
  0
LWPOLYLINE
  5
C6B
330
1F
100
AcDbEntity
  8
0
  6
Continuous
 62
     7
370
    25
100
AcDbPolyline
 90
        3
 70
   128
 43
0.0
 10
136.9561944526
 20
208.1360327947
 10
136.9835301181
 20
208.038581218
 10
137.042527929
 20
207.8727652136
  0
LINE
  5
C6C
330
1F
100
AcDbEntity
  8
0
  6
Continuous
 62
     7
370
    25
100
AcDbLine
 10
137.042527929
 20
207.8727652136
 30
0.0
 11
123.3897455484
 21
199.9911817095
 31
0.0
  0
LWPOLYLINE
  5
C6D
330
1F
100
AcDbEntity
  8
0
  6
Continuous
 62
     7
370
    25
100
AcDbPolyline
 90
        3
 70
   128
 43
0.0
 10
135.9052645226
 20
209.8425632093
 10
136.0193635047
 20
209.7085667745
 10
136.0899393961
 20
209.6363168267
  0
LINE
  5
C6E
330
1F
100
AcDbEntity
  8
0
  6
Continuous
 62
     7
370
    25
100
AcDbLine
 10
135.9052645226
 20
209.8425632093
 30
0.0
 11
121.1150338833
 21
201.3043448023
 31
0.0
  0
LINE
  5
C6F
330
1F
100
AcDbEntity
  8
0
  6
Continuous
 62
     7
370
    25
100
AcDbLine
 10
137.5728580149
 20
207.7707473746
 30
0.0
 11
123.7432702055
 21
199.787096269
 31
0.0
  0
LINE
  5
C70
330
1F
100
AcDbEntity
  8
0
  6
Continuous
 62
     7
370
    25
100
AcDbLine
 10
137.5728580149
 20
206.7709272136
 30
0.0
 11
137.5728580149
 21
207.7707473746
 31
0.0
  0
LINE
  5
C71
330
1F
100
AcDbEntity
  8
0
  6
Continuous
 62
     7
370
    25
100
AcDbLine
 10
137.3960813196
 20
207.8727983886
 30
0.0
 11
137.5728580149
 21
207.7707473746
 31
0.0
  0
LINE
  5
C72
330
1F
100
AcDbEntity
  8
0
  6
Continuous
 62
     7
370
    25
100
AcDbLine
 10
137.3960813196
 20
207.8727983886
 30
0.0
 11
123.5664935102
 21
199.889147283
 31
0.0
  0
LINE
  5
C73
330
1F
100
AcDbEntity
  8
0
  6
Continuous
 62
     7
370
    25
100
AcDbLine
 10
119.8951884852
 20
202.0085465613
 30
0.0
 11
135.215835411
 21
210.8529677727
 31
0.0
  0
LINE
  5
C74
330
1F
100
AcDbEntity
  8
0
  6
Continuous
 62
     7
370
    25
100
AcDbLine
 10
136.0820412179
 20
210.3529178042
 30
0.0
 11
135.215835411
 21
210.8529677727
 31
0.0
  0
LINE
  5
C75
330
1F
100
AcDbEntity
  8
0
  6
Continuous
 62
     7
370
    25
100
AcDbLine
 10
136.0820412179
 20
210.3529178042
 30
0.0
 11
120.7613942922
 21
201.5084965928
 31
0.0
  0
LINE
  5
C76
330
1F
100
AcDbEntity
  8
0
  6
Continuous
 62
     7
370
    25
100
AcDbLine
 10
136.0820412179
 20
210.3529178042
 30
0.0
 11
136.0820412179
 21
210.1487826012
 31
0.0
  0
LINE
  5
C77
330
1F
100
AcDbEntity
  8
0
  6
Continuous
 62
     7
370
    25
100
AcDbLine
 10
136.0820412179
 20
210.1487826012
 30
0.0
 11
120.938199721
 21
201.4064289913
 31
0.0
  0
LINE
  5
C78
330
1F
100
AcDbEntity
  8
0
  6
Continuous
 62
     7
370
    25
100
AcDbLine
 10
137.042527929
 20
207.8727652136
 30
0.0
 11
137.2192758908
 21
207.7707307871
 31
0.0
  0
LINE
  5
C79
330
1F
100
AcDbEntity
  8
0
  6
Continuous
 62
     7
370
    25
100
AcDbLine
 10
135.9052645226
 20
210.0467315872
 30
0.0
 11
135.9052645226
 21
209.8425632093
 31
0.0
  0
LINE
  5
C7A
330
1F
100
AcDbEntity
  8
0
  6
Continuous
 62
     7
370
    25
100
AcDbLine
 10
153.4827605915
 20
200.3076963283
 30
0.0
 11
154.3489663985
 21
200.8077462968
 31
0.0
  0
LINE
  5
C7B
330
1F
100
AcDbEntity
  8
0
  6
Continuous
 62
     7
370
    25
100
AcDbLine
 10
154.9735773885
 20
201.1683265462
 30
0.0
 11
155.8397831955
 21
201.6683765147
 31
0.0
  0
LINE
  5
C7C
330
1F
100
AcDbEntity
  8
0
  6
Continuous
 62
     7
370
    25
100
AcDbLine
 10
124.0199780421
 20
217.3161986579
 30
0.0
 11
153.4827605915
 21
200.3076963283
 31
0.0
  0
LINE
  5
C7D
330
1F
100
AcDbEntity
  8
0
  6
Continuous
 62
     7
370
    25
100
AcDbLine
 10
152.6164139903
 20
199.807565081
 30
0.0
 11
142.2869032227
 21
205.770664719
 31
0.0
  0
LINE
  5
C7E
330
1F
100
AcDbEntity
  8
0
  6
Continuous
 62
     7
370
    25
100
AcDbLine
 10
139.0635340176
 20
207.6314761527
 30
0.0
 11
137.5728580149
 21
208.4920250917
 31
0.0
  0
LINE
  5
C7F
330
1F
100
AcDbEntity
  8
0
  6
Continuous
 62
     7
370
    25
100
AcDbLine
 10
134.3494888097
 20
210.3528365254
 30
0.0
 11
124.0199780421
 21
216.3159361634
 31
0.0
  0
LINE
  5
C80
330
1F
100
AcDbEntity
  8
0
  6
Continuous
 62
     7
370
    25
100
AcDbLine
 10
124.0199780421
 20
216.3159361634
 30
0.0
 11
124.0199780421
 21
217.3161986579
 31
0.0
  0
LINE
  5
C81
330
1F
100
AcDbEntity
  8
0
  6
Continuous
 62
     7
370
    25
100
AcDbLine
 10
124.0199780421
 20
217.3161986579
 30
0.0
 11
124.8861838491
 21
217.8162486264
 31
0.0
  0
LINE
  5
C82
330
1F
100
AcDbEntity
  8
0
  6
Continuous
 62
     7
370
    25
100
AcDbLine
 10
154.3489663985
 20
200.8077462968
 30
0.0
 11
124.8861838491
 21
217.8162486264
 31
0.0
  0
LINE
  5
C83
330
1F
100
AcDbEntity
  8
0
  6
Continuous
 62
     7
370
    25
100
AcDbLine
 10
152.3452261323
 20
199.6510116629
 30
0.0
 11
142.0157153646
 21
205.6141113009
 31
0.0
  0
LINE
  5
C84
330
1F
100
AcDbEntity
  8
0
  6
Continuous
 62
     7
370
    25
100
AcDbLine
 10
138.7923461595
 20
207.4749227345
 30
0.0
 11
137.3016701568
 21
208.3354716736
 31
0.0
  0
LINE
  5
C85
330
1F
100
AcDbEntity
  8
0
  6
Continuous
 62
     7
370
    25
100
AcDbLine
 10
134.0783009516
 20
210.1962831072
 30
0.0
 11
124.550308128
 21
215.6966762852
 31
0.0
  0
LWPOLYLINE
  5
C86
330
1F
100
AcDbEntity
  8
0
  6
Continuous
 62
     7
370
    25
100
AcDbPolyline
 90
        3
 70
   128
 43
0.0
 10
124.6366416044
 20
215.9599438663
 10
124.6093059389
 20
215.8624922896
 10
124.550308128
 20
215.6966762852
  0
LWPOLYLINE
  5
C87
330
1F
100
AcDbEntity
  8
0
  6
Continuous
 62
     7
370
    25
100
AcDbPolyline
 90
        3
 70
   128
 43
0.0
 10
125.6875715344
 20
217.6664742809
 10
125.5734725523
 20
217.5324778461
 10
125.5028966609
 20
217.4602278983
  0
LINE
  5
C88
330
1F
100
AcDbEntity
  8
0
  6
Continuous
 62
     7
370
    25
100
AcDbLine
 10
154.6199377974
 20
200.9641747557
 30
0.0
 11
125.6875715344
 21
217.6664742809
 31
0.0
  0
LINE
  5
C89
330
1F
100
AcDbEntity
  8
0
  6
Continuous
 62
     7
370
    25
100
AcDbLine
 10
124.0199780421
 20
214.5943959516
 30
0.0
 11
132.8584296933
 21
209.4920664195
 31
0.0
  0
LINE
  5
C8A
330
1F
100
AcDbEntity
  8
0
  6
Continuous
 62
     7
370
    25
100
AcDbLine
 10
142.2869032227
 20
204.0491245073
 30
0.0
 11
151.125354874
 21
198.9467949751
 31
0.0
  0
LINE
  5
C8B
330
1F
100
AcDbEntity
  8
0
  6
Continuous
 62
     7
370
    25
100
AcDbLine
 10
124.0199780421
 20
214.5943959516
 30
0.0
 11
124.0199780421
 21
215.5946584462
 31
0.0
  0
LINE
  5
C8C
330
1F
100
AcDbEntity
  8
0
  6
Continuous
 62
     7
370
    25
100
AcDbLine
 10
151.9917014752
 20
199.4469262224
 30
0.0
 11
141.6730241903
 21
205.403771824
 31
0.0
  0
LINE
  5
C8D
330
1F
100
AcDbEntity
  8
0
  6
Continuous
 62
     7
370
    25
100
AcDbLine
 10
138.4388215024
 20
207.2708372941
 30
0.0
 11
136.9589789825
 21
208.1251321967
 31
0.0
  0
LINE
  5
C8E
330
1F
100
AcDbEntity
  8
0
  6
Continuous
 62
     7
370
    25
100
AcDbLine
 10
133.7247762945
 20
209.9921976668
 30
0.0
 11
124.0199780421
 21
215.5946584462
 31
0.0
  0
LINE
  5
C8F
330
1F
100
AcDbEntity
  8
0
  6
Continuous
 62
     7
370
    25
100
AcDbLine
 10
124.1967547374
 20
215.6967094602
 30
0.0
 11
124.0199780421
 21
215.5946584462
 31
0.0
  0
LINE
  5
C90
330
1F
100
AcDbEntity
  8
0
  6
Continuous
 62
     7
370
    25
100
AcDbLine
 10
152.1684781705
 20
199.5489772364
 30
0.0
 11
141.8389674029
 21
205.5120768744
 31
0.0
  0
LINE
  5
C91
330
1F
100
AcDbEntity
  8
0
  6
Continuous
 62
     7
370
    25
100
AcDbLine
 10
138.6155981977
 20
207.3728883081
 30
0.0
 11
137.124922195
 21
208.2334372471
 31
0.0
  0
LINE
  5
C92
330
1F
100
AcDbEntity
  8
0
  6
Continuous
 62
     7
370
    25
100
AcDbLine
 10
133.9015529898
 20
210.0942486808
 30
0.0
 11
124.1967547374
 21
215.6967094602
 31
0.0
  0
LINE
  5
C93
330
1F
100
AcDbEntity
  8
0
  6
Continuous
 62
     7
370
    25
100
AcDbLine
 10
126.3770006461
 20
218.6768788443
 30
0.0
 11
155.8397831955
 21
201.6683765147
 31
0.0
  0
LINE
  5
C94
330
1F
100
AcDbEntity
  8
0
  6
Continuous
 62
     7
370
    25
100
AcDbLine
 10
154.9735773885
 20
201.1683265462
 30
0.0
 11
125.5107948391
 21
218.1768288758
 31
0.0
  0
LINE
  5
C95
330
1F
100
AcDbEntity
  8
0
  6
Continuous
 62
     7
370
    25
100
AcDbLine
 10
125.5107948391
 20
218.1768288758
 30
0.0
 11
126.3770006461
 21
218.6768788443
 31
0.0
  0
LINE
  5
C96
330
1F
100
AcDbEntity
  8
0
  6
Continuous
 62
     7
370
    25
100
AcDbLine
 10
154.7967719597
 20
201.0662589447
 30
0.0
 11
125.5107948391
 21
217.9726936728
 31
0.0
  0
LINE
  5
C97
330
1F
100
AcDbEntity
  8
0
  6
Continuous
 62
     7
370
    25
100
AcDbLine
 10
125.5107948391
 20
218.1768288758
 30
0.0
 11
125.5107948391
 21
217.9726936728
 31
0.0
  0
LINE
  5
C98
330
1F
100
AcDbEntity
  8
0
  6
Continuous
 62
     7
370
    25
100
AcDbLine
 10
124.550308128
 20
215.6966762852
 30
0.0
 11
124.3735601662
 21
215.5946418587
 31
0.0
  0
LINE
  5
C99
330
1F
100
AcDbEntity
  8
0
  6
Continuous
 62
     7
370
    25
100
AcDbLine
 10
125.6875715344
 20
217.8706426589
 30
0.0
 11
125.6875715344
 21
217.6664742809
 31
0.0
  0
LINE
  5
C9A
330
1F
100
AcDbEntity
  8
0
  6
Continuous
 62
     7
370
    25
100
AcDbLine
 10
151.5500020563
 20
191.8927212737
 30
0.0
 11
153.4827605915
 21
190.7769635208
 31
0.0
  0
LINE
  5
C9B
330
1F
100
AcDbEntity
  8
0
  6
Continuous
 62
     7
370
    25
100
AcDbLine
 10
165.7392781321
 20
183.7014265517
 30
0.0
 11
175.4266410343
 21
178.1090309858
 31
0.0
  0
LINE
  5
C9C
330
1F
100
AcDbEntity
  8
0
  6
Continuous
 62
     7
370
    25
100
AcDbLine
 10
175.4266410343
 20
177.1087684912
 30
0.0
 11
165.1057029723
 21
183.0669192116
 31
0.0
  0
LINE
  5
C9D
330
1F
100
AcDbEntity
  8
0
  6
Continuous
 62
     7
370
    25
100
AcDbLine
 10
153.4827605915
 20
189.7767010263
 30
0.0
 11
151.5500020563
 21
190.8924587791
 31
0.0
  0
LINE
  5
C9E
330
1F
100
AcDbEntity
  8
0
  6
Continuous
 62
     7
370
    25
100
AcDbLine
 10
175.4266410343
 20
179.1091309227
 30
0.0
 11
166.269608218
 21
184.3953734468
 31
0.0
  0
LINE
  5
C9F
330
1F
100
AcDbEntity
  8
0
  6
Continuous
 62
     7
370
    25
100
AcDbLine
 10
153.4827605915
 20
191.7770634578
 30
0.0
 11
151.5500020563
 21
192.8928212107
 31
0.0
  0
LINE
  5
CA0
330
1F
100
AcDbEntity
  8
0
  6
Continuous
 62
     7
370
    25
100
AcDbLine
 10
175.4266410343
 20
176.7956616549
 30
0.0
 11
164.9732457858
 21
182.8302782815
 31
0.0
  0
LINE
  5
CA1
330
1F
100
AcDbEntity
  8
0
  6
Continuous
 62
     7
370
    25
100
AcDbLine
 10
153.4827605915
 20
189.46359419
 30
0.0
 11
151.5500020563
 21
190.5793519429
 31
0.0
  0
LINE
  5
CA2
330
1F
100
AcDbEntity
  8
0
  6
Continuous
 62
     7
370
    25
100
AcDbLine
 10
175.4266410343
 20
179.4219878406
 30
0.0
 11
166.269608218
 21
184.7082303646
 31
0.0
  0
LINE
  5
CA3
330
1F
100
AcDbEntity
  8
0
  6
Continuous
 62
     7
370
    25
100
AcDbLine
 10
153.4827605915
 20
192.0899203756
 30
0.0
 11
151.5500020563
 21
193.2056781285
 31
0.0
  0
LINE
  5
CA4
330
1F
100
AcDbEntity
  8
0
  6
Continuous
 62
     7
370
    25
100
AcDbLine
 10
164.3809252261
 20
181.7637842868
 30
0.0
 11
174.6955809135
 21
175.809260304
 31
0.0
  0
LINE
  5
CA5
330
1F
100
AcDbEntity
  8
0
  6
Continuous
 62
     7
370
    25
100
AcDbLine
 10
175.4266410343
 20
176.387490774
 30
0.0
 11
164.9732457858
 21
182.4221074006
 31
0.0
  0
LINE
  5
CA6
330
1F
100
AcDbEntity
  8
0
  6
Continuous
 62
     7
370
    25
100
AcDbLine
 10
153.4827605915
 20
189.0554233091
 30
0.0
 11
151.5500020563
 21
190.171181062
 31
0.0
  0
LINE
  5
CA7
330
1F
100
AcDbEntity
  8
0
  6
Continuous
 62
     7
370
    25
100
AcDbLine
 10
175.4266410343
 20
176.591592802
 30
0.0
 11
164.9732457858
 21
182.6262094285
 31
0.0
  0
LINE
  5
CA8
330
1F
100
AcDbEntity
  8
0
  6
Continuous
 62
     7
370
    25
100
AcDbLine
 10
153.4827605915
 20
189.2595253371
 30
0.0
 11
151.5500020563
 21
190.3752830899
 31
0.0
  0
LINE
  5
CA9
330
1F
100
AcDbEntity
  8
0
  6
Continuous
 62
     7
370
    25
100
AcDbLine
 10
152.2994603696
 20
194.1814285714
 30
0.0
 11
153.4827605915
 21
193.4983238936
 31
0.0
  0
LINE
  5
CAA
330
1F
100
AcDbEntity
  8
0
  6
Continuous
 62
     7
370
    25
100
AcDbLine
 10
166.269608218
 20
186.1166338825
 30
0.0
 11
175.4266410343
 21
180.8303913585
 31
0.0
  0
LINE
  5
CAB
330
1F
100
AcDbEntity
  8
0
  6
Continuous
 62
     7
370
    25
100
AcDbLine
 10
175.4266410343
 20
179.8302914215
 30
0.0
 11
166.269608218
 21
185.1165339455
 31
0.0
  0
LINE
  5
CAC
330
1F
100
AcDbEntity
  8
0
  6
Continuous
 62
     7
370
    25
100
AcDbLine
 10
153.4827605915
 20
192.4982239566
 30
0.0
 11
151.5500020563
 21
193.6139817095
 31
0.0
  0
LINE
  5
CAD
330
1F
100
AcDbEntity
  8
0
  6
Continuous
 62
     7
370
    25
100
AcDbLine
 10
175.4266410343
 20
179.6261562185
 30
0.0
 11
166.269608218
 21
184.9123987426
 31
0.0
  0
LINE
  5
CAE
330
1F
100
AcDbEntity
  8
0
  6
Continuous
 62
     7
370
    25
100
AcDbLine
 10
153.4827605915
 20
192.2940887536
 30
0.0
 11
151.5500020563
 21
193.4098465065
 31
0.0
  0
LINE
  5
CAF
330
1F
100
AcDbEntity
  8
0
  6
Continuous
 62
     7
370
    25
100
AcDbLine
 10
177.7836636383
 20
208.8931459708
 30
0.0
 11
177.7836636383
 21
174.8706121422
 31
0.0
  0
LINE
  5
CB0
330
1F
100
AcDbEntity
  8
0
  6
Continuous
 62
     7
370
    25
100
AcDbLine
 10
177.7836636383
 20
208.8931459708
 30
0.0
 11
178.6498694452
 21
209.3931959393
 31
0.0
  0
LINE
  5
CB1
330
1F
100
AcDbEntity
  8
0
  6
Continuous
 62
     7
370
    25
100
AcDbLine
 10
178.6498694452
 20
175.3706621107
 30
0.0
 11
178.6498694452
 21
181.1750689394
 31
0.0
  0
LINE
  5
CB2
330
1F
100
AcDbEntity
  8
0
  6
Continuous
 62
     7
370
    25
100
AcDbLine
 10
178.6498694452
 20
190.3405769953
 30
0.0
 11
178.6498694452
 21
193.4231811177
 31
0.0
  0
LINE
  5
CB3
330
1F
100
AcDbEntity
  8
0
  6
Continuous
 62
     7
370
    25
100
AcDbLine
 10
178.6498694452
 20
202.5886891735
 30
0.0
 11
178.6498694452
 21
209.3931959393
 31
0.0
  0
LINE
  5
CB4
330
1F
100
AcDbEntity
  8
0
  6
Continuous
 62
     7
370
    25
100
AcDbLine
 10
177.7836636383
 20
174.8706121422
 30
0.0
 11
178.6498694452
 21
175.3706621107
 31
0.0
  0
LINE
  5
CB5
330
1F
100
AcDbEntity
  8
0
  6
Continuous
 62
     7
370
    25
100
AcDbLine
 10
176.9174578313
 20
175.3706621107
 30
0.0
 11
177.7836636383
 21
174.8706121422
 31
0.0
  0
LINE
  5
CB6
330
1F
100
AcDbEntity
  8
0
  6
Continuous
 62
     7
370
    25
100
AcDbLine
 10
176.9174578313
 20
175.3706621107
 30
0.0
 11
176.9174578313
 21
208.3930960022
 31
0.0
  0
LINE
  5
CB7
330
1F
100
AcDbEntity
  8
0
  6
Continuous
 62
     7
370
    25
100
AcDbLine
 10
179.2744804353
 20
209.7537761886
 30
0.0
 11
180.1406862422
 21
210.2538261571
 31
0.0
  0
LWPOLYLINE
  5
CB8
330
1F
100
AcDbEntity
  8
0
  6
Continuous
 62
     7
370
    25
100
AcDbPolyline
 90
        3
 70
   128
 43
0.0
 10
176.9174578313
 20
176.0826172814
 10
176.8194970248
 20
176.1076371869
 10
176.6464002319
 20
176.139446416
  0
LINE
  5
CB9
330
1F
100
AcDbEntity
  8
0
  6
Continuous
 62
     7
370
    25
100
AcDbLine
 10
176.6464002319
 20
176.139446416
 30
0.0
 11
176.6464002319
 21
208.2366177808
 31
0.0
  0
LWPOLYLINE
  5
CBA
330
1F
100
AcDbEntity
  8
0
  6
Continuous
 62
     7
370
    25
100
AcDbPolyline
 90
        3
 70
   128
 43
0.0
 10
178.9209270447
 20
176.139446416
 10
178.7478302517
 20
176.1076371869
 10
178.6498694452
 20
176.0826172814
  0
LINE
  5
CBB
330
1F
100
AcDbEntity
  8
0
  6
Continuous
 62
     7
370
    25
100
AcDbLine
 10
178.9209270447
 20
176.139446416
 30
0.0
 11
178.9209270447
 21
181.018590718
 31
0.0
  0
LINE
  5
CBC
330
1F
100
AcDbEntity
  8
0
  6
Continuous
 62
     7
370
    25
100
AcDbLine
 10
178.9209270447
 20
190.4970552167
 30
0.0
 11
178.9209270447
 21
193.2667028963
 31
0.0
  0
LINE
  5
CBD
330
1F
100
AcDbEntity
  8
0
  6
Continuous
 62
     7
370
    25
100
AcDbLine
 10
178.9209270447
 20
202.745167395
 30
0.0
 11
178.9209270447
 21
209.5496741606
 31
0.0
  0
LINE
  5
CBE
330
1F
100
AcDbEntity
  8
0
  6
Continuous
 62
     7
370
    25
100
AcDbLine
 10
175.4266410343
 20
207.5324657843
 30
0.0
 11
175.4266410343
 21
176.2312923286
 31
0.0
  0
LINE
  5
CBF
330
1F
100
AcDbEntity
  8
0
  6
Continuous
 62
     7
370
    25
100
AcDbLine
 10
176.2928468413
 20
175.7312423601
 30
0.0
 11
176.2928468413
 21
208.0325157528
 31
0.0
  0
LINE
  5
CC0
330
1F
100
AcDbEntity
  8
0
  6
Continuous
 62
     7
370
    25
100
AcDbLine
 10
175.4266410343
 20
176.2312923286
 30
0.0
 11
176.2928468413
 21
175.7312423601
 31
0.0
  0
LINE
  5
CC1
330
1F
100
AcDbEntity
  8
0
  6
Continuous
 62
     7
370
    25
100
AcDbLine
 10
176.4696235366
 20
175.833293374
 30
0.0
 11
176.2928468413
 21
175.7312423601
 31
0.0
  0
LINE
  5
CC2
330
1F
100
AcDbEntity
  8
0
  6
Continuous
 62
     7
370
    25
100
AcDbLine
 10
176.4696235366
 20
175.833293374
 30
0.0
 11
176.4696235366
 21
208.1345667668
 31
0.0
  0
LINE
  5
CC3
330
1F
100
AcDbEntity
  8
0
  6
Continuous
 62
     7
370
    25
100
AcDbLine
 10
180.1406862422
 20
210.2538261571
 30
0.0
 11
180.1406862422
 21
203.4493193914
 31
0.0
  0
LINE
  5
CC4
330
1F
100
AcDbEntity
  8
0
  6
Continuous
 62
     7
370
    25
100
AcDbLine
 10
180.1406862422
 20
192.5625508998
 30
0.0
 11
180.1406862422
 21
191.2012072131
 31
0.0
  0
LINE
  5
CC5
330
1F
100
AcDbEntity
  8
0
  6
Continuous
 62
     7
370
    25
100
AcDbLine
 10
180.1406862422
 20
180.3144387215
 30
0.0
 11
180.1406862422
 21
176.2312923286
 31
0.0
  0
LINE
  5
CC6
330
1F
100
AcDbEntity
  8
0
  6
Continuous
 62
     7
370
    25
100
AcDbLine
 10
179.2744804353
 20
175.7312423601
 30
0.0
 11
180.1406862422
 21
176.2312923286
 31
0.0
  0
LINE
  5
CC7
330
1F
100
AcDbEntity
  8
0
  6
Continuous
 62
     7
370
    25
100
AcDbLine
 10
179.2744804353
 20
175.7312423601
 30
0.0
 11
179.2744804353
 21
180.81448869
 31
0.0
  0
LINE
  5
CC8
330
1F
100
AcDbEntity
  8
0
  6
Continuous
 62
     7
370
    25
100
AcDbLine
 10
179.2744804353
 20
190.7011572446
 30
0.0
 11
179.2744804353
 21
193.0626008683
 31
0.0
  0
LINE
  5
CC9
330
1F
100
AcDbEntity
  8
0
  6
Continuous
 62
     7
370
    25
100
AcDbLine
 10
179.2744804353
 20
202.9492694229
 30
0.0
 11
179.2744804353
 21
209.7537761886
 31
0.0
  0
LINE
  5
CCA
330
1F
100
AcDbEntity
  8
0
  6
Continuous
 62
     7
370
    25
100
AcDbLine
 10
179.2744804353
 20
175.7312423601
 30
0.0
 11
179.09770374
 21
175.833293374
 31
0.0
  0
LINE
  5
CCB
330
1F
100
AcDbEntity
  8
0
  6
Continuous
 62
     7
370
    25
100
AcDbLine
 10
179.09770374
 20
175.833293374
 30
0.0
 11
179.09770374
 21
180.916539704
 31
0.0
  0
LINE
  5
CCC
330
1F
100
AcDbEntity
  8
0
  6
Continuous
 62
     7
370
    25
100
AcDbLine
 10
179.09770374
 20
190.5991062307
 30
0.0
 11
179.09770374
 21
193.1646518823
 31
0.0
  0
LINE
  5
CCD
330
1F
100
AcDbEntity
  8
0
  6
Continuous
 62
     7
370
    25
100
AcDbLine
 10
179.09770374
 20
202.8472184089
 30
0.0
 11
179.09770374
 21
209.6517251746
 31
0.0
  0
LINE
  5
CCE
330
1F
100
AcDbEntity
  8
0
  6
Continuous
 62
     7
370
    25
100
AcDbLine
 10
176.6464002319
 20
176.139446416
 30
0.0
 11
176.4696235366
 21
176.037395402
 31
0.0
  0
LINE
  5
CCF
330
1F
100
AcDbEntity
  8
0
  6
Continuous
 62
     7
370
    25
100
AcDbLine
 10
179.09770374
 20
176.037395402
 30
0.0
 11
178.9209270447
 21
176.139446416
 31
0.0
  0
LINE
  5
CD0
330
1F
100
AcDbEntity
  8
0
  6
Continuous
 62
     7
370
    25
100
AcDbLine
 10
135.9818677572
 20
188.4831057327
 30
0.0
 11
135.8050910619
 21
188.3810547188
 31
0.0
  0
LINE
  5
CD1
330
1F
100
AcDbEntity
  8
0
  6
Continuous
 62
     7
370
    25
100
AcDbLine
 10
135.8050910619
 20
190.1025949305
 30
0.0
 11
136.6712968688
 21
190.602644899
 31
0.0
  0
LINE
  5
CD2
330
1F
100
AcDbEntity
  8
0
  6
Continuous
 62
     7
370
    25
100
AcDbLine
 10
137.2959078589
 20
190.9632251484
 30
0.0
 11
138.1621136658
 21
191.4632751169
 31
0.0
  0
LINE
  5
CD3
330
1F
100
AcDbEntity
  8
0
  6
Continuous
 62
     7
370
    25
100
AcDbLine
 10
106.3423085124
 20
207.1110972601
 30
0.0
 11
135.8050910619
 21
190.1025949305
 31
0.0
  0
LINE
  5
CD4
330
1F
100
AcDbEntity
  8
0
  6
Continuous
 62
     7
370
    25
100
AcDbLine
 10
135.8050910619
 20
189.1023324359
 30
0.0
 11
106.3423085124
 21
206.1108347656
 31
0.0
  0
LINE
  5
CD5
330
1F
100
AcDbEntity
  8
0
  6
Continuous
 62
     7
370
    25
100
AcDbLine
 10
106.3423085124
 20
207.1110972601
 30
0.0
 11
107.2085143194
 21
207.6111472286
 31
0.0
  0
LINE
  5
CD6
330
1F
100
AcDbEntity
  8
0
  6
Continuous
 62
     7
370
    25
100
AcDbLine
 10
136.6712968688
 20
190.602644899
 30
0.0
 11
107.2085143194
 21
207.6111472286
 31
0.0
  0
LINE
  5
CD7
330
1F
100
AcDbEntity
  8
0
  6
Continuous
 62
     7
370
    25
100
AcDbLine
 10
136.1586157189
 20
188.5851401592
 30
0.0
 11
106.8726385983
 21
205.4915748874
 31
0.0
  0
LWPOLYLINE
  5
CD8
330
1F
100
AcDbEntity
  8
0
  6
Continuous
 62
     7
370
    25
100
AcDbPolyline
 90
        3
 70
   128
 43
0.0
 10
106.9589720748
 20
205.7548424685
 10
106.9316364092
 20
205.6573908918
 10
106.8726385983
 20
205.4915748874
  0
LWPOLYLINE
  5
CD9
330
1F
100
AcDbEntity
  8
0
  6
Continuous
 62
     7
370
    25
100
AcDbPolyline
 90
        3
 70
   128
 43
0.0
 10
108.0099020047
 20
207.4613728831
 10
107.8958030226
 20
207.3273764483
 10
107.8252271312
 20
207.2551265005
  0
LINE
  5
CDA
330
1F
100
AcDbEntity
  8
0
  6
Continuous
 62
     7
370
    25
100
AcDbLine
 10
136.9422682677
 20
190.7590733579
 30
0.0
 11
108.0099020047
 21
207.4613728831
 31
0.0
  0
LINE
  5
CDB
330
1F
100
AcDbEntity
  8
0
  6
Continuous
 62
     7
370
    25
100
AcDbLine
 10
106.3423085124
 20
204.3892945538
 30
0.0
 11
135.8050910619
 21
187.3807922242
 31
0.0
  0
LINE
  5
CDC
330
1F
100
AcDbEntity
  8
0
  6
Continuous
 62
     7
370
    25
100
AcDbLine
 10
135.8050910619
 20
188.3810547188
 30
0.0
 11
106.3423085124
 21
205.3895570484
 31
0.0
  0
LINE
  5
CDD
330
1F
100
AcDbEntity
  8
0
  6
Continuous
 62
     7
370
    25
100
AcDbLine
 10
106.5190852077
 20
205.4916080624
 30
0.0
 11
106.3423085124
 21
205.3895570484
 31
0.0
  0
LINE
  5
CDE
330
1F
100
AcDbEntity
  8
0
  6
Continuous
 62
     7
370
    25
100
AcDbLine
 10
135.9818677572
 20
188.4831057327
 30
0.0
 11
106.5190852077
 21
205.4916080624
 31
0.0
  0
LINE
  5
CDF
330
1F
100
AcDbEntity
  8
0
  6
Continuous
 62
     7
370
    25
100
AcDbLine
 10
108.6993311164
 20
208.4717774465
 30
0.0
 11
138.1621136658
 21
191.4632751169
 31
0.0
  0
LINE
  5
CE0
330
1F
100
AcDbEntity
  8
0
  6
Continuous
 62
     7
370
    25
100
AcDbLine
 10
137.2959078589
 20
190.9632251484
 30
0.0
 11
107.8331253094
 21
207.971727478
 31
0.0
  0
LINE
  5
CE1
330
1F
100
AcDbEntity
  8
0
  6
Continuous
 62
     7
370
    25
100
AcDbLine
 10
107.8331253094
 20
207.971727478
 30
0.0
 11
108.6993311164
 21
208.4717774465
 31
0.0
  0
LINE
  5
CE2
330
1F
100
AcDbEntity
  8
0
  6
Continuous
 62
     7
370
    25
100
AcDbLine
 10
137.1191024301
 20
190.8611575469
 30
0.0
 11
107.8331253094
 21
207.767592275
 31
0.0
  0
LINE
  5
CE3
330
1F
100
AcDbEntity
  8
0
  6
Continuous
 62
     7
370
    25
100
AcDbLine
 10
107.8331253094
 20
207.971727478
 30
0.0
 11
107.8331253094
 21
207.767592275
 31
0.0
  0
LINE
  5
CE4
330
1F
100
AcDbEntity
  8
0
  6
Continuous
 62
     7
370
    25
100
AcDbLine
 10
106.8726385983
 20
205.4915748874
 30
0.0
 11
106.6958906366
 21
205.3895404609
 31
0.0
  0
LINE
  5
CE5
330
1F
100
AcDbEntity
  8
0
  6
Continuous
 62
     7
370
    25
100
AcDbLine
 10
108.0099020047
 20
207.6655412611
 30
0.0
 11
108.0099020047
 21
207.4613728831
 31
0.0
  0
LINE
  5
CE6
330
1F
100
AcDbEntity
  8
0
  6
Continuous
 62
     7
370
    25
100
AcDbLine
 10
124.0199780421
 20
214.5943959516
 30
0.0
 11
124.0199780421
 21
204.3897368874
 31
0.0
  0
LINE
  5
CE7
330
1F
100
AcDbEntity
  8
0
  6
Continuous
 62
     7
370
    25
100
AcDbLine
 10
124.0199780421
 20
194.1841931561
 30
0.0
 11
124.0199780421
 21
180.5718621231
 31
0.0
  0
LINE
  5
CE8
330
1F
100
AcDbEntity
  8
0
  6
Continuous
 62
     7
370
    25
100
AcDbLine
 10
123.1537722352
 20
181.0719120915
 30
0.0
 11
124.0199780421
 21
180.5718621231
 31
0.0
  0
LINE
  5
CE9
330
1F
100
AcDbEntity
  8
0
  6
Continuous
 62
     7
370
    25
100
AcDbLine
 10
123.1537722352
 20
181.0719120915
 30
0.0
 11
123.1537722352
 21
194.6842431246
 31
0.0
  0
LINE
  5
CEA
330
1F
100
AcDbEntity
  8
0
  6
Continuous
 62
     7
370
    25
100
AcDbLine
 10
123.1537722352
 20
203.8896869189
 30
0.0
 11
123.1537722352
 21
214.0943459831
 31
0.0
  0
LINE
  5
CEB
330
1F
100
AcDbEntity
  8
0
  6
Continuous
 62
     7
370
    25
100
AcDbLine
 10
124.8861838491
 20
181.0719120915
 30
0.0
 11
124.8861838491
 21
193.6841431876
 31
0.0
  0
LINE
  5
CEC
330
1F
100
AcDbEntity
  8
0
  6
Continuous
 62
     7
370
    25
100
AcDbLine
 10
124.8861838491
 20
204.8897868559
 30
0.0
 11
124.8861838491
 21
214.0943459831
 31
0.0
  0
LINE
  5
CED
330
1F
100
AcDbEntity
  8
0
  6
Continuous
 62
     7
370
    25
100
AcDbLine
 10
124.0199780421
 20
180.5718621231
 30
0.0
 11
124.8861838491
 21
181.0719120915
 31
0.0
  0
LWPOLYLINE
  5
CEE
330
1F
100
AcDbEntity
  8
0
  6
Continuous
 62
     7
370
    25
100
AcDbPolyline
 90
        3
 70
   128
 43
0.0
 10
123.1430402776
 20
181.7868771631
 10
123.0558114287
 20
181.8088871678
 10
122.8827146357
 20
181.8406963968
  0
LINE
  5
CEF
330
1F
100
AcDbEntity
  8
0
  6
Continuous
 62
     7
370
    25
100
AcDbLine
 10
122.8827146357
 20
181.8406963968
 30
0.0
 11
122.8827146357
 21
194.840721346
 31
0.0
  0
LINE
  5
CF0
330
1F
100
AcDbEntity
  8
0
  6
Continuous
 62
     7
370
    25
100
AcDbLine
 10
122.8827146357
 20
203.7332086975
 30
0.0
 11
122.8827146357
 21
213.9378677617
 31
0.0
  0
LWPOLYLINE
  5
CF1
330
1F
100
AcDbEntity
  8
0
  6
Continuous
 62
     7
370
    25
100
AcDbPolyline
 90
        3
 70
   128
 43
0.0
 10
125.1572414485
 20
181.8406963968
 10
124.9841446555
 20
181.8088871678
 10
124.8861838491
 20
181.7838672622
  0
LINE
  5
CF2
330
1F
100
AcDbEntity
  8
0
  6
Continuous
 62
     7
370
    25
100
AcDbLine
 10
125.1572414485
 20
181.8406963968
 30
0.0
 11
125.1572414485
 21
193.5276649661
 31
0.0
  0
LINE
  5
CF3
330
1F
100
AcDbEntity
  8
0
  6
Continuous
 62
     7
370
    25
100
AcDbLine
 10
125.1572414485
 20
205.0462650773
 30
0.0
 11
125.1572414485
 21
213.9378677617
 31
0.0
  0
LINE
  5
CF4
330
1F
100
AcDbEntity
  8
0
  6
Continuous
 62
     7
370
    25
100
AcDbLine
 10
121.6629554381
 20
213.2337157653
 30
0.0
 11
121.6629554381
 21
203.029056701
 31
0.0
  0
LINE
  5
CF5
330
1F
100
AcDbEntity
  8
0
  6
Continuous
 62
     7
370
    25
100
AcDbLine
 10
121.6629554381
 20
195.5448733424
 30
0.0
 11
121.6629554381
 21
181.9325423094
 31
0.0
  0
LINE
  5
CF6
330
1F
100
AcDbEntity
  8
0
  6
Continuous
 62
     7
370
    25
100
AcDbLine
 10
122.5291612451
 20
181.4324923409
 30
0.0
 11
122.5291612451
 21
195.0448233739
 31
0.0
  0
LINE
  5
CF7
330
1F
100
AcDbEntity
  8
0
  6
Continuous
 62
     7
370
    25
100
AcDbLine
 10
122.5291612451
 20
203.5291066695
 30
0.0
 11
122.5291612451
 21
213.7337657338
 31
0.0
  0
LINE
  5
CF8
330
1F
100
AcDbEntity
  8
0
  6
Continuous
 62
     7
370
    25
100
AcDbLine
 10
121.6629554381
 20
181.9325423094
 30
0.0
 11
122.5291612451
 21
181.4324923409
 31
0.0
  0
LINE
  5
CF9
330
1F
100
AcDbEntity
  8
0
  6
Continuous
 62
     7
370
    25
100
AcDbLine
 10
122.7059379404
 20
181.5345433549
 30
0.0
 11
122.5291612451
 21
181.4324923409
 31
0.0
  0
LINE
  5
CFA
330
1F
100
AcDbEntity
  8
0
  6
Continuous
 62
     7
370
    25
100
AcDbLine
 10
122.7059379404
 20
181.5345433549
 30
0.0
 11
122.7059379404
 21
194.94277236
 31
0.0
  0
LINE
  5
CFB
330
1F
100
AcDbEntity
  8
0
  6
Continuous
 62
     7
370
    25
100
AcDbLine
 10
122.7059379404
 20
203.6311576835
 30
0.0
 11
122.7059379404
 21
213.8358167477
 31
0.0
  0
LINE
  5
CFC
330
1F
100
AcDbEntity
  8
0
  6
Continuous
 62
     7
370
    25
100
AcDbLine
 10
125.5107948391
 20
181.4324923409
 30
0.0
 11
125.3340181438
 21
181.5345433549
 31
0.0
  0
LINE
  5
CFD
330
1F
100
AcDbEntity
  8
0
  6
Continuous
 62
     7
370
    25
100
AcDbLine
 10
125.3340181438
 20
181.5345433549
 30
0.0
 11
125.3340181438
 21
193.4256139522
 31
0.0
  0
LINE
  5
CFE
330
1F
100
AcDbEntity
  8
0
  6
Continuous
 62
     7
370
    25
100
AcDbLine
 10
125.3340181438
 20
205.1483160913
 30
0.0
 11
125.3340181438
 21
213.8358167477
 31
0.0
  0
LINE
  5
CFF
330
1F
100
AcDbEntity
  8
0
  6
Continuous
 62
     7
370
    25
100
AcDbLine
 10
125.5107948391
 20
181.4324923409
 30
0.0
 11
125.5107948391
 21
193.3235629382
 31
0.0
  0
LINE
  5
D00
330
1F
100
AcDbEntity
  8
0
  6
Continuous
 62
     7
370
    25
100
AcDbLine
 10
125.5107948391
 20
205.2503671053
 30
0.0
 11
125.5107948391
 21
213.7337657338
 31
0.0
  0
LINE
  5
D01
330
1F
100
AcDbEntity
  8
0
  6
Continuous
 62
     7
370
    25
100
AcDbLine
 10
126.3770006461
 20
213.2337157653
 30
0.0
 11
126.3770006461
 21
205.7504170738
 31
0.0
  0
LINE
  5
D02
330
1F
100
AcDbEntity
  8
0
  6
Continuous
 62
     7
370
    25
100
AcDbLine
 10
126.3770006461
 20
192.8235129697
 30
0.0
 11
126.3770006461
 21
181.9325423094
 31
0.0
  0
LINE
  5
D03
330
1F
100
AcDbEntity
  8
0
  6
Continuous
 62
     7
370
    25
100
AcDbLine
 10
125.5107948391
 20
181.4324923409
 30
0.0
 11
126.3770006461
 21
181.9325423094
 31
0.0
  0
LINE
  5
D04
330
1F
100
AcDbEntity
  8
0
  6
Continuous
 62
     7
370
    25
100
AcDbLine
 10
122.8827146357
 20
181.8406963968
 30
0.0
 11
122.7059379404
 21
181.7386453829
 31
0.0
  0
LINE
  5
D05
330
1F
100
AcDbEntity
  8
0
  6
Continuous
 62
     7
370
    25
100
AcDbLine
 10
125.3340181438
 20
181.7386453829
 30
0.0
 11
125.1572414485
 21
181.8406963968
 31
0.0
  0
LINE
  5
D06
330
1F
100
AcDbEntity
  8
0
  6
Continuous
 62
     7
370
    25
100
AcDbLine
 10
147.5902040817
 20
230.9230005216
 30
0.0
 11
177.0529866311
 21
213.914498192
 31
0.0
  0
LINE
  5
D07
330
1F
100
AcDbEntity
  8
0
  6
Continuous
 62
     7
370
    25
100
AcDbLine
 10
176.1866400299
 20
213.4143669447
 30
0.0
 11
147.5902040817
 21
229.9227380271
 31
0.0
  0
LINE
  5
D08
330
1F
100
AcDbEntity
  8
0
  6
Continuous
 62
     7
370
    25
100
AcDbLine
 10
147.5902040817
 20
229.9227380271
 30
0.0
 11
147.5902040817
 21
230.9230005216
 31
0.0
  0
LINE
  5
D09
330
1F
100
AcDbEntity
  8
0
  6
Continuous
 62
     7
370
    25
100
AcDbLine
 10
147.5902040817
 20
230.9230005216
 30
0.0
 11
148.4564098886
 21
231.4230504901
 31
0.0
  0
LINE
  5
D0A
330
1F
100
AcDbEntity
  8
0
  6
Continuous
 62
     7
370
    25
100
AcDbLine
 10
167.9017505928
 20
220.1974942443
 30
0.0
 11
154.3489663985
 21
228.0213500242
 31
0.0
  0
LINE
  5
D0B
330
1F
100
AcDbEntity
  8
0
  6
Continuous
 62
     7
370
    25
100
AcDbLine
 10
151.1257379876
 20
229.8820801791
 30
0.0
 11
148.4564098886
 21
231.4230504901
 31
0.0
  0
LINE
  5
D0C
330
1F
100
AcDbEntity
  8
0
  6
Continuous
 62
     7
370
    25
100
AcDbLine
 10
175.9154521718
 20
213.2578135266
 30
0.0
 11
148.1205341675
 21
229.3034781489
 31
0.0
  0
LWPOLYLINE
  5
D0D
330
1F
100
AcDbEntity
  8
0
  6
Continuous
 62
     7
370
    25
100
AcDbPolyline
 90
        3
 70
   128
 43
0.0
 10
148.206867644
 20
229.56674573
 10
148.1795319784
 20
229.4692941533
 10
148.1205341675
 20
229.3034781489
  0
LWPOLYLINE
  5
D0E
330
1F
100
AcDbEntity
  8
0
  6
Continuous
 62
     7
370
    25
100
AcDbPolyline
 90
        3
 70
   128
 43
0.0
 10
149.257797574
 20
231.2732761446
 10
149.1436985919
 20
231.1392797098
 10
149.0731227004
 20
231.067029762
  0
LINE
  5
D0F
330
1F
100
AcDbEntity
  8
0
  6
Continuous
 62
     7
370
    25
100
AcDbLine
 10
168.1727219917
 20
220.3539227032
 30
0.0
 11
154.6199377974
 21
228.1777784831
 31
0.0
  0
LINE
  5
D10
330
1F
100
AcDbEntity
  8
0
  6
Continuous
 62
     7
370
    25
100
AcDbLine
 10
151.3965685922
 20
230.0385899168
 30
0.0
 11
149.257797574
 21
231.2732761446
 31
0.0
  0
LINE
  5
D11
330
1F
100
AcDbEntity
  8
0
  6
Continuous
 62
     7
370
    25
100
AcDbLine
 10
147.5902040817
 20
228.2011978153
 30
0.0
 11
174.6955809135
 21
212.5535968389
 31
0.0
  0
LINE
  5
D12
330
1F
100
AcDbEntity
  8
0
  6
Continuous
 62
     7
370
    25
100
AcDbLine
 10
147.5902040817
 20
228.2011978153
 30
0.0
 11
147.5902040817
 21
229.2014603099
 31
0.0
  0
LINE
  5
D13
330
1F
100
AcDbEntity
  8
0
  6
Continuous
 62
     7
370
    25
100
AcDbLine
 10
175.5619275147
 20
213.0537280861
 30
0.0
 11
147.5902040817
 21
229.2014603099
 31
0.0
  0
LINE
  5
D14
330
1F
100
AcDbEntity
  8
0
  6
Continuous
 62
     7
370
    25
100
AcDbLine
 10
147.766980777
 20
229.3035113239
 30
0.0
 11
147.5902040817
 21
229.2014603099
 31
0.0
  0
LINE
  5
D15
330
1F
100
AcDbEntity
  8
0
  6
Continuous
 62
     7
370
    25
100
AcDbLine
 10
175.73870421
 20
213.1557791001
 30
0.0
 11
147.766980777
 21
229.3035113239
 31
0.0
  0
LINE
  5
D16
330
1F
100
AcDbEntity
  8
0
  6
Continuous
 62
     7
370
    25
100
AcDbLine
 10
149.9472266856
 20
232.283680708
 30
0.0
 11
151.1257379876
 21
231.6033406148
 31
0.0
  0
LINE
  5
D17
330
1F
100
AcDbEntity
  8
0
  6
Continuous
 62
     7
370
    25
100
AcDbLine
 10
155.8397831955
 20
228.8819802421
 30
0.0
 11
169.3925673898
 21
221.0581244621
 31
0.0
  0
LINE
  5
D18
330
1F
100
AcDbEntity
  8
0
  6
Continuous
 62
     7
370
    25
100
AcDbLine
 10
168.5263615829
 20
220.5580744936
 30
0.0
 11
154.9735773885
 21
228.3819302736
 31
0.0
  0
LINE
  5
D19
330
1F
100
AcDbEntity
  8
0
  6
Continuous
 62
     7
370
    25
100
AcDbLine
 10
151.7397020403
 20
230.2488067745
 30
0.0
 11
149.0810208787
 21
231.7836307395
 31
0.0
  0
LINE
  5
D1A
330
1F
100
AcDbEntity
  8
0
  6
Continuous
 62
     7
370
    25
100
AcDbLine
 10
149.0810208787
 20
231.7836307395
 30
0.0
 11
149.9472266856
 21
232.283680708
 31
0.0
  0
LINE
  5
D1B
330
1F
100
AcDbEntity
  8
0
  6
Continuous
 62
     7
370
    25
100
AcDbLine
 10
168.3495561541
 20
220.4560068922
 30
0.0
 11
154.7967719597
 21
228.2798626721
 31
0.0
  0
LINE
  5
D1C
330
1F
100
AcDbEntity
  8
0
  6
Continuous
 62
     7
370
    25
100
AcDbLine
 10
151.5734027546
 20
230.1406741057
 30
0.0
 11
149.0810208787
 21
231.5794955365
 31
0.0
  0
LINE
  5
D1D
330
1F
100
AcDbEntity
  8
0
  6
Continuous
 62
     7
370
    25
100
AcDbLine
 10
149.0810208787
 20
231.7836307395
 30
0.0
 11
149.0810208787
 21
231.5794955365
 31
0.0
  0
LINE
  5
D1E
330
1F
100
AcDbEntity
  8
0
  6
Continuous
 62
     7
370
    25
100
AcDbLine
 10
148.1205341675
 20
229.3034781489
 30
0.0
 11
147.9437862058
 21
229.2014437224
 31
0.0
  0
LINE
  5
D1F
330
1F
100
AcDbEntity
  8
0
  6
Continuous
 62
     7
370
    25
100
AcDbLine
 10
149.257797574
 20
231.4774445226
 30
0.0
 11
149.257797574
 21
231.2732761446
 31
0.0
  0
LINE
  5
D20
330
1F
100
AcDbEntity
  8
0
  6
Continuous
 62
     7
370
    25
100
AcDbLine
 10
147.7021626553
 20
191.5274650922
 30
0.0
 11
146.8359568484
 21
191.0274151237
 31
0.0
  0
LINE
  5
D21
330
1F
100
AcDbEntity
  8
0
  6
Continuous
 62
     7
370
    25
100
AcDbLine
 10
149.1929794523
 20
192.3880953101
 30
0.0
 11
148.3267736454
 21
191.8880453416
 31
0.0
  0
LINE
  5
D22
330
1F
100
AcDbEntity
  8
0
  6
Continuous
 62
     7
370
    25
100
AcDbLine
 10
146.8359568484
 20
157.0048812951
 30
0.0
 11
146.8359568484
 21
191.0274151237
 31
0.0
  0
LINE
  5
D23
330
1F
100
AcDbEntity
  8
0
  6
Continuous
 62
     7
370
    25
100
AcDbLine
 10
147.7021626553
 20
191.5274650922
 30
0.0
 11
147.7021626553
 21
187.4447610327
 31
0.0
  0
LINE
  5
D24
330
1F
100
AcDbEntity
  8
0
  6
Continuous
 62
     7
370
    25
100
AcDbLine
 10
147.7021626553
 20
183.7228583895
 30
0.0
 11
147.7021626553
 21
183.6737280117
 31
0.0
  0
LINE
  5
D25
330
1F
100
AcDbEntity
  8
0
  6
Continuous
 62
     7
370
    25
100
AcDbLine
 10
147.7021626553
 20
182.7839227108
 30
0.0
 11
147.7021626553
 21
164.5816404167
 31
0.0
  0
LINE
  5
D26
330
1F
100
AcDbEntity
  8
0
  6
Continuous
 62
     7
370
    25
100
AcDbLine
 10
147.7021626553
 20
160.587535386
 30
0.0
 11
147.7021626553
 21
157.5049312636
 31
0.0
  0
LINE
  5
D27
330
1F
100
AcDbEntity
  8
0
  6
Continuous
 62
     7
370
    25
100
AcDbLine
 10
147.7021626553
 20
157.5049312636
 30
0.0
 11
146.8359568484
 21
157.0048812951
 31
0.0
  0
LINE
  5
D28
330
1F
100
AcDbEntity
  8
0
  6
Continuous
 62
     7
370
    25
100
AcDbLine
 10
146.8359568484
 20
157.0048812951
 30
0.0
 11
145.9697510414
 21
157.5049312636
 31
0.0
  0
LINE
  5
D29
330
1F
100
AcDbEntity
  8
0
  6
Continuous
 62
     7
370
    25
100
AcDbLine
 10
145.9697510414
 20
190.5273651552
 30
0.0
 11
145.9697510414
 21
157.5049312636
 31
0.0
  0
LINE
  5
D2A
330
1F
100
AcDbEntity
  8
0
  6
Continuous
 62
     7
370
    25
100
AcDbLine
 10
147.9732202548
 20
191.6839433136
 30
0.0
 11
147.9732202548
 21
187.2882828113
 31
0.0
  0
LINE
  5
D2B
330
1F
100
AcDbEntity
  8
0
  6
Continuous
 62
     7
370
    25
100
AcDbLine
 10
147.9732202548
 20
182.6274444894
 30
0.0
 11
147.9732202548
 21
164.7381186381
 31
0.0
  0
LINE
  5
D2C
330
1F
100
AcDbEntity
  8
0
  6
Continuous
 62
     7
370
    25
100
AcDbLine
 10
147.9732202548
 20
160.4310571646
 30
0.0
 11
147.9732202548
 21
158.2737155689
 31
0.0
  0
LWPOLYLINE
  5
D2D
330
1F
100
AcDbEntity
  8
0
  6
Continuous
 62
     7
370
    25
100
AcDbPolyline
 90
        3
 70
   128
 43
0.0
 10
147.7021626553
 20
158.2168864343
 10
147.8001234618
 20
158.2419063398
 10
147.9732202548
 20
158.2737155689
  0
LWPOLYLINE
  5
D2E
330
1F
100
AcDbEntity
  8
0
  6
Continuous
 62
     7
370
    25
100
AcDbPolyline
 90
        3
 70
   128
 43
0.0
 10
145.698693442
 20
158.2737155689
 10
145.871790235
 20
158.2419063398
 10
145.9590190838
 20
158.2198963352
  0
LINE
  5
D2F
330
1F
100
AcDbEntity
  8
0
  6
Continuous
 62
     7
370
    25
100
AcDbLine
 10
145.698693442
 20
190.3708869338
 30
0.0
 11
145.698693442
 21
158.2737155689
 31
0.0
  0
LINE
  5
D30
330
1F
100
AcDbEntity
  8
0
  6
Continuous
 62
     7
370
    25
100
AcDbLine
 10
149.1929794523
 20
158.3655614815
 30
0.0
 11
149.1929794523
 21
159.7269051682
 31
0.0
  0
LINE
  5
D31
330
1F
100
AcDbEntity
  8
0
  6
Continuous
 62
     7
370
    25
100
AcDbLine
 10
149.1929794523
 20
165.4422706345
 30
0.0
 11
149.1929794523
 21
181.923292493
 31
0.0
  0
LINE
  5
D32
330
1F
100
AcDbEntity
  8
0
  6
Continuous
 62
     7
370
    25
100
AcDbLine
 10
149.1929794523
 20
188.3053912506
 30
0.0
 11
149.1929794523
 21
192.3880953101
 31
0.0
  0
LINE
  5
D33
330
1F
100
AcDbEntity
  8
0
  6
Continuous
 62
     7
370
    25
100
AcDbLine
 10
149.1929794523
 20
158.3655614815
 30
0.0
 11
148.3267736454
 21
157.865511513
 31
0.0
  0
LINE
  5
D34
330
1F
100
AcDbEntity
  8
0
  6
Continuous
 62
     7
370
    25
100
AcDbLine
 10
148.3267736454
 20
191.8880453416
 30
0.0
 11
148.3267736454
 21
187.0841807834
 31
0.0
  0
LINE
  5
D35
330
1F
100
AcDbEntity
  8
0
  6
Continuous
 62
     7
370
    25
100
AcDbLine
 10
148.3267736454
 20
182.4233424615
 30
0.0
 11
148.3267736454
 21
164.9422206661
 31
0.0
  0
LINE
  5
D36
330
1F
100
AcDbEntity
  8
0
  6
Continuous
 62
     7
370
    25
100
AcDbLine
 10
148.3267736454
 20
164.1597632089
 30
0.0
 11
148.3267736454
 21
163.9557275309
 31
0.0
  0
LINE
  5
D37
330
1F
100
AcDbEntity
  8
0
  6
Continuous
 62
     7
370
    25
100
AcDbLine
 10
148.3267736454
 20
160.2269551367
 30
0.0
 11
148.3267736454
 21
157.865511513
 31
0.0
  0
LINE
  5
D38
330
1F
100
AcDbEntity
  8
0
  6
Continuous
 62
     7
370
    25
100
AcDbLine
 10
148.1499969501
 20
157.967562527
 30
0.0
 11
148.3267736454
 21
157.865511513
 31
0.0
  0
LINE
  5
D39
330
1F
100
AcDbEntity
  8
0
  6
Continuous
 62
     7
370
    25
100
AcDbLine
 10
148.1499969501
 20
191.7859943276
 30
0.0
 11
148.1499969501
 21
187.1862317973
 31
0.0
  0
LINE
  5
D3A
330
1F
100
AcDbEntity
  8
0
  6
Continuous
 62
     7
370
    25
100
AcDbLine
 10
148.1499969501
 20
182.5253934754
 30
0.0
 11
148.1499969501
 21
164.8401696521
 31
0.0
  0
LINE
  5
D3B
330
1F
100
AcDbEntity
  8
0
  6
Continuous
 62
     7
370
    25
100
AcDbLine
 10
148.1499969501
 20
164.0577121949
 30
0.0
 11
148.1499969501
 21
164.0509087939
 31
0.0
  0
LINE
  5
D3C
330
1F
100
AcDbEntity
  8
0
  6
Continuous
 62
     7
370
    25
100
AcDbLine
 10
148.1499969501
 20
160.3290061506
 30
0.0
 11
148.1499969501
 21
157.967562527
 31
0.0
  0
LINE
  5
D3D
330
1F
100
AcDbEntity
  8
0
  6
Continuous
 62
     7
370
    25
100
AcDbLine
 10
144.4789342444
 20
158.3655614815
 30
0.0
 11
144.4789342444
 21
189.6667349373
 31
0.0
  0
LINE
  5
D3E
330
1F
100
AcDbEntity
  8
0
  6
Continuous
 62
     7
370
    25
100
AcDbLine
 10
145.3451400514
 20
190.1667849058
 30
0.0
 11
145.3451400514
 21
157.865511513
 31
0.0
  0
LINE
  5
D3F
330
1F
100
AcDbEntity
  8
0
  6
Continuous
 62
     7
370
    25
100
AcDbLine
 10
145.3451400514
 20
157.865511513
 30
0.0
 11
144.4789342444
 21
158.3655614815
 31
0.0
  0
LINE
  5
D40
330
1F
100
AcDbEntity
  8
0
  6
Continuous
 62
     7
370
    25
100
AcDbLine
 10
145.5219167467
 20
190.2688359198
 30
0.0
 11
145.5219167467
 21
157.967562527
 31
0.0
  0
LINE
  5
D41
330
1F
100
AcDbEntity
  8
0
  6
Continuous
 62
     7
370
    25
100
AcDbLine
 10
145.3451400514
 20
157.865511513
 30
0.0
 11
145.5219167467
 21
157.967562527
 31
0.0
  0
LINE
  5
D42
330
1F
100
AcDbEntity
  8
0
  6
Continuous
 62
     7
370
    25
100
AcDbLine
 10
147.9732202548
 20
158.2737155689
 30
0.0
 11
148.1499969501
 21
158.1716645549
 31
0.0
  0
LINE
  5
D43
330
1F
100
AcDbEntity
  8
0
  6
Continuous
 62
     7
370
    25
100
AcDbLine
 10
145.5219167467
 20
158.1716645549
 30
0.0
 11
145.698693442
 21
158.2737155689
 31
0.0
  0
LINE
  5
D44
330
1F
100
AcDbEntity
  8
0
  6
Continuous
 62
     7
370
    25
100
AcDbLine
 10
155.8397831955
 20
196.2252134356
 30
0.0
 11
155.8397831955
 21
187.1896334978
 31
0.0
  0
LINE
  5
D45
330
1F
100
AcDbEntity
  8
0
  6
Continuous
 62
     7
370
    25
100
AcDbLine
 10
155.8397831955
 20
185.9036613391
 30
0.0
 11
155.8397831955
 21
185.4680932861
 31
0.0
  0
LINE
  5
D46
330
1F
100
AcDbEntity
  8
0
  6
Continuous
 62
     7
370
    25
100
AcDbLine
 10
155.8397831955
 20
182.0224157359
 30
0.0
 11
155.8397831955
 21
179.8873073659
 31
0.0
  0
LINE
  5
D47
330
1F
100
AcDbEntity
  8
0
  6
Continuous
 62
     7
370
    25
100
AcDbLine
 10
155.8397831955
 20
178.0851127669
 30
0.0
 11
155.8397831955
 21
171.9609903277
 31
0.0
  0
LINE
  5
D48
330
1F
100
AcDbEntity
  8
0
  6
Continuous
 62
     7
370
    25
100
AcDbLine
 10
155.8397831955
 20
169.7743035576
 30
0.0
 11
155.8397831955
 21
167.6391951876
 31
0.0
  0
LINE
  5
D49
330
1F
100
AcDbEntity
  8
0
  6
Continuous
 62
     7
370
    25
100
AcDbLine
 10
155.8397831955
 20
162.7683383357
 30
0.0
 11
155.8397831955
 21
162.3327702826
 31
0.0
  0
LINE
  5
D4A
330
1F
100
AcDbEntity
  8
0
  6
Continuous
 62
     7
370
    25
100
AcDbLine
 10
155.8397831955
 20
196.2252134356
 30
0.0
 11
156.7059890025
 21
196.7252634041
 31
0.0
  0
LINE
  5
D4B
330
1F
100
AcDbEntity
  8
0
  6
Continuous
 62
     7
370
    25
100
AcDbLine
 10
156.7059890025
 20
162.7027295755
 30
0.0
 11
156.7059890025
 21
163.6563115399
 31
0.0
  0
LINE
  5
D4C
330
1F
100
AcDbEntity
  8
0
  6
Continuous
 62
     7
370
    25
100
AcDbLine
 10
156.7059890025
 20
171.4609403592
 30
0.0
 11
156.7059890025
 21
177.8095750292
 31
0.0
  0
LINE
  5
D4D
330
1F
100
AcDbEntity
  8
0
  6
Continuous
 62
     7
370
    25
100
AcDbLine
 10
156.7059890025
 20
184.9338637553
 30
0.0
 11
156.7059890025
 21
196.7252634041
 31
0.0
  0
LINE
  5
D4E
330
1F
100
AcDbEntity
  8
0
  6
Continuous
 62
     7
370
    25
100
AcDbLine
 10
155.9524572338
 20
162.2677249448
 30
0.0
 11
156.7059890025
 21
162.7027295755
 31
0.0
  0
LINE
  5
D4F
330
1F
100
AcDbEntity
  8
0
  6
Continuous
 62
     7
370
    25
100
AcDbLine
 10
154.9735773885
 20
167.8339887812
 30
0.0
 11
154.9735773885
 21
170.917962216
 31
0.0
  0
LINE
  5
D50
330
1F
100
AcDbEntity
  8
0
  6
Continuous
 62
     7
370
    25
100
AcDbLine
 10
154.9735773885
 20
172.4610402962
 30
0.0
 11
154.9735773885
 21
178.5851627354
 31
0.0
  0
LINE
  5
D51
330
1F
100
AcDbEntity
  8
0
  6
Continuous
 62
     7
370
    25
100
AcDbLine
 10
154.9735773885
 20
180.0821009595
 30
0.0
 11
154.9735773885
 21
182.6614614941
 31
0.0
  0
LINE
  5
D52
330
1F
100
AcDbEntity
  8
0
  6
Continuous
 62
     7
370
    25
100
AcDbLine
 10
154.9735773885
 20
187.6896834663
 30
0.0
 11
154.9735773885
 21
195.7251634671
 31
0.0
  0
LINE
  5
D53
330
1F
100
AcDbEntity
  8
0
  6
Continuous
 62
     7
370
    25
100
AcDbLine
 10
157.3305999925
 20
197.0858436535
 30
0.0
 11
158.1968057995
 21
197.585893622
 31
0.0
  0
LINE
  5
D54
330
1F
100
AcDbEntity
  8
0
  6
Continuous
 62
     7
370
    25
100
AcDbLine
 10
154.7025197891
 20
168.0196000687
 30
0.0
 11
154.7025197891
 21
171.1183805306
 31
0.0
  0
LINE
  5
D55
330
1F
100
AcDbEntity
  8
0
  6
Continuous
 62
     7
370
    25
100
AcDbLine
 10
154.7025197891
 20
172.6175185176
 30
0.0
 11
154.7025197891
 21
178.7416409568
 31
0.0
  0
LINE
  5
D56
330
1F
100
AcDbEntity
  8
0
  6
Continuous
 62
     7
370
    25
100
AcDbLine
 10
154.7025197891
 20
180.267712247
 30
0.0
 11
154.7025197891
 21
182.5049832727
 31
0.0
  0
LINE
  5
D57
330
1F
100
AcDbEntity
  8
0
  6
Continuous
 62
     7
370
    25
100
AcDbLine
 10
154.7025197891
 20
187.8461616877
 30
0.0
 11
154.7025197891
 21
195.5686852457
 31
0.0
  0
LWPOLYLINE
  5
D58
330
1F
100
AcDbEntity
  8
0
  6
Continuous
 62
     7
370
    25
100
AcDbPolyline
 90
        3
 70
   128
 43
0.0
 10
156.9770466019
 20
163.4715138808
 10
156.8039498089
 20
163.4397046518
 10
156.7059890025
 20
163.4146847462
  0
LINE
  5
D59
330
1F
100
AcDbEntity
  8
0
  6
Continuous
 62
     7
370
    25
100
AcDbLine
 10
156.9770466019
 20
163.4715138808
 30
0.0
 11
156.9770466019
 21
163.8127897613
 31
0.0
  0
LINE
  5
D5A
330
1F
100
AcDbEntity
  8
0
  6
Continuous
 62
     7
370
    25
100
AcDbLine
 10
156.9770466019
 20
171.1751765092
 30
0.0
 11
156.9770466019
 21
177.9660742615
 31
0.0
  0
LINE
  5
D5B
330
1F
100
AcDbEntity
  8
0
  6
Continuous
 62
     7
370
    25
100
AcDbLine
 10
156.9770466019
 20
184.7773855339
 30
0.0
 11
156.9770466019
 21
196.8817416256
 31
0.0
  0
LINE
  5
D5C
330
1F
100
AcDbEntity
  8
0
  6
Continuous
 62
     7
370
    25
100
AcDbLine
 10
153.4827605915
 20
194.8645332493
 30
0.0
 11
153.4827605915
 21
188.5503136842
 31
0.0
  0
LINE
  5
D5D
330
1F
100
AcDbEntity
  8
0
  6
Continuous
 62
     7
370
    25
100
AcDbLine
 10
153.4827605915
 20
179.4457929533
 30
0.0
 11
153.4827605915
 21
173.3216705141
 31
0.0
  0
LINE
  5
D5E
330
1F
100
AcDbEntity
  8
0
  6
Continuous
 62
     7
370
    25
100
AcDbLine
 10
153.4827605915
 20
170.8416576103
 30
0.0
 11
153.4827605915
 21
170.0858977347
 31
0.0
  0
LINE
  5
D5F
330
1F
100
AcDbEntity
  8
0
  6
Continuous
 62
     7
370
    25
100
AcDbLine
 10
154.3489663985
 20
168.3513180202
 30
0.0
 11
154.3489663985
 21
171.2955492554
 31
0.0
  0
LINE
  5
D60
330
1F
100
AcDbEntity
  8
0
  6
Continuous
 62
     7
370
    25
100
AcDbLine
 10
154.3489663985
 20
172.8216205456
 30
0.0
 11
154.3489663985
 21
178.9457429848
 31
0.0
  0
LINE
  5
D61
330
1F
100
AcDbEntity
  8
0
  6
Continuous
 62
     7
370
    25
100
AcDbLine
 10
154.3489663985
 20
180.5994301985
 30
0.0
 11
154.3489663985
 21
182.3008812447
 31
0.0
  0
LINE
  5
D62
330
1F
100
AcDbEntity
  8
0
  6
Continuous
 62
     7
370
    25
100
AcDbLine
 10
154.3489663985
 20
188.0502637157
 30
0.0
 11
154.3489663985
 21
195.3645832177
 31
0.0
  0
LINE
  5
D63
330
1F
100
AcDbEntity
  8
0
  6
Continuous
 62
     7
370
    25
100
AcDbLine
 10
154.5257430938
 20
168.1718695317
 30
0.0
 11
154.5257430938
 21
171.2188586072
 31
0.0
  0
LINE
  5
D64
330
1F
100
AcDbEntity
  8
0
  6
Continuous
 62
     7
370
    25
100
AcDbLine
 10
154.5257430938
 20
172.7195695316
 30
0.0
 11
154.5257430938
 21
178.8436919708
 31
0.0
  0
LINE
  5
D65
330
1F
100
AcDbEntity
  8
0
  6
Continuous
 62
     7
370
    25
100
AcDbLine
 10
154.5257430938
 20
180.41998171
 30
0.0
 11
154.5257430938
 21
182.4029322587
 31
0.0
  0
LINE
  5
D66
330
1F
100
AcDbEntity
  8
0
  6
Continuous
 62
     7
370
    25
100
AcDbLine
 10
154.5257430938
 20
187.9482127017
 30
0.0
 11
154.5257430938
 21
195.4666342317
 31
0.0
  0
LINE
  5
D67
330
1F
100
AcDbEntity
  8
0
  6
Continuous
 62
     7
370
    25
100
AcDbLine
 10
157.3305999925
 20
163.0633098249
 30
0.0
 11
157.1538232972
 21
163.1653608389
 31
0.0
  0
LINE
  5
D68
330
1F
100
AcDbEntity
  8
0
  6
Continuous
 62
     7
370
    25
100
AcDbLine
 10
157.1538232972
 20
163.1653608389
 30
0.0
 11
157.1538232972
 21
163.9148407753
 31
0.0
  0
LINE
  5
D69
330
1F
100
AcDbEntity
  8
0
  6
Continuous
 62
     7
370
    25
100
AcDbLine
 10
157.1538232972
 20
170.8689902923
 30
0.0
 11
157.1538232972
 21
178.0681584505
 31
0.0
  0
LINE
  5
D6A
330
1F
100
AcDbEntity
  8
0
  6
Continuous
 62
     7
370
    25
100
AcDbLine
 10
157.1538232972
 20
184.6753345199
 30
0.0
 11
157.1538232972
 21
196.9837926395
 31
0.0
  0
LINE
  5
D6B
330
1F
100
AcDbEntity
  8
0
  6
Continuous
 62
     7
370
    25
100
AcDbLine
 10
157.3305999925
 20
163.0633098249
 30
0.0
 11
157.3305999925
 21
164.0168917893
 31
0.0
  0
LINE
  5
D6C
330
1F
100
AcDbEntity
  8
0
  6
Continuous
 62
     7
370
    25
100
AcDbLine
 10
157.3305999925
 20
170.5628040753
 30
0.0
 11
157.3305999925
 21
178.1702426395
 31
0.0
  0
LINE
  5
D6D
330
1F
100
AcDbEntity
  8
0
  6
Continuous
 62
     7
370
    25
100
AcDbLine
 10
157.3305999925
 20
184.573283506
 30
0.0
 11
157.3305999925
 21
197.0858436535
 31
0.0
  0
LINE
  5
D6E
330
1F
100
AcDbEntity
  8
0
  6
Continuous
 62
     7
370
    25
100
AcDbLine
 10
158.1968057995
 20
197.585893622
 30
0.0
 11
158.1968057995
 21
163.5633597934
 31
0.0
  0
LINE
  5
D6F
330
1F
100
AcDbEntity
  8
0
  6
Continuous
 62
     7
370
    25
100
AcDbLine
 10
157.3305999925
 20
163.0633098249
 30
0.0
 11
158.1968057995
 21
163.5633597934
 31
0.0
  0
LINE
  5
D70
330
1F
100
AcDbEntity
  8
0
  6
Continuous
 62
     7
370
    25
100
AcDbLine
 10
157.1538232972
 20
163.3694628669
 30
0.0
 11
156.9770466019
 21
163.4715138808
 31
0.0
  0
LINE
  5
D71
330
1F
100
AcDbEntity
  8
0
  6
Continuous
 62
     7
370
    25
100
AcDbLine
 10
145.9638584849
 20
227.2623284867
 30
0.0
 11
145.9638584849
 21
207.3696264955
 31
0.0
  0
LINE
  5
D72
330
1F
100
AcDbEntity
  8
0
  6
Continuous
 62
     7
370
    25
100
AcDbLine
 10
145.9638584849
 20
201.9264634165
 30
0.0
 11
145.9638584849
 21
195.9671265338
 31
0.0
  0
LINE
  5
D73
330
1F
100
AcDbEntity
  8
0
  6
Continuous
 62
     7
370
    25
100
AcDbLine
 10
145.9638584849
 20
227.2623284867
 30
0.0
 11
146.8300642919
 21
227.7623784552
 31
0.0
  0
LINE
  5
D74
330
1F
100
AcDbEntity
  8
0
  6
Continuous
 62
     7
370
    25
100
AcDbLine
 10
146.8300642919
 20
196.4671765023
 30
0.0
 11
146.8300642919
 21
201.426413448
 31
0.0
  0
LINE
  5
D75
330
1F
100
AcDbEntity
  8
0
  6
Continuous
 62
     7
370
    25
100
AcDbLine
 10
146.8300642919
 20
206.8695765271
 30
0.0
 11
146.8300642919
 21
227.7623784552
 31
0.0
  0
LINE
  5
D76
330
1F
100
AcDbEntity
  8
0
  6
Continuous
 62
     7
370
    25
100
AcDbLine
 10
145.097652678
 20
195.4670765653
 30
0.0
 11
145.097652678
 21
202.426513385
 31
0.0
  0
LINE
  5
D77
330
1F
100
AcDbEntity
  8
0
  6
Continuous
 62
     7
370
    25
100
AcDbLine
 10
145.097652678
 20
207.869676464
 30
0.0
 11
145.097652678
 21
226.7622785183
 31
0.0
  0
LINE
  5
D78
330
1F
100
AcDbEntity
  8
0
  6
Continuous
 62
     7
370
    25
100
AcDbLine
 10
147.4546752819
 20
228.1229587046
 30
0.0
 11
147.5902040817
 21
228.2011978153
 31
0.0
  0
LINE
  5
D79
330
1F
100
AcDbEntity
  8
0
  6
Continuous
 62
     7
370
    25
100
AcDbLine
 10
144.8265950785
 20
195.3105983438
 30
0.0
 11
144.8265950785
 21
202.5829916064
 31
0.0
  0
LINE
  5
D7A
330
1F
100
AcDbEntity
  8
0
  6
Continuous
 62
     7
370
    25
100
AcDbLine
 10
144.8265950785
 20
208.0261546855
 30
0.0
 11
144.8265950785
 21
226.6058002968
 31
0.0
  0
LINE
  5
D7B
330
1F
100
AcDbEntity
  8
0
  6
Continuous
 62
     7
370
    25
100
AcDbLine
 10
147.1011218913
 20
196.6236547237
 30
0.0
 11
147.1011218913
 21
201.2699352266
 31
0.0
  0
LINE
  5
D7C
330
1F
100
AcDbEntity
  8
0
  6
Continuous
 62
     7
370
    25
100
AcDbLine
 10
147.1011218913
 20
206.7130983056
 30
0.0
 11
147.1011218913
 21
227.9188566767
 31
0.0
  0
LINE
  5
D7D
330
1F
100
AcDbEntity
  8
0
  6
Continuous
 62
     7
370
    25
100
AcDbLine
 10
143.606835881
 20
225.9016483004
 30
0.0
 11
143.606835881
 21
208.7303066819
 31
0.0
  0
LINE
  5
D7E
330
1F
100
AcDbEntity
  8
0
  6
Continuous
 62
     7
370
    25
100
AcDbLine
 10
143.606835881
 20
203.2871436029
 30
0.0
 11
143.606835881
 21
194.6064463474
 31
0.0
  0
LINE
  5
D7F
330
1F
100
AcDbEntity
  8
0
  6
Continuous
 62
     7
370
    25
100
AcDbLine
 10
144.4730416879
 20
195.1064963159
 30
0.0
 11
144.4730416879
 21
202.7870936344
 31
0.0
  0
LINE
  5
D80
330
1F
100
AcDbEntity
  8
0
  6
Continuous
 62
     7
370
    25
100
AcDbLine
 10
144.4730416879
 20
208.2302567134
 30
0.0
 11
144.4730416879
 21
226.4016982689
 31
0.0
  0
LINE
  5
D81
330
1F
100
AcDbEntity
  8
0
  6
Continuous
 62
     7
370
    25
100
AcDbLine
 10
144.6498183832
 20
195.2085473299
 30
0.0
 11
144.6498183832
 21
202.6850426204
 31
0.0
  0
LINE
  5
D82
330
1F
100
AcDbEntity
  8
0
  6
Continuous
 62
     7
370
    25
100
AcDbLine
 10
144.6498183832
 20
208.1282056995
 30
0.0
 11
144.6498183832
 21
226.5037492829
 31
0.0
  0
LINE
  5
D83
330
1F
100
AcDbEntity
  8
0
  6
Continuous
 62
     7
370
    25
100
AcDbLine
 10
148.3208810889
 20
227.7793869576
 30
0.0
 11
148.3208810889
 21
206.0089463092
 31
0.0
  0
LINE
  5
D84
330
1F
100
AcDbEntity
  8
0
  6
Continuous
 62
     7
370
    25
100
AcDbLine
 10
148.3208810889
 20
200.5657832302
 30
0.0
 11
148.3208810889
 21
197.3278067201
 31
0.0
  0
LINE
  5
D85
330
1F
100
AcDbEntity
  8
0
  6
Continuous
 62
     7
370
    25
100
AcDbLine
 10
147.4546752819
 20
196.8277567516
 30
0.0
 11
147.4546752819
 21
201.0658331986
 31
0.0
  0
LINE
  5
D86
330
1F
100
AcDbEntity
  8
0
  6
Continuous
 62
     7
370
    25
100
AcDbLine
 10
147.4546752819
 20
206.5089962777
 30
0.0
 11
147.4546752819
 21
228.1229587046
 31
0.0
  0
LINE
  5
D87
330
1F
100
AcDbEntity
  8
0
  6
Continuous
 62
     7
370
    25
100
AcDbLine
 10
147.2778985866
 20
196.7257057377
 30
0.0
 11
147.2778985866
 21
201.1678842126
 31
0.0
  0
LINE
  5
D88
330
1F
100
AcDbEntity
  8
0
  6
Continuous
 62
     7
370
    25
100
AcDbLine
 10
147.2778985866
 20
206.6110472916
 30
0.0
 11
147.2778985866
 21
228.0209076907
 31
0.0
  0
LINE
  5
D89
330
1F
100
AcDbEntity
  8
0
  6
Continuous
 62
     7
370
    25
100
AcDbLine
 10
124.0199780421
 20
180.5718621231
 30
0.0
 11
144.4789342444
 21
168.7611581054
 31
0.0
  0
LINE
  5
D8A
330
1F
100
AcDbEntity
  8
0
  6
Continuous
 62
     7
370
    25
100
AcDbLine
 10
144.4789342444
 20
169.7612580423
 30
0.0
 11
124.8861838491
 21
181.0719120916
 31
0.0
  0
LINE
  5
D8B
330
1F
100
AcDbEntity
  8
0
  6
Continuous
 62
     7
370
    25
100
AcDbLine
 10
144.4789342444
 20
167.7608956108
 30
0.0
 11
143.8189679153
 21
168.141886063
 31
0.0
  0
LINE
  5
D8C
330
1F
100
AcDbEntity
  8
0
  6
Continuous
 62
     7
370
    25
100
AcDbLine
 10
140.5955987102
 20
170.0026974966
 30
0.0
 11
136.0407933223
 21
172.632130678
 31
0.0
  0
LINE
  5
D8D
330
1F
100
AcDbEntity
  8
0
  6
Continuous
 62
     7
370
    25
100
AcDbLine
 10
132.8174241171
 20
174.4929421117
 30
0.0
 11
124.0199780421
 21
179.5715996285
 31
0.0
  0
LINE
  5
D8E
330
1F
100
AcDbEntity
  8
0
  6
Continuous
 62
     7
370
    25
100
AcDbLine
 10
124.0199780421
 20
179.5715996285
 30
0.0
 11
124.0199780421
 21
180.5718621231
 31
0.0
  0
LINE
  5
D8F
330
1F
100
AcDbEntity
  8
0
  6
Continuous
 62
     7
370
    25
100
AcDbLine
 10
144.4789342444
 20
167.4477887745
 30
0.0
 11
143.5477800573
 21
167.9853326448
 31
0.0
  0
LINE
  5
D90
330
1F
100
AcDbEntity
  8
0
  6
Continuous
 62
     7
370
    25
100
AcDbLine
 10
140.3244108521
 20
169.8461440785
 30
0.0
 11
135.7696054642
 21
172.4755772599
 31
0.0
  0
LINE
  5
D91
330
1F
100
AcDbEntity
  8
0
  6
Continuous
 62
     7
370
    25
100
AcDbLine
 10
132.546236259
 20
174.3363886935
 30
0.0
 11
124.550308128
 21
178.9523397503
 31
0.0
  0
LWPOLYLINE
  5
D92
330
1F
100
AcDbEntity
  8
0
  6
Continuous
 62
     7
370
    25
100
AcDbPolyline
 90
        3
 70
   128
 43
0.0
 10
124.6366416044
 20
179.2156073315
 10
124.6093059389
 20
179.1181557547
 10
124.550308128
 20
178.9523397503
  0
LWPOLYLINE
  5
D93
330
1F
100
AcDbEntity
  8
0
  6
Continuous
 62
     7
370
    25
100
AcDbPolyline
 90
        3
 70
   128
 43
0.0
 10
125.6875715344
 20
180.922137746
 10
125.5734725523
 20
180.7881413113
 10
125.5028966609
 20
180.7158913634
  0
LINE
  5
D94
330
1F
100
AcDbEntity
  8
0
  6
Continuous
 62
     7
370
    25
100
AcDbLine
 10
144.4789342444
 20
170.0741149602
 30
0.0
 11
125.6875715344
 21
180.922137746
 31
0.0
  0
LINE
  5
D95
330
1F
100
AcDbEntity
  8
0
  6
Continuous
 62
     7
370
    25
100
AcDbLine
 10
124.0199780421
 20
177.8500594168
 30
0.0
 11
131.3263650008
 21
173.6321720058
 31
0.0
  0
LINE
  5
D96
330
1F
100
AcDbEntity
  8
0
  6
Continuous
 62
     7
370
    25
100
AcDbLine
 10
136.0407933223
 20
170.9105904663
 30
0.0
 11
139.1045395938
 21
169.1419273908
 31
0.0
  0
LINE
  5
D97
330
1F
100
AcDbEntity
  8
0
  6
Continuous
 62
     7
370
    25
100
AcDbLine
 10
143.8189679153
 20
166.4203458513
 30
0.0
 11
144.4789342444
 21
166.0393553991
 31
0.0
  0
LINE
  5
D98
330
1F
100
AcDbEntity
  8
0
  6
Continuous
 62
     7
370
    25
100
AcDbLine
 10
124.0199780421
 20
177.8500594168
 30
0.0
 11
124.0199780421
 21
178.8503219113
 31
0.0
  0
LINE
  5
D99
330
1F
100
AcDbEntity
  8
0
  6
Continuous
 62
     7
370
    25
100
AcDbLine
 10
144.4789342444
 20
167.0396178936
 30
0.0
 11
143.2050888829
 21
167.774993168
 31
0.0
  0
LINE
  5
D9A
330
1F
100
AcDbEntity
  8
0
  6
Continuous
 62
     7
370
    25
100
AcDbLine
 10
139.970886195
 20
169.6420586381
 30
0.0
 11
135.4269142898
 21
172.265237783
 31
0.0
  0
LINE
  5
D9B
330
1F
100
AcDbEntity
  8
0
  6
Continuous
 62
     7
370
    25
100
AcDbLine
 10
132.192711602
 20
174.1323032531
 30
0.0
 11
124.0199780421
 21
178.8503219113
 31
0.0
  0
LINE
  5
D9C
330
1F
100
AcDbEntity
  8
0
  6
Continuous
 62
     7
370
    25
100
AcDbLine
 10
124.1967547374
 20
178.9523729253
 30
0.0
 11
124.0199780421
 21
178.8503219113
 31
0.0
  0
LINE
  5
D9D
330
1F
100
AcDbEntity
  8
0
  6
Continuous
 62
     7
370
    25
100
AcDbLine
 10
144.4789342444
 20
167.2437199216
 30
0.0
 11
143.3710320955
 21
167.8832982184
 31
0.0
  0
LINE
  5
D9E
330
1F
100
AcDbEntity
  8
0
  6
Continuous
 62
     7
370
    25
100
AcDbLine
 10
140.1476628903
 20
169.744109652
 30
0.0
 11
135.5928575024
 21
172.3735428334
 31
0.0
  0
LINE
  5
D9F
330
1F
100
AcDbEntity
  8
0
  6
Continuous
 62
     7
370
    25
100
AcDbLine
 10
132.3694882973
 20
174.2343542671
 30
0.0
 11
124.1967547374
 21
178.9523729253
 31
0.0
  0
LINE
  5
DA0
330
1F
100
AcDbEntity
  8
0
  6
Continuous
 62
     7
370
    25
100
AcDbLine
 10
126.3770006461
 20
181.9325423094
 30
0.0
 11
144.4789342444
 21
171.4825184781
 31
0.0
  0
LINE
  5
DA1
330
1F
100
AcDbEntity
  8
0
  6
Continuous
 62
     7
370
    25
100
AcDbLine
 10
151.5500020563
 20
167.400477919
 30
0.0
 11
152.0675317781
 21
167.10171437
 31
0.0
  0
LINE
  5
DA2
330
1F
100
AcDbEntity
  8
0
  6
Continuous
 62
     7
370
    25
100
AcDbLine
 10
144.4789342444
 20
170.4824185411
 30
0.0
 11
125.5107948391
 21
181.4324923409
 31
0.0
  0
LINE
  5
DA3
330
1F
100
AcDbEntity
  8
0
  6
Continuous
 62
     7
370
    25
100
AcDbLine
 10
144.4789342444
 20
170.2782833382
 30
0.0
 11
125.5107948391
 21
181.228357138
 31
0.0
  0
LINE
  5
DA4
330
1F
100
AcDbEntity
  8
0
  6
Continuous
 62
     7
370
    25
100
AcDbLine
 10
125.5107948391
 20
181.4324923409
 30
0.0
 11
125.5107948391
 21
181.228357138
 31
0.0
  0
LINE
  5
DA5
330
1F
100
AcDbEntity
  8
0
  6
Continuous
 62
     7
370
    25
100
AcDbLine
 10
124.550308128
 20
178.9523397503
 30
0.0
 11
124.3735601662
 21
178.8503053238
 31
0.0
  0
LINE
  5
DA6
330
1F
100
AcDbEntity
  8
0
  6
Continuous
 62
     7
370
    25
100
AcDbLine
 10
125.6875715344
 20
181.126306124
 30
0.0
 11
125.6875715344
 21
180.922137746
 31
0.0
  0
LINE
  5
DA7
330
1F
100
AcDbEntity
  8
0
  6
Continuous
 62
     7
370
    25
100
AcDbLine
 10
116.3655471358
 20
210.1755870464
 30
0.0
 11
115.4993413288
 21
209.6755370779
 31
0.0
  0
LINE
  5
DA8
330
1F
100
AcDbEntity
  8
0
  6
Continuous
 62
     7
370
    25
100
AcDbLine
 10
117.8563639328
 20
211.0362172643
 30
0.0
 11
116.9901581258
 21
210.5361672958
 31
0.0
  0
LINE
  5
DA9
330
1F
100
AcDbEntity
  8
0
  6
Continuous
 62
     7
370
    25
100
AcDbLine
 10
115.4993413288
 20
175.6530032493
 30
0.0
 11
115.4993413288
 21
199.1030520298
 31
0.0
  0
LINE
  5
DAA
330
1F
100
AcDbEntity
  8
0
  6
Continuous
 62
     7
370
    25
100
AcDbLine
 10
115.4993413288
 20
204.5462151088
 30
0.0
 11
115.4993413288
 21
209.6755370779
 31
0.0
  0
LINE
  5
DAB
330
1F
100
AcDbEntity
  8
0
  6
Continuous
 62
     7
370
    25
100
AcDbLine
 10
116.3655471358
 20
210.1755870464
 30
0.0
 11
116.3655471358
 21
204.0461651403
 31
0.0
  0
LINE
  5
DAC
330
1F
100
AcDbEntity
  8
0
  6
Continuous
 62
     7
370
    25
100
AcDbLine
 10
116.3655471358
 20
198.6030020613
 30
0.0
 11
116.3655471358
 21
176.1530532178
 31
0.0
  0
LINE
  5
DAD
330
1F
100
AcDbEntity
  8
0
  6
Continuous
 62
     7
370
    25
100
AcDbLine
 10
116.3655471358
 20
176.1530532178
 30
0.0
 11
115.4993413288
 21
175.6530032493
 31
0.0
  0
LINE
  5
DAE
330
1F
100
AcDbEntity
  8
0
  6
Continuous
 62
     7
370
    25
100
AcDbLine
 10
115.4993413288
 20
175.6530032493
 30
0.0
 11
114.6331355219
 21
176.1530532178
 31
0.0
  0
LINE
  5
DAF
330
1F
100
AcDbEntity
  8
0
  6
Continuous
 62
     7
370
    25
100
AcDbLine
 10
114.6331355219
 20
209.1754871094
 30
0.0
 11
114.6331355219
 21
205.0462650773
 31
0.0
  0
LINE
  5
DB0
330
1F
100
AcDbEntity
  8
0
  6
Continuous
 62
     7
370
    25
100
AcDbLine
 10
114.6331355219
 20
199.6031019983
 30
0.0
 11
114.6331355219
 21
176.1530532178
 31
0.0
  0
LINE
  5
DB1
330
1F
100
AcDbEntity
  8
0
  6
Continuous
 62
     7
370
    25
100
AcDbLine
 10
116.6366047352
 20
210.3320652678
 30
0.0
 11
116.6366047352
 21
203.8896869189
 31
0.0
  0
LINE
  5
DB2
330
1F
100
AcDbEntity
  8
0
  6
Continuous
 62
     7
370
    25
100
AcDbLine
 10
116.6366047352
 20
198.4465238399
 30
0.0
 11
116.6366047352
 21
176.9218375231
 31
0.0
  0
LWPOLYLINE
  5
DB3
330
1F
100
AcDbEntity
  8
0
  6
Continuous
 62
     7
370
    25
100
AcDbPolyline
 90
        3
 70
   128
 43
0.0
 10
116.3655471358
 20
176.8650083885
 10
116.4635079422
 20
176.890028294
 10
116.6366047352
 20
176.9218375231
  0
LWPOLYLINE
  5
DB4
330
1F
100
AcDbEntity
  8
0
  6
Continuous
 62
     7
370
    25
100
AcDbPolyline
 90
        3
 70
   128
 43
0.0
 10
114.3620779224
 20
176.9218375231
 10
114.5351747154
 20
176.890028294
 10
114.6331355219
 20
176.8650083885
  0
LINE
  5
DB5
330
1F
100
AcDbEntity
  8
0
  6
Continuous
 62
     7
370
    25
100
AcDbLine
 10
114.3620779224
 20
209.019008888
 30
0.0
 11
114.3620779224
 21
205.2027432987
 31
0.0
  0
LINE
  5
DB6
330
1F
100
AcDbEntity
  8
0
  6
Continuous
 62
     7
370
    25
100
AcDbLine
 10
114.3620779224
 20
199.7595802197
 30
0.0
 11
114.3620779224
 21
176.9218375231
 31
0.0
  0
LINE
  5
DB7
330
1F
100
AcDbEntity
  8
0
  6
Continuous
 62
     7
370
    25
100
AcDbLine
 10
117.8563639328
 20
177.0136834357
 30
0.0
 11
117.8563639328
 21
197.7423718434
 31
0.0
  0
LINE
  5
DB8
330
1F
100
AcDbEntity
  8
0
  6
Continuous
 62
     7
370
    25
100
AcDbLine
 10
117.8563639328
 20
203.1855349225
 30
0.0
 11
117.8563639328
 21
211.0362172643
 31
0.0
  0
LINE
  5
DB9
330
1F
100
AcDbEntity
  8
0
  6
Continuous
 62
     7
370
    25
100
AcDbLine
 10
117.8563639328
 20
177.0136834357
 30
0.0
 11
116.9901581258
 21
176.5136334672
 31
0.0
  0
LINE
  5
DBA
330
1F
100
AcDbEntity
  8
0
  6
Continuous
 62
     7
370
    25
100
AcDbLine
 10
116.9901581258
 20
210.5361672958
 30
0.0
 11
116.9901581258
 21
203.6855848909
 31
0.0
  0
LINE
  5
DBB
330
1F
100
AcDbEntity
  8
0
  6
Continuous
 62
     7
370
    25
100
AcDbLine
 10
116.9901581258
 20
198.2424218119
 30
0.0
 11
116.9901581258
 21
176.5136334672
 31
0.0
  0
LINE
  5
DBC
330
1F
100
AcDbEntity
  8
0
  6
Continuous
 62
     7
370
    25
100
AcDbLine
 10
116.8133814305
 20
176.6156844812
 30
0.0
 11
116.9901581258
 21
176.5136334672
 31
0.0
  0
LINE
  5
DBD
330
1F
100
AcDbEntity
  8
0
  6
Continuous
 62
     7
370
    25
100
AcDbLine
 10
116.8133814305
 20
210.4341162818
 30
0.0
 11
116.8133814305
 21
203.7876359049
 31
0.0
  0
LINE
  5
DBE
330
1F
100
AcDbEntity
  8
0
  6
Continuous
 62
     7
370
    25
100
AcDbLine
 10
116.8133814305
 20
198.3444728259
 30
0.0
 11
116.8133814305
 21
176.6156844812
 31
0.0
  0
LINE
  5
DBF
330
1F
100
AcDbEntity
  8
0
  6
Continuous
 62
     7
370
    25
100
AcDbLine
 10
113.1423187249
 20
177.0136834357
 30
0.0
 11
113.1423187249
 21
200.4637322162
 31
0.0
  0
LINE
  5
DC0
330
1F
100
AcDbEntity
  8
0
  6
Continuous
 62
     7
370
    25
100
AcDbLine
 10
113.1423187249
 20
205.9068952952
 30
0.0
 11
113.1423187249
 21
208.3148568915
 31
0.0
  0
LINE
  5
DC1
330
1F
100
AcDbEntity
  8
0
  6
Continuous
 62
     7
370
    25
100
AcDbLine
 10
114.0085245318
 20
208.81490686
 30
0.0
 11
114.0085245318
 21
205.4068453267
 31
0.0
  0
LINE
  5
DC2
330
1F
100
AcDbEntity
  8
0
  6
Continuous
 62
     7
370
    25
100
AcDbLine
 10
114.0085245318
 20
199.9636822477
 30
0.0
 11
114.0085245318
 21
176.5136334672
 31
0.0
  0
LINE
  5
DC3
330
1F
100
AcDbEntity
  8
0
  6
Continuous
 62
     7
370
    25
100
AcDbLine
 10
114.0085245318
 20
176.5136334672
 30
0.0
 11
113.1423187249
 21
177.0136834357
 31
0.0
  0
LINE
  5
DC4
330
1F
100
AcDbEntity
  8
0
  6
Continuous
 62
     7
370
    25
100
AcDbLine
 10
114.1853012271
 20
208.916957874
 30
0.0
 11
114.1853012271
 21
205.3047943127
 31
0.0
  0
LINE
  5
DC5
330
1F
100
AcDbEntity
  8
0
  6
Continuous
 62
     7
370
    25
100
AcDbLine
 10
114.1853012271
 20
199.8616312337
 30
0.0
 11
114.1853012271
 21
176.6156844812
 31
0.0
  0
LINE
  5
DC6
330
1F
100
AcDbEntity
  8
0
  6
Continuous
 62
     7
370
    25
100
AcDbLine
 10
114.0085245318
 20
176.5136334672
 30
0.0
 11
114.1853012271
 21
176.6156844812
 31
0.0
  0
LINE
  5
DC7
330
1F
100
AcDbEntity
  8
0
  6
Continuous
 62
     7
370
    25
100
AcDbLine
 10
116.6366047352
 20
176.9218375231
 30
0.0
 11
116.8133814305
 21
176.8197865091
 31
0.0
  0
LINE
  5
DC8
330
1F
100
AcDbEntity
  8
0
  6
Continuous
 62
     7
370
    25
100
AcDbLine
 10
114.1853012271
 20
176.8197865091
 30
0.0
 11
114.3620779224
 21
176.9218375231
 31
0.0
  0
LINE
  5
DC9
330
1F
100
AcDbEntity
  8
0
  6
Continuous
 62
     7
370
    25
100
AcDbLine
 10
149.1929794523
 20
192.3880953101
 30
0.0
 11
150.0591852593
 21
192.8881452786
 31
0.0
  0
LINE
  5
DCA
330
1F
100
AcDbEntity
  8
0
  6
Continuous
 62
     7
370
    25
100
AcDbLine
 10
150.0591852593
 20
158.86561145
 30
0.0
 11
150.0591852593
 21
159.2268551997
 31
0.0
  0
LINE
  5
DCB
330
1F
100
AcDbEntity
  8
0
  6
Continuous
 62
     7
370
    25
100
AcDbLine
 10
150.0591852593
 20
165.942320603
 30
0.0
 11
150.0591852593
 21
181.4232425245
 31
0.0
  0
LINE
  5
DCC
330
1F
100
AcDbEntity
  8
0
  6
Continuous
 62
     7
370
    25
100
AcDbLine
 10
150.0591852593
 20
188.8054412191
 30
0.0
 11
150.0591852593
 21
192.8881452786
 31
0.0
  0
LINE
  5
DCD
330
1F
100
AcDbEntity
  8
0
  6
Continuous
 62
     7
370
    25
100
AcDbLine
 10
149.1929794523
 20
158.3655614815
 30
0.0
 11
150.0591852593
 21
158.86561145
 31
0.0
  0
LINE
  5
DCE
330
1F
100
AcDbEntity
  8
0
  6
Continuous
 62
     7
370
    25
100
AcDbLine
 10
150.6837962493
 20
193.248725528
 30
0.0
 11
151.5500020563
 21
193.7487754964
 31
0.0
  0
LINE
  5
DCF
330
1F
100
AcDbEntity
  8
0
  6
Continuous
 62
     7
370
    25
100
AcDbLine
 10
150.3302428587
 20
166.0987988244
 30
0.0
 11
150.3302428587
 21
181.2667643031
 31
0.0
  0
LINE
  5
DD0
330
1F
100
AcDbEntity
  8
0
  6
Continuous
 62
     7
370
    25
100
AcDbLine
 10
150.3302428587
 20
188.6489629977
 30
0.0
 11
150.3302428587
 21
193.0446235
 31
0.0
  0
LINE
  5
DD1
330
1F
100
AcDbEntity
  8
0
  6
Continuous
 62
     7
370
    25
100
AcDbLine
 10
151.5500020563
 20
193.7487754964
 30
0.0
 11
151.5500020563
 21
189.666071437
 31
0.0
  0
LINE
  5
DD2
330
1F
100
AcDbEntity
  8
0
  6
Continuous
 62
     7
370
    25
100
AcDbLine
 10
151.5500020563
 20
180.9640129616
 30
0.0
 11
151.5500020563
 21
166.8029508209
 31
0.0
  0
LINE
  5
DD3
330
1F
100
AcDbEntity
  8
0
  6
Continuous
 62
     7
370
    25
100
AcDbLine
 10
150.6837962493
 20
166.3029008524
 30
0.0
 11
150.6837962493
 21
181.0626622751
 31
0.0
  0
LINE
  5
DD4
330
1F
100
AcDbEntity
  8
0
  6
Continuous
 62
     7
370
    25
100
AcDbLine
 10
150.6837962493
 20
188.4448609698
 30
0.0
 11
150.6837962493
 21
193.248725528
 31
0.0
  0
LINE
  5
DD5
330
1F
100
AcDbEntity
  8
0
  6
Continuous
 62
     7
370
    25
100
AcDbLine
 10
150.507019554
 20
166.2008498384
 30
0.0
 11
150.507019554
 21
181.1647132891
 31
0.0
  0
LINE
  5
DD6
330
1F
100
AcDbEntity
  8
0
  6
Continuous
 62
     7
370
    25
100
AcDbLine
 10
150.507019554
 20
188.5469119837
 30
0.0
 11
150.507019554
 21
193.1466745139
 31
0.0
  0
LINE
  5
DD7
330
1F
100
AcDbEntity
  8
0
  6
Continuous
 62
     7
370
    25
100
AcDbLine
 10
117.8563639328
 20
211.0362172643
 30
0.0
 11
118.7225697397
 21
211.5362672328
 31
0.0
  0
LINE
  5
DD8
330
1F
100
AcDbEntity
  8
0
  6
Continuous
 62
     7
370
    25
100
AcDbLine
 10
118.7225697397
 20
177.5137334042
 30
0.0
 11
118.7225697397
 21
197.2423218749
 31
0.0
  0
LINE
  5
DD9
330
1F
100
AcDbEntity
  8
0
  6
Continuous
 62
     7
370
    25
100
AcDbLine
 10
118.7225697397
 20
202.685484954
 30
0.0
 11
118.7225697397
 21
211.5362672328
 31
0.0
  0
LINE
  5
DDA
330
1F
100
AcDbEntity
  8
0
  6
Continuous
 62
     7
370
    25
100
AcDbLine
 10
117.8563639328
 20
177.0136834357
 30
0.0
 11
118.7225697397
 21
177.5137334042
 31
0.0
  0
LINE
  5
DDB
330
1F
100
AcDbEntity
  8
0
  6
Continuous
 62
     7
370
    25
100
AcDbLine
 10
119.3471807298
 20
211.8968474821
 30
0.0
 11
120.2133865367
 21
212.3968974506
 31
0.0
  0
LWPOLYLINE
  5
DDC
330
1F
100
AcDbEntity
  8
0
  6
Continuous
 62
     7
370
    25
100
AcDbPolyline
 90
        3
 70
   128
 43
0.0
 10
118.9936273392
 20
178.2825177095
 10
118.8205305462
 20
178.2507084804
 10
118.7225697397
 20
178.2256885749
  0
LINE
  5
DDD
330
1F
100
AcDbEntity
  8
0
  6
Continuous
 62
     7
370
    25
100
AcDbLine
 10
118.9936273392
 20
178.2825177095
 30
0.0
 11
118.9936273392
 21
197.0858436535
 31
0.0
  0
LINE
  5
DDE
330
1F
100
AcDbEntity
  8
0
  6
Continuous
 62
     7
370
    25
100
AcDbLine
 10
118.9936273392
 20
202.5290067325
 30
0.0
 11
118.9936273392
 21
211.6927454542
 31
0.0
  0
LINE
  5
DDF
330
1F
100
AcDbEntity
  8
0
  6
Continuous
 62
     7
370
    25
100
AcDbLine
 10
120.2133865367
 20
212.3968974506
 30
0.0
 11
120.2133865367
 21
202.1922383864
 31
0.0
  0
LINE
  5
DE0
330
1F
100
AcDbEntity
  8
0
  6
Continuous
 62
     7
370
    25
100
AcDbLine
 10
120.2133865367
 20
196.3816916571
 30
0.0
 11
120.2133865367
 21
178.3743636221
 31
0.0
  0
LINE
  5
DE1
330
1F
100
AcDbEntity
  8
0
  6
Continuous
 62
     7
370
    25
100
AcDbLine
 10
119.3471807298
 20
177.8743136536
 30
0.0
 11
120.2133865367
 21
178.3743636221
 31
0.0
  0
LINE
  5
DE2
330
1F
100
AcDbEntity
  8
0
  6
Continuous
 62
     7
370
    25
100
AcDbLine
 10
119.3471807298
 20
177.8743136536
 30
0.0
 11
119.3471807298
 21
196.8817416255
 31
0.0
  0
LINE
  5
DE3
330
1F
100
AcDbEntity
  8
0
  6
Continuous
 62
     7
370
    25
100
AcDbLine
 10
119.3471807298
 20
202.3249047046
 30
0.0
 11
119.3471807298
 21
211.8968474821
 31
0.0
  0
LINE
  5
DE4
330
1F
100
AcDbEntity
  8
0
  6
Continuous
 62
     7
370
    25
100
AcDbLine
 10
119.3471807298
 20
177.8743136536
 30
0.0
 11
119.1704040345
 21
177.9763646676
 31
0.0
  0
LINE
  5
DE5
330
1F
100
AcDbEntity
  8
0
  6
Continuous
 62
     7
370
    25
100
AcDbLine
 10
119.1704040345
 20
177.9763646676
 30
0.0
 11
119.1704040345
 21
196.9837926395
 31
0.0
  0
LINE
  5
DE6
330
1F
100
AcDbEntity
  8
0
  6
Continuous
 62
     7
370
    25
100
AcDbLine
 10
119.1704040345
 20
202.4269557185
 30
0.0
 11
119.1704040345
 21
211.7947964682
 31
0.0
  0
LINE
  5
DE7
330
1F
100
AcDbEntity
  8
0
  6
Continuous
 62
     7
370
    25
100
AcDbLine
 10
119.1704040345
 20
178.1804666955
 30
0.0
 11
118.9936273392
 21
178.2825177095
 31
0.0
  0
LINE
  5
DE8
330
1F
100
AcDbEntity
  8
0
  6
Continuous
 62
     7
370
    25
100
AcDbLine
 10
111.8164935101
 20
184.2776214935
 30
0.0
 11
111.8164935101
 21
184.5837745355
 31
0.0
  0
LINE
  5
DE9
330
1F
100
AcDbEntity
  8
0
  6
Continuous
 62
     7
370
    25
100
AcDbLine
 10
108.0452573438
 20
186.4547097917
 30
0.0
 11
108.0452573438
 21
186.7608628336
 31
0.0
  0
LINE
  5
DEA
330
1F
100
AcDbEntity
  8
0
  6
Continuous
 62
     7
370
    25
100
AcDbLine
 10
111.2272378591
 20
188.2916280433
 30
0.0
 11
111.2272378591
 21
188.5977810852
 31
0.0
  0
LINE
  5
DEB
330
1F
100
AcDbEntity
  8
0
  6
Continuous
 62
     7
370
    25
100
AcDbLine
 10
151.1787709961
 20
161.554127002
 30
0.0
 11
151.1787709961
 21
161.8602800439
 31
0.0
  0
LINE
  5
DEC
330
1F
100
AcDbEntity
  8
0
  6
Continuous
 62
     7
370
    25
100
AcDbLine
 10
154.3607515115
 20
163.3910452536
 30
0.0
 11
154.3607515115
 21
163.6971982955
 31
0.0
  0
LINE
  5
DED
330
1F
100
AcDbEntity
  8
0
  6
Continuous
 62
     7
370
    25
100
AcDbLine
 10
147.4075348298
 20
163.7312153002
 30
0.0
 11
147.4075348298
 21
164.0373683421
 31
0.0
  0
LINE
  5
DEE
330
1F
100
AcDbEntity
  8
0
  6
Continuous
 62
     7
370
    25
100
AcDbLine
 10
150.5895153451
 20
165.5681335518
 30
0.0
 11
150.5895153451
 21
165.8742865937
 31
0.0
  0
LINE
  5
DEF
330
1F
100
AcDbEntity
  8
0
  6
Continuous
 62
     7
370
    25
100
AcDbLine
 10
151.1787709961
 20
181.7158551146
 30
0.0
 11
151.1787709961
 21
181.5593768932
 31
0.0
  0
LINE
  5
DF0
330
1F
100
AcDbEntity
  8
0
  6
Continuous
 62
     7
370
    25
100
AcDbLine
 10
152.3572822981
 20
182.5458700283
 30
0.0
 11
152.3572822981
 21
182.2397501614
 31
0.0
  0
LINE
  5
DF1
330
1F
100
AcDbEntity
  8
0
  6
Continuous
 62
     7
370
    25
100
AcDbLine
 10
147.4075348298
 20
183.8929434128
 30
0.0
 11
147.4075348298
 21
183.7364651914
 31
0.0
  0
LINE
  5
DF2
330
1F
100
AcDbEntity
  8
0
  6
Continuous
 62
     7
370
    25
100
AcDbLine
 10
153.512223374
 20
159.7031264399
 30
0.0
 11
153.3943722454
 21
159.7711604484
 31
0.0
  0
LINE
  5
DF3
330
1F
100
AcDbEntity
  8
0
  6
Continuous
 62
     7
370
    25
100
AcDbLine
 10
154.3018259464
 20
160.1589543024
 30
0.0
 11
153.2061605972
 21
160.791468445
 31
0.0
  0
LINE
  5
DF4
330
1F
100
AcDbEntity
  8
0
  6
Continuous
 62
     7
370
    25
100
AcDbLine
 10
154.4196770766
 20
160.363078447
 30
0.0
 11
153.25708218
 21
161.0342301949
 31
0.0
  0
LINE
  5
DF5
330
1F
100
AcDbEntity
  8
0
  6
Continuous
 62
     7
370
    25
100
AcDbLine
 10
154.4196770766
 20
185.5397534801
 30
0.0
 11
154.3018067907
 21
185.6077985478
 31
0.0
  0
LINE
  5
DF6
330
1F
100
AcDbEntity
  8
0
  6
Continuous
 62
     7
370
    25
100
AcDbLine
 10
153.5122233741
 20
182.8384494434
 30
0.0
 11
153.3943722454
 21
182.9064834518
 31
0.0
  0
LINE
  5
DF7
330
1F
100
AcDbEntity
  8
0
  6
Continuous
 62
     7
370
    25
100
AcDbLine
 10
154.3018259464
 20
183.2942773058
 30
0.0
 11
153.2061605972
 21
183.9267914484
 31
0.0
  0
LINE
  5
DF8
330
1F
100
AcDbEntity
  8
0
  6
Continuous
 62
     7
370
    25
100
AcDbLine
 10
154.4196770766
 20
183.4984014504
 30
0.0
 11
153.2570821801
 21
184.1695531983
 31
0.0
  0
ENDSEC
  0
SECTION
  2
OBJECTS
  0
DICTIONARY
  5
C
330
0
100
AcDbDictionary
281
     1
  3
ACAD_GROUP
350
D
  3
ACAD_LAYOUT
350
1A
  3
ACAD_MLINESTYLE
350
17
  3
ACAD_PLOTSETTINGS
350
19
  3
ACAD_PLOTSTYLENAME
350
E
  3
ACAD_SCALELIST
350
47
  3
DWGPROPS
350
DF9
  0
DICTIONARY
  5
D
102
{ACAD_REACTORS
330
C
102
}
330
C
100
AcDbDictionary
281
     1
  0
DICTIONARY
  5
1A
102
{ACAD_REACTORS
330
C
102
}
330
C
100
AcDbDictionary
281
     1
  3
Layout1
350
1E
  3
Layout2
350
26
  3
Model
350
22
  0
DICTIONARY
  5
17
102
{ACAD_REACTORS
330
C
102
}
330
C
100
AcDbDictionary
281
     1
  3
Standard
350
18
  0
DICTIONARY
  5
19
102
{ACAD_REACTORS
330
C
102
}
330
C
100
AcDbDictionary
281
     1
  0
ACDBDICTIONARYWDFLT
  5
E
102
{ACAD_REACTORS
330
C
102
}
330
C
100
AcDbDictionary
281
     1
  3
Normal
350
F
100
AcDbDictionaryWithDefault
340
F
  0
DICTIONARY
  5
47
102
{ACAD_REACTORS
330
C
102
}
330
C
100
AcDbDictionary
281
     1
  3
A0
350
48
  3
A1
350
49
  3
A2
350
4A
  3
A3
350
4B
  3
A4
350
4C
  3
A5
350
4D
  3
A6
350
4E
  3
A7
350
4F
  3
A8
350
50
  3
A9
350
51
  3
B0
350
52
  3
B1
350
53
  3
B2
350
54
  3
B3
350
55
  3
B4
350
56
  3
B5
350
57
  3
B6
350
58
  0
XRECORD
  5
DF9
102
{ACAD_REACTORS
330
C
102
}
330
C
100
AcDbXrecord
280
     1
  1
DWGPROPS COOKIE
  2

  3

  4

  6

  7

  8
orugu
  9

300
=
301
=
302
=
303
=
304
=
305
=
306
=
307
=
308
=
309
=
 40
0.0
 41
2460462.795542929
 42
2460462.795546297
  1

 90
        0
  0
LAYOUT
  5
1E
102
{ACAD_REACTORS
330
1A
102
}
330
1A
100
AcDbPlotSettings
  1

  2
none_device
  4

  6

 40
0.0
 41
0.0
 42
0.0
 43
0.0
 44
0.0
 45
0.0
 46
0.0
 47
0.0
 48
0.0
 49
0.0
140
0.0
141
0.0
142
1.0
143
1.0
 70
   688
 72
     1
 73
     0
 74
     5
  7

 75
    16
147
1.0
148
0.0
149
0.0
100
AcDbLayout
  1
Layout1
 70
     1
 71
     1
 10
0.0
 20
0.0
 11
420.0
 21
297.0
 12
0.0
 22
0.0
 32
0.0
 14
1.0000000000E+20
 24
1.0000000000E+20
 34
1.0000000000E+20
 15
-1.0000000000E+20
 25
-1.0000000000E+20
 35
-1.0000000000E+20
146
0.0
 13
0.0
 23
0.0
 33
0.0
 16
1.0
 26
0.0
 36
0.0
 17
0.0
 27
1.0
 37
0.0
 76
     0
330
1B
  0
LAYOUT
  5
26
102
{ACAD_REACTORS
330
1A
102
}
330
1A
100
AcDbPlotSettings
  1

  2
none_device
  4

  6

 40
0.0
 41
0.0
 42
0.0
 43
0.0
 44
0.0
 45
0.0
 46
0.0
 47
0.0
 48
0.0
 49
0.0
140
0.0
141
0.0
142
1.0
143
1.0
 70
   688
 72
     1
 73
     0
 74
     5
  7

 75
    16
147
1.0
148
0.0
149
0.0
100
AcDbLayout
  1
Layout2
 70
     1
 71
     2
 10
0.0
 20
0.0
 11
0.0
 21
0.0
 12
0.0
 22
0.0
 32
0.0
 14
0.0
 24
0.0
 34
0.0
 15
0.0
 25
0.0
 35
0.0
146
0.0
 13
0.0
 23
0.0
 33
0.0
 16
1.0
 26
0.0
 36
0.0
 17
0.0
 27
1.0
 37
0.0
 76
     0
330
23
  0
LAYOUT
  5
22
102
{ACAD_REACTORS
330
1A
102
}
330
1A
100
AcDbPlotSettings
  1

  2
none_device
  4
Letter_(8.50_x_11.00_Inches)
  6

 40
6.35
 41
6.35
 42
6.35000508
 43
6.35000508
 44
215.9
 45
279.4
 46
0.0
 47
0.0
 48
0.0
 49
0.0
140
0.0
141
0.0
142
1.0
143
1.0
 70
  1712
 72
     1
 73
     0
 74
     0
  7

 75
     0
147
1.0
148
0.0
149
0.0
100
AcDbLayout
  1
Model
 70
     1
 71
     0
 10
0.0
 20
0.0
 11
210.0
 21
297.0
 12
0.0
 22
0.0
 32
0.0
 14
0.0
 24
0.0
 34
0.0
 15
210.0
 25
297.0
 35
0.0
146
0.0
 13
0.0
 23
0.0
 33
0.0
 16
1.0
 26
0.0
 36
0.0
 17
0.0
 27
1.0
 37
0.0
 76
     0
330
1F
331
29
  0
MLINESTYLE
  5
18
102
{ACAD_REACTORS
330
17
102
}
330
17
100
AcDbMlineStyle
  2
Standard
 70
     0
  3

 62
   256
 51
90.0
 52
90.0
 71
     2
 49
0.5
 62
   256
  6
BYLAYER
 49
-0.5
 62
   256
  6
BYLAYER
  0
ACDBPLACEHOLDER
  5
F
102
{ACAD_REACTORS
330
E
102
}
330
E
  0
SCALE
  5
48
102
{ACAD_REACTORS
330
47
102
}
330
47
100
AcDbScale
 70
     0
300
1:1
140
1.0
141
1.0
290
     1
  0
SCALE
  5
49
102
{ACAD_REACTORS
330
47
102
}
330
47
100
AcDbScale
 70
     0
300
1:2
140
1.0
141
2.0
290
     0
  0
SCALE
  5
4A
102
{ACAD_REACTORS
330
47
102
}
330
47
100
AcDbScale
 70
     0
300
1:4
140
1.0
141
4.0
290
     0
  0
SCALE
  5
4B
102
{ACAD_REACTORS
330
47
102
}
330
47
100
AcDbScale
 70
     0
300
1:5
140
1.0
141
5.0
290
     0
  0
SCALE
  5
4C
102
{ACAD_REACTORS
330
47
102
}
330
47
100
AcDbScale
 70
     0
300
1:8
140
1.0
141
8.0
290
     0
  0
SCALE
  5
4D
102
{ACAD_REACTORS
330
47
102
}
330
47
100
AcDbScale
 70
     0
300
1:10
140
1.0
141
10.0
290
     0
  0
SCALE
  5
4E
102
{ACAD_REACTORS
330
47
102
}
330
47
100
AcDbScale
 70
     0
300
1:16
140
1.0
141
16.0
290
     0
  0
SCALE
  5
4F
102
{ACAD_REACTORS
330
47
102
}
330
47
100
AcDbScale
 70
     0
300
1:20
140
1.0
141
20.0
290
     0
  0
SCALE
  5
50
102
{ACAD_REACTORS
330
47
102
}
330
47
100
AcDbScale
 70
     0
300
1:30
140
1.0
141
30.0
290
     0
  0
SCALE
  5
51
102
{ACAD_REACTORS
330
47
102
}
330
47
100
AcDbScale
 70
     0
300
1:40
140
1.0
141
40.0
290
     0
  0
SCALE
  5
52
102
{ACAD_REACTORS
330
47
102
}
330
47
100
AcDbScale
 70
     0
300
1:50
140
1.0
141
50.0
290
     0
  0
SCALE
  5
53
102
{ACAD_REACTORS
330
47
102
}
330
47
100
AcDbScale
 70
     0
300
1:100
140
1.0
141
100.0
290
     0
  0
SCALE
  5
54
102
{ACAD_REACTORS
330
47
102
}
330
47
100
AcDbScale
 70
     0
300
2:1
140
2.0
141
1.0
290
     0
  0
SCALE
  5
55
102
{ACAD_REACTORS
330
47
102
}
330
47
100
AcDbScale
 70
     0
300
4:1
140
4.0
141
1.0
290
     0
  0
SCALE
  5
56
102
{ACAD_REACTORS
330
47
102
}
330
47
100
AcDbScale
 70
     0
300
8:1
140
8.0
141
1.0
290
     0
  0
SCALE
  5
57
102
{ACAD_REACTORS
330
47
102
}
330
47
100
AcDbScale
 70
     0
300
10:1
140
10.0
141
1.0
290
     0
  0
SCALE
  5
58
102
{ACAD_REACTORS
330
47
102
}
330
47
100
AcDbScale
 70
     0
300
100:1
140
100.0
141
1.0
290
     0
  0
ENDSEC
  0
EOF
